step,rank,full_step_ns,advance_ns,observables_ns,visit_ns,evidence_resources_ns,csv_ns,checkpoint_ns,candidate_ns,state_copy_ns,velocity_halo_ns,thermo_ns,boundary_derived_ns,flux_ns,certificate_ns,residual_ns,equivalence_hash_ns,schur_prepare_ns,krylov_ns,recovery_ns,baseline_evaluations,extrapolation_evaluations,ladder_evaluations,incomplete_evaluations,rejected_extrapolations,reported_collective_subtotal,structured_control,ibm_control,pressure_calls,pressure_prepare_ns,pressure_solve_ns,pressure_close_ns,diagonal_calls,diagonal_prepare_ns,diagonal_solve_ns,diagonal_close_ns,spatial_calls,spatial_prepare_ns,spatial_solve_ns,spatial_close_ns,A_apply_ns,M_apply_ns,arnoldi_dot_ns,arnoldi_reduce_ns,arnoldi_update_ns,final_momentum_ns,terminal_metrics_ns,boundary_ledger_ns,structured_wait_ns,structured_control_ns,dropped_loops,scalar_remap_ns,scalar_coupling_sweeps,scalar_remap_iterations,source_meta_sha256
10511,0,9286139501,9274170972,11477255,60,395630,95535,49,2065141145,596901,106941029,203553475,486765790,422341633,158971803,552104207,133847768,198007520,4103900443,16658439,6,3,4,0,1,4603,1236,61,0,0,0,0,5,75905918,2850800188,13742690,1,122101602,1253100255,2915749,1428712861,1945277165,121318768,197720560,56582045,201833292,4934081,33133998,319105615,333527966,0,0,0,0,5eb7747ecbde451de49ea2bb0b40c31b43aa1915d4f074ed405d0301b7d991a6
10511,1,9286137962,9274165702,11482635,49,393620,95905,51,2065195817,587408,106803721,202031581,488366522,422123613,159228069,551930220,134111381,198059141,4103832430,16725833,6,3,4,0,1,4603,1236,61,0,0,0,0,5,75916227,2850781118,13814574,1,122142914,1253051312,2911259,1412347946,1946033220,126842910,205540821,57621663,201814180,4940491,33141178,298002782,317318983,0,0,0,0,5eb7747ecbde451de49ea2bb0b40c31b43aa1915d4f074ed405d0301b7d991a6
10511,2,9286143402,9274169742,11481584,51,393629,98346,50,2064573586,606752,106946617,201630341,488680935,422498226,158809816,552091657,133294010,198007168,4104041461,16432956,6,3,4,0,1,4603,1236,61,0,0,0,0,5,75917717,2850941997,13519787,1,122089451,1253099464,2913169,1422886605,1943804650,122406649,200856452,55816464,201839952,4911910,33125648,285032420,306962545,0,0,0,0,5eb7747ecbde451de49ea2bb0b40c31b43aa1915d4f074ed405d0301b7d991a6
10511,3,9286138661,9274162442,11486225,49,394060,95825,60,2064941094,581990,106789121,203869375,486547877,422943064,158414653,551932316,133843898,198050843,4103980217,16574285,6,3,4,0,1,4603,1236,61,0,0,0,0,5,75940521,2850904543,13653576,1,122110322,1253075674,2920709,1405083332,1947272322,118832023,212665966,59596880,201814429,4949672,33137889,324761686,299731176,0,0,0,0,5eb7747ecbde451de49ea2bb0b40c31b43aa1915d4f074ed405d0301b7d991a6
10511,4,9286143932,9274175652,11474655,40,395330,98205,50,2064576714,406650,106836604,203019162,487346838,422538825,158782896,552088268,133537902,198036980,4104020249,16485640,6,3,4,0,1,4603,1236,61,0,0,0,0,5,75939219,2850905144,13588382,1,122097761,1253115105,2897258,1417902163,1940702535,119976894,203418308,55695889,201824080,4929561,33126347,284422686,293417276,0,0,0,0,5eb7747ecbde451de49ea2bb0b40c31b43aa1915d4f074ed405d0301b7d991a6
10511,5,9286139322,9274179962,11469375,40,393969,95936,40,2065083232,575339,106803250,202314055,488094698,422842201,158524673,551924578,133987598,198063663,4103986587,16546764,6,3,4,0,1,4603,1236,61,0,0,0,0,5,75924819,2850918944,13651066,1,122138844,1253067643,2895698,1403485371,1945398680,122318396,212327133,60186625,201813940,4940281,33136028,369246460,300067201,0,0,0,0,5eb7747ecbde451de49ea2bb0b40c31b43aa1915d4f074ed405d0301b7d991a6
10511,6,9286141022,9274174722,11474704,140,395411,95974,71,2064523843,641334,106857344,201096973,489302118,422430690,158862960,552090827,133223657,198028151,4104051510,16406095,6,3,4,0,1,4603,1236,61,0,0,0,0,5,75935760,2850937745,13507487,1,122092391,1253113765,2898608,1398486207,1944094130,125324027,210770511,55587958,201823640,4928301,33137238,291817957,309828967,0,0,0,0,5eb7747ecbde451de49ea2bb0b40c31b43aa1915d4f074ed405d0301b7d991a6
10511,7,9286139671,9274164172,11486625,49,392831,95914,80,2063869901,604143,106788537,203478346,486909175,422678904,158692342,551936818,132764084,198033602,4104006877,16571685,6,3,4,0,1,4603,1236,61,0,0,0,0,5,75929730,2850918013,13658926,1,122103872,1253088864,2912759,1425223950,1942388330,118358540,200179141,57045763,201814249,4950272,33127258,309607976,301204152,0,0,0,0,5eb7747ecbde451de49ea2bb0b40c31b43aa1915d4f074ed405d0301b7d991a6
10511,8,9286140722,9274165752,11484845,40,394530,95435,120,2061973582,584222,106865682,199547255,490827215,423780189,157541497,552071614,130732028,198034491,4103867741,16651688,6,3,4,0,1,4603,1236,61,0,0,0,0,5,75940890,2850797838,13700587,1,122093601,1253069903,2951101,1384808700,1938138222,124915277,226468395,57036885,201836092,4930751,33128157,360105859,333775593,0,0,0,0,5eb7747ecbde451de49ea2bb0b40c31b43aa1915d4f074ed405d0301b7d991a6
10511,9,9286139302,9274172812,11477974,51,392469,95936,60,2061560542,598750,106829294,200251659,490122041,423974794,157366448,551911198,130473487,198071312,4103792137,16752934,6,3,4,0,1,4603,1236,61,0,0,0,0,5,75936069,2850766056,13812354,1,122135243,1253026081,2940580,1374326696,1944116003,124800628,229204485,54975772,201820460,4947232,33118597,352762412,331896468,0,0,0,0,5eb7747ecbde451de49ea2bb0b40c31b43aa1915d4f074ed405d0301b7d991a6
10511,10,9286141171,9274165772,11485125,40,394450,95604,180,2062133890,605474,106946916,200745555,489545679,424027462,157288560,552088499,130861455,198034150,4103911793,16647690,6,3,4,0,1,4603,1236,61,0,0,0,0,5,75939339,2850817449,13721540,1,122094811,1253094344,2926150,1374526068,1945163078,127847836,227563081,59955273,201872803,4882059,33133588,323608237,331744583,0,0,0,0,5eb7747ecbde451de49ea2bb0b40c31b43aa1915d4f074ed405d0301b7d991a6
10511,11,9286139241,9274167302,11482954,291,392900,95674,120,2061974614,611101,106818914,200654881,489691855,423753160,157650258,551887146,130882929,198066163,4103776157,16774135,6,3,4,0,1,4603,1236,61,0,0,0,0,5,75929780,2850742585,13833365,1,122136383,1253033572,2940770,1370908422,1946944288,126494830,228375144,55017467,201819791,4938951,33127238,330258640,336834533,0,0,0,0,5eb7747ecbde451de49ea2bb0b40c31b43aa1915d4f074ed405d0301b7d991a6
10511,12,9286141661,9274166462,11484625,40,394230,96255,49,2062384103,652013,106823756,200813816,489566261,423608489,157728697,552022502,131150780,198041010,4103869822,16601125,6,3,4,0,1,4603,1236,61,0,0,0,0,5,75935239,2850789928,13661045,1,122105771,1253079894,2940080,1501098320,1943480027,116119400,115661716,60048171,201823061,4934851,33133698,307365865,331204424,0,0,0,0,5eb7747ecbde451de49ea2bb0b40c31b43aa1915d4f074ed405d0301b7d991a6
10511,13,9286139452,9274165162,11485394,51,392969,95816,60,2062096609,616122,106787169,200758858,489636054,423788660,157571854,551911248,131007705,198048202,4103725223,16850049,6,3,4,0,1,4603,1236,61,0,0,0,0,5,75931529,2850742215,13846555,1,122116673,1252983008,3003494,1381402944,1945076625,119371993,227852059,58823797,201819561,4935791,33145229,302778479,333361524,0,0,0,0,5eb7747ecbde451de49ea2bb0b40c31b43aa1915d4f074ed405d0301b7d991a6
10511,14,9286142632,9274168152,11482944,51,394140,97194,151,2062272317,614552,106871626,199093162,491262685,423689714,157626189,552058167,131040814,198046191,4103649469,16897422,6,3,4,0,1,4603,1236,61,0,0,0,0,5,75950740,2850596887,13928880,1,122095451,1253052582,2968542,1380799110,1946096951,129450678,219130680,57472739,201861843,4890689,33129748,261614458,342904005,0,0,0,0,5eb7747ecbde451de49ea2bb0b40c31b43aa1915d4f074ed405d0301b7d991a6
10511,15,9286139811,9274161532,11489054,40,393371,95654,160,2062311128,650933,106765591,201278679,489085429,424279372,157092313,551901477,131237383,198047051,4103779999,16789343,6,3,4,0,1,4603,1236,61,0,0,0,0,5,75932329,2850759598,13817021,1,122114722,1253020401,2972322,1350178359,1949480621,122086669,242505726,60080722,201818851,4942601,33123618,285736041,358361961,0,0,0,0,5eb7747ecbde451de49ea2bb0b40c31b43aa1915d4f074ed405d0301b7d991a6
10511,16,9286139572,9274160591,11489936,190,392150,96645,60,2064813438,674143,106753018,202883516,487549678,422356347,158955026,552118798,133506171,198041038,4104023161,16527332,6,3,4,0,1,4603,1236,61,0,0,0,0,5,75935146,2850936967,13590102,1,122105892,1253086194,2937230,1397656819,1948315083,126856814,211684497,56752159,201830460,4942812,33108567,371626290,320048324,0,0,0,0,5eb7747ecbde451de49ea2bb0b40c31b43aa1915d4f074ed405d0301b7d991a6
10511,17,9286138731,9274158721,11492956,40,391149,95816,49,2064573487,617961,106792791,202966247,487442295,422825119,158508526,551939818,133462626,198099753,4103993427,16539645,6,3,4,0,1,4603,1236,61,0,0,0,0,5,75978211,2850922664,13618205,1,122121542,1253070763,2921440,1411290508,1943855498,120303260,213064716,56586586,201817271,4936661,33134268,369953567,287659448,0,0,0,0,5eb7747ecbde451de49ea2bb0b40c31b43aa1915d4f074ed405d0301b7d991a6
10511,18,9286141391,9274160592,11491545,60,392840,96294,60,2064575885,654515,106787237,202740968,487693317,422717793,158562958,552143060,133258807,198105885,4103994297,16509112,6,3,4,0,1,4603,1236,61,0,0,0,0,5,75977732,2850895212,13589393,1,122128153,1253099085,2919719,1430346622,1942648174,125876338,196072094,55433488,201832561,4919751,33123297,330795829,286078484,0,0,0,0,5eb7747ecbde451de49ea2bb0b40c31b43aa1915d4f074ed405d0301b7d991a6
10511,19,9286138251,9274161632,11489305,150,391279,95836,49,2064626508,602282,106777069,202466882,487961980,422784589,158553805,551940220,133518272,198105333,4103912374,16638738,6,3,4,0,1,4603,1236,61,0,0,0,0,5,75987571,2850886083,13664926,1,122117762,1253026291,2973812,1398110371,1948306695,126155869,217393905,56192248,201816640,4938421,33126538,408943594,277880006,0,0,0,0,5eb7747ecbde451de49ea2bb0b40c31b43aa1915d4f074ed405d0301b7d991a6
10511,20,9286140852,9274159621,11492486,60,392480,96145,60,2064892662,659354,106774980,202824521,487609042,422687044,158607767,552119108,133592835,198065522,4104067192,16474939,6,3,4,0,1,4603,1236,61,0,0,0,0,5,75944439,2850946336,13572271,1,122121083,1253120856,2902668,1411480175,1947524737,127887966,202088967,56867238,201825160,4927821,33130858,385809674,272575192,0,0,0,0,5eb7747ecbde451de49ea2bb0b40c31b43aa1915d4f074ed405d0301b7d991a6
10511,21,9286139761,9274161742,11490625,50,391530,95754,60,2064363405,589959,106796359,204644916,485779558,422714623,158613920,551950950,133255408,198077232,4104000018,16532045,6,3,4,0,1,4603,1236,61,0,0,0,0,5,75960590,2850904944,13625086,1,122116642,1253095074,2906959,1429617659,1939714596,116893651,197886673,57703238,201817070,4940741,33126748,405973157,285439259,0,0,0,0,5eb7747ecbde451de49ea2bb0b40c31b43aa1915d4f074ed405d0301b7d991a6
10511,22,9286145822,9274163161,11489096,40,393150,95955,4420,2064979766,638802,106821115,203316675,487110613,422313525,158962856,552137360,133664708,198068250,4104044350,16487910,6,3,4,0,1,4603,1236,61,0,0,0,0,5,75948448,2850925665,13583731,1,122119802,1253118685,2904179,1417999310,1938736140,116424314,211911418,55875122,201825590,4926331,33126758,420368947,295906125,0,0,0,0,5eb7747ecbde451de49ea2bb0b40c31b43aa1915d4f074ed405d0301b7d991a6
10511,23,9286139002,9274160941,11490396,40,391760,95814,51,2064467939,608572,106785320,202713917,487697646,422528143,158815860,551935048,133365523,198086393,4103990636,16567507,6,3,4,0,1,4603,1236,61,0,0,0,0,5,75961550,2850917853,13641417,1,122124843,1253072783,2926090,1412524920,1941761239,125517180,203420993,59387571,201816351,4936821,33122217,369996534,287332454,0,0,0,0,5eb7747ecbde451de49ea2bb0b40c31b43aa1915d4f074ed405d0301b7d991a6
10511,24,9286140481,9274157051,11491485,60,395291,96534,60,2061636976,366930,106831971,199109073,491294609,422846642,158455630,552111978,130594543,198049391,4103955576,16568845,6,3,4,0,1,4603,1236,61,0,0,0,0,5,75939989,2850825880,13679757,1,122109402,1253129696,2889088,1388236437,1943414227,126452497,216109578,60294659,201830361,4938772,33119837,356869164,320673837,0,0,0,0,5eb7747ecbde451de49ea2bb0b40c31b43aa1915d4f074ed405d0301b7d991a6
10511,25,9286138572,9274161102,11486765,40,394700,95894,71,2061903325,602480,106787441,200440290,489977212,423419388,157915815,551925379,130810022,198048459,4103874274,16693170,6,3,4,0,1,4603,1236,61,0,0,0,0,5,75927427,2850805681,13767330,1,122121032,1253068593,2925840,1378482849,1946158787,117757458,234397058,60464839,201820641,4948462,33114787,353938941,317649404,0,0,0,0,5eb7747ecbde451de49ea2bb0b40c31b43aa1915d4f074ed405d0301b7d991a6
10511,26,9286143372,9274160721,11490445,51,393340,98665,150,2062108110,638613,106841494,200591896,489804073,423130545,158179347,552103088,130798523,198079263,4103908733,16577385,6,3,4,0,1,4603,1236,61,0,0,0,0,5,75962241,2850808458,13659736,1,122117022,1253100275,2917649,1394310966,1944016078,122556619,221230193,57275186,201827571,4928101,33121298,340334988,312873155,0,0,0,0,5eb7747ecbde451de49ea2bb0b40c31b43aa1915d4f074ed405d0301b7d991a6
10511,27,9286137771,9274163302,11482815,300,395940,95365,49,2062244464,526914,106788131,200797059,489614694,422997867,158345807,551929159,131218203,198058031,4103891603,16652748,6,3,4,0,1,4603,1236,61,0,0,0,0,5,75943179,2850818930,13725848,1,122114852,1253072673,2926900,1391048196,1949859991,128876882,213553547,57319742,201819900,4942892,33115247,369102042,301199266,0,0,0,0,5eb7747ecbde451de49ea2bb0b40c31b43aa1915d4f074ed405d0301b7d991a6
10511,28,9286141552,9274161122,11487325,40,396410,96604,51,2062379314,658253,106804324,199380154,491027015,423479114,157815635,552090949,131101160,198053462,4103888893,16657558,6,3,4,0,1,4603,1236,61,0,0,0,0,5,75947920,2850807269,13720938,1,122105542,1253081624,2936620,1395674612,1946077057,128963559,211398221,58402027,201826270,4929991,33129148,352316024,288235924,0,0,0,0,5eb7747ecbde451de49ea2bb0b40c31b43aa1915d4f074ed405d0301b7d991a6
10511,29,9286139541,9274160351,11487115,230,395900,95905,40,2062249396,571711,106796929,199571755,490832545,423610741,157714873,551943969,131178102,198077892,4103804538,16739154,6,3,4,0,1,4603,1236,61,0,0,0,0,5,75951319,2850770027,13777342,1,122126573,1253034511,2961812,1443667214,1944996539,120029090,179736591,57024920,201820950,4936451,33128338,338471007,297654114,0,0,0,0,5eb7747ecbde451de49ea2bb0b40c31b43aa1915d4f074ed405d0301b7d991a6
10511,30,9286140962,9274159131,11488666,49,397201,95864,51,2062238457,386490,106839363,201695854,488712286,423757426,157533228,552118127,131171562,198073713,4103912733,16624386,6,3,4,0,1,4603,1236,61,0,0,0,0,5,75958231,2850827779,13691016,1,122115482,1253084954,2933370,1392945188,1944247702,119182000,222162692,61334883,201831121,4925351,33120117,337877357,293225940,0,0,0,0,5eb7747ecbde451de49ea2bb0b40c31b43aa1915d4f074ed405d0301b7d991a6
10511,31,9286139572,9274157731,11489905,40,396071,95754,71,2062958582,554127,106799391,201202719,489191343,423473022,157871392,551921818,131916959,198050491,4103709983,16848280,6,3,4,0,1,4603,1236,61,0,0,0,0,5,75928829,2850625439,13936631,1,122121662,1253084544,2911649,1366554632,1944958891,127412107,232946126,53556576,201819700,4935131,33124528,219166868,344119750,0,0,0,0,5eb7747ecbde451de49ea2bb0b40c31b43aa1915d4f074ed405d0301b7d991a6
10511,32,9286140221,9274194243,11454733,40,395471,95685,49,2064756114,548637,106860154,201933238,488500417,422260410,159014567,552115940,133503511,198014867,4104034050,16439758,6,3,4,0,1,4603,1236,61,0,0,0,0,5,75921316,2850910324,13545011,1,122093551,1253123726,2894747,1396943840,1946938517,123494545,211729298,60000572,201828900,4935762,33118907,357077314,317335986,0,0,0,0,5eb7747ecbde451de49ea2bb0b40c31b43aa1915d4f074ed405d0301b7d991a6
10511,33,9286138622,9274194493,11454064,49,394000,95965,51,2064630716,505955,106799710,203182383,487237580,422333727,158999067,551938638,133619787,198047459,4103964557,16625868,6,3,4,0,1,4603,1236,61,0,0,0,0,5,75923866,2850887414,13716339,1,122123593,1253077143,2909529,1402729827,1945294519,123342472,209853027,59887688,201820371,4934601,33128148,393030338,283697932,0,0,0,0,5eb7747ecbde451de49ea2bb0b40c31b43aa1915d4f074ed405d0301b7d991a6
10511,34,9286140682,9274187973,11462313,51,394660,95634,51,2065407238,575889,106837093,203301333,487130039,422378188,158888613,552106437,134170133,198022678,4103971196,16494322,6,3,4,0,1,4603,1236,61,0,0,0,0,5,75924797,2850877832,13569172,1,122097881,1253093364,2925150,1420675744,1943146883,126811018,197853334,56157129,201836462,4915040,33124417,400716873,282182760,0,0,0,0,5eb7747ecbde451de49ea2bb0b40c31b43aa1915d4f074ed405d0301b7d991a6
10511,35,9286139061,9274190503,11456293,60,396291,95854,60,2063861999,332878,106788879,203708146,486704166,422394759,158949674,551928009,133037006,198053312,4103964796,16611177,6,3,4,0,1,4603,1236,61,0,0,0,0,5,75945070,2850891263,13683557,1,122108242,1253073533,2927620,1424823070,1946361254,121753637,200677513,60341643,201819791,4934451,33126478,412746382,275022250,0,0,0,0,5eb7747ecbde451de49ea2bb0b40c31b43aa1915d4f074ed405d0301b7d991a6
10511,36,9286141472,9274188583,11462133,51,394760,95885,60,2064740845,349317,106804821,202975718,487464325,421963233,159303995,552098398,133767045,198028649,4104017949,16447157,6,3,4,0,1,4603,1236,61,0,0,0,0,5,75931918,2850906484,13537838,1,122096731,1253111465,2909319,1468994293,1948863005,125192177,200769947,56517251,201822791,4929481,33124017,415959152,272975529,0,0,0,0,5eb7747ecbde451de49ea2bb0b40c31b43aa1915d4f074ed405d0301b7d991a6
10511,37,9286138971,9274195093,11454064,49,393671,96045,49,2065017298,554130,106795489,203564030,486863303,422372577,158939722,551955963,133955561,198050041,4103932823,16646661,6,3,4,0,1,4603,1236,61,0,0,0,0,5,75928728,2850853610,13742242,1,122121313,1253079213,2904419,1402993474,1945282182,122726592,210190066,57769768,201818921,4934681,33131328,428666503,277475476,0,0,0,0,5eb7747ecbde451de49ea2bb0b40c31b43aa1915d4f074ed405d0301b7d991a6
10511,38,9286141671,9274190863,11456543,70,397881,96265,49,2064828578,577240,106816312,202565827,487898614,422115546,159127734,552119789,133593806,198027709,4104005490,16461879,6,3,4,0,1,4603,1236,61,0,0,0,0,5,75921387,2850897815,13551140,1,122106322,1253107675,2910739,1426291152,1946771520,117502856,199957684,60729970,201825620,4926681,33130458,406044130,287093438,0,0,0,0,5eb7747ecbde451de49ea2bb0b40c31b43aa1915d4f074ed405d0301b7d991a6
10511,39,9286139882,9274194573,11452723,50,396640,95845,51,2064556396,563460,106798829,204979603,485446622,421909200,159399449,551955442,133482767,198064784,4103944685,16630357,6,3,4,0,1,4603,1236,61,0,0,0,0,5,75960222,2850845521,13722618,1,122104562,1253099164,2907739,1434696657,1942825186,119236033,196083212,58390789,201820250,4936611,33127378,430311701,277259426,0,0,0,0,5eb7747ecbde451de49ea2bb0b40c31b43aa1915d4f074ed405d0301b7d991a6
10511,40,9286144992,9274190763,11460394,40,394120,96145,3530,2062108999,474835,106847712,199712292,490710031,423694975,157589924,552069358,130969501,198044031,4103825139,16636897,6,3,4,0,1,4603,1236,61,0,0,0,0,5,75945700,2850737045,13700727,1,122098331,1253088094,2936170,1404109077,1944952536,117104303,219383793,59109844,201839642,4925211,33110556,384692967,298729042,0,0,0,0,5eb7747ecbde451de49ea2bb0b40c31b43aa1915d4f074ed405d0301b7d991a6
10511,41,9286139101,9274187453,11463563,40,392071,95925,49,2062272778,540109,106825381,201504622,488905769,423712405,157610148,551916400,131225873,198053701,4103781428,16800806,6,3,4,0,1,4603,1236,61,0,0,0,0,5,75935889,2850742846,13848345,1,122117812,1253038582,2952461,1399019503,1946867510,122907724,215897831,57492737,201818870,4947032,33113446,391742723,297554284,0,0,0,0,5eb7747ecbde451de49ea2bb0b40c31b43aa1915d4f074ed405d0301b7d991a6
10511,42,9286141612,9274190373,11461183,60,394031,95674,291,2061895211,287076,106881493,198035730,492367532,423825201,157436179,552110169,130909977,198025398,4103847400,16615688,6,3,4,0,1,4603,1236,61,0,0,0,0,5,75928327,2850778847,13664337,1,122097071,1253068553,2951351,1390670593,1943924148,130365127,215804430,55750336,201843662,4909500,33135798,368985516,305003323,0,0,0,0,5eb7747ecbde451de49ea2bb0b40c31b43aa1915d4f074ed405d0301b7d991a6
10511,43,9286138752,9274192383,11457933,40,393220,95116,60,2062566412,541950,106824592,199899544,490502546,423977689,157356835,551927229,131502457,198058742,4103778916,16782036,6,3,4,0,1,4603,1236,61,0,0,0,0,5,75949520,2850702223,13856766,1,122109222,1253076693,2925270,1401339595,1946641046,117269026,218079264,62529488,201817580,4937751,33124808,348648211,296845863,0,0,0,0,5eb7747ecbde451de49ea2bb0b40c31b43aa1915d4f074ed405d0301b7d991a6
10511,44,9286142372,9274194363,11457313,40,393811,96745,100,2062551180,570599,106827241,198963326,491444155,423999053,157292320,552060144,131360501,198030760,4103803698,16663878,6,3,4,0,1,4603,1236,61,0,0,0,0,5,75937519,2850756956,13686436,1,122093241,1253046742,2977442,1398743407,1946603676,121192192,215077366,55538879,201826641,4925031,33126878,365437678,306521685,0,0,0,0,5eb7747ecbde451de49ea2bb0b40c31b43aa1915d4f074ed405d0301b7d991a6
10511,45,9286139782,9274188773,11462884,49,392391,95625,60,2062292650,329889,106797221,201463851,488935009,423884917,157452099,551916887,131479766,198044571,4103751745,16845510,6,3,4,0,1,4603,1236,61,0,0,0,0,5,75926719,2850706873,13897579,1,122117852,1253044872,2947931,1402150185,1946522399,116468174,218933238,57760277,201819280,4936771,33125568,370700446,305102975,0,0,0,0,5eb7747ecbde451de49ea2bb0b40c31b43aa1915d4f074ed405d0301b7d991a6
10511,46,9286143312,9274195063,11456773,51,393810,97565,50,2062786383,572259,106855852,201287395,489126678,424082658,157188583,552069724,131570183,198043960,4103831720,16626686,6,3,4,0,1,4603,1236,61,0,0,0,0,5,75945339,2850751927,13682325,1,122098621,1253079793,2944361,1414835987,1944012434,117858890,207438401,59030611,201861072,4893659,33129548,350629593,300923700,0,0,0,0,5eb7747ecbde451de49ea2bb0b40c31b43aa1915d4f074ed405d0301b7d991a6
10511,47,9286140122,9274191083,11460154,40,393370,95435,40,2062474158,568579,106801972,201515133,488887748,423532676,157779898,551928437,131436874,198068492,4103784056,16763975,6,3,4,0,1,4603,1236,61,0,0,0,0,5,75954770,2850706103,13839205,1,122113722,1253077953,2924770,1349189177,1947209815,125673132,249759454,58656033,201819021,4935931,33128178,364222698,352789585,0,0,0,0,5eb7747ecbde451de49ea2bb0b40c31b43aa1915d4f074ed405d0301b7d991a6
10511,48,9286140851,9274188293,11461813,51,394700,95934,60,2064878331,623091,106812810,202989472,487433830,422148051,159138404,552122068,133596312,198026109,4103842742,16634675,6,3,4,0,1,4603,1236,61,0,0,0,0,5,75923207,2850758238,13700726,1,122102902,1253084504,2933949,1385334543,1944695175,123802278,223708301,59233175,201825990,4943952,33108586,413579619,332088963,0,0,0,0,5eb7747ecbde451de49ea2bb0b40c31b43aa1915d4f074ed405d0301b7d991a6
10511,49,9286139021,9274185343,11464584,49,393240,95756,49,2064091701,589109,106803691,202895635,487534198,422479803,158832760,551931837,133010376,198041341,4104002318,16579736,6,3,4,0,1,4603,1236,61,0,0,0,0,5,75920149,2850949516,13635595,1,122121192,1253052802,2944141,1408992945,1944826747,119183762,211163311,62749875,201815651,4937451,33126137,400427472,297469853,0,0,0,0,5eb7747ecbde451de49ea2bb0b40c31b43aa1915d4f074ed405d0301b7d991a6
10511,50,9286141132,9274183643,11466313,40,395161,95715,260,2064014666,345867,106844592,202657103,487778221,421999017,159259642,552154260,132961274,198050250,4104036241,16422255,6,3,4,0,1,4603,1236,61,0,0,0,0,5,75932298,2850938506,13507577,1,122117952,1253097735,2914678,1396216633,1944540377,123809894,220151947,54573973,201831541,4921751,33126887,418026900,289899646,0,0,0,0,5eb7747ecbde451de49ea2bb0b40c31b43aa1915d4f074ed405d0301b7d991a6
10511,51,9286139052,9274180292,11469364,71,393600,95585,140,2064870279,322276,106820590,203382121,487037972,422176338,159160614,551921909,134031179,198052990,4104047792,16529063,6,3,4,0,1,4603,1236,61,0,0,0,0,5,75926598,2850949337,13631205,1,122126392,1253098455,2897858,1155511166,1952024544,111720397,399040767,54658465,201815940,4937991,33123097,431539170,365466784,0,0,0,0,5eb7747ecbde451de49ea2bb0b40c31b43aa1915d4f074ed405d0301b7d991a6
10511,52,9286140872,9274187463,11462544,49,394641,96124,51,2065032487,611660,106800031,202616871,487823212,422232119,159056844,552124159,133750130,198050931,4104037390,16429447,6,3,4,0,1,4603,1236,61,0,0,0,0,5,75941459,2850941536,13502948,1,122109472,1253095854,2926499,1427243883,1942860745,124294566,197243478,52252198,201828661,4923071,33126438,439571307,267167993,0,0,0,0,5eb7747ecbde451de49ea2bb0b40c31b43aa1915d4f074ed405d0301b7d991a6
10511,53,9286140382,9274183722,11466895,40,393820,95854,51,2065035859,586740,106833953,203748177,486666524,422198798,159101714,551957601,133928951,198041639,4104008811,16567275,6,3,4,0,1,4603,1236,61,0,0,0,0,5,75927897,2850950438,13625415,1,122113742,1253058373,2941860,1422314242,1943996994,124568110,201043845,60800420,201815310,4939731,33124307,412062537,269567059,0,0,0,0,5eb7747ecbde451de49ea2bb0b40c31b43aa1915d4f074ed405d0301b7d991a6
10511,54,9286142112,9274185073,11465223,40,394831,96894,51,2064914625,374909,106837891,201134838,489290455,422286632,158974141,552130787,133867700,198064193,4104026797,16422768,6,3,4,0,1,4603,1236,61,0,0,0,0,5,75949021,2850952634,13479288,1,122115172,1253074163,2943480,1416863326,1942318997,121954842,206571282,59029925,201826941,4925341,33126557,424725096,287528452,0,0,0,0,5eb7747ecbde451de49ea2bb0b40c31b43aa1915d4f074ed405d0301b7d991a6
10511,55,9286140052,9274188893,11461474,60,393689,95885,51,2064373554,312545,106818263,203735387,486686093,422029152,159276589,551955853,133540342,198044301,4103831271,16748334,6,3,4,0,1,4603,1236,61,0,0,0,0,5,75931009,2850766398,13807694,1,122113292,1253064873,2940640,1450729566,1938090197,127372098,202497989,60959604,201815781,4940741,33125068,472619217,290027693,0,0,0,0,5eb7747ecbde451de49ea2bb0b40c31b43aa1915d4f074ed405d0301b7d991a6
10511,56,9286141592,9274174942,11477705,100,392090,96704,51,2062326530,594092,106858072,200607049,489781664,423850651,157434588,552112378,131064147,198059531,4103925545,16538762,6,3,4,0,1,4603,1236,61,0,0,0,0,5,75948439,2850840041,13602322,1,122111092,1253085504,2936440,1415269788,1939330877,117743245,213907212,62196375,201827530,4940542,33114017,436331242,297980878,0,0,0,0,5eb7747ecbde451de49ea2bb0b40c31b43aa1915d4f074ed405d0301b7d991a6
10511,57,9286139021,9274174852,11477855,40,390549,95665,60,2061916139,582901,106809883,201134274,489279208,424175987,157136355,551935488,130838673,198065392,4103873481,16696852,6,3,4,0,1,4603,1236,61,0,0,0,0,5,75948130,2850839290,13731690,1,122117262,1253034191,2965162,1413864872,1946036112,118420358,209104438,59437505,201820460,4946542,33114407,410002568,282001377,0,0,0,0,5eb7747ecbde451de49ea2bb0b40c31b43aa1915d4f074ed405d0301b7d991a6
10511,58,9286142401,9274181243,11472184,50,391870,96994,60,2062083199,615862,106880632,200543937,489841136,423635101,157637467,552113001,130797492,198061392,4103887931,16570865,6,3,4,0,1,4603,1236,61,0,0,0,0,5,75946250,2850841029,13596553,1,122115142,1253046902,2974312,1402714500,1943385023,124546862,211819463,57471580,201829010,4924641,33128098,386025156,294892665,0,0,0,0,5eb7747ecbde451de49ea2bb0b40c31b43aa1915d4f074ed405d0301b7d991a6
10511,59,9286139271,9274177562,11474885,60,391340,95364,60,2062052050,580558,106804233,199232189,491176532,424037441,157278622,551937990,130974752,198055493,4103894061,16663151,6,3,4,0,1,4603,1236,61,0,0,0,0,5,75938070,2850833279,13716970,1,122117423,1253060782,2946181,1400869578,1947257204,125064030,211051123,58891452,201820391,4934471,33126298,400534942,290759219,0,0,0,0,5eb7747ecbde451de49ea2bb0b40c31b43aa1915d4f074ed405d0301b7d991a6
10511,60,9286141572,9274178512,11474875,50,392210,95865,60,2062119330,601801,106850525,200747043,489660508,423821650,157457829,552090858,130865526,198040900,4103742937,16738081,6,3,4,0,1,4603,1236,61,0,0,0,0,5,75925178,2850661433,13797361,1,122115722,1253081504,2940720,1404615031,1945581533,119274199,211649567,61333729,201827801,4926411,33127288,367137298,313688994,0,0,0,0,5eb7747ecbde451de49ea2bb0b40c31b43aa1915d4f074ed405d0301b7d991a6
10511,61,9286139852,9274178842,11473805,50,391690,95425,40,2062256846,559660,106837750,202466035,487944259,424267904,157055827,551925690,131181111,198084763,4103843080,16698371,6,3,4,0,1,4603,1236,61,0,0,0,0,5,75961451,2850778027,13766321,1,122123312,1253065053,2932050,1407368362,1946428334,120245574,212097893,60802216,201821481,4934721,33127028,367513278,300698930,0,0,0,0,5eb7747ecbde451de49ea2bb0b40c31b43aa1915d4f074ed405d0301b7d991a6
10511,62,9286141692,9274185963,11467244,150,392980,95304,51,2062365854,596531,106875172,199035261,491363882,424161089,157113233,552108466,131090197,198048020,4103867062,16601515,6,3,4,0,1,4603,1236,61,0,0,0,0,5,75937048,2850820320,13627153,1,122110972,1253046742,2974362,1410401340,1944939169,127374959,206490667,57967054,201828391,4925121,33127768,357085630,302463221,0,0,0,0,5eb7747ecbde451de49ea2bb0b40c31b43aa1915d4f074ed405d0301b7d991a6
10511,63,9286141091,9274176042,11477155,50,391159,96645,40,2062578283,583279,106818854,200839108,489567262,424095264,157227167,551928340,131499167,198052370,4103689792,16875041,6,3,4,0,1,4603,1236,61,0,0,0,0,5,75942728,2850624880,13932300,1,122109642,1253064912,2942741,1369780407,1944406506,118464397,241318857,61168036,201821390,4933941,33127308,397244674,356298555,0,0,0,0,5eb7747ecbde451de49ea2bb0b40c31b43aa1915d4f074ed405d0301b7d991a6
10511,64,9286141582,9274169152,11484735,60,390970,96614,51,2065592585,661295,106801511,201587945,488863878,421986867,159284773,552119709,134269728,198096334,4104127785,16325341,6,3,4,0,1,4603,1236,61,0,0,0,0,5,75960651,2850910424,13536799,1,122135683,1253217361,2788542,1410679745,1945690357,119734647,205292822,59134900,201831141,4940782,33113807,378299983,330576654,0,0,0,0,5eb7747ecbde451de49ea2bb0b40c31b43aa1915d4f074ed405d0301b7d991a6
10511,65,9286138551,9274168602,11484845,50,389089,95905,60,2064943911,602740,106763528,202852983,487585981,422235960,159077864,551940309,133868388,198106972,4104076143,16481961,6,3,4,0,1,4603,1236,61,0,0,0,0,5,75934317,2850915845,13684548,1,122172655,1253160298,2797413,1422208639,1940860921,128064894,196476939,57408611,201810639,4945122,33125018,394167432,301773245,0,0,0,0,5eb7747ecbde451de49ea2bb0b40c31b43aa1915d4f074ed405d0301b7d991a6
10511,66,9286145032,9274168212,11486825,60,391030,98855,50,2065628439,683205,106756449,202836800,487636882,422394550,158853008,552133003,134323931,198095404,4104150006,16313189,6,3,4,0,1,4603,1236,61,0,0,0,0,5,75958151,2850929355,13529717,1,122137253,1253220651,2783472,1394278271,1940256810,118723865,226405334,55976576,201844831,4910030,33122558,348595519,294043840,0,0,0,0,5eb7747ecbde451de49ea2bb0b40c31b43aa1915d4f074ed405d0301b7d991a6
10511,67,9286139762,9274167912,11486285,60,389660,95805,40,2065342033,647681,106755830,204341007,486101726,422020957,159294036,551948369,134216374,198091771,4104103166,16421907,6,3,4,0,1,4603,1236,61,0,0,0,0,5,75948198,2850891175,13643245,1,122143573,1253211991,2778662,1131632891,1949371525,115156844,413659767,54714930,201815320,4948812,33129708,386783040,370815549,0,0,0,0,5eb7747ecbde451de49ea2bb0b40c31b43aa1915d4f074ed405d0301b7d991a6
10511,68,9286145252,9274169592,11485355,60,392550,97635,60,2065658039,724935,106708737,203399089,487066697,422031176,159233731,552127680,134348342,198113824,4104149447,16345541,6,3,4,0,1,4603,1236,61,0,0,0,0,5,75974521,2850922276,13568889,1,122139303,1253227171,2776652,1432876480,1942314168,125300103,192982180,56116265,201821731,4934031,33125308,359135629,273379597,0,0,0,0,5eb7747ecbde451de49ea2bb0b40c31b43aa1915d4f074ed405d0301b7d991a6
10511,69,9286140032,9274169982,11484885,40,389680,95405,40,2065353225,608750,106781721,202416560,488019272,422304843,159005099,551943410,134253958,198122995,4104089522,16395718,6,3,4,0,1,4603,1236,61,0,0,0,0,5,75952500,2850980477,13543002,1,122170495,1253109045,2852716,1431315765,1942744527,127373008,191231527,55496552,201810229,4944932,33122478,427532147,272387778,0,0,0,0,5eb7747ecbde451de49ea2bb0b40c31b43aa1915d4f074ed405d0301b7d991a6
10511,70,9286143111,9274169172,11485905,40,391080,96874,40,2065034117,698215,106756590,202158055,488335201,421997415,159234819,552125900,133710082,198101035,4104077381,16369954,6,3,4,0,1,4603,1236,61,0,0,0,0,5,75966382,2850903662,13539500,1,122134653,1253173719,2830454,1437031413,1940569491,119778507,198745349,62272548,201823661,4931111,33127138,367084589,271656065,0,0,0,0,5eb7747ecbde451de49ea2bb0b40c31b43aa1915d4f074ed405d0301b7d991a6
10511,71,9286140312,9274168002,11486975,40,389459,95785,51,2065033184,613279,106757068,202872654,487563071,422178823,159141058,551949469,133943531,198098724,4104091622,16471598,6,3,4,0,1,4603,1236,61,0,0,0,0,5,75958981,2850919664,13646014,1,122139743,1253171958,2825584,1435294303,1943033840,117152504,197063379,60868331,201810759,4949232,33121017,388222057,270538015,0,0,0,0,5eb7747ecbde451de49ea2bb0b40c31b43aa1915d4f074ed405d0301b7d991a6
10511,72,9286142712,9274168502,11485585,50,392460,96064,51,2062657727,679868,106789059,199733902,490709170,423610660,157674422,552080615,131364871,198121315,4104004117,16499712,6,3,4,0,1,4603,1236,61,0,0,0,0,5,75987052,2850830328,13670258,1,122134263,1253173789,2829454,1411410461,1938813487,122077975,209141121,59589168,201836431,4934501,33114017,464213838,296615175,0,0,0,0,5eb7747ecbde451de49ea2bb0b40c31b43aa1915d4f074ed405d0301b7d991a6
10511,73,9286140581,9274168262,11486265,210,389730,96065,49,2062275239,678381,106771806,200328599,490103240,423561237,157747336,551910556,131143090,198128546,4103845009,16672941,6,3,4,0,1,4603,1236,61,0,0,0,0,5,75961771,2850687602,13866547,1,122166775,1253157407,2806394,1414438161,1945119744,127188113,199831065,54078584,201813631,4958772,33110927,418846297,300529124,0,0,0,0,5eb7747ecbde451de49ea2bb0b40c31b43aa1915d4f074ed405d0301b7d991a6
10511,74,9286143442,9274169182,11485435,50,392010,96705,60,2062438925,686467,106827461,200105910,490309150,423331105,157942795,552101786,131117590,198109804,4104073372,16447128,6,3,4,0,1,4603,1236,61,0,0,0,0,5,75972631,2850870492,13645895,1,122137173,1253202880,2801233,1413515777,1945305484,120024608,207184260,59827937,201873654,4882358,33130678,382634821,289141817,0,0,0,0,5eb7747ecbde451de49ea2bb0b40c31b43aa1915d4f074ed405d0301b7d991a6
10511,75,9286140492,9274170392,11482855,40,390830,96215,160,2062624267,653363,106759049,201017851,489402382,423887293,157443201,551919767,131524379,198127545,4103990377,16551864,6,3,4,0,1,4603,1236,61,0,0,0,0,5,75971771,2850835160,13725639,1,122155774,1253155217,2826225,1532961554,1947851603,119580495,85988642,58210862,201814811,4941211,33126518,411586023,289966922,0,0,0,0,5eb7747ecbde451de49ea2bb0b40c31b43aa1915d4f074ed405d0301b7d991a6
10511,76,9286143812,9274165712,11489015,120,391670,97235,60,2062408127,748138,106735468,199559145,490886199,423597156,157686513,552056175,131120951,198094584,4103875171,16660829,6,3,4,0,1,4603,1236,61,0,0,0,0,5,75962732,2850714883,13813453,1,122131852,1253160288,2847376,1414725279,1943529802,121298126,201155874,56370130,201820911,4934291,33129258,380237215,296920726,0,0,0,0,5eb7747ecbde451de49ea2bb0b40c31b43aa1915d4f074ed405d0301b7d991a6
10511,77,9286141272,9274167432,11486985,50,390309,96456,40,2062769172,699274,106764469,201769359,488660115,423192788,158116582,551930269,131616442,198117705,4103825708,16712943,6,3,4,0,1,4603,1236,61,0,0,0,0,5,75977572,2850686631,13862147,1,122140133,1253139077,2850796,1409618541,1946115629,119999633,209716229,59240836,201812600,4943572,33133208,357798283,297663350,0,0,0,0,5eb7747ecbde451de49ea2bb0b40c31b43aa1915d4f074ed405d0301b7d991a6
10511,78,9286144662,9274168572,11486205,60,391610,98155,60,2062414446,655402,106785291,199992806,490439636,423791598,157473273,552079485,131179783,198121465,4103998228,16513100,6,3,4,0,1,4603,1236,61,0,0,0,0,5,75982802,2850824269,13681486,1,122138663,1253173959,2831614,1410101000,1943415589,120326798,204767234,59265105,201865212,4888019,33128478,370416670,306626962,0,0,0,0,5eb7747ecbde451de49ea2bb0b40c31b43aa1915d4f074ed405d0301b7d991a6
10511,79,9286141752,9274169282,11484935,60,390980,96444,51,2062618883,730945,106718686,200350576,490070589,423191286,158134597,551909474,131491550,198111425,4103891392,16648168,6,3,4,0,1,4603,1236,61,0,0,0,0,5,75968122,2850706923,13841394,1,122143303,1253184469,2806774,1423461525,1945705325,122070812,184609271,60869006,201811411,4945181,33126378,375457197,334263027,0,0,0,0,5eb7747ecbde451de49ea2bb0b40c31b43aa1915d4f074ed405d0301b7d991a6
10511,80,9286140552,9274165162,11486205,50,392930,96054,151,2065061949,717026,106725018,202420060,488027886,422024716,159254942,552117099,133758812,198086193,4104206619,16294880,6,3,4,0,1,4603,1236,61,0,0,0,0,5,75964890,2850964697,13523949,1,122121303,1253241922,2770931,1391598048,1946546213,136211944,204761656,51019350,201827651,4948572,33106457,475592681,318510310,0,0,0,0,5eb7747ecbde451de49ea2bb0b40c31b43aa1915d4f074ed405d0301b7d991a6
10511,81,9286139441,9274166982,11485445,50,391119,95756,89,2064678718,666113,106750191,203038580,487394289,422193038,159124646,551918328,133568492,198097743,4104006568,16519013,6,3,4,0,1,4603,1236,61,0,0,0,0,5,75954569,2850803399,13734650,1,122143174,1253203169,2784363,1413821004,1944573476,128903851,203841197,55957434,201819030,4935611,33128078,469304882,287188662,0,0,0,0,5eb7747ecbde451de49ea2bb0b40c31b43aa1915d4f074ed405d0301b7d991a6
10511,82,9286142222,9274166962,11486055,50,393000,96104,51,2065287920,703726,106733757,202352684,488112750,422283351,158984529,552123787,133976865,198120825,4104133215,16327461,6,3,4,0,1,4603,1236,61,0,0,0,0,5,75995912,2850955906,13492277,1,122124913,1253177309,2835184,1415032442,1942558788,131740548,199628223,59972682,201828711,4925761,33124818,455655212,284231653,0,0,0,0,5eb7747ecbde451de49ea2bb0b40c31b43aa1915d4f074ed405d0301b7d991a6
10511,83,9286138972,9274164652,11487135,50,391390,95685,60,2064400858,657811,106744570,203797951,486648350,422561727,158759238,551920869,133290236,198101423,4103997878,16542655,6,3,4,0,1,4603,1236,61,0,0,0,0,5,75962500,2850826870,13716130,1,122138923,1253171008,2826525,1423763355,1946167446,120733988,203975192,58964458,201818591,4938881,33123448,450829010,285191400,0,0,0,0,5eb7747ecbde451de49ea2bb0b40c31b43aa1915d4f074ed405d0301b7d991a6
10511,84,9286142061,9274166542,11486485,50,393380,95564,40,2065420637,694615,106725488,203596898,486872266,422122304,159151345,552101997,134139535,198077692,4104250212,16282969,6,3,4,0,1,4603,1236,61,0,0,0,0,5,75957559,2851000960,13514258,1,122120133,1253249252,2768711,1420772557,1943895990,116568868,209993585,62014486,201822750,4931761,33127428,469578622,269981072,0,0,0,0,5eb7747ecbde451de49ea2bb0b40c31b43aa1915d4f074ed405d0301b7d991a6
10511,85,9286140611,9274166382,11486895,60,391329,95825,120,2064691882,648115,106764520,203035231,487405231,422288392,159008200,551945991,133577224,198089904,4104142986,16386536,6,3,4,0,1,4603,1236,61,0,0,0,0,5,75955321,2850970218,13559361,1,122134583,1253172768,2827175,1422005067,1941194817,131321874,195343305,53868324,201819350,4939361,33122148,522664781,273488011,0,0,0,0,5eb7747ecbde451de49ea2bb0b40c31b43aa1915d4f074ed405d0301b7d991a6
10511,86,9286142671,9274165442,11487775,40,393920,95434,60,2065215669,676766,106754269,202897954,487573649,421993826,159264683,552122650,133917470,198086024,4103951735,16536902,6,3,4,0,1,4603,1236,61,0,0,0,0,5,75964071,2850770216,13703128,1,122121953,1253181519,2833774,1428075346,1939409495,116757076,206140355,57723797,201824581,4930041,33124877,492678122,283910965,0,0,0,0,5eb7747ecbde451de49ea2bb0b40c31b43aa1915d4f074ed405d0301b7d991a6
10511,87,9286139602,9274163012,11489005,40,391789,95605,151,2065127383,646382,106748920,203809259,486626621,422083233,159228463,551938808,134028186,198090131,4103994261,16566114,6,3,4,0,1,4603,1236,61,0,0,0,0,5,75942078,2850832993,13734419,1,122148053,1253161268,2831695,1418676071,1942152859,121477091,205479184,60306180,201819070,4936731,33123447,443672259,288394826,0,0,0,0,5eb7747ecbde451de49ea2bb0b40c31b43aa1915d4f074ed405d0301b7d991a6
10511,88,9286141731,9274157911,11492975,71,394750,95964,60,2062934140,686654,106783051,200013956,490432847,423819300,157458822,552090703,131630428,198099391,4104019811,16438317,6,3,4,0,1,4603,1236,61,0,0,0,0,5,75974799,2850819011,13627424,1,122124592,1253200800,2810893,1388814728,1941238305,120760940,223882037,59614948,201825420,4947842,33109817,474523180,306140697,0,0,0,0,5eb7747ecbde451de49ea2bb0b40c31b43aa1915d4f074ed405d0301b7d991a6
10511,89,9286139612,9274154771,11496825,40,392571,95354,51,2062690487,674533,106768601,200691612,489742348,423434722,157871233,551913818,131572469,198070352,4104027690,16520622,6,3,4,0,1,4603,1236,61,0,0,0,0,5,75926459,2850876162,13683697,1,122143893,1253151528,2836925,1392612964,1943388804,126444478,218065085,58272603,201816760,4956872,33108267,448397044,309225988,0,0,0,0,5eb7747ecbde451de49ea2bb0b40c31b43aa1915d4f074ed405d0301b7d991a6
10511,90,9286145442,9274158181,11494546,40,394150,98475,50,2062872828,625982,106780110,200640899,489800983,423627649,157650231,552087477,131640526,198110833,4103978618,16499519,6,3,4,0,1,4603,1236,61,0,0,0,0,5,75987381,2850818990,13647694,1,122123452,1253159628,2851825,1389234230,1945133113,123393363,221486858,61349652,201826261,4928531,33121727,475053790,301435099,0,0,0,0,5eb7747ecbde451de49ea2bb0b40c31b43aa1915d4f074ed405d0301b7d991a6
10511,91,9286138932,9274153451,11496996,69,393391,94965,60,2062374062,670494,106764669,200296922,490138901,423697972,157622703,551910627,131244713,198086023,4103919923,16602237,6,3,4,0,1,4603,1236,61,0,0,0,0,5,75947040,2850788687,13737961,1,122138983,1253131236,2864276,1396906264,1947955247,126582845,212510149,57693795,201816431,4942081,33120307,425270996,294716264,0,0,0,0,5eb7747ecbde451de49ea2bb0b40c31b43aa1915d4f074ed405d0301b7d991a6
10511,92,9286143422,9274157961,11494435,51,394800,96125,50,2062888238,739665,106744019,199779616,490666498,423261280,158011809,552077038,131590853,198100504,4103998309,16488019,6,3,4,0,1,4603,1236,61,0,0,0,0,5,75976831,2850807870,13665935,1,122123673,1253190439,2822084,1408861427,1942658597,120822225,215179823,57217085,201825291,4933831,33122428,404773173,291184350,0,0,0,0,5eb7747ecbde451de49ea2bb0b40c31b43aa1915d4f074ed405d0301b7d991a6
10511,93,9286141151,9274159251,11492986,40,392900,95914,60,2062128613,635715,106755527,200917573,489510608,423493674,157812319,551926669,131051666,198090414,4103925563,16573025,6,3,4,0,1,4603,1236,61,0,0,0,0,5,75948761,2850781746,13724669,1,122141653,1253143817,2848356,1406816345,1945436915,126309532,204714879,56286655,201816990,4941061,33124968,380184929,290994954,0,0,0,0,5eb7747ecbde451de49ea2bb0b40c31b43aa1915d4f074ed405d0301b7d991a6
10511,94,9286143132,9274159571,11492925,141,394700,95735,60,2062709272,685155,106813210,199676739,490773835,423121316,158146624,552087806,131386852,198103263,4103960917,16485520,6,3,4,0,1,4603,1236,61,0,0,0,0,5,75978780,2850777078,13657595,1,122124483,1253183839,2827925,1399229209,1944293858,120392418,214566066,57571439,201830860,4924991,33119457,392935433,317537898,0,0,0,0,5eb7747ecbde451de49ea2bb0b40c31b43aa1915d4f074ed405d0301b7d991a6
10511,95,9286141381,9274155741,11496686,49,392991,95854,60,2062977991,679844,106766590,201726124,488702849,423813510,157495580,551919690,131850767,198079522,4103997619,16511011,6,3,4,0,1,4603,1236,61,0,0,0,0,5,75937799,2850813600,13701627,1,122141723,1253184019,2809384,1372973158,1947127881,125652786,228313000,58818411,201816480,4941691,33123818,417262131,334164104,0,0,0,0,5eb7747ecbde451de49ea2bb0b40c31b43aa1915d4f074ed405d0301b7d991a6
10511,96,9286141572,9274171932,11478195,40,395810,95535,60,2065065500,387689,106844862,202972849,487494687,422330741,158917136,552098908,134003308,198078322,4104154736,16302471,6,3,4,0,1,4603,1236,61,0,0,0,0,5,75938339,2850958976,13494478,1,122139983,1253195760,2807993,1397807415,1948257276,130919572,203415940,55522995,201830091,4938132,33123097,381278958,310288958,0,0,0,0,5eb7747ecbde451de49ea2bb0b40c31b43aa1915d4f074ed405d0301b7d991a6
10511,97,9286139591,9274168912,11480974,51,393449,95856,349,2064687149,643673,106778270,203694356,486739237,422355456,158953174,551933102,133570461,198099614,4104155854,16391797,6,3,4,0,1,4603,1236,61,0,0,0,0,5,75948670,2850979096,13587323,1,122150944,1253176758,2804474,1412032315,1944501833,125021174,203355008,55581944,201815540,4941512,33132078,408354952,275401312,0,0,0,0,5eb7747ecbde451de49ea2bb0b40c31b43aa1915d4f074ed405d0301b7d991a6
10511,98,9286141781,9274169122,11481594,51,395820,95065,129,2064745963,588089,106797560,202642792,487835762,422144767,159081261,552117161,133520331,198094502,4104154567,16291669,6,3,4,0,1,4603,1236,61,0,0,0,0,5,75958039,2850964218,13477435,1,122136463,1253190349,2814234,1414070446,1941218269,125205371,202941626,53822847,201832012,4920900,33122157,376182530,272865149,0,0,0,0,5eb7747ecbde451de49ea2bb0b40c31b43aa1915d4f074ed405d0301b7d991a6
10511,99,9286139481,9274168482,11481454,40,393760,95696,49,2065067198,629093,106767509,203857692,486581392,422209367,159102285,551926649,133978152,198093071,4104146346,16398066,6,3,4,0,1,4603,1236,61,0,0,0,0,5,75951148,2850972888,13575911,1,122141923,1253173458,2822155,1412184672,1948488853,130353160,196462212,57398211,201815120,4941331,33130078,411852790,268660428,0,0,0,0,5eb7747ecbde451de49ea2bb0b40c31b43aa1915d4f074ed405d0301b7d991a6
10511,100,9286142661,9274169072,11482304,51,395770,95335,129,2065157796,439321,106748128,203009930,487485356,422306843,158932666,552100704,134120904,198095312,4104184616,16268859,6,3,4,0,1,4603,1236,61,0,0,0,0,5,75955409,2850979176,13469506,1,122139903,1253205440,2799353,1412092555,1937088228,129564888,203997970,59010403,201820961,4933521,33121517,394038158,269867292,0,0,0,0,5eb7747ecbde451de49ea2bb0b40c31b43aa1915d4f074ed405d0301b7d991a6
10511,101,9286139742,9274172182,11477715,40,393620,96134,51,2065117781,634302,106780351,202085963,488363079,422465642,158834811,551939637,133998376,198105742,4104151287,16387414,6,3,4,0,1,4603,1236,61,0,0,0,0,5,75947778,2850976968,13585142,1,122157964,1253174319,2802272,1516433005,1943204276,117300089,184793868,58015244,201814540,4941702,33128858,326852916,281375934,0,0,0,0,5eb7747ecbde451de49ea2bb0b40c31b43aa1915d4f074ed405d0301b7d991a6
10511,102,9286143031,9274174082,11476795,49,395591,96465,49,2065519193,649784,106792657,202774829,487728608,421944034,159281863,552109579,134220517,198084473,4104210409,16243277,6,3,4,0,1,4603,1236,61,0,0,0,0,5,75948840,2850979687,13469836,1,122135633,1253230722,2773441,1414420225,1942711880,124827399,205260806,59908301,201832661,4921721,33130478,402387529,290115610,0,0,0,0,5eb7747ecbde451de49ea2bb0b40c31b43aa1915d4f074ed405d0301b7d991a6
10511,103,9286140682,9274169812,11480925,49,393980,95856,60,2065337453,622403,106786319,204355088,486083846,422377115,158925236,551941829,134233339,198104273,4104149896,16401186,6,3,4,0,1,4603,1236,61,0,0,0,0,5,75965070,2850956426,13594763,1,122139203,1253193470,2806423,1420463104,1935578387,123935675,205498847,58570630,201815091,4942311,33130218,434706047,280450107,0,0,0,0,5eb7747ecbde451de49ea2bb0b40c31b43aa1915d4f074ed405d0301b7d991a6
10511,104,9286142802,9274163032,11488085,49,394991,96575,70,2062798594,654231,106846966,200533213,489894178,423630920,157627922,552061173,131532381,198103293,4103992889,16453317,6,3,4,0,1,4603,1236,61,0,0,0,0,5,75977570,2850814850,13620433,1,122125723,1253178039,2832884,1384759774,1941254793,125340922,226527251,56262696,201837971,4926021,33113086,409039935,308899446,0,0,0,0,5eb7747ecbde451de49ea2bb0b40c31b43aa1915d4f074ed405d0301b7d991a6
10511,105,9286140682,9274164972,11486825,60,392700,96065,60,2062414517,391051,106803702,199997007,490424684,423212611,158097931,551905698,131562562,198097294,4104013239,16530951,6,3,4,0,1,4603,1236,61,0,0,0,0,5,75942720,2850861802,13698666,1,122154574,1253151437,2832285,1384815597,1944262917,125258507,226039985,55623680,201808149,4959783,33115977,406331062,306315726,0,0,0,0,5eb7747ecbde451de49ea2bb0b40c31b43aa1915d4f074ed405d0301b7d991a6
10511,106,9286142501,9274163151,11488676,40,395310,95275,49,2062559242,648683,106859633,200922253,489518639,423521155,157723185,552087496,131255567,198086691,4104043742,16411785,6,3,4,0,1,4603,1236,61,0,0,0,0,5,75960669,2850860993,13583761,1,122126022,1253182749,2828024,1399447015,1945037118,119394012,220545530,59090513,201839262,4917180,33135368,394087842,305260849,0,0,0,0,5eb7747ecbde451de49ea2bb0b40c31b43aa1915d4f074ed405d0301b7d991a6
10511,107,9286139811,9274163761,11487145,51,393990,94815,49,2062846096,633292,106804950,201421970,488989101,423622111,157698762,551915728,131737721,198096672,4103943257,16588355,6,3,4,0,1,4603,1236,61,0,0,0,0,5,75955519,2850834692,13699247,1,122141153,1253108565,2889108,1405794180,1947286977,119808718,213867841,59543118,201808030,4950202,33127038,351165872,288302418,0,0,0,0,5eb7747ecbde451de49ea2bb0b40c31b43aa1915d4f074ed405d0301b7d991a6
10511,108,9286143381,9274165122,11486814,211,394860,96325,49,2062262797,709397,106782320,199728785,490720450,422848679,158407081,552057163,130979172,198081181,4103987418,16487129,6,3,4,0,1,4603,1236,61,0,0,0,0,5,75955079,2850861812,13601882,1,122126102,1253125606,2885247,1409388370,1948103752,128171862,201122311,59033781,201828680,4925211,33132358,352892764,292049622,0,0,0,0,5eb7747ecbde451de49ea2bb0b40c31b43aa1915d4f074ed405d0301b7d991a6
10511,109,9286140911,9274168402,11483464,40,393641,95315,49,2062587112,436771,106785090,201356906,489059586,423481085,157838149,551900777,131713108,198087014,4103973736,16579126,6,3,4,0,1,4603,1236,61,0,0,0,0,5,75948601,2850810768,13753271,1,122138413,1253162968,2825855,1408028386,1946531707,119124272,213478838,62199076,201809159,4948762,33131748,347982716,298612878,0,0,0,0,5eb7747ecbde451de49ea2bb0b40c31b43aa1915d4f074ed405d0301b7d991a6
10511,110,9286144402,9274184373,11467564,60,395140,97115,150,2062524203,676225,106826411,198752974,491695850,423573149,157678442,552058943,131240317,198091111,4104047841,16393065,6,3,4,0,1,4603,1236,61,0,0,0,0,5,75966409,2850853422,13576671,1,122124702,1253194419,2816394,1401544219,1941742231,129528518,209761953,57087278,201879294,4877128,33128548,327997224,312049322,0,0,0,0,5eb7747ecbde451de49ea2bb0b40c31b43aa1915d4f074ed405d0301b7d991a6
10511,111,9286141101,9274163142,11488234,40,394241,95384,60,2062731591,663984,106771718,201494435,488934637,423795399,157499225,551912307,131639075,198105014,4103963696,16579106,6,3,4,0,1,4603,1236,61,0,0,0,0,5,75961641,2850788317,13754682,1,122143373,1253175379,2824424,1360672599,1946054151,121618535,245855152,59890069,201808439,4948232,33128988,334740394,346825114,0,0,0,0,5eb7747ecbde451de49ea2bb0b40c31b43aa1915d4f074ed405d0301b7d991a6
10511,112,9286141872,9274155451,11493545,40,396991,95794,51,2065082660,664733,106782539,203485023,486969751,422694942,158573949,552115208,133779874,198059012,4104206119,16263727,6,3,4,0,1,4603,1236,61,0,0,0,0,5,75937979,2850987518,13467915,1,122121033,1253218601,2795812,1380139090,1948526533,137529858,213023998,56154352,201823610,4952372,33105907,280319779,336212961,0,0,0,0,5eb7747ecbde451de49ea2bb0b40c31b43aa1915d4f074ed405d0301b7d991a6
10511,113,9286139702,9274160712,11487714,40,395140,95956,140,2065233030,630831,106785590,203100603,487337329,422540687,158757317,551932337,134131221,198061940,4104155007,16376977,6,3,4,0,1,4603,1236,61,0,0,0,0,5,75916327,2850980788,13562543,1,122145613,1253174219,2814434,1391357136,1946412712,130102210,216886694,59821677,201806309,4947152,33130298,396420010,293493888,0,0,0,0,5eb7747ecbde451de49ea2bb0b40c31b43aa1915d4f074ed405d0301b7d991a6
10511,114,9286141602,9274157701,11491085,51,396820,95894,51,2064683390,637774,106816651,203216091,487251004,422241530,158998877,552137202,133367884,198067583,4104188728,16261677,6,3,4,0,1,4603,1236,61,0,0,0,0,5,75942820,2850971417,13468475,1,122124763,1253217311,2793202,1412771907,1941149786,125356674,208745952,56482159,201828010,4927441,33127068,384420572,305282733,0,0,0,0,5eb7747ecbde451de49ea2bb0b40c31b43aa1915d4f074ed405d0301b7d991a6
10511,115,9286139641,9274162211,11486305,51,395500,95534,40,2065468621,592209,106781689,203113556,487333047,422847992,158466573,551917116,134405926,198080020,4104143367,16406567,6,3,4,0,1,4603,1236,61,0,0,0,0,5,75930407,2850993549,13567233,1,122149613,1253149818,2839334,1394995663,1943292213,118621063,226019419,59818015,201811870,4944142,33124107,404308677,301906271,0,0,0,0,5eb7747ecbde451de49ea2bb0b40c31b43aa1915d4f074ed405d0301b7d991a6
10511,116,9286141751,9274161292,11487674,51,396570,96015,149,2064885741,618731,106763869,202990889,487486568,422216616,159041060,552112639,133637380,198056521,4104158517,16305790,6,3,4,0,1,4603,1236,61,0,0,0,0,5,75936398,2850979529,13468565,1,122120123,1253178988,2837225,1442485787,1937980290,123862429,193356680,56383461,201826710,4925641,33127188,412218944,308092581,0,0,0,0,5eb7747ecbde451de49ea2bb0b40c31b43aa1915d4f074ed405d0301b7d991a6
10511,117,9286141361,9274158721,11490635,51,396040,95874,40,2064863370,640182,106791953,202426239,488014443,422270170,159013722,551944489,133744792,198063710,4104184619,16321883,6,3,4,0,1,4603,1236,61,0,0,0,0,5,75927707,2851007090,13507489,1,122136003,1253177529,2814394,1446370413,1939970396,121180890,178887906,60780341,201808189,4948182,33125248,446249204,304232849,0,0,0,0,5eb7747ecbde451de49ea2bb0b40c31b43aa1915d4f074ed405d0301b7d991a6
10511,118,9286143071,9274160812,11488474,40,397281,96404,60,2065211685,463051,106777971,202105555,488373741,422694020,158554239,552112589,134115711,198057312,4104161685,16294721,6,3,4,0,1,4603,1236,61,0,0,0,0,5,75937410,2850971136,13471337,1,122119902,1253190549,2823384,1412332238,1940554610,126935928,206973845,59163070,201824590,4928901,33131778,422461264,308352204,0,0,0,0,5eb7747ecbde451de49ea2bb0b40c31b43aa1915d4f074ed405d0301b7d991a6
10511,119,9286141232,9274157941,11491435,60,395551,96105,140,2065324264,608661,106797211,204452475,485992918,422445450,158845641,551944291,134224087,198073350,4104213081,16348144,6,3,4,0,1,4603,1236,61,0,0,0,0,5,75935377,2851004921,13558591,1,122137973,1253208160,2789553,1408860142,1942760930,121318229,214642462,59557808,201808019,4949252,33123948,407486864,296975588,0,0,0,0,5eb7747ecbde451de49ea2bb0b40c31b43aa1915d4f074ed405d0301b7d991a6
10511,120,9286143202,9274154761,11498446,90,393130,96725,50,2062372151,505948,106815560,200208058,490219176,423298594,157976363,552087838,131241246,198101235,4103975857,16479568,6,3,4,0,1,4603,1236,61,0,0,0,0,5,75973752,2850786168,13656404,1,122127483,1253189689,2823164,1376745130,1935944956,121825090,241834109,56349585,201825860,4945052,33113147,413100444,336603196,0,0,0,0,5eb7747ecbde451de49ea2bb0b40c31b43aa1915d4f074ed405d0301b7d991a6
10511,121,9286140132,9274151681,11501166,60,391740,95445,40,2062321330,672383,106786689,200947166,489474836,422930144,158372340,551913776,131202573,198091673,4103998628,16524352,6,3,4,0,1,4603,1236,61,0,0,0,0,5,75952710,2850828939,13702878,1,122138963,1253169689,2821474,1365651515,1944019530,130393739,234726511,55134453,201817681,4952812,33114097,432662599,340067888,0,0,0,0,5eb7747ecbde451de49ea2bb0b40c31b43aa1915d4f074ed405d0301b7d991a6
10511,122,9286143592,9274153381,11500456,50,392750,96805,150,2061789445,676236,106826391,200224180,490204863,422996431,158257591,552089843,130491669,198094663,4104046911,16400774,6,3,4,0,1,4603,1236,61,0,0,0,0,5,75969001,2850859242,13575580,1,122125662,1253187669,2825194,1359848919,1943431305,129708915,241855882,60575156,201831250,4922671,33132498,411722755,344855750,0,0,0,0,5eb7747ecbde451de49ea2bb0b40c31b43aa1915d4f074ed405d0301b7d991a6
10511,123,9286140482,9274154521,11498076,80,392410,95355,40,2062312540,666722,106783032,200921265,489508646,423403632,157907422,551901808,131198541,198079182,4103992858,16525902,6,3,4,0,1,4603,1236,61,0,0,0,0,5,75950009,2850838101,13680936,1,122129173,1253154757,2844966,1376807958,1946989245,121428498,233619317,62489698,201817160,4939001,33124047,380781092,335854305,0,0,0,0,5eb7747ecbde451de49ea2bb0b40c31b43aa1915d4f074ed405d0301b7d991a6
10511,124,9286142692,9274152371,11501136,40,393450,95635,60,2062899721,695666,106821353,200780936,489654077,422643019,158619681,552068832,131600194,198080861,4104006100,16458777,6,3,4,0,1,4603,1236,61,0,0,0,0,5,75957869,2850839762,13612191,1,122122992,1253166338,2846586,1379726023,1943607362,131004752,225219239,59576943,201824850,4931191,33124247,381592889,343339267,0,0,0,0,5eb7747ecbde451de49ea2bb0b40c31b43aa1915d4f074ed405d0301b7d991a6
10511,125,9286141222,9274152281,11500746,40,392640,95444,71,2062790904,662200,106811674,201200869,489218813,423213371,158097511,551900497,131667846,198093183,4103919713,16584086,6,3,4,0,1,4603,1236,61,0,0,0,0,5,75954840,2850780186,13730080,1,122138343,1253139527,2854006,1368946159,1945636096,128788877,230959971,60505950,201817470,4939351,33130258,328221711,348621315,0,0,0,0,5eb7747ecbde451de49ea2bb0b40c31b43aa1915d4f074ed405d0301b7d991a6
10511,126,9286142721,9274153551,11499726,70,394070,95244,60,2062942154,682884,106842913,201316281,489108723,423340175,157923892,552089608,131613665,198089220,4103930106,16528251,6,3,4,0,1,4603,1236,61,0,0,0,0,5,75961648,2850793009,13652595,1,122127572,1253137097,2875656,1386794939,1944503409,127559372,223361955,57176292,201828850,4926021,33125188,341233149,333445318,0,0,0,0,5eb7747ecbde451de49ea2bb0b40c31b43aa1915d4f074ed405d0301b7d991a6
10511,127,9286142502,9274153091,11500176,40,392240,96815,140,2062880099,688763,106768392,199589906,490848506,423833321,157471972,551916337,131740550,198099634,4103959787,16541453,6,3,4,0,1,4603,1236,61,0,0,0,0,5,75962170,2850794369,13705538,1,122137464,1253165418,2835915,1346924626,1948736921,131859068,243737705,56746972,201817870,4939421,33128448,366084280,365281294,0,0,0,0,5eb7747ecbde451de49ea2bb0b40c31b43aa1915d4f074ed405d0301b7d991a6
10512,0,9445364180,9433794711,11112936,150,365339,90984,60,2043583159,307676,85614839,184900748,485040682,414454897,148304255,597638467,127302055,217793064,4213527507,15943803,6,2,4,0,0,4460,1196,58,0,0,0,0,5,82582707,2968535873,13435065,1,135210357,1244991634,2508738,1446489117,1964631984,129438837,228268145,64327315,203829500,4254166,33136738,396486575,404470842,0,0,0,0,5eb7747ecbde451de49ea2bb0b40c31b43aa1915d4f074ed405d0301b7d991a6
10512,1,9445365030,9433802041,11108676,50,363418,90795,50,2042829880,313915,85427903,183175616,486914759,414635346,148147177,597592685,126599017,217675458,4213551119,16048107,6,2,4,0,0,4460,1196,58,0,0,0,0,5,82532084,2968533864,13520438,1,135143374,1245017255,2527669,1416095757,1966016749,124440867,251167241,65427570,203786328,4282838,33156128,362656670,378592842,0,0,0,0,5eb7747ecbde451de49ea2bb0b40c31b43aa1915d4f074ed405d0301b7d991a6
10512,2,9445366440,9433802651,11107066,40,365729,90904,50,2043497154,344337,85618141,182776758,487153850,414767925,147962556,597660318,127197627,217685957,4213357081,16158763,6,2,4,0,0,4460,1196,58,0,0,0,0,5,82535303,2968446641,13549730,1,135150654,1244910440,2609033,1431089952,1966942031,129051935,238847656,63489133,203804328,4281169,33133987,389747467,372742731,0,0,0,0,5eb7747ecbde451de49ea2bb0b40c31b43aa1915d4f074ed405d0301b7d991a6
10512,3,9445364970,9433797831,11115676,150,360769,90494,50,2043324384,356200,85393365,184004444,486089966,414878110,147905672,597604234,127073973,217681678,4213289167,16273997,6,2,4,0,0,4460,1196,58,0,0,0,0,5,82558605,2968402288,13611412,1,135123073,1244886879,2662585,1418951677,1968682480,126628278,246912492,63218898,203787178,4283448,33144198,401861160,375247054,0,0,0,0,5eb7747ecbde451de49ea2bb0b40c31b43aa1915d4f074ed405d0301b7d991a6
10512,4,9445365270,9433796711,11115046,50,361999,91424,40,2043013419,341798,85539995,183569669,486403793,414286641,148484681,597657129,126704804,217723019,4213325808,16178085,6,2,4,0,0,4460,1196,58,0,0,0,0,5,82574265,2968404808,13577882,1,135148754,1244921000,2600203,1425224097,1965246856,125185816,242975230,63881424,203797638,4288959,33125006,377347565,359413574,0,0,0,0,5eb7747ecbde451de49ea2bb0b40c31b43aa1915d4f074ed405d0301b7d991a6
10512,5,9445364440,9433796871,11114326,50,362388,90755,50,2043182328,295107,85451139,184038394,486051976,414350322,148394656,597646000,126936043,217679167,4213401174,16190482,6,2,4,0,0,4460,1196,58,0,0,0,0,5,82552454,2968512665,13524796,1,135126713,1244888509,2665686,1408526740,1965946697,119059465,286137626,67458354,203787847,4298039,33135458,433806696,350725024,0,0,0,0,5eb7747ecbde451de49ea2bb0b40c31b43aa1915d4f074ed405d0301b7d991a6
10512,6,9445365020,9433797531,11111176,40,365789,90324,160,2043178948,366478,85534465,183558220,486437154,414149561,148583557,597667678,126853423,217720890,4213293055,16210708,6,2,4,0,0,4460,1196,58,0,0,0,0,5,82573406,2968453199,13529691,1,135147484,1244839856,2681017,1409185905,1967444744,130401380,246421211,62923972,203796348,4281358,33135697,374590550,369578235,0,0,0,0,5eb7747ecbde451de49ea2bb0b40c31b43aa1915d4f074ed405d0301b7d991a6
10512,7,9445364800,9433787311,11121986,40,364599,90774,90,2043089383,347318,85406769,183493016,486585751,414433766,148347944,597610059,126852629,217686838,4213327938,16237597,6,2,4,0,0,4460,1196,58,0,0,0,0,5,82561175,2968392797,13628284,1,135125663,1244935141,2609313,1437265772,1964686014,124018535,237786673,65865345,203787948,4295898,33148418,372906347,368876285,0,0,0,0,5eb7747ecbde451de49ea2bb0b40c31b43aa1915d4f074ed405d0301b7d991a6
10512,8,9445364920,9433790391,11117636,50,366909,89864,70,2040988866,316767,85568005,181273065,488684647,415306173,147439468,597645567,124727833,217708327,4213289239,16222206,6,2,4,0,0,4460,1196,58,0,0,0,0,5,82557854,2968390709,13598042,1,135150473,1244898530,2624164,1402310254,1961546305,136009399,250056659,61557506,203805658,4269458,33145138,443862624,400366847,0,0,0,0,5eb7747ecbde451de49ea2bb0b40c31b43aa1915d4f074ed405d0301b7d991a6
10512,9,9445363480,9433789441,11121106,40,362149,90614,130,2041027235,299774,85459294,183039374,487031202,415734733,147043447,597610349,124785753,217654887,4213243734,16381414,6,2,4,0,0,4460,1196,58,0,0,0,0,5,82532064,2968319473,13748631,1,135122823,1244924261,2632783,1394529637,1965974761,128081108,261870167,64982602,203792428,4278688,33153488,394241485,395745711,0,0,0,0,5eb7747ecbde451de49ea2bb0b40c31b43aa1915d4f074ed405d0301b7d991a6
10512,10,9445364920,9433781740,11126447,50,366689,89934,60,2040856268,308855,85613340,181468141,488468747,415469270,147257373,597668096,124573374,217724599,4213319699,16183844,6,2,4,0,0,4460,1196,58,0,0,0,0,5,82547694,2968420659,13580342,1,135176905,1244899040,2603502,1389903386,1968011714,125202873,266760016,66653300,203800398,4282218,33135398,383042735,396543182,0,0,0,0,5eb7747ecbde451de49ea2bb0b40c31b43aa1915d4f074ed405d0301b7d991a6
10512,11,9445362810,9433794871,11112976,1660,362709,90544,50,2041204479,357398,85371324,181909729,488190281,415275679,147495473,597612856,124966196,217669377,4213277636,16302739,6,2,4,0,0,4460,1196,58,0,0,0,0,5,82542534,2968348685,13684886,1,135126843,1244928951,2617853,1386018021,1967789006,126679254,265040312,62975197,203792598,4279688,33139137,370561152,404228798,0,0,0,0,5eb7747ecbde451de49ea2bb0b40c31b43aa1915d4f074ed405d0301b7d991a6
10512,12,9445364640,9433792671,11117636,40,364339,89904,50,2041346774,358979,85509953,181924146,488057066,415600817,147164593,597617290,125096510,217720768,4213314720,16202864,6,2,4,0,0,4460,1196,58,0,0,0,0,5,82561953,2968389879,13609123,1,135158815,1244924841,2593741,1498894466,1965749090,122894009,162279134,65576391,203798068,4290558,33122597,352345680,402521245,0,0,0,0,5eb7747ecbde451de49ea2bb0b40c31b43aa1915d4f074ed405d0301b7d991a6
10512,13,9445363690,9433779330,11131897,40,361949,90424,50,2041200756,290725,85455152,181508397,488571680,415973595,146814976,597607197,124953084,217684848,4213221631,16375175,6,2,4,0,0,4460,1196,58,0,0,0,0,5,82561965,2968319892,13718159,1,135122883,1244901739,2657016,1378986845,1965995137,123371174,279978504,65069395,203791608,4291578,33134098,323212895,382147106,0,0,0,0,5eb7747ecbde451de49ea2bb0b40c31b43aa1915d4f074ed405d0301b7d991a6
10512,14,9445365430,9433797211,11110756,40,366369,91004,50,2041165546,316217,85540195,181130948,488860236,415296832,147459067,597632950,124906189,217735419,4213140528,16358245,6,2,4,0,0,4460,1196,58,0,0,0,0,5,82536972,2968267630,13713821,1,135198447,1244872898,2644424,1396184865,1966414889,126858664,262241948,63241240,203796958,4275808,33137837,288770811,415730130,0,0,0,0,5eb7747ecbde451de49ea2bb0b40c31b43aa1915d4f074ed405d0301b7d991a6
10512,15,9445363930,9433787921,11124546,50,360789,90574,50,2041282900,339986,85401482,182551028,487533537,415375046,147382995,597629468,125045248,217663288,4213231571,16356254,6,2,4,0,0,4460,1196,58,0,0,0,0,5,82538665,2968326812,13705188,1,135124623,1244904759,2651066,1367340586,1969951409,122953333,281216227,66751912,203792798,4280238,33145248,279154645,425173225,0,0,0,0,5eb7747ecbde451de49ea2bb0b40c31b43aa1915d4f074ed405d0301b7d991a6
10512,16,9445366370,9433778880,11129987,160,366019,91274,50,2043313486,367890,85444891,183799501,486268635,414312062,148415478,597681960,127009756,217770463,4213397331,16095122,6,2,4,0,0,4460,1196,58,0,0,0,0,5,82601588,2968464670,13517180,1,135168875,1244932661,2577942,1407037374,1970023184,131130231,248968365,63205687,203812719,4265737,33140928,444564402,381042528,0,0,0,0,5eb7747ecbde451de49ea2bb0b40c31b43aa1915d4f074ed405d0301b7d991a6
10512,17,9445365070,9433775750,11134517,40,364089,90624,50,2043072482,402160,85367456,185010013,485088595,415014488,147734221,597663490,126779326,217676436,4213330939,16241046,6,2,4,0,0,4460,1196,58,0,0,0,0,5,82541443,2968382077,13643144,1,135134993,1244948862,2597902,1428355674,1965268972,117739105,253476083,61344825,203788908,4285078,33142368,455173969,355761904,0,0,0,0,5eb7747ecbde451de49ea2bb0b40c31b43aa1915d4f074ed405d0301b7d991a6
10512,18,9445366840,9433778180,11135297,60,363129,90114,60,2043685654,358867,85465443,182688105,487381281,414792505,147928543,597677361,127375247,217780911,4213328148,16156595,6,2,4,0,0,4460,1196,58,0,0,0,0,5,82612666,2968403388,13566143,1,135168245,1244924760,2590452,1442572403,1965409977,125438420,235763228,62336512,203801808,4269098,33145728,418468996,348042662,0,0,0,0,5eb7747ecbde451de49ea2bb0b40c31b43aa1915d4f074ed405d0301b7d991a6
10512,19,9445363520,9433770420,11141117,50,361109,90774,50,2043498153,381516,85412501,184547240,485540589,414855997,147905603,597623467,127217130,217697137,4213423574,16132640,6,2,4,0,0,4460,1196,58,0,0,0,0,5,82563094,2968488653,13525637,1,135134043,1244934921,2607003,1415305127,1969624988,128247766,252786863,62805042,203790108,4283528,33145508,478133966,343325043,0,0,0,0,5eb7747ecbde451de49ea2bb0b40c31b43aa1915d4f074ed405d0301b7d991a6
10512,20,9445366240,9433785541,11124876,50,366019,89704,50,2043198031,398939,85457622,183677835,486377330,414822346,147916944,597660441,126871392,217756861,4213425623,16090080,6,2,4,0,0,4460,1196,58,0,0,0,0,5,82588756,2968495332,13504679,1,135168105,1244930291,2585401,1426770548,1970771534,129600577,236881153,63968527,203797288,4292679,33121606,458004281,345542168,0,0,0,0,5eb7747ecbde451de49ea2bb0b40c31b43aa1915d4f074ed405d0301b7d991a6
10512,21,9445364550,9433775380,11135977,50,362328,90665,150,2042892801,328978,85461120,184426474,485659825,414643048,148101811,597653528,126600657,217684487,4213401863,16161042,6,2,4,0,0,4460,1196,58,0,0,0,0,5,82548543,2968466612,13547589,1,135135944,1244935251,2613453,1423217342,1961873630,120259281,250459078,63932156,203790188,4295439,33137807,431945623,336687085,0,0,0,0,5eb7747ecbde451de49ea2bb0b40c31b43aa1915d4f074ed405d0301b7d991a6
10512,22,9445365070,9433776590,11131677,40,366599,90114,50,2042644339,356928,85491063,183799830,486260617,414467467,148272312,597639448,126341055,217773183,4213378621,16120611,6,2,4,0,0,4460,1196,58,0,0,0,0,5,82612199,2968443989,13530949,1,135160984,1244934632,2589662,1434076359,1963722489,114722730,250302781,61824675,203795148,4281188,33133017,476114303,358004508,0,0,0,0,5eb7747ecbde451de49ea2bb0b40c31b43aa1915d4f074ed405d0301b7d991a6
10512,23,9445365220,9433776730,11136367,50,361229,90694,150,2043330546,363079,85398377,183819355,486280355,414431738,148341275,597616024,127069161,217711038,4213392071,16156513,6,2,4,0,0,4460,1196,58,0,0,0,0,5,82577095,2968457090,13549440,1,135133943,1244934981,2607073,1428553773,1963043366,123918023,242647325,67580511,203790038,4282578,33142938,429379635,360172218,0,0,0,0,5eb7747ecbde451de49ea2bb0b40c31b43aa1915d4f074ed405d0301b7d991a6
10512,24,9445368020,9433778740,11134137,60,363149,91894,40,2041196066,338645,85496735,180883054,489163962,414996045,147725354,597663389,124902630,217752822,4213228012,16276551,6,2,4,0,0,4460,1196,58,0,0,0,0,5,82589477,2968319502,13672988,1,135163345,1244908510,2603563,1402938173,1966641486,127511168,252888046,64912990,203801728,4273808,33132337,434058144,383586735,0,0,0,0,5eb7747ecbde451de49ea2bb0b40c31b43aa1915d4f074ed405d0301b7d991a6
10512,25,9445364980,9433779110,11133877,50,361298,90605,40,2041233246,345837,85422751,181313403,488777234,415683979,147078781,597610547,124972904,217692457,4213200032,16383355,6,2,4,0,0,4460,1196,58,0,0,0,0,5,82560724,2968293163,13728249,1,135131733,1244906869,2655106,1396962892,1967602698,122662514,266340793,66563377,203792038,4286028,33139708,434501268,380841591,0,0,0,0,5eb7747ecbde451de49ea2bb0b40c31b43aa1915d4f074ed405d0301b7d991a6
10512,26,9445367380,9433776570,11131857,50,366609,92234,60,2040633748,345956,85484254,181913928,488145668,415225078,147512221,597662689,124318614,217751391,4213237574,16258069,6,2,4,0,0,4460,1196,58,0,0,0,0,5,82583836,2968365776,13618655,1,135167555,1244871798,2639414,1414608130,1966168962,122520981,253226951,64284822,203798988,4276418,33141677,407294845,377592496,0,0,0,0,5eb7747ecbde451de49ea2bb0b40c31b43aa1915d4f074ed405d0301b7d991a6
10512,27,9445363960,9433780320,11131027,290,362009,90144,170,2041197616,348467,85429121,181908643,488183203,414801219,147957653,597607595,124940675,217696530,4213237172,16340281,6,2,4,0,0,4460,1196,58,0,0,0,0,5,82564466,2968320422,13709457,1,135132064,1244916750,2630824,1411511471,1970292525,126913500,249661386,66069130,203790698,4278758,33146988,414999231,374796323,0,0,0,0,5eb7747ecbde451de49ea2bb0b40c31b43aa1915d4f074ed405d0301b7d991a6
10512,28,9445366120,9433775060,11133387,1950,363039,92624,60,2041522295,388374,85458649,182274295,487772661,415438287,147288653,597646466,125232516,217765803,4213092155,16398806,6,2,4,0,0,4460,1196,58,0,0,0,0,5,82604598,2968210147,13764352,1,135161205,1244882008,2634454,1410054223,1969277455,127504820,251973324,64927885,203797668,4291259,33119426,418445575,354558000,0,0,0,0,5eb7747ecbde451de49ea2bb0b40c31b43aa1915d4f074ed405d0301b7d991a6
10512,29,9445364910,9433785311,11127486,190,362499,89384,40,2041308162,331977,85447093,180382697,489701899,415578915,147168806,597643829,125025837,217689157,4213163011,16420075,6,2,4,0,0,4460,1196,58,0,0,0,0,5,82557744,2968279013,13749199,1,135131413,1244883998,2670876,1440002761,1965332257,117781549,241036785,64311061,203791698,4281658,33143978,373413017,344458531,0,0,0,0,5eb7747ecbde451de49ea2bb0b40c31b43aa1915d4f074ed405d0301b7d991a6
10512,30,9445365710,9433781690,11127177,50,367199,89544,50,2041400047,363580,85475591,182517886,487534020,415558004,147173993,597644699,125110962,217741131,4213251673,16259070,6,2,4,0,0,4460,1196,58,0,0,0,0,5,82589166,2968355564,13632487,1,135151965,1244896109,2626583,1418963787,1967862310,119161868,255989134,66122636,203798618,4280418,33130067,375939408,362013874,0,0,0,0,5eb7747ecbde451de49ea2bb0b40c31b43aa1915d4f074ed405d0301b7d991a6
10512,31,9445362030,9433779960,11125997,40,365519,90464,50,2041066679,351820,85428448,182267514,487811225,415271008,147501203,597611878,124800284,217715639,4213302116,16268529,6,2,4,0,0,4460,1196,58,0,0,0,0,5,82560365,2968287521,13736630,1,135155274,1245014595,2531899,1383119140,1964220690,130558437,267448071,63657023,203790368,4282318,33134267,228065116,416273670,0,0,0,0,5eb7747ecbde451de49ea2bb0b40c31b43aa1915d4f074ed405d0301b7d991a6
10512,32,9445365370,9433835823,11073274,40,365629,90544,60,2043391819,274573,85508365,182206650,487848895,414390415,148326434,597675031,127148035,217737081,4213393310,16099451,6,2,4,0,0,4460,1196,58,0,0,0,0,5,82577166,2968453279,13527310,1,135159915,1244940031,2572141,1401236163,1969080434,124191242,256221640,63710313,203821509,4256247,33141878,451078320,384569090,0,0,0,0,5eb7747ecbde451de49ea2bb0b40c31b43aa1915d4f074ed405d0301b7d991a6
10512,33,9445365010,9433836173,11074454,40,363629,90654,60,2043606499,287534,85424501,185186331,484924837,414019207,148737183,597605138,127410738,217692128,4213430013,16148001,6,2,4,0,0,4460,1196,58,0,0,0,0,5,82563805,2968494542,13539208,1,135128323,1244935471,2608793,1418623034,1966340422,123546855,249393634,64984648,203785698,4288438,33148528,456885068,353450020,0,0,0,0,5eb7747ecbde451de49ea2bb0b40c31b43aa1915d4f074ed405d0301b7d991a6
10512,34,9445366140,9433838763,11071684,40,365499,90104,50,2043485563,291414,85499396,184586111,485491024,414533242,148189668,597659020,127218710,217723380,4213410422,16105790,6,2,4,0,0,4460,1196,58,0,0,0,0,5,82552425,2968476291,13527129,1,135170955,1244934131,2578661,1430378137,1967828083,127723635,237980928,65717472,203804079,4273167,33134597,476671325,351471854,0,0,0,0,5eb7747ecbde451de49ea2bb0b40c31b43aa1915d4f074ed405d0301b7d991a6
10512,35,9445364950,9433840033,11071834,40,362359,90644,40,2043821861,319187,85389430,184813782,485298945,414053770,148702020,597612326,127621679,217725611,4213414811,16142721,6,2,4,0,0,4460,1196,58,0,0,0,0,5,82594278,2968471640,13531588,1,135131333,1244943171,2611133,1438855212,1967544105,121111426,240569134,65272470,203784267,4291259,33140028,459949757,353274860,0,0,0,0,5eb7747ecbde451de49ea2bb0b40c31b43aa1915d4f074ed405d0301b7d991a6
10512,36,9445364690,9433839073,11071254,40,363629,90654,40,2043373757,336728,85468741,183634062,486408764,413836907,148910893,597672169,127088063,217743331,4213417482,16095391,6,2,4,0,0,4460,1196,58,0,0,0,0,5,82576666,2968494882,13500298,1,135166665,1244922600,2595093,1491061904,1971649634,131092830,235554307,62815562,203796448,4290148,33122817,456426523,337546613,0,0,0,0,5eb7747ecbde451de49ea2bb0b40c31b43aa1915d4f074ed405d0301b7d991a6
10512,37,9445365180,9433834913,11075724,40,363779,90674,50,2043135827,285535,85465853,185118977,484974441,414116629,148628169,597639128,126867583,217704599,4213437084,16132280,6,2,4,0,0,4460,1196,58,0,0,0,0,5,82575896,2968474331,13540928,1,135128703,1244962753,2591352,1397924776,1967111358,129835732,276806255,62002257,203785818,4288648,33144708,470149082,327974991,0,0,0,0,5eb7747ecbde451de49ea2bb0b40c31b43aa1915d4f074ed405d0301b7d991a6
10512,38,9445368190,9433836643,11073694,40,365399,92374,40,2043298156,342699,85451801,184385030,485687015,414270980,148440888,597676362,127030010,217734041,4213318426,16162266,6,2,4,0,0,4460,1196,58,0,0,0,0,5,82577666,2968399386,13564933,1,135156375,1244919040,2597333,1438959539,1969246575,120780908,236757642,67248923,203798778,4278978,33133437,445007951,352402181,0,0,0,0,5eb7747ecbde451de49ea2bb0b40c31b43aa1915d4f074ed405d0301b7d991a6
10512,39,9445365020,9433839923,11069604,50,365399,90004,40,2043764717,301196,85425290,184640762,485456605,414211445,148547176,597616146,127549085,217704599,4213358348,16206706,6,2,4,0,0,4460,1196,58,0,0,0,0,5,82578816,2968432308,13588042,1,135125783,1244926040,2618664,1446051009,1964815244,121689264,234942625,67504787,203785107,4288539,33144118,472438732,340561461,0,0,0,0,5eb7747ecbde451de49ea2bb0b40c31b43aa1915d4f074ed405d0301b7d991a6
10512,40,9445367040,9433839223,11069474,40,366759,91494,50,2041424318,300206,85511585,181639371,488391383,415346493,147377366,597660959,125171675,217725969,4213276244,16223958,6,2,4,0,0,4460,1196,58,0,0,0,0,5,82568735,2968395886,13588334,1,135157234,1244880358,2635624,1418079891,1968512214,121893574,253360621,66126436,203821469,4255467,33142188,455773531,364678409,0,0,0,0,5eb7747ecbde451de49ea2bb0b40c31b43aa1915d4f074ed405d0301b7d991a6
10512,41,9445363480,9433836813,11072504,40,363479,90604,40,2041086032,297428,85445680,182105894,487972614,415426425,147315424,597611809,124888408,217683160,4213318206,16280440,6,2,4,0,0,4460,1196,58,0,0,0,0,5,82555107,2968386215,13658776,1,135128053,1244931991,2621664,1413325708,1968396545,126931388,251281519,62201354,203783658,4292028,33139927,449650040,372433320,0,0,0,0,5eb7747ecbde451de49ea2bb0b40c31b43aa1915d4f074ed405d0301b7d991a6
10512,42,9445366200,9433841453,11067944,90,366429,90234,50,2040982486,254224,85525795,180206578,489844568,414899531,147818338,597662539,124740273,217747460,4213260735,16213186,6,2,4,0,0,4460,1196,58,0,0,0,0,5,82589286,2968355565,13606294,1,135158174,1244905170,2606892,1407812851,1967169416,134458331,249306472,63111652,203799608,4282988,33124947,457262157,375559191,0,0,0,0,5eb7747ecbde451de49ea2bb0b40c31b43aa1915d4f074ed405d0301b7d991a6
10512,43,9445363700,9433839533,11070714,50,362849,90504,50,2041446679,279606,85454301,181778199,488301508,415597276,147141934,597615387,125255389,217688467,4213299448,16268677,6,2,4,0,0,4460,1196,58,0,0,0,0,5,82556504,2968369237,13651424,1,135131963,1244930211,2617253,1418320902,1967877365,125729576,250780026,67873552,203785387,4284238,33143928,392752614,362476886,0,0,0,0,5eb7747ecbde451de49ea2bb0b40c31b43aa1915d4f074ed405d0301b7d991a6
10512,44,9445364580,9433836123,11072954,40,365089,90284,90,2041357864,276813,85515754,180985571,489047745,415963396,146780854,597632959,125127752,217736130,4213245762,16249951,6,2,4,0,0,4460,1196,58,0,0,0,0,5,82579876,2968369414,13613356,1,135156254,1244876348,2636595,1405548520,1970150574,130334285,248820935,65392039,203799198,4287529,33130847,426432397,367670036,0,0,0,0,5eb7747ecbde451de49ea2bb0b40c31b43aa1915d4f074ed405d0301b7d991a6
10512,45,9445365140,9433840833,11069664,40,364039,90504,60,2041406690,308627,85453221,182186259,487881437,415043118,147697801,597625538,125173885,217707980,4213182431,16395874,6,2,4,0,0,4460,1196,58,0,0,0,0,5,82581997,2968268401,13751299,1,135125983,1244914030,2644575,1396112864,1967405507,119862524,275368712,67752462,203784248,4298658,33126977,417458749,365088159,0,0,0,0,5eb7747ecbde451de49ea2bb0b40c31b43aa1915d4f074ed405d0301b7d991a6
10512,46,9445367070,9433842784,11066383,50,366479,91324,50,2041636560,300557,85514333,182732288,487302478,416007608,146709049,597655880,125390957,217727850,4213312617,16178586,6,2,4,0,0,4460,1196,58,0,0,0,0,5,82563515,2968401517,13582763,1,135164335,1244911100,2595823,1426676931,1967437302,124524850,240830499,65426597,203800028,4270668,33137517,393317411,365293612,0,0,0,0,5eb7747ecbde451de49ea2bb0b40c31b43aa1915d4f074ed405d0301b7d991a6
10512,47,9445365400,9433833623,11078254,50,364609,88804,60,2041537344,311269,85434340,183249371,486829354,415260270,147488129,597598309,125340552,217698939,4213323848,16249016,6,2,4,0,0,4460,1196,58,0,0,0,0,5,82566276,2968376456,13642894,1,135132663,1244947392,2606122,1361984645,1968210784,124820575,288204388,67625952,203784867,4286079,33136147,381150084,421020587,0,0,0,0,5eb7747ecbde451de49ea2bb0b40c31b43aa1915d4f074ed405d0301b7d991a6
10512,48,9445365700,9433752379,11156758,50,366299,90164,50,2043592985,332216,85491244,183345268,486727029,413913840,148790697,597680771,127296772,217789383,4213309538,16183995,6,2,4,0,0,4460,1196,58,0,0,0,0,5,82593786,2968403128,13577633,1,135195597,1244906410,2606362,1397549603,1965443821,125955114,258406875,64563240,203807589,4273497,33136358,496786761,407722925,0,0,0,0,5eb7747ecbde451de49ea2bb0b40c31b43aa1915d4f074ed405d0301b7d991a6
10512,49,9445364830,9433818372,11091985,40,363888,90505,40,2043458142,345707,85398830,184284096,485815832,414667007,148068563,597646090,127218867,217702399,4213414133,16138151,6,2,4,0,0,4460,1196,58,0,0,0,0,5,82564335,2968479262,13531958,1,135138064,1244934871,2606193,1419647596,1967425459,127674887,242754441,67312657,203784478,4291128,33136878,472978601,374651183,0,0,0,0,5eb7747ecbde451de49ea2bb0b40c31b43aa1915d4f074ed405d0301b7d991a6
10512,50,9445365950,9433811982,11098285,40,366139,89444,60,2042959786,322225,85486846,182900114,487183113,414045177,148669529,597664290,126666731,217747871,4213405842,16093421,6,2,4,0,0,4460,1196,58,0,0,0,0,5,82584256,2968483062,13499079,1,135163615,1244922780,2594342,1406969629,1969398396,126581242,252123570,59248709,203801208,4273088,33141217,478268009,352249455,0,0,0,0,5eb7747ecbde451de49ea2bb0b40c31b43aa1915d4f074ed405d0301b7d991a6
10512,51,9445363970,9433800861,11110516,50,361869,90614,60,2043543464,343519,85426561,184265256,485833871,413989565,148749336,597629876,127287362,217722701,4213458094,16081408,6,2,4,0,0,4460,1196,58,0,0,0,0,5,82582987,2968514282,13485796,1,135139714,1244943812,2595612,1163915419,1973059017,117875038,418411107,64271077,203784868,4288118,33144078,459779480,432255614,0,0,0,0,5eb7747ecbde451de49ea2bb0b40c31b43aa1915d4f074ed405d0301b7d991a6
10512,52,9445365500,9433813222,11097455,50,364219,90504,50,2042961106,338236,85466593,183324126,486748210,413973623,148751486,597673599,126663881,217761542,4213447194,16048189,6,2,4,0,0,4460,1196,58,0,0,0,0,5,82600827,2968530664,13442896,1,135160715,1244916530,2605293,1440625560,1965894551,125379410,233263252,61836506,203795348,4291009,33121316,498496959,333785007,0,0,0,0,5eb7747ecbde451de49ea2bb0b40c31b43aa1915d4f074ed405d0301b7d991a6
10512,53,9445365190,9433809782,11102955,40,361679,90584,150,2043299145,357799,85423059,185704350,484397229,414504950,148236420,597638357,127022530,217684567,4213315148,16250638,6,2,4,0,0,4460,1196,58,0,0,0,0,5,82544643,2968394507,13630105,1,135139924,1244920641,2620533,1419190844,1966201824,122099659,259313045,66751043,203784197,4294009,33140618,480395439,324026373,0,0,0,0,5eb7747ecbde451de49ea2bb0b40c31b43aa1915d4f074ed405d0301b7d991a6
10512,54,9445366110,9433800931,11109636,40,364419,91044,40,2043673909,334278,85486571,182955578,487112219,414253979,148465940,597655707,127389999,217752832,4213420782,16075751,6,2,4,0,0,4460,1196,58,0,0,0,0,5,82594438,2968515212,13461147,1,135158394,1244905570,2614604,1433232445,1965339321,119705403,245104587,68879458,203795488,4278888,33142147,480692270,350874731,0,0,0,0,5eb7747ecbde451de49ea2bb0b40c31b43aa1915d4f074ed405d0301b7d991a6
10512,55,9445364310,9433750369,11158008,50,365058,90785,40,2043539176,324758,85425170,184688007,485416561,413776041,148971639,597619936,127295932,217727539,4213295407,16266107,6,2,4,0,0,4460,1196,58,0,0,0,0,5,82571154,2968359986,13653034,1,135156385,1244935421,2613073,1471177985,1955777280,126237450,240834247,66409087,203787158,4289298,33144738,497032287,356882258,0,0,0,0,5eb7747ecbde451de49ea2bb0b40c31b43aa1915d4f074ed405d0301b7d991a6
10512,56,9445366860,9433795441,11115916,60,363759,91644,40,2041507553,306466,85535805,181866233,488173163,415482310,147235858,597671669,125213428,217753472,4213182559,16309732,6,2,4,0,0,4460,1196,58,0,0,0,0,5,82582007,2968279190,13699989,1,135171465,1244903369,2609743,1427104934,1962729037,120985363,251309536,68987599,203806159,4270037,33137888,496946307,367614614,0,0,0,0,5eb7747ecbde451de49ea2bb0b40c31b43aa1915d4f074ed405d0301b7d991a6
10512,57,9445364250,9433793161,11117966,40,362429,90584,70,2041062640,324945,85435141,181923977,488167761,416230727,146514984,597621716,124818757,217690788,4213343329,16243516,6,2,4,0,0,4460,1196,58,0,0,0,0,5,82557635,2968414168,13614922,1,135133153,1244929161,2628594,1430170094,1967259644,124682979,242706423,65707223,203789118,4290148,33137118,469763505,350471794,0,0,0,0,5eb7747ecbde451de49ea2bb0b40c31b43aa1915d4f074ed405d0301b7d991a6
10512,58,9445365100,9433793511,11114856,50,366349,90284,50,2040883479,320876,85540147,181419950,488616114,415614306,147093201,597660951,124596954,217751702,4213300037,16180185,6,2,4,0,0,4460,1196,58,0,0,0,0,5,82588317,2968389177,13574382,1,135163385,1244910860,2605803,1421760124,1967311717,125484101,244743381,65119817,203802218,4270708,33139257,455655828,355931712,0,0,0,0,5eb7747ecbde451de49ea2bb0b40c31b43aa1915d4f074ed405d0301b7d991a6
10512,59,9445364280,9433797041,11112786,50,364119,90214,70,2041201416,357636,85423093,180509962,489581074,415608526,147138104,597615228,124935781,217690375,4213340772,16216544,6,2,4,0,0,4460,1196,58,0,0,0,0,5,82555922,2968410061,13607641,1,135134453,1244930711,2608903,1415621725,1969305359,127699956,247164682,67127934,203788878,4286698,33141358,466954430,356243713,0,0,0,0,5eb7747ecbde451de49ea2bb0b40c31b43aa1915d4f074ed405d0301b7d991a6
10512,60,9445365220,9433743308,11166189,50,365319,90304,50,2040997936,364549,85481554,183043313,487001712,415066469,147657650,597644259,124713551,217767844,4213179909,16336034,6,2,4,0,0,4460,1196,58,0,0,0,0,5,82575207,2968280720,13715150,1,135192637,1244899189,2620884,1419754382,1965643760,123589034,247827859,67286757,203799108,4283828,33127017,436152033,387921295,0,0,0,0,5eb7747ecbde451de49ea2bb0b40c31b43aa1915d4f074ed405d0301b7d991a6
10512,61,9445364930,9433793851,11117966,40,361939,91084,50,2041268429,340907,85477883,183379232,486694124,415895633,146844389,597629846,124987016,217696268,4213295357,16279428,6,2,4,0,0,4460,1196,58,0,0,0,0,5,82557905,2968374246,13653445,1,135138363,1244921111,2625983,1408789252,1965985584,121146247,267138569,64327510,203788988,4285898,33135247,418062694,352647136,0,0,0,0,5eb7747ecbde451de49ea2bb0b40c31b43aa1915d4f074ed405d0301b7d991a6
10512,62,9445365290,9433789891,11118476,40,366789,90044,50,2041259190,327196,85516976,181949176,488108561,416062367,146649929,597645899,124977095,217762342,4213282256,16212249,6,2,4,0,0,4460,1196,58,0,0,0,0,5,82602458,2968372486,13601185,1,135159884,1244909770,2611064,1420274634,1967604281,128624953,244625198,65592061,203798468,4272898,33138327,419077387,362502834,0,0,0,0,5eb7747ecbde451de49ea2bb0b40c31b43aa1915d4f074ed405d0301b7d991a6
10512,63,9445362460,9433740218,11165939,40,365209,91004,50,2041517482,345996,85424380,182329009,487756629,415534115,147223924,597601748,125283610,217723829,4213217084,16352961,6,2,4,0,0,4460,1196,58,0,0,0,0,5,82562724,2968288583,13732938,1,135161105,1244928501,2620023,1384659415,1962552282,122159816,275673369,68190748,203789258,4287568,33140308,432124302,428050328,0,0,0,0,5eb7747ecbde451de49ea2bb0b40c31b43aa1915d4f074ed405d0301b7d991a6
10512,64,9445367550,9433737528,11171629,50,365929,92294,120,2043938549,401160,85504135,183238880,486801312,413899061,148817838,597659279,127603067,217815645,4213397601,16109522,6,2,4,0,0,4460,1196,58,0,0,0,0,5,82628259,2968461069,13520710,1,135187386,1244936532,2588812,1425175686,1967344257,126084731,237138367,65390981,203821549,4263497,33133488,457208500,400707898,0,0,0,0,5eb7747ecbde451de49ea2bb0b40c31b43aa1915d4f074ed405d0301b7d991a6
10512,65,9445364890,9433779870,11130137,60,364348,90415,60,2044140935,430394,85382737,184445684,485658353,414091159,148652492,597605764,127855035,217747350,4213407663,16192572,6,2,4,0,0,4460,1196,58,0,0,0,0,5,82589425,2968481742,13566329,1,135157925,1244925921,2626243,1433265299,1963257386,125447681,239747845,66467516,203786498,4285068,33147388,444509451,360624276,0,0,0,0,5eb7747ecbde451de49ea2bb0b40c31b43aa1915d4f074ed405d0301b7d991a6
10512,66,9445367100,9433784091,11125396,50,366299,91214,50,2045061171,433171,85439220,184181973,485902276,414079718,148620899,597659239,128728885,217763992,4213388430,16139034,6,2,4,0,0,4460,1196,58,0,0,0,0,5,82579986,2968476871,13522810,1,135184006,1244911559,2616224,1406386732,1963878108,120338948,261657334,64570260,203800218,4274628,33142788,399158512,359276576,0,0,0,0,5eb7747ecbde451de49ea2bb0b40c31b43aa1915d4f074ed405d0301b7d991a6
10512,67,9445365220,9433742208,11168469,60,363929,90494,60,2044579859,443032,85365437,184622963,485479064,413741392,149000508,597615587,128294355,217759382,4213404012,16183215,6,2,4,0,0,4460,1196,58,0,0,0,0,5,82605317,2968451250,13576732,1,135154065,1244952762,2606483,1141392329,1969127792,119387253,431129592,59215538,203786688,4285108,33140318,434764522,447828476,0,0,0,0,5eb7747ecbde451de49ea2bb0b40c31b43aa1915d4f074ed405d0301b7d991a6
10512,68,9445366210,9433779150,11128647,40,365349,92974,50,2043242631,453634,85442520,184317379,485727457,413958341,148779708,597663048,126883304,217813725,4213408771,16103551,6,2,4,0,0,4460,1196,58,0,0,0,0,5,82631410,2968476770,13505708,1,135182315,1244932001,2597843,1443757341,1966243513,125498695,232885440,66813210,203794148,4297029,33119856,432713387,338120416,0,0,0,0,5eb7747ecbde451de49ea2bb0b40c31b43aa1915d4f074ed405d0301b7d991a6
10512,69,9445363570,9433778730,11129267,40,365199,90284,50,2044660482,403841,85424951,184656642,485435364,414594824,148139455,597629918,128358776,217742320,4213453066,16150892,6,2,4,0,0,4460,1196,58,0,0,0,0,5,82604876,2968561417,13480436,1,135137444,1244891649,2670456,1430251037,1965103626,130469770,259664644,63721954,203787018,4296958,33133728,495763590,318483594,0,0,0,0,5eb7747ecbde451de49ea2bb0b40c31b43aa1915d4f074ed405d0301b7d991a6
10512,70,9445365670,9433776480,11131667,50,365919,91504,50,2043712975,428614,85458380,184783572,485277335,413911038,148801449,597661758,127373439,217792451,4213433905,16081530,6,2,4,0,0,4460,1196,58,0,0,0,0,5,82610416,2968510204,13475677,1,135182035,1244923701,2605853,1449841345,1965004934,120401629,236621450,68915587,203794228,4281768,33137557,437820164,334395918,0,0,0,0,5eb7747ecbde451de49ea2bb0b40c31b43aa1915d4f074ed405d0301b7d991a6
10512,71,9445365340,9433780940,11128587,50,364699,91024,40,2043713134,432671,85365856,183414612,486687517,414493570,148253800,597615286,127436201,217779583,4213442293,16131703,6,2,4,0,0,4460,1196,58,0,0,0,0,5,82623338,2968489371,13525100,1,135156245,1244952922,2606603,1453546006,1965546741,123225073,229022677,69564039,203787337,4295979,33133638,421332558,344885667,0,0,0,0,5eb7747ecbde451de49ea2bb0b40c31b43aa1915d4f074ed405d0301b7d991a6
10512,72,9445366000,9433773910,11132907,50,368479,90604,50,2042369917,419932,85466512,182197789,487847306,415549004,147165654,597658130,126049369,217784801,4213272137,16248987,6,2,4,0,0,4460,1196,58,0,0,0,0,5,82618097,2968418009,13575682,1,135166704,1244854128,2673305,1425097487,1964076338,122695377,248153753,63210139,203805419,4269057,33144688,496826837,356253775,0,0,0,0,5eb7747ecbde451de49ea2bb0b40c31b43aa1915d4f074ed405d0301b7d991a6
10512,73,9445363250,9433728308,11180009,150,363979,90724,80,2042036130,406780,85416114,182329714,487759761,414551232,148203828,597613746,125733224,217763882,4213237923,16380405,6,2,4,0,0,4460,1196,58,0,0,0,0,5,82604227,2968314053,13742340,1,135159655,1244923870,2638065,1431502612,1963643731,129299734,235528381,59941791,203790558,4281738,33142578,468234107,372794176,0,0,0,0,5eb7747ecbde451de49ea2bb0b40c31b43aa1915d4f074ed405d0301b7d991a6
10512,74,9445366220,9433777750,11131327,50,366799,90234,60,2041649272,399261,85499055,181711724,488331871,415176397,147537642,597656838,125310201,217784623,4213248254,16276239,6,2,4,0,0,4460,1196,58,0,0,0,0,5,82613007,2968348605,13654256,1,135171616,1244899649,2621983,1425148849,1969923123,125261720,242661511,68741457,203799328,4278598,33134907,454845031,351782370,0,0,0,0,5eb7747ecbde451de49ea2bb0b40c31b43aa1915d4f074ed405d0301b7d991a6
10512,75,9445362830,9433774450,11132467,40,364989,90724,160,2042049001,447453,85353307,182545415,487553831,415541364,147207147,597607307,125775476,217747492,4213370009,16211666,6,2,4,0,0,4460,1196,58,0,0,0,0,5,82605778,2968460649,13569722,1,135141714,1244909360,2641944,1535657491,1970000446,120037679,134951656,67018994,203790608,4282678,33138667,462243578,357097621,0,0,0,0,5eb7747ecbde451de49ea2bb0b40c31b43aa1915d4f074ed405d0301b7d991a6
10512,76,9445366060,9433727318,11181219,40,366779,90654,50,2042100162,445332,85429051,181799339,488250046,415281892,147440018,597643948,125790206,217816864,4213222094,16297220,6,2,4,0,0,4460,1196,58,0,0,0,0,5,82628177,2968339026,13652915,1,135188687,1244883068,2644305,1430350473,1963903236,125410420,236386200,63573980,203796058,4296189,33117446,464079143,367799299,0,0,0,0,5eb7747ecbde451de49ea2bb0b40c31b43aa1915d4f074ed405d0301b7d991a6
10512,77,9445364230,9433775020,11132697,40,364879,91444,150,2042153155,373581,85440078,182770131,487308898,414805626,147948585,597620256,125871850,217773623,4213197159,16403427,6,2,4,0,0,4460,1196,58,0,0,0,0,5,82611858,2968293670,13742131,1,135161765,1244903489,2661296,1409047764,1967174471,122457839,261619746,68118228,203789528,4297208,33127978,406243548,346353614,0,0,0,0,5eb7747ecbde451de49ea2bb0b40c31b43aa1915d4f074ed405d0301b7d991a6
10512,78,9445367710,9433778060,11130357,140,367339,91754,60,2042202448,424434,85441679,181446621,488613356,415576363,147154575,597648670,125878760,217807804,4213286507,16211815,6,2,4,0,0,4460,1196,58,0,0,0,0,5,82639709,2968392297,13578992,1,135168095,1244894210,2632823,1419879161,1968128170,124281311,241520013,67080518,203795028,4276018,33140637,426306804,367324494,0,0,0,0,5eb7747ecbde451de49ea2bb0b40c31b43aa1915d4f074ed405d0301b7d991a6
10512,79,9445364520,9433774160,11136067,140,362839,91264,50,2042116864,435471,85373690,182382837,487709209,414924012,147828200,597615794,125831460,217749731,4213277017,16321950,6,2,4,0,0,4460,1196,58,0,0,0,0,5,82587766,2968348366,13691156,1,135161965,1244928651,2630794,1436116521,1966580570,126337482,221111065,69079641,203791218,4282868,33137907,423420205,397723617,0,0,0,0,5eb7747ecbde451de49ea2bb0b40c31b43aa1915d4f074ed405d0301b7d991a6
10512,80,9445367050,9433777960,11130517,50,367499,90924,100,2043550918,442813,85416959,184008213,486062183,414267149,148448370,597660329,127226459,217823735,4213463116,16039486,6,2,4,0,0,4460,1196,58,0,0,0,0,5,82653190,2968519545,13462145,1,135170545,1244943571,2577341,1394250030,1971205889,136470175,251542597,59277845,203811709,4268487,33135757,534685024,378130905,0,0,0,0,5eb7747ecbde451de49ea2bb0b40c31b43aa1915d4f074ed405d0301b7d991a6
10512,81,9445364520,9433777850,11130807,50,365118,90615,80,2044079433,471984,85335264,183915088,486170860,414027897,148717793,597624959,127800728,217755442,4213372160,16207866,6,2,4,0,0,4460,1196,58,0,0,0,0,5,82593147,2968441129,13586042,1,135162295,1244931031,2621824,1427184579,1965522068,128011633,243491137,62178836,203789278,4287208,33140648,503631783,360889241,0,0,0,0,5eb7747ecbde451de49ea2bb0b40c31b43aa1915d4f074ed405d0301b7d991a6
10512,82,9445366920,9433779380,11129587,40,367499,90374,40,2043286951,402403,85454192,183046431,487026725,414399635,148315521,597648328,126973597,217814354,4213424243,16072639,6,2,4,0,0,4460,1196,58,0,0,0,0,5,82645648,2968493242,13480537,1,135168706,1244931001,2592102,1423548033,1967357108,132533129,240961912,63467336,203798398,4274258,33143558,515308491,345214373,0,0,0,0,5eb7747ecbde451de49ea2bb0b40c31b43aa1915d4f074ed405d0301b7d991a6
10512,83,9445363410,9433776570,11130897,40,365199,90654,50,2044051921,441200,85389320,184727799,485359118,414321481,148435089,597592967,127768207,217767521,4213324639,16238775,6,2,4,0,0,4460,1196,58,0,0,0,0,5,82607716,2968409859,13606471,1,135159805,1244914780,2632304,1437909203,1966979751,120739821,244971616,67285651,203789478,4284718,33141428,513224967,353140461,0,0,0,0,5eb7747ecbde451de49ea2bb0b40c31b43aa1915d4f074ed405d0301b7d991a6
10512,84,9445365920,9433778270,11131897,50,366529,89124,50,2044545577,436463,85441511,184550810,485509826,414184803,148540335,597639799,128221629,217794804,4213491706,16041337,6,2,4,0,0,4460,1196,58,0,0,0,0,5,82624438,2968560425,13450885,1,135170366,1244931281,2590452,1429889454,1968833836,121381746,246046125,68410578,203796118,4299749,33118257,560399683,339646157,0,0,0,0,5eb7747ecbde451de49ea2bb0b40c31b43aa1915d4f074ed405d0301b7d991a6
10512,85,9445364440,9433777570,11130677,190,365229,90724,50,2044261152,399950,85439750,184155170,485925887,414616494,148126125,597630038,127954416,217730030,4213500248,16076687,6,2,4,0,0,4460,1196,58,0,0,0,0,5,82592316,2968543616,13481835,1,135137714,1244956632,2594852,1418741098,1964684484,127938588,254971376,62642547,203789818,4293858,33134158,578703462,321097029,0,0,0,0,5eb7747ecbde451de49ea2bb0b40c31b43aa1915d4f074ed405d0301b7d991a6
10512,86,9445364480,9433776580,11131407,40,366559,89844,50,2044599408,416162,85459050,183853355,486218981,413971332,148745445,597636168,128281614,217807093,4213397002,16119263,6,2,4,0,0,4460,1196,58,0,0,0,0,5,82625327,2968462411,13523280,1,135181766,1244934591,2595983,1443112912,1963137583,116950700,244487438,65452652,203792248,4284688,33136138,571992809,345752730,0,0,0,0,5eb7747ecbde451de49ea2bb0b40c31b43aa1915d4f074ed405d0301b7d991a6
10512,87,9445365250,9433741738,11167749,40,364889,90784,50,2044523885,417681,85380088,185038885,485045773,413655077,149101945,597607905,128262010,217772163,4213363390,16206015,6,2,4,0,0,4460,1196,58,0,0,0,0,5,82611398,2968411418,13611433,1,135160765,1244951972,2594582,1435978024,1961712512,126009079,239412678,66155857,203789508,4284318,33140298,497805494,355750250,0,0,0,0,5eb7747ecbde451de49ea2bb0b40c31b43aa1915d4f074ed405d0301b7d991a6
10512,88,9445367630,9433766390,11143347,40,365919,91894,40,2042621461,411711,85453123,181700133,488363932,415409995,147309404,597645966,126308393,217788384,4213232331,16267460,6,2,4,0,0,4460,1196,58,0,0,0,0,5,82620569,2968313191,13669438,1,135167815,1244919140,2598022,1402112026,1965345535,124721123,257719922,64934609,203800378,4273158,33133257,526082120,368898149,0,0,0,0,5eb7747ecbde451de49ea2bb0b40c31b43aa1915d4f074ed405d0301b7d991a6
10512,89,9445363730,9433763920,11145737,40,363499,90474,60,2042224921,433722,85383458,182566988,487526659,414982685,147763855,597601346,125949284,217747082,4213342577,16253638,6,2,4,0,0,4460,1196,58,0,0,0,0,5,82607188,2968411306,13617844,1,135139894,1244931271,2635794,1407555833,1965202610,129307466,252184269,66635269,203791518,4288648,33133138,474239220,373937692,0,0,0,0,5eb7747ecbde451de49ea2bb0b40c31b43aa1915d4f074ed405d0301b7d991a6
10512,90,9445367301,9433766570,11140957,40,367269,92414,51,2042500602,412470,85454956,182202860,487870354,415213395,147512713,597648380,126167665,217777833,4213331267,16177786,6,2,4,0,0,4460,1196,58,0,0,0,0,5,82609968,2968429038,13562102,1,135167865,1244902229,2615684,1405100766,1968857029,126811919,254884480,66274463,203796948,4278408,33141617,530375824,361466273,0,0,0,0,5eb7747ecbde451de49ea2bb0b40c31b43aa1915d4f074ed405d0301b7d991a6
10512,91,9445363880,9433762929,11145488,200,365529,89684,50,2042072181,434151,85384490,181670453,488428524,415417978,147329291,597590396,125798616,217718750,4213341918,16251567,6,2,4,0,0,4460,1196,58,0,0,0,0,5,82578426,2968436159,13605452,1,135140324,1244905759,2646115,1408345974,1969208630,127246680,249777171,66243420,203790228,4280198,33145047,466129803,358717119,0,0,0,0,5eb7747ecbde451de49ea2bb0b40c31b43aa1915d4f074ed405d0301b7d991a6
10512,92,9445366690,9433766590,11141457,50,366209,92335,49,2042080040,471373,85405452,182057371,488010654,415104660,147618798,597635629,125754614,217786482,4213339859,16171975,6,2,4,0,0,4460,1196,58,0,0,0,0,5,82623958,2968435229,13552811,1,135162524,1244904630,2619164,1420519286,1966309178,125751401,249114300,65128924,203795348,4296789,33118016,476896005,349547530,0,0,0,0,5eb7747ecbde451de49ea2bb0b40c31b43aa1915d4f074ed405d0301b7d991a6
10512,93,9445364380,9433761900,11148367,140,365309,88614,50,2041901914,431263,85397267,181916226,488174011,415121133,147625398,597616407,125603167,217731441,4213331628,16260527,6,2,4,0,0,4460,1196,58,0,0,0,0,5,82592637,2968400207,13633244,1,135138804,1244931421,2627283,1401057604,1967163742,128843531,258619859,64374279,203790438,4285268,33136728,458383727,337679753,0,0,0,0,5eb7747ecbde451de49ea2bb0b40c31b43aa1915d4f074ed405d0301b7d991a6
10512,94,9445364950,9433763539,11143808,140,368099,89294,70,2042287043,449324,85427141,181292923,488777032,414481221,148241247,597630968,125969576,217772691,4213356130,16161205,6,2,4,0,0,4460,1196,58,0,0,0,0,5,82613347,2968434019,13555632,1,135159344,1244922111,2605573,1410672156,1967797476,127781661,246055983,65135220,203797788,4281178,33132417,459296988,379819599,0,0,0,0,5eb7747ecbde451de49ea2bb0b40c31b43aa1915d4f074ed405d0301b7d991a6
10512,95,9445362830,9433760509,11145498,40,366139,90584,60,2042301634,420653,85386247,182452942,487640685,414998275,147759535,597598177,126032248,217733079,4213383921,16202565,6,2,4,0,0,4460,1196,58,0,0,0,0,5,82596736,2968433229,13600293,1,135136343,1244950692,2602272,1383199041,1968624076,127693883,267547524,67816597,203790058,4282468,33134877,460274026,398631104,0,0,0,0,5eb7747ecbde451de49ea2bb0b40c31b43aa1915d4f074ed405d0301b7d991a6
10512,96,9445364870,9433777760,11130267,70,366039,90604,130,2043745945,385721,85472182,183744158,486336488,414196364,148510135,597651898,127430758,217788020,4213356882,16155683,6,2,4,0,0,4460,1196,58,0,0,0,0,5,82630516,2968425291,13562390,1,135157504,1244931591,2593293,1399663732,1971119380,134234420,247964744,62611573,203815339,4269817,33130558,450444545,383050529,0,0,0,0,5eb7747ecbde451de49ea2bb0b40c31b43aa1915d4f074ed405d0301b7d991a6
10512,97,9445364090,9433779110,11130017,40,364138,90745,40,2044439592,399030,85403270,184397530,485712957,414267139,148458420,597603386,128185319,217767201,4213398022,16177962,6,2,4,0,0,4460,1196,58,0,0,0,0,5,82626687,2968437340,13591990,1,135140514,1244960682,2585972,1421927774,1965049620,131033250,241733792,65294540,203779477,4304729,33138448,466215272,347672222,0,0,0,0,5eb7747ecbde451de49ea2bb0b40c31b43aa1915d4f074ed405d0301b7d991a6
10512,98,9445365830,9433777230,11131387,50,366499,90534,130,2044133808,375580,85481794,183728526,486361519,414246706,148454282,597653618,127814558,217769091,4213386732,16147493,6,2,4,0,0,4460,1196,58,0,0,0,0,5,82611177,2968447290,13559992,1,135157914,1244939442,2587501,1424197027,1964351664,130787419,239606767,62144000,203805968,4279969,33127567,451655584,348098903,0,0,0,0,5eb7747ecbde451de49ea2bb0b40c31b43aa1915d4f074ed405d0301b7d991a6
10512,99,9445364120,9433777420,11132697,40,363328,90585,50,2044108305,399447,85383033,184033440,486075526,414193303,148538395,597604856,127866051,217770652,4213437013,16149741,6,2,4,0,0,4460,1196,58,0,0,0,0,5,82626578,2968495352,13534998,1,135144074,1244941661,2614743,1427975609,1968298865,123827940,244201405,65701133,203780267,4302749,33128497,505982863,345015876,0,0,0,0,5eb7747ecbde451de49ea2bb0b40c31b43aa1915d4f074ed405d0301b7d991a6
10512,100,9445364880,9433778370,11129877,70,365829,90574,160,2045181779,419459,85446634,183975110,486088767,414732119,147995709,597665388,128845574,217791372,4213483907,16053828,6,2,4,0,0,4460,1196,58,0,0,0,0,5,82629418,2968566006,13442795,1,135161954,1244917901,2611033,1424368275,1963128373,133405695,235737646,66596263,203793758,4293168,33121127,488331064,337855773,0,0,0,0,5eb7747ecbde451de49ea2bb0b40c31b43aa1915d4f074ed405d0301b7d991a6
10512,101,9445364200,9433778870,11130197,40,364449,90594,50,2044670822,368947,85453416,200813954,469282621,414361472,148368697,597625429,128380166,217753601,4213524328,16069497,6,2,4,0,0,4460,1196,58,0,0,0,0,5,82614007,2968574746,13462055,1,135139594,1244949582,2607442,1537492802,1966928579,133863848,194747902,65402185,203782427,4300939,33132777,295218549,293398913,0,0,0,0,5eb7747ecbde451de49ea2bb0b40c31b43aa1915d4f074ed405d0301b7d991a6
10512,102,9445367790,9433779310,11129037,40,367379,91964,60,2044483822,422211,85420901,184052091,486041474,414372275,148334814,597656148,128170217,217812734,4213459164,16038548,6,2,4,0,0,4460,1196,58,0,0,0,0,5,82652570,2968528613,13443076,1,135160164,1244930551,2595472,1425858037,1968992505,125005462,242301223,64891148,203796488,4287988,33127097,480885579,350306457,0,0,0,0,5eb7747ecbde451de49ea2bb0b40c31b43aa1915d4f074ed405d0301b7d991a6
10512,103,9445364290,9433778210,11130457,50,365979,89544,50,2044291495,396202,85412091,184877124,485216011,414299500,148441880,597606657,128026480,217761170,4213497548,16081308,6,2,4,0,0,4460,1196,58,0,0,0,0,5,82624257,2968554056,13477575,1,135136913,1244943492,2603733,1434878928,1960778789,122268983,242768694,62980844,203781787,4301629,33135598,492296032,352637848,0,0,0,0,5eb7747ecbde451de49ea2bb0b40c31b43aa1915d4f074ed405d0301b7d991a6
10512,104,9445365930,9433780400,11126497,40,367919,91024,50,2042097912,394191,85505855,182434323,487599060,415148985,147567454,597639949,125789957,217788054,4213310636,16204595,6,2,4,0,0,4460,1196,58,0,0,0,0,5,82622280,2968404806,13583022,1,135165774,1244905830,2621573,1396498098,1964749850,126422975,262860715,65101285,203811409,4264157,33140528,457675909,377414629,0,0,0,0,5eb7747ecbde451de49ea2bb0b40c31b43aa1915d4f074ed405d0301b7d991a6
10512,105,9445363200,9433774780,11136017,60,361659,90614,70,2041752407,402301,85439952,182011180,488066646,414847938,147889502,597591925,125478229,217732302,4213368509,16244348,6,2,4,0,0,4460,1196,58,0,0,0,0,5,82588928,2968437678,13618805,1,135143374,1244930831,2625543,1398021279,1965785912,131097486,259822108,64628142,203781827,4291999,33140008,440741158,374468987,0,0,0,0,5eb7747ecbde451de49ea2bb0b40c31b43aa1915d4f074ed405d0301b7d991a6
10512,106,9445364610,9433777950,11129757,40,366909,89824,130,2042026368,369199,85532226,181801777,488247286,414750983,147959617,597635288,125704880,217785952,4213318808,16183135,6,2,4,0,0,4460,1196,58,0,0,0,0,5,82619887,2968419149,13564432,1,135166065,1244899659,2618703,1408475050,1968360919,125371696,253971670,65219512,203804889,4273227,33128997,450358199,368910138,0,0,0,0,5eb7747ecbde451de49ea2bb0b40c31b43aa1915d4f074ed405d0301b7d991a6
10512,107,9445363360,9433778970,11131997,60,361939,90324,70,2042163694,400120,85447262,182169328,487903117,415123601,147605717,597598846,125899744,217730140,4213338209,16244248,6,2,4,0,0,4460,1196,58,0,0,0,0,5,82590866,2968410628,13619935,1,135139274,1244927581,2624313,1417484912,1968455457,125002275,249045604,64230688,203782817,4288029,33144888,408565404,357467559,0,0,0,0,5eb7747ecbde451de49ea2bb0b40c31b43aa1915d4f074ed405d0301b7d991a6
10512,108,9445364450,9433778610,11128777,200,366959,89854,50,2041510811,389440,85505204,181422061,488619133,414757343,147966927,597616719,125210653,217791342,4213286036,16225458,6,2,4,0,0,4460,1196,58,0,0,0,0,5,82627978,2968397677,13587643,1,135163364,1244888359,2637815,1423382905,1969936119,127727959,241405062,67405280,203796418,4294239,33124576,426342750,358854872,0,0,0,0,5eb7747ecbde451de49ea2bb0b40c31b43aa1915d4f074ed405d0301b7d991a6
10512,109,9445363540,9433778520,11130907,50,363399,90614,50,2042373426,415020,85449653,182406328,487659166,415088823,147650297,597599836,126090762,217751671,4213123339,16472487,6,2,4,0,0,4460,1196,58,0,0,0,0,5,82613137,2968235240,13797901,1,135138534,1244888099,2674586,1404795277,1968087877,124595421,264588279,66692132,203781427,4305759,33124797,415993543,348105755,0,0,0,0,5eb7747ecbde451de49ea2bb0b40c31b43aa1915d4f074ed405d0301b7d991a6
10512,110,9445365590,9433778130,11128937,60,367589,90714,160,2041607128,421654,85480911,181065013,488980865,414829635,147881191,597632479,125291039,217794033,4213358171,16153444,6,2,4,0,0,4460,1196,58,0,0,0,0,5,82615808,2968425529,13559432,1,135178225,1244932642,2594012,1414617496,1965065870,128054557,247675663,67174513,203796038,4274548,33139007,419183550,378969717,0,0,0,0,5eb7747ecbde451de49ea2bb0b40c31b43aa1915d4f074ed405d0301b7d991a6
10512,111,9445364180,9433778000,11131307,60,365859,88904,50,2041773798,434311,85415732,183092182,486990693,415121392,147615577,597579126,125506012,217745201,4213319717,16273169,6,2,4,0,0,4460,1196,58,0,0,0,0,5,82601957,2968385756,13648645,1,135143244,1244933961,2624524,1374863257,1967057886,123290727,278922894,66457450,203782877,4289969,33136357,387618894,408950718,0,0,0,0,5eb7747ecbde451de49ea2bb0b40c31b43aa1915d4f074ed405d0301b7d991a6
10512,112,9445365340,9433770470,11137397,40,367399,89894,140,2044010720,383284,85483200,184062654,486024436,414314548,148389447,597657498,127676092,217809294,4213506457,16000776,6,2,4,0,0,4460,1196,58,0,0,0,0,5,82640718,2968570606,13415715,1,135168576,1244935851,2585061,1388560706,1969977367,131247844,262229198,65778436,203806649,4275857,33132808,364609543,396731738,0,0,0,0,5eb7747ecbde451de49ea2bb0b40c31b43aa1915d4f074ed405d0301b7d991a6
10512,113,9445364140,9433771760,11136547,50,365099,90624,60,2044835131,418852,85363917,184070936,486039712,414838468,147893652,597622965,128569941,217756900,4213530089,16022444,6,2,4,0,0,4460,1196,58,0,0,0,0,5,82618057,2968595788,13412801,1,135138843,1244934301,2609643,1422789548,1966728528,125355203,251305810,68595106,203780557,4297949,33140388,443018795,360745584,0,0,0,0,5eb7747ecbde451de49ea2bb0b40c31b43aa1915d4f074ed405d0301b7d991a6
10512,114,9445365110,9433769120,11139177,50,367359,89344,60,2044052701,392852,85466893,184724168,485371748,413924149,148781238,597637148,127735677,217789073,4213400310,16114722,6,2,4,0,0,4460,1196,58,0,0,0,0,5,82610578,2968469749,13520750,1,135178495,1244930561,2593972,1434818620,1962241167,125970083,241472424,61731267,203799838,4274868,33141658,457028427,379227426,0,0,0,0,5eb7747ecbde451de49ea2bb0b40c31b43aa1915d4f074ed405d0301b7d991a6
10512,115,9445363550,9433771430,11136687,50,364989,90344,50,2044953829,412222,85411260,185554590,484551428,414907040,147837561,597594515,128668583,217749320,4213545310,16003433,6,2,4,0,0,4460,1196,58,0,0,0,0,5,82610617,2968610699,13397060,1,135138703,1244934611,2606373,1417049788,1966410071,129334393,245755143,72490818,203780757,4294709,33137877,445369571,365076821,0,0,0,0,5eb7747ecbde451de49ea2bb0b40c31b43aa1915d4f074ed405d0301b7d991a6
10512,116,9445365190,9433771290,11136917,40,366249,90634,60,2044120827,414613,85437893,184532498,485559808,413850676,148873253,597632857,127798069,217800012,4213391182,16123723,6,2,4,0,0,4460,1196,58,0,0,0,0,5,82621737,2968454600,13533061,1,135178275,1244936582,2590662,1427097932,1960370987,132464209,245144544,64141089,203793558,4296589,33117506,519120456,380320468,0,0,0,0,5eb7747ecbde451de49ea2bb0b40c31b43aa1915d4f074ed405d0301b7d991a6
10512,117,9445364100,9433770220,11138527,40,364549,90714,50,2043855025,410042,85401320,183485825,486619683,414061317,148666821,597625898,127568937,217732260,4213481086,16090969,6,2,4,0,0,4460,1196,58,0,0,0,0,5,82592406,2968540414,13488247,1,135139854,1244940672,2602722,1434917692,1963645543,125680054,238759431,68582116,203779707,4299619,33140468,538285002,353106090,0,0,0,0,5eb7747ecbde451de49ea2bb0b40c31b43aa1915d4f074ed405d0301b7d991a6
10512,118,9445365920,9433771670,11136117,40,367309,90714,70,2044119325,412172,85441331,183618762,486474464,414462029,148244261,597641386,127804850,217805314,4213523169,15980114,6,2,4,0,0,4460,1196,58,0,0,0,0,5,82642079,2968584997,13391202,1,135163235,1244938172,2588912,1419257312,1967615130,130489456,244523515,63878066,203793898,4282478,33139687,509732424,370604751,0,0,0,0,5eb7747ecbde451de49ea2bb0b40c31b43aa1915d4f074ed405d0301b7d991a6
10512,119,9445363990,9433771460,11136377,50,365149,90884,70,2044224821,394562,85398767,184053985,486060065,413860957,148879674,597597815,127963986,217761001,4213449784,16112430,6,2,4,0,0,4460,1196,58,0,0,0,0,5,82618307,2968494042,13519448,1,135142694,1244955742,2592982,1420972454,1963081852,127288854,249630011,62373884,203784447,4292339,33139898,460152873,374620073,0,0,0,0,5eb7747ecbde451de49ea2bb0b40c31b43aa1915d4f074ed405d0301b7d991a6
10512,120,9445366621,9433755119,11154758,60,364989,91644,51,2042160257,395102,85492703,181088252,488970024,415035597,147682010,597649989,125826418,217784921,4213362602,16150452,6,2,4,0,0,4460,1196,58,0,0,0,0,5,82627427,2968449861,13539070,1,135157494,1244912741,2611382,1386430653,1961689202,133378748,266143701,63321427,203803559,4272297,33138297,459538638,398541792,0,0,0,0,5eb7747ecbde451de49ea2bb0b40c31b43aa1915d4f074ed405d0301b7d991a6
10512,121,9445364340,9433755809,11152898,60,364689,90814,70,2042192496,399192,85411007,182301707,487797751,414670739,148062401,597603236,125925703,217743199,4213420233,16170463,6,2,4,0,0,4460,1196,58,0,0,0,0,5,82605496,2968484982,13545029,1,135137703,1244935251,2625434,1378492144,1966429249,129793034,273187166,67444246,203788278,4287708,33137607,448126588,398072650,0,0,0,0,5eb7747ecbde451de49ea2bb0b40c31b43aa1915d4f074ed405d0301b7d991a6
10512,122,9445365210,9433756409,11150878,40,367469,90024,390,2041914752,373780,85509545,181111894,488948949,414812279,147896959,597633949,125601437,217791372,4213402552,16095581,6,2,4,0,0,4460,1196,58,0,0,0,0,5,82634608,2968487071,13488808,1,135156764,1244915481,2606773,1385627785,1967872131,130331569,268054987,66648789,203796708,4278648,33136907,465633916,414588566,0,0,0,0,5eb7747ecbde451de49ea2bb0b40c31b43aa1915d4f074ed405d0301b7d991a6
10512,123,9445363730,9433757279,11150528,40,365569,90264,50,2042039440,432483,85400111,182422989,487680568,414505389,148237551,597585924,125758855,217742251,4213395801,16167243,6,2,4,0,0,4460,1196,58,0,0,0,0,5,82605597,2968467860,13554250,1,135136654,1244927941,2612993,1395668541,1968900231,129508228,260395654,66593439,203788358,4286628,33143088,435729044,395934977,0,0,0,0,5eb7747ecbde451de49ea2bb0b40c31b43aa1915d4f074ed405d0301b7d991a6
10512,124,9445365060,9433756399,11151678,40,366619,90244,80,2042600338,446672,85468442,182069425,487967779,414450399,148276901,597622477,126276262,217774021,4213280266,16242808,6,2,4,0,0,4460,1196,58,0,0,0,0,5,82614407,2968382826,13612275,1,135159614,1244897440,2630533,1392750525,1967435993,128232901,265055577,67438433,203800378,4283629,33122266,457475998,402369158,0,0,0,0,5eb7747ecbde451de49ea2bb0b40c31b43aa1915d4f074ed405d0301b7d991a6
10512,125,9445364960,9433755139,11154118,40,364139,91394,130,2042466823,431263,85425698,182836545,487244083,415126944,147610807,597603886,126172966,217741599,4213326307,16255949,6,2,4,0,0,4460,1196,58,0,0,0,0,5,82608606,2968424068,13605263,1,135132993,1244902239,2650686,1371328843,1964673243,124377822,290045334,67714149,203788628,4286968,33132927,407668205,389878776,0,0,0,0,5eb7747ecbde451de49ea2bb0b40c31b43aa1915d4f074ed405d0301b7d991a6
10512,126,9445365050,9433758249,11149008,40,367489,90214,50,2042189759,404763,85492372,182970089,487092837,414635639,148077771,597624297,125868069,217784511,4213192123,16317022,6,2,4,0,0,4460,1196,58,0,0,0,0,5,82627137,2968310884,13670657,1,135157374,1244881239,2646365,1399877849,1966132857,130863783,259079766,64069282,203796618,4277818,33134057,411820305,399226652,0,0,0,0,5eb7747ecbde451de49ea2bb0b40c31b43aa1915d4f074ed405d0301b7d991a6
10512,127,9445362580,9433753339,11152358,140,365679,91014,50,2042255301,419002,85381618,182361187,487739270,414732332,148020118,597577165,126006536,217754220,4213300927,16268978,6,2,4,0,0,4460,1196,58,0,0,0,0,5,82598966,2968367506,13650775,1,135155254,1244933421,2618203,1360443294,1967714662,132611065,281792693,64631760,203788718,4287218,33138928,418622151,437963843,0,0,0,0,5eb7747ecbde451de49ea2bb0b40c31b43aa1915d4f074ed405d0301b7d991a6
10513,0,8783713403,8772184137,11014830,60,420941,93355,80,2006616095,355509,93834316,189943351,473931890,400837781,158427733,554336936,134922649,207975598,3710905832,15921499,6,3,4,0,1,4555,1232,61,0,0,0,0,5,75051589,2668109501,13281255,1,132924009,1042796331,2640244,1295856384,1792422802,129419156,161114463,55952491,201501139,4501079,33114246,289248529,329755866,0,0,0,0,5eb7747ecbde451de49ea2bb0b40c31b43aa1915d4f074ed405d0301b7d991a6
10513,1,8783713543,8772187917,11011830,40,418821,94885,50,2005443030,375281,93724689,187531660,476393346,400304984,159033153,554053412,134004862,208041003,3710811485,15973115,6,3,4,0,1,4555,1232,61,0,0,0,0,5,75075072,2668075698,13296638,1,132965931,1042735787,2676477,1275707989,1794030508,126935980,178971517,62025173,201468186,4538841,33121527,261216802,310628524,0,0,0,0,5eb7747ecbde451de49ea2bb0b40c31b43aa1915d4f074ed405d0301b7d991a6
10513,2,8783711583,8772083692,11113865,50,419642,94294,40,2006172043,322484,93868320,186547429,477330073,400408446,158863857,554331937,134480417,207941969,3710861818,15983652,6,3,4,0,1,4555,1232,61,0,0,0,0,5,75016010,2668079848,13331377,1,132925959,1042781970,2652275,1295236595,1795517081,127123279,158943623,57463603,201524270,4480948,33109766,246726674,314993239,0,0,0,0,5eb7747ecbde451de49ea2bb0b40c31b43aa1915d4f074ed405d0301b7d991a6
10513,3,8783709822,8772098432,11097334,50,419222,94734,50,2006196345,365728,93724639,188499750,475444466,400535706,158803643,554048392,134750901,208011023,3710824906,15966701,6,3,4,0,1,4555,1232,61,0,0,0,0,5,75052182,2668074518,13302875,1,132958841,1042750388,2663826,1263896441,1798769039,121842386,184593972,66107632,201470167,4539281,33128077,269234913,298255538,0,0,0,0,5eb7747ecbde451de49ea2bb0b40c31b43aa1915d4f074ed405d0301b7d991a6
10513,4,8783715003,8772108603,11087594,640,423971,94145,50,2006166363,375739,93768535,186616261,477290962,400033897,159273618,554313256,134458604,207949538,3710873849,15956683,6,3,4,0,1,4555,1232,61,0,0,0,0,5,75028519,2668067288,13324439,1,132921019,1042806561,2632244,1276123840,1793383204,120161408,179506788,61068271,201490377,4513820,33121437,228581420,290657392,0,0,0,0,5eb7747ecbde451de49ea2bb0b40c31b43aa1915d4f074ed405d0301b7d991a6
10513,5,8783713423,8772189047,11010280,40,419231,94785,40,2006210634,350177,93777564,187540068,476391406,400873301,158405464,554116944,134735550,208046453,3710960264,15836456,6,3,4,0,1,4555,1232,61,0,0,0,0,5,75076882,2668118061,13268165,1,132969571,1042842203,2568291,1272310325,1797173217,119349600,181280381,65827586,201469236,4535461,33133887,298006220,300720276,0,0,0,0,5eb7747ecbde451de49ea2bb0b40c31b43aa1915d4f074ed405d0301b7d991a6
10513,6,8783714713,8772095432,11102435,1540,421102,94144,60,2005797538,382701,93773141,185627062,478309442,400112543,159186363,554287715,134089217,207961089,3710865396,15963873,6,3,4,0,1,4555,1232,61,0,0,0,0,5,75039020,2668070946,13320408,1,132922069,1042794450,2643465,1264539151,1795947599,126674731,179645021,61548797,201515990,4495128,33114136,226109863,300622152,0,0,0,0,5eb7747ecbde451de49ea2bb0b40c31b43aa1915d4f074ed405d0301b7d991a6
10513,7,8783713383,8772081832,11117655,40,419221,94545,90,2005395393,384059,93703041,187629081,476306763,400394946,158960552,554055070,133944721,208028122,3710818106,15970863,6,3,4,0,1,4555,1232,61,0,0,0,0,5,75061571,2668057967,13324438,1,132966551,1042760139,2646425,1281464816,1794241368,122000786,174394232,61327403,201472677,4529081,33133357,245536456,302371280,0,0,0,0,5eb7747ecbde451de49ea2bb0b40c31b43aa1915d4f074ed405d0301b7d991a6
10513,8,8783710892,8772170395,11021641,50,424821,93905,80,2003085556,320076,93821846,184733196,479158469,401430505,157877170,554273313,131434320,207969509,3710769464,16050427,6,3,4,0,1,4555,1232,61,0,0,0,0,5,75043630,2667951912,13429944,1,132925879,1042817552,2620483,1260461553,1790051612,129698107,188113227,61697297,201514899,4484419,33113236,301924336,330285465,0,0,0,0,5eb7747ecbde451de49ea2bb0b40c31b43aa1915d4f074ed405d0301b7d991a6
10513,9,8783709602,8772081711,11110785,3180,418982,94884,60,2002999974,398490,93769955,185988818,477880720,400968467,158362454,554029559,131580027,208023221,3710646458,16132071,6,3,4,0,1,4555,1232,61,0,0,0,0,5,75052930,2667972333,13402122,1,132970291,1042674125,2729949,1250436094,1795368931,125692485,192610491,63309231,201471526,4537281,33116297,305077005,327698387,0,0,0,0,5eb7747ecbde451de49ea2bb0b40c31b43aa1915d4f074ed405d0301b7d991a6
10513,10,8783711003,8772172946,11023101,40,420742,94124,50,2003167462,324918,93858717,185609382,478264521,401608957,157666356,554299167,131495052,207966410,3710806985,16023526,6,3,4,0,1,4555,1232,61,0,0,0,0,5,75041541,2667987723,13408093,1,132924869,1042819262,2615433,1244553893,1796222864,127896317,196321964,63543610,201523530,4474848,33123587,265280077,331619256,0,0,0,0,5eb7747ecbde451de49ea2bb0b40c31b43aa1915d4f074ed405d0301b7d991a6
10513,11,8783709733,8772163356,11032491,40,419142,94624,80,2003061355,364408,93755712,184656693,479240369,401521695,157803442,554063792,131633433,208038291,3710718932,16058868,6,3,4,0,1,4555,1232,61,0,0,0,0,5,75069570,2667939612,13433954,1,132968721,1042779320,2624914,1243793565,1797688560,126651234,194178719,59439326,201472627,4532991,33111396,274550130,339271269,0,0,0,0,5eb7747ecbde451de49ea2bb0b40c31b43aa1915d4f074ed405d0301b7d991a6
10513,12,8783710893,8772083332,11108565,40,426032,92874,50,2003497279,377578,93777815,184953567,478950007,401087260,158223257,554274863,131835009,207942599,3710671798,16163934,6,3,4,0,1,4555,1232,61,0,0,0,0,5,75017570,2667946061,13450115,1,132925029,1042725737,2713819,1349759006,1795873141,119818898,102569116,63122800,201500598,4498709,33137597,252453233,334375679,0,0,0,0,5eb7747ecbde451de49ea2bb0b40c31b43aa1915d4f074ed405d0301b7d991a6
10513,13,8783709703,8772085302,11106765,40,422802,94754,40,2003313866,342558,93727824,186038892,477908661,401587358,157740701,554058949,131890227,208022080,3710561215,16242786,6,3,4,0,1,4555,1232,61,0,0,0,0,5,75060729,2667897321,13492636,1,132961351,1042663894,2750150,1239672516,1796654828,122430478,202064921,62901790,201472137,4535371,33124337,264125883,327904870,0,0,0,0,5eb7747ecbde451de49ea2bb0b40c31b43aa1915d4f074ed405d0301b7d991a6
10513,14,8783711542,8772092011,11103815,260,420932,94464,60,2003398164,382211,93766314,184707824,479196618,401794068,157501908,554282254,131739207,207960078,3710595984,16215935,6,3,4,0,1,4555,1232,61,0,0,0,0,5,75034189,2667890918,13481026,1,132925889,1042705066,2734909,1243295440,1798518883,129927192,192843345,63124661,201516768,4483589,33124777,240165314,335132565,0,0,0,0,5eb7747ecbde451de49ea2bb0b40c31b43aa1915d4f074ed405d0301b7d991a6
10513,15,8783709932,8772174276,11021840,40,418971,94755,50,2003143809,387429,93764544,185070352,478811560,401686281,157633813,554074054,131696766,208053073,3710737152,16037837,6,3,4,0,1,4555,1232,61,0,0,0,0,5,75086312,2667967013,13399582,1,132966761,1042770139,2638255,1225745287,1800345009,124178161,206832839,64892745,201470816,4526921,33122857,258461093,355798356,0,0,0,0,5eb7747ecbde451de49ea2bb0b40c31b43aa1915d4f074ed405d0301b7d991a6
10513,16,8783712682,8772137254,11060672,50,420362,94284,60,2005502950,364809,93767454,186389048,477550878,400203555,159059177,554349586,133792221,208008550,3710866770,15929231,6,3,4,0,1,4555,1232,61,0,0,0,0,5,75075271,2668037608,13319598,1,132933279,1042829162,2609633,1274724935,1799426730,123165470,174993446,59964558,201489527,4512870,33116996,329249299,317590903,0,0,0,0,5eb7747ecbde451de49ea2bb0b40c31b43aa1915d4f074ed405d0301b7d991a6
10513,17,8783712853,8772079701,11119426,40,418912,94724,50,2006004256,410230,93714220,188412724,475524251,400652848,158641889,554086502,134546491,208054573,3710754503,16029777,6,3,4,0,1,4555,1232,61,0,0,0,0,5,75087552,2668015355,13344750,1,132967021,1042739148,2685027,1277900803,1794917040,120928543,180146173,57517599,201471607,4528641,33118986,337375111,287341362,0,0,0,0,5eb7747ecbde451de49ea2bb0b40c31b43aa1915d4f074ed405d0301b7d991a6
10513,18,8783713833,8772068391,11130966,50,420072,94234,120,2005814945,364558,93764863,186900567,477056221,400522600,158736032,554353098,134096774,207969119,3710785234,16050677,6,3,4,0,1,4555,1232,61,0,0,0,0,5,75036450,2668073358,13325528,1,132932669,1042711876,2725149,1293695835,1793481220,126663518,164578820,60036309,201508218,4501919,33111906,276401975,281074080,0,0,0,0,5eb7747ecbde451de49ea2bb0b40c31b43aa1915d4f074ed405d0301b7d991a6
10513,19,8783711143,8772129734,11068403,190,418072,94694,50,2005691071,409882,93703060,188620802,475313192,400700022,158600865,554099852,134225385,208068405,3710745542,16049386,6,3,4,0,1,4555,1232,61,0,0,0,0,5,75101823,2668072278,13296286,1,132966582,1042673264,2753100,1264946604,1800287540,132265817,180095876,61692047,201471937,4532521,33117627,353214038,283554979,0,0,0,0,5eb7747ecbde451de49ea2bb0b40c31b43aa1915d4f074ed405d0301b7d991a6
10513,20,8783714323,8772090872,11104425,60,425941,92965,60,2005448289,401480,93748805,187206788,476731777,400564061,158712561,554356277,133707798,207970829,3710837178,15997823,6,3,4,0,1,4555,1232,61,0,0,0,0,5,75034269,2668081959,13315377,1,132936560,1042755219,2682446,1276390987,1799560131,130685548,167514333,60506664,201488578,4511770,33118926,312426061,271402159,0,0,0,0,5eb7747ecbde451de49ea2bb0b40c31b43aa1915d4f074ed405d0301b7d991a6
10513,21,8783712553,8772137684,11061923,40,418232,94614,60,2005852088,356709,93749842,188376593,475567963,400584744,158695409,554109494,134392294,208073844,3710890360,15904859,6,3,4,0,1,4555,1232,61,0,0,0,0,5,75110773,2668062658,13306197,1,132963071,1042827702,2598662,1296371891,1791536322,113662655,167011397,63145556,201472296,4527721,33123226,324953932,282263744,0,0,0,0,5eb7747ecbde451de49ea2bb0b40c31b43aa1915d4f074ed405d0301b7d991a6
10513,22,8783714773,8772063881,11131676,40,424992,94134,50,2005662858,386490,93789374,187416573,476522773,399713392,159526269,554362348,133928758,207972138,3710770183,16063858,6,3,4,0,1,4555,1232,61,0,0,0,0,5,75041359,2668052406,13339650,1,132930779,1042717777,2724208,1279282920,1792123523,115402662,182507637,61835067,201510579,4502779,33110976,332422023,286456223,0,0,0,0,5eb7747ecbde451de49ea2bb0b40c31b43aa1915d4f074ed405d0301b7d991a6
10513,23,8783712733,8772131024,11067823,50,419522,94164,150,2005875873,375747,93745985,187785131,476142723,400664471,158666586,554064652,134414202,208085284,3710916063,15872327,6,3,4,0,1,4555,1232,61,0,0,0,0,5,75117493,2668089870,13279925,1,132967791,1042826193,2592402,1277873212,1794023920,121424176,176126650,65037721,201472487,4533921,33106476,295596914,286665710,0,0,0,0,5eb7747ecbde451de49ea2bb0b40c31b43aa1915d4f074ed405d0301b7d991a6
10513,24,8783716574,8772081062,11119735,50,419982,95694,51,2003049164,355228,93759113,184997702,478950884,400048419,159220936,554322505,131364916,207966528,3710694770,16126402,6,3,4,0,1,4555,1232,61,0,0,0,0,5,75032889,2667935491,13444675,1,132933639,1042759279,2681727,1255906849,1795431760,125867588,186031178,63598454,201493698,4506770,33122777,288772110,311416205,0,0,0,0,5eb7747ecbde451de49ea2bb0b40c31b43aa1915d4f074ed405d0301b7d991a6
10513,25,8783712363,8772081121,11118166,50,418211,94775,40,2002718720,369381,93713118,185938599,478016029,400384456,158914690,554059033,131293133,208050962,3710637308,16148942,6,3,4,0,1,4555,1232,61,0,0,0,0,5,75084521,2667909300,13459616,1,132966441,1042728008,2689326,1248793745,1797658821,124280846,194762668,62286386,201475606,4525951,33116086,303372400,312804173,0,0,0,0,5eb7747ecbde451de49ea2bb0b40c31b43aa1915d4f074ed405d0301b7d991a6
10513,26,8783716193,8772073061,11126276,40,421972,94774,70,2003183572,327780,93793562,186001331,477944735,400315431,158954222,554324169,131496191,207961667,3710689849,16145384,6,3,4,0,1,4555,1232,61,0,0,0,0,5,75025608,2667937451,13457336,1,132936059,1042752398,2688048,1265979303,1795674065,120771770,187312770,60584971,201501159,4502409,33116946,290345969,310161086,0,0,0,0,5eb7747ecbde451de49ea2bb0b40c31b43aa1915d4f074ed405d0301b7d991a6
10513,27,8783713703,8772137854,11062343,60,418641,94755,50,2002983773,366559,93718409,184961500,478993398,400650299,158641516,554091103,131534048,208089374,3710697670,16072039,6,3,4,0,1,4555,1232,61,0,0,0,0,5,75116062,2667894519,13461356,1,132973312,1042803151,2610683,1262784310,1800690042,124374279,181253548,62590603,201475617,4525280,33112636,314077178,301479461,0,0,0,0,5eb7747ecbde451de49ea2bb0b40c31b43aa1915d4f074ed405d0301b7d991a6
10513,28,8783716333,8772131484,11065133,50,425752,93874,40,2003193171,372202,93758211,183964388,479990719,401199469,158059574,554303455,131516837,207977190,3710776336,16067767,6,3,4,0,1,4555,1232,61,0,0,0,0,5,75041051,2667947023,13454205,1,132936139,1042829313,2613562,1264135588,1798002787,125830207,180128272,62475355,201485858,4514030,33122117,293744967,283522266,0,0,0,0,5eb7747ecbde451de49ea2bb0b40c31b43aa1915d4f074ed405d0301b7d991a6
10513,29,8783712443,8772133824,11060723,750,422952,94144,50,2003179433,362990,93718260,184096732,479853603,401132194,158143530,554111104,131733467,208069052,3710586727,16209114,6,3,4,0,1,4555,1232,61,0,0,0,0,5,75104011,2667887551,13484205,1,132965041,1042699176,2724909,1302901655,1796575605,116664366,158273086,63034513,201476497,4524321,33123447,286386130,294747801,0,0,0,0,5eb7747ecbde451de49ea2bb0b40c31b43aa1915d4f074ed405d0301b7d991a6
10513,30,8783715033,8772079852,11115775,40,425361,93945,60,2003330032,380832,93749940,185716418,478222269,400768006,158505738,554321776,131636301,207981102,3710756652,16070500,6,3,4,0,1,4555,1232,61,0,0,0,0,5,75044702,2668009864,13378913,1,132936400,1042746788,2691587,1259851752,1796617470,123631129,186277664,65195251,201508469,4496349,33113286,292975049,291824144,0,0,0,0,5eb7747ecbde451de49ea2bb0b40c31b43aa1915d4f074ed405d0301b7d991a6
10513,31,8783712673,8772136774,11057833,40,423832,94044,150,2002994803,345199,93747422,186222903,477733024,400989055,158313130,554080522,131539837,208069304,3710622017,16188803,6,3,4,0,1,4555,1232,61,0,0,0,0,5,75103202,2667895120,13492396,1,132966102,1042726897,2696407,1240117866,1793158060,131663514,194064448,60996137,201476188,4525820,33117446,196288368,343121474,0,0,0,0,5eb7747ecbde451de49ea2bb0b40c31b43aa1915d4f074ed405d0301b7d991a6
10513,32,8783712133,8772099072,11097745,40,421741,93485,50,2005352829,315896,93776544,186493406,477477670,399896334,159349169,554326425,133698945,207962366,3710908541,15935201,6,3,4,0,1,4555,1232,61,0,0,0,0,5,75036997,2668118361,13285316,1,132925369,1042790180,2649885,1275054742,1797509115,123427366,174546586,62166385,201501379,4498339,33111936,319164473,316988511,0,0,0,0,5eb7747ecbde451de49ea2bb0b40c31b43aa1915d4f074ed405d0301b7d991a6
10513,33,8783714133,8772206368,10992819,40,419961,94885,60,2005545152,306436,93719220,189094430,474861014,400087562,159223425,554068033,134169079,208038922,3710885650,15902870,6,3,4,0,1,4555,1232,61,0,0,0,0,5,75078301,2668036017,13332059,1,132960621,1042849633,2570811,1268501384,1796752045,121279897,179891809,65122572,201466027,4532551,33121356,342558050,287629753,0,0,0,0,5eb7747ecbde451de49ea2bb0b40c31b43aa1915d4f074ed405d0301b7d991a6
10513,34,8783714623,8772124624,11074773,40,420811,94325,50,2006567232,286062,93781997,188125299,475856716,399813978,159426824,554335630,134918216,207948538,3710810815,16032636,6,3,4,0,1,4555,1232,61,0,0,0,0,5,75025419,2668034275,13371141,1,132923119,1042776540,2661495,1282410762,1795565921,127063187,169846985,59698487,201516859,4483178,33116186,345417813,279930265,0,0,0,0,5eb7747ecbde451de49ea2bb0b40c31b43aa1915d4f074ed405d0301b7d991a6
10513,35,8783713133,8772208728,10988519,50,421012,94764,60,2006254908,300265,93731809,188433408,475524379,399884882,159397305,554099782,134866738,208064732,3710835528,15937382,6,3,4,0,1,4555,1232,61,0,0,0,0,5,75111302,2667998975,13349720,1,132953430,1042836553,2587662,1289738232,1796565218,119777556,170588305,67671161,201466057,4535281,33117796,342310845,275963035,0,0,0,0,5eb7747ecbde451de49ea2bb0b40c31b43aa1915d4f074ed405d0301b7d991a6
10513,36,8783713263,8772204718,10990119,50,424392,93934,50,2005689068,313044,93742484,187792722,476177245,399819155,159439538,554339297,134043813,207981179,3710758595,16066928,6,3,4,0,1,4555,1232,61,0,0,0,0,5,75057430,2668024167,13359781,1,132923749,1042734428,2707147,1315725486,1800115988,131466269,166817131,61739892,201481157,4517580,33117326,337155614,278125403,0,0,0,0,5eb7747ecbde451de49ea2bb0b40c31b43aa1915d4f074ed405d0301b7d991a6
10513,37,8783712763,8772203778,10994759,140,419302,94734,50,2006091549,347447,93740252,188375222,475573173,399989877,159286928,554107973,134640914,208038122,3710836447,15951992,6,3,4,0,1,4555,1232,61,0,0,0,0,5,75077671,2668067488,13300447,1,132960451,1042768959,2651545,1260022728,1797685416,131581503,176931771,58728095,201465837,4538561,33117176,346849359,282566585,0,0,0,0,5eb7747ecbde451de49ea2bb0b40c31b43aa1915d4f074ed405d0301b7d991a6
10513,38,8783715833,8772166326,11030391,50,423412,95594,60,2005841126,290213,93772363,187665497,476304644,399785401,159482071,554293394,134225233,207970009,3710777094,16043988,6,3,4,0,1,4555,1232,61,0,0,0,0,5,75044940,2668002705,13380032,1,132925069,1042774389,2663956,1287479041,1798178211,118305278,170871229,64060637,201509558,4491049,33119186,319134060,285036656,0,0,0,0,5eb7747ecbde451de49ea2bb0b40c31b43aa1915d4f074ed405d0301b7d991a6
10513,39,8783711953,8772160175,11034012,50,424232,93444,40,2006287970,334576,93718072,189640184,474314580,399767695,159541053,554085221,134869098,208059313,3710688179,16092788,6,3,4,0,1,4555,1232,61,0,0,0,0,5,75099592,2667974763,13385590,1,132959721,1042713416,2707198,1295862884,1793136339,122944429,165632700,64037751,201467247,4532881,33123137,351289607,272556738,0,0,0,0,5eb7747ecbde451de49ea2bb0b40c31b43aa1915d4f074ed405d0301b7d991a6
10513,40,8783709513,8772206008,10985759,40,423491,94175,40,2003261417,263035,93814754,184824500,479116475,401032649,158231135,554294515,131645490,207969077,3710746143,16075288,6,3,4,0,1,4555,1232,61,0,0,0,0,5,75044728,2667903900,13479476,1,132924349,1042842243,2595812,1274564387,1796583920,122769253,179302748,64250452,201496979,4502609,33118026,318495884,296024219,0,0,0,0,5eb7747ecbde451de49ea2bb0b40c31b43aa1915d4f074ed405d0301b7d991a6
10513,41,8783708193,8772124834,11066583,40,421861,94815,60,2003471086,290296,93770095,186685633,477243379,401134285,158188443,554021330,132118365,208056432,3710613956,16151873,6,3,4,0,1,4555,1232,61,0,0,0,0,5,75090761,2667896770,13455765,1,132965671,1042717186,2696108,1266281854,1796381496,121223042,187237247,62953073,201472247,4526461,33115666,330682739,298513250,0,0,0,0,5eb7747ecbde451de49ea2bb0b40c31b43aa1915d4f074ed405d0301b7d991a6
10513,42,8783709462,8772205387,10985339,340,424212,94124,60,2002776900,253174,93839989,183495312,480456645,401300069,157946432,554315137,131113111,207993452,3710720300,16085090,6,3,4,0,1,4555,1232,61,0,0,0,0,5,75069223,2667889868,13478807,1,132924229,1042830432,2606283,1263269654,1794628613,132124587,181522098,61727053,201510839,4489819,33121017,320329304,300831791,0,0,0,0,5eb7747ecbde451de49ea2bb0b40c31b43aa1915d4f074ed405d0301b7d991a6
10513,43,8783708272,8772167385,11024151,110,422101,94395,130,2003019614,292744,93778445,184627410,479297945,401168073,158133132,554087272,131605602,208038652,3710730572,16056878,6,3,4,0,1,4555,1232,61,0,0,0,0,5,75076751,2668008885,13361891,1,132961901,1042721687,2694987,1273648938,1798062079,118380688,183619206,68483894,201473747,4526691,33112106,296371280,298194433,0,0,0,0,5eb7747ecbde451de49ea2bb0b40c31b43aa1915d4f074ed405d0301b7d991a6
10513,44,8783709393,8772153015,11036932,40,426271,93055,80,2003171309,312916,93775804,184593328,479356387,401379454,157898449,554295045,131522846,207966978,3710748924,16091908,6,3,4,0,1,4555,1232,61,0,0,0,0,5,75044089,2667995955,13397471,1,132922889,1042752969,2694437,1263583613,1799330600,123698549,184042772,61243857,201487607,4511850,33112076,314667468,304777874,0,0,0,0,5eb7747ecbde451de49ea2bb0b40c31b43aa1915d4f074ed405d0301b7d991a6
10513,45,8783707962,8772207457,10982389,50,423382,94644,40,2003209943,313616,93735323,185893956,478062747,401048391,158254798,554048799,131825303,208053182,3710682301,16118611,6,3,4,0,1,4555,1232,61,0,0,0,0,5,75097432,2667874039,13503008,1,132955750,1042808262,2615603,1268261549,1797818417,119684889,184801415,63905874,201472317,4527361,33119446,320676590,304693933,0,0,0,0,5eb7747ecbde451de49ea2bb0b40c31b43aa1915d4f074ed405d0301b7d991a6
10513,46,8783710933,8772113473,11080124,50,422351,94875,60,2003554590,294553,93779865,186262774,477687384,401090250,158205693,554251462,131956957,207963457,3710657218,16169596,6,3,4,0,1,4555,1232,61,0,0,0,0,5,75039468,2667889799,13498670,1,132923989,1042767419,2670926,1271328464,1795966605,123006525,178735321,65132417,201514310,4485998,33119856,295880502,300191110,0,0,0,0,5eb7747ecbde451de49ea2bb0b40c31b43aa1915d4f074ed405d0301b7d991a6
10513,47,8783708392,8772164995,11027281,40,421331,94665,80,2003761013,288525,93767422,186519989,477435947,401104514,158191432,554073903,132362008,208052062,3710622545,16183456,6,3,4,0,1,4555,1232,61,0,0,0,0,5,75095512,2667880187,13502729,1,132956550,1042742358,2680727,1223479529,1796722633,128766604,211129899,61886531,201471907,4526731,33120086,328797084,352412473,0,0,0,0,5eb7747ecbde451de49ea2bb0b40c31b43aa1915d4f074ed405d0301b7d991a6
10513,48,8783709963,8772088282,11106325,40,421402,93854,60,2005918071,341937,93772493,186969011,476988997,399771283,159481008,554334758,134238684,207990640,3710868468,15946083,6,3,4,0,1,4555,1232,61,0,0,0,0,5,75054520,2668023925,13351841,1,132936120,1042844543,2594242,1252815285,1797043012,123410880,189325161,63129156,201488158,4511170,33119976,362192035,327605197,0,0,0,0,5eb7747ecbde451de49ea2bb0b40c31b43aa1915d4f074ed405d0301b7d991a6
10513,49,8783708093,8772096103,11098414,40,418752,94734,50,2006193317,369181,93735981,188797862,475138503,399803286,159488169,554064843,134780801,208082815,3710671958,16119352,6,3,4,0,1,4555,1232,61,0,0,0,0,5,75111383,2668000664,13369742,1,132971432,1042671294,2749610,1271803698,1795154921,123065099,180169516,67215091,201475808,4529420,33111496,353815780,292326644,0,0,0,0,5eb7747ecbde451de49ea2bb0b40c31b43aa1915d4f074ed405d0301b7d991a6
10513,50,8783709873,8772153626,11039931,50,422951,93255,60,2005621155,298146,93821295,186016632,477942146,399850608,159392503,554345217,133935339,207981199,3710807956,16033547,6,3,4,0,1,4555,1232,61,0,0,0,0,5,75042219,2668064898,13339260,1,132938980,1042743058,2694287,1269748005,1797210503,122354233,186450730,57466331,201498309,4510139,33113106,347030156,288736059,0,0,0,0,5eb7747ecbde451de49ea2bb0b40c31b43aa1915d4f074ed405d0301b7d991a6
10513,51,8783708562,8772156604,11037422,650,419211,94615,60,2006060151,345988,93745972,188848585,475092181,399803495,159477318,554102174,134625636,208087393,3710893661,15903639,6,3,4,0,1,4555,1232,61,0,0,0,0,5,75115542,2668064708,13312107,1,132971851,1042828953,2591532,1074152672,1803073644,115162841,333342155,60115061,201476017,4523191,33115466,359305240,360665297,0,0,0,0,5eb7747ecbde451de49ea2bb0b40c31b43aa1915d4f074ed405d0301b7d991a6
10513,52,8783709743,8772155755,11034142,50,426031,93705,60,2006047379,362348,93744883,187616692,476341845,399560962,159697310,554363379,134340599,207984958,3710758653,16068729,6,3,4,0,1,4555,1232,61,0,0,0,0,5,75051178,2668050997,13334420,1,132933780,1042707656,2734309,1294915692,1793502999,120525640,171654701,58773998,201482857,4515570,33119796,359971150,267246548,0,0,0,0,5eb7747ecbde451de49ea2bb0b40c31b43aa1915d4f074ed405d0301b7d991a6
10513,53,8783708282,8772088841,11102915,60,422531,93875,60,2006039399,327779,93775642,189052709,474893438,399780904,159490669,554100424,134601913,208071964,3710855506,15951824,6,3,4,0,1,4555,1232,61,0,0,0,0,5,75102323,2668163260,13218865,1,132969641,1042692246,2732959,1285768512,1794117081,119722250,175890790,65370502,201475117,4529231,33117906,345003884,266886588,0,0,0,0,5eb7747ecbde451de49ea2bb0b40c31b43aa1915d4f074ed405d0301b7d991a6
10513,54,8783711073,8772090792,11103445,40,421341,95415,40,2006240326,351847,93768674,186881464,477068333,399196896,160076157,554307435,134567081,207978051,3710773572,16065548,6,3,4,0,1,4555,1232,61,0,0,0,0,5,75044931,2668073066,13324179,1,132933120,1042700506,2741369,1281528419,1790703154,124263044,177014060,64862975,201499129,4512119,33108036,337109125,285816357,0,0,0,0,5eb7747ecbde451de49ea2bb0b40c31b43aa1915d4f074ed405d0301b7d991a6
10513,55,8783708653,8772096252,11094695,40,423442,94174,50,2005438528,348798,93783304,189039414,474878020,399599195,159686739,554094753,133985733,208088314,3710841599,15959572,6,3,4,0,1,4555,1232,61,0,0,0,0,5,75115923,2668028017,13353049,1,132972391,1042813582,2606523,1315970771,1789184723,122534057,174525029,65275672,201475257,4528940,33110816,385675696,270404810,0,0,0,0,5eb7747ecbde451de49ea2bb0b40c31b43aa1915d4f074ed405d0301b7d991a6
10513,56,8783710153,8772161906,11032011,50,421662,94484,40,2003314179,356417,93767692,185060416,478896143,401315042,157959771,554295044,131633722,208004850,3710764644,16037516,6,3,4,0,1,4555,1232,61,0,0,0,0,5,75069481,2667940372,13420303,1,132935369,1042824272,2617213,1279935687,1790144223,121082549,180682827,67005042,201489727,4509190,33119066,354112425,295123337,0,0,0,0,5eb7747ecbde451de49ea2bb0b40c31b43aa1915d4f074ed405d0301b7d991a6
10513,57,8783707943,8772094632,11095405,40,423121,94685,60,2002819705,349208,93700269,185719487,478256473,401650961,157627192,554076003,131412338,208070394,3710737643,16041616,6,3,4,0,1,4555,1232,61,0,0,0,0,5,75098253,2668032727,13329197,1,132972141,1042704916,2712419,1281311884,1796340964,119919209,176368110,65247327,201476006,4530961,33110086,345204781,282303235,0,0,0,0,5eb7747ecbde451de49ea2bb0b40c31b43aa1915d4f074ed405d0301b7d991a6
10513,58,8783709592,8772096352,11097414,40,421601,94145,40,2003199114,308195,93812796,185495384,478463843,401095831,158154860,554323328,131514305,207972741,3710655408,16185434,6,3,4,0,1,4555,1232,61,0,0,0,0,5,75038782,2667948672,13455335,1,132933959,1042706736,2730099,1271924941,1792365692,121006926,183993392,62535446,201497608,4510389,33106526,314641281,296392344,0,0,0,0,5eb7747ecbde451de49ea2bb0b40c31b43aa1915d4f074ed405d0301b7d991a6
10513,59,8783709693,8772099313,11094354,40,419851,96075,60,2003093087,311726,93732740,184094395,479876524,401601107,157684008,554089832,131673533,208073734,3710705061,16063079,6,3,4,0,1,4555,1232,61,0,0,0,0,5,75102603,2668000845,13349040,1,132971131,1042704216,2714039,1265974251,1799495010,127115003,179017514,62387066,201475437,4528361,33109836,341177402,290247515,0,0,0,0,5eb7747ecbde451de49ea2bb0b40c31b43aa1915d4f074ed405d0301b7d991a6
10513,60,8783709502,8772096932,11093054,40,425741,93695,40,2002780453,365560,93745230,185246834,478730366,401388932,157865469,554318006,131094525,207967030,3710785734,16075709,6,3,4,0,1,4555,1232,61,0,0,0,0,5,75031601,2667953422,13465396,1,132935429,1042832312,2610313,1271089223,1798389801,125092999,173042689,64696226,201483478,4511259,33124507,314258026,301554502,0,0,0,0,5eb7747ecbde451de49ea2bb0b40c31b43aa1915d4f074ed405d0301b7d991a6
10513,61,8783708143,8772092292,11100065,50,421171,94505,60,2003288807,388812,93729070,186863704,477105345,401498740,157779422,554083474,131812730,208042325,3710617767,16185532,6,3,4,0,1,4555,1232,61,0,0,0,0,5,75071463,2667929892,13453013,1,132970862,1042687875,2732519,1276253618,1794508430,119822216,182363042,65110044,201476748,4523960,33124017,312699225,302657526,0,0,0,0,5eb7747ecbde451de49ea2bb0b40c31b43aa1915d4f074ed405d0301b7d991a6
10513,62,8783709693,8772086482,11103855,40,425701,93555,60,2003088477,336588,93770864,184427398,479535437,401265569,157986894,554316096,131419781,207979071,3710651866,16173584,6,3,4,0,1,4555,1232,61,0,0,0,0,5,75046352,2667911608,13472767,1,132932719,1042740258,2700817,1268799190,1795222010,125477972,181060296,60321251,201501618,4507269,33112096,296586943,299231711,0,0,0,0,5eb7747ecbde451de49ea2bb0b40c31b43aa1915d4f074ed405d0301b7d991a6
10513,63,8783710623,8772092252,11097215,50,424152,96894,60,2003429354,334975,93756764,186875247,477081551,401852807,157453277,554066492,131989700,208049773,3710757654,16056897,6,3,4,0,1,4555,1232,61,0,0,0,0,5,75087592,2667943462,13447054,1,132962181,1042814192,2609843,1240630634,1795865196,123699760,200060169,65110554,201476228,4524910,33116506,338361828,338935514,0,0,0,0,5eb7747ecbde451de49ea2bb0b40c31b43aa1915d4f074ed405d0301b7d991a6
10513,64,8783715423,8772110933,11085324,40,424611,94465,50,2006630628,434343,93756913,186341327,477593500,399826104,159416765,554337677,134913188,208015272,3710925793,15894418,6,3,4,0,1,4555,1232,61,0,0,0,0,5,75053011,2668052758,13335218,1,132962261,1042873035,2559200,1273606773,1798484657,125298077,170591378,63874109,201501499,4502619,33109166,322379509,317224400,0,0,0,0,5eb7747ecbde451de49ea2bb0b40c31b43aa1915d4f074ed405d0301b7d991a6
10513,65,8783712713,8772105713,11089754,150,422282,94764,50,2006236709,451095,93690239,188193104,475747501,399872052,159434694,554061222,134770393,208090604,3710806747,15975903,6,3,4,0,1,4555,1232,61,0,0,0,0,5,75086741,2668073459,13299627,1,133003863,1042733288,2676276,1284836251,1791055760,125039125,171977870,62946400,201461376,4540521,33117196,319799798,297999546,0,0,0,0,5eb7747ecbde451de49ea2bb0b40c31b43aa1915d4f074ed405d0301b7d991a6
10513,66,8783712273,8772105003,11090434,40,421292,95454,50,2006172284,378908,93777995,188468168,475487833,399482576,159764812,554338149,134453343,208023522,3710816245,16014747,6,3,4,0,1,4555,1232,61,0,0,0,0,5,75060871,2668049756,13349031,1,132962651,1042766489,2665716,1267265867,1791085001,122896062,188064664,58969047,201515699,4488159,33110116,278862389,289250069,0,0,0,0,5eb7747ecbde451de49ea2bb0b40c31b43aa1915d4f074ed405d0301b7d991a6
10513,67,8783709693,8772100553,11091884,60,422361,94775,60,2006640930,446132,93712751,189178473,474756392,399685798,159616558,554066032,135160760,208082786,3710899739,15889687,6,3,4,0,1,4555,1232,61,0,0,0,0,5,75084943,2668042476,13336597,1,132997843,1042857263,2553090,1053307784,1801173574,117975716,345518469,57806733,201468377,4535541,33123567,309396308,370133469,0,0,0,0,5eb7747ecbde451de49ea2bb0b40c31b43aa1915d4f074ed405d0301b7d991a6
10513,68,8783714413,8772107443,11087204,40,424962,94714,50,2006708980,456713,93717750,187583681,476348236,399553323,159710780,554337915,134981632,208025111,3710853120,15972253,6,3,4,0,1,4555,1232,61,0,0,0,0,5,75064891,2668076430,13315228,1,132960220,1042776690,2657025,1296852571,1792396070,122350264,168536301,62798445,201490518,4512450,33115256,303810946,268855378,0,0,0,0,5eb7747ecbde451de49ea2bb0b40c31b43aa1915d4f074ed405d0301b7d991a6
10513,69,8783712453,8772107023,11088414,50,422601,94325,40,2006770906,437443,93720039,188401916,475550041,400229510,159034973,554101605,135277947,208075043,3710812116,15996713,6,3,4,0,1,4555,1232,61,0,0,0,0,5,75069770,2668072278,13329157,1,133005273,1042739838,2667556,1288278799,1793399804,133173861,161048269,62200540,201461956,4541181,33126237,309066395,266129109,0,0,0,0,5eb7747ecbde451de49ea2bb0b40c31b43aa1915d4f074ed405d0301b7d991a6
10513,70,8783715243,8772101582,11093605,40,424632,95324,60,2006090320,443392,93736622,187364020,476590729,399701250,159564452,554299095,134370151,208020982,3710839688,15986594,6,3,4,0,1,4555,1232,61,0,0,0,0,5,75061232,2668078329,13314508,1,132959750,1042761359,2672086,1292918427,1792402271,121996544,172655119,67476015,201515480,4495698,33112846,297550678,267421882,0,0,0,0,5eb7747ecbde451de49ea2bb0b40c31b43aa1915d4f074ed405d0301b7d991a6
10513,71,8783712623,8772111783,11084054,40,422622,94064,60,2006391657,468872,93670027,187828965,476123694,399726930,159576434,554077874,134904628,208111777,3710794406,15989923,6,3,4,0,1,4555,1232,61,0,0,0,0,5,75108754,2668069879,13308446,1,133003023,1042724527,2681477,1299096238,1793798037,123745986,163297371,67548120,201470127,4534071,33123127,301913025,266969195,0,0,0,0,5eb7747ecbde451de49ea2bb0b40c31b43aa1915d4f074ed405d0301b7d991a6
10513,72,8783609727,8772003497,11085804,40,425821,94505,60,2004566512,396060,93784533,185643464,478280352,401355693,157905558,554293346,132884205,208023632,3710694571,16117229,6,3,4,0,1,4555,1232,61,0,0,0,0,5,75070512,2667953073,13425042,1,132953120,1042741498,2692187,1282612755,1789980182,120605531,178652486,63095986,201513468,4484869,33117156,373806185,290586618,0,0,0,0,5eb7747ecbde451de49ea2bb0b40c31b43aa1915d4f074ed405d0301b7d991a6
10513,73,8783709323,8772108203,11083054,260,423561,94205,40,2003419826,441843,93728732,184953046,478954857,401044648,158270418,554021552,131980196,208106866,3710761123,16007555,6,3,4,0,1,4555,1232,61,0,0,0,0,5,75113874,2667953671,13413303,1,132992992,1042807452,2594252,1282136081,1796961495,125981625,166436593,56729334,201465757,4533961,33118416,336110442,291203036,0,0,0,0,5eb7747ecbde451de49ea2bb0b40c31b43aa1915d4f074ed405d0301b7d991a6
10513,74,8783711934,8772105293,11085964,50,425351,95216,60,2003954999,387009,93812224,185466425,478458472,401228259,158015223,554315016,132246290,208020961,3710727942,16102160,6,3,4,0,1,4555,1232,61,0,0,0,0,5,75068581,2667970843,13426964,1,132952380,1042757099,2675196,1276138125,1796613095,124311272,175496539,62651411,201521099,4478308,33116566,314044315,283638344,0,0,0,0,5eb7747ecbde451de49ea2bb0b40c31b43aa1915d4f074ed405d0301b7d991a6
10513,75,8783709402,8772106492,11085554,40,423021,94245,50,2004233546,427571,93720219,187202785,476714322,401352956,157963391,554051092,132785007,208082484,3710703402,16090738,6,3,4,0,1,4555,1232,61,0,0,0,0,5,75091572,2667968634,13423502,1,132990912,1042734768,2667236,1377340489,1799219451,118636526,75760531,63088924,201470046,4531191,33114556,340007644,289937169,0,0,0,0,5eb7747ecbde451de49ea2bb0b40c31b43aa1915d4f074ed405d0301b7d991a6
10513,76,8783711113,8772103673,11087174,50,427332,92824,60,2003895060,461374,93708290,183866503,480081506,401038208,158222572,554303748,132185127,208034142,3710807617,16020605,6,3,4,0,1,4555,1232,61,0,0,0,0,5,75081102,2667956383,13435534,1,132953040,1042851234,2585071,1280737368,1795619973,128501081,162113966,58659307,201503109,4494459,33130807,322956240,290916234,0,0,0,0,5eb7747ecbde451de49ea2bb0b40c31b43aa1915d4f074ed405d0301b7d991a6
10513,77,8783709382,8772104742,11086754,40,423622,94164,60,2004270519,436613,93707998,186665468,477285291,400881700,158427013,554047122,132794592,208102404,3710658939,16148693,6,3,4,0,1,4555,1232,61,0,0,0,0,5,75125452,2667945353,13443385,1,132976952,1042713586,2705308,1276485464,1796052107,121503489,176699951,64920460,201464267,4534971,33125777,307725684,292099786,0,0,0,0,5eb7747ecbde451de49ea2bb0b40c31b43aa1915d4f074ed405d0301b7d991a6
10513,78,8783712423,8772103752,11088374,180,424792,95185,140,2003899548,449973,93719461,183923234,480016461,401203578,158073767,554270963,132216540,208016800,3710660299,16148512,6,3,4,0,1,4555,1232,61,0,0,0,0,5,75064220,2667921361,13452215,1,132952580,1042738938,2696297,1270165066,1795588967,124659093,175378728,61189928,201517389,4484228,33115286,314805559,301402323,0,0,0,0,5eb7747ecbde451de49ea2bb0b40c31b43aa1915d4f074ed405d0301b7d991a6
10513,79,8783710023,8772104873,11086544,170,423582,94804,50,2003559761,464674,93684400,185673323,478267842,400645738,158660166,554061264,132077024,208099115,3710699892,16094947,6,3,4,0,1,4555,1232,61,0,0,0,0,5,75115533,2667955004,13428451,1,132983582,1042744888,2666496,1284262679,1795848146,120882707,162900155,68201618,201461017,4536711,33119556,314169439,326301194,0,0,0,0,5eb7747ecbde451de49ea2bb0b40c31b43aa1915d4f074ed405d0301b7d991a6
10513,80,8783712172,8772105412,11087084,40,425931,93595,110,2006881832,418012,93737132,187061295,476890662,400069259,159181963,554325517,135183079,208051671,3710905041,15899830,6,3,4,0,1,4555,1232,61,0,0,0,0,5,75096051,2668101650,13267226,1,132955620,1042803391,2632604,1252434708,1798666724,134136355,180228483,56567988,201488527,4515150,33116946,406833456,311929243,0,0,0,0,5eb7747ecbde451de49ea2bb0b40c31b43aa1915d4f074ed405d0301b7d991a6
10513,81,8783710412,8772101532,11091724,130,422212,94644,170,2006375994,453883,93679159,188564042,475384254,399836476,159449427,554068955,134923857,208115726,3710732773,16054517,6,3,4,0,1,4555,1232,61,0,0,0,0,5,75134355,2667977454,13390531,1,132981371,1042755319,2663986,1280338156,1794425540,128710860,171032570,61661686,201468007,4535631,33112476,407080600,292493142,0,0,0,0,5eb7747ecbde451de49ea2bb0b40c31b43aa1915d4f074ed405d0301b7d991a6
10513,82,8783712532,8772106052,11087234,50,424022,95104,70,2006437779,400231,93737481,186565109,477397587,400193668,159061115,554329237,134739189,208040581,3710927452,15907410,6,3,4,0,1,4555,1232,61,0,0,0,0,5,75087171,2668127051,13272406,1,132953410,1042800401,2635004,1274663067,1794742919,128486347,176246236,62116001,201502878,4508059,33105966,386315417,273598032,0,0,0,0,5eb7747ecbde451de49ea2bb0b40c31b43aa1915d4f074ed405d0301b7d991a6
10513,83,8783710453,8772101763,11091534,40,422572,94504,40,2006055448,474495,93663918,188026494,475913182,399787076,159502578,554078165,134596011,208106347,3710746142,16044257,6,3,4,0,1,4555,1232,61,0,0,0,0,5,75123664,2667987234,13384151,1,132982683,1042758908,2660106,1286345530,1795148210,128641537,167878435,64389756,201466246,4537931,33117417,409048970,287254929,0,0,0,0,5eb7747ecbde451de49ea2bb0b40c31b43aa1915d4f074ed405d0301b7d991a6
10513,84,8783711693,8772106843,11085004,50,427322,92434,40,2005927673,439931,93712662,188343914,475610454,399873540,159386132,554338757,134202441,208040892,3710937932,15890198,6,3,4,0,1,4555,1232,61,0,0,0,0,5,75084372,2668124680,13268405,1,132956520,1042813252,2621793,1283407235,1794980231,120672952,176379471,65241924,201486428,4517970,33117817,385228244,269020609,0,0,0,0,5eb7747ecbde451de49ea2bb0b40c31b43aa1915d4f074ed405d0301b7d991a6
10513,85,8783710282,8772096221,11096335,70,422992,94614,50,2006602268,413391,93719060,189427556,474528100,399963306,159300458,554094454,135140080,208101673,3710855460,15936921,6,3,4,0,1,4555,1232,61,0,0,0,0,5,75121572,2668105141,13266235,1,132980101,1042750319,2670686,1286018940,1793336970,129131586,167871429,60554381,201466137,4538471,33111876,413883753,270244815,0,0,0,0,5eb7747ecbde451de49ea2bb0b40c31b43aa1915d4f074ed405d0301b7d991a6
10513,86,8783712043,8772098912,11093465,40,425521,94065,40,2006336753,432622,93732032,187136397,476828871,399816756,159423325,554342677,134607693,208036662,3710748293,16092919,6,3,4,0,1,4555,1232,61,0,0,0,0,5,75083552,2667975403,13426664,1,132953110,1042772890,2666255,1293999127,1791171060,122506985,168207510,62506126,201504929,4513780,33104236,383220799,280147828,0,0,0,0,5eb7747ecbde451de49ea2bb0b40c31b43aa1915d4f074ed405d0301b7d991a6
10513,87,8783710432,8772101332,11091264,40,423691,94045,60,2006520343,418033,93712280,189363612,474584433,399496581,159808936,554068631,135054036,208117127,3710871789,15915540,6,3,4,0,1,4555,1232,61,0,0,0,0,5,75132514,2668009995,13362550,1,132984613,1042861794,2552990,1283098707,1795046037,121593419,172102684,63437520,201468207,4536411,33109286,381624832,276388550,0,0,0,0,5eb7747ecbde451de49ea2bb0b40c31b43aa1915d4f074ed405d0301b7d991a6
10513,88,8783712532,8772106072,11086314,50,424262,95774,60,2003846156,433511,93707071,185193900,478785099,401151614,158104138,554295765,132150216,208021621,3710776085,16039017,6,3,4,0,1,4555,1232,61,0,0,0,0,5,75067251,2667984034,13393782,1,132954370,1042792051,2645235,1260576925,1792312769,128050470,183027249,62508462,201489048,4511970,33115236,391064362,304726556,0,0,0,0,5eb7747ecbde451de49ea2bb0b40c31b43aa1915d4f074ed405d0301b7d991a6
10513,89,8783708912,8772104892,11086534,40,422821,94565,60,2003408716,453752,93654999,185933197,478042350,400798959,158512089,554024950,131963189,208095555,3710759994,16025736,6,3,4,0,1,4555,1232,61,0,0,0,0,5,75117434,2667996384,13373441,1,132978121,1042763610,2652295,1261083246,1793634688,125402645,185836670,64755028,201473886,4527251,33114826,369589801,305311213,0,0,0,0,5eb7747ecbde451de49ea2bb0b40c31b43aa1915d4f074ed405d0301b7d991a6
10513,90,8783711572,8772106492,11084624,40,426111,94255,50,2004122389,378321,93740041,185968378,478020482,401259667,157988983,554313817,132431550,208019681,3710788366,16045348,6,3,4,0,1,4555,1232,61,0,0,0,0,5,75065951,2668003036,13393682,1,132953730,1042785330,2651666,1255858256,1796231361,129509029,184342713,64057582,201501279,4501009,33113506,391707664,296852670,0,0,0,0,5eb7747ecbde451de49ea2bb0b40c31b43aa1915d4f074ed405d0301b7d991a6
10513,91,8783709643,8772106143,11085424,60,423571,94395,50,2003476337,432291,93668500,185115956,478867610,401176436,158129389,554051463,132007651,208101136,3710699950,16065108,6,3,4,0,1,4555,1232,61,0,0,0,0,5,75116664,2667951532,13404243,1,132984472,1042748418,2660865,1262887201,1798572013,131170858,175652868,63037895,201474777,4526890,33112596,350276664,293653917,0,0,0,0,5eb7747ecbde451de49ea2bb0b40c31b43aa1915d4f074ed405d0301b7d991a6
10513,92,8783711803,8772104893,11086464,40,426532,93825,49,2003667427,441442,93695531,185497885,478485535,401087948,158194074,554263923,131976029,208021752,3710775203,16058279,6,3,4,0,1,4555,1232,61,0,0,0,0,5,75067692,2667994853,13399263,1,132954060,1042780350,2659016,1274831506,1794199626,117644989,186131128,63047351,201481938,4517660,33122796,333057046,289510297,0,0,0,0,5eb7747ecbde451de49ea2bb0b40c31b43aa1915d4f074ed405d0301b7d991a6
10513,93,8783708883,8772104473,11086344,140,424232,93634,60,2003061135,446383,93659428,185373318,478612628,400645259,158626937,554077803,131590867,208080245,3710727510,16075218,6,3,4,0,1,4555,1232,61,0,0,0,0,5,75103393,2667969932,13412692,1,132976852,1042757578,2662526,1271616396,1797021848,125013844,174337318,62309635,201475387,4527121,33119436,334465542,286481400,0,0,0,0,5eb7747ecbde451de49ea2bb0b40c31b43aa1915d4f074ed405d0301b7d991a6
10513,94,8783711152,8772104862,11085824,60,426862,93474,70,2003480769,449102,93692600,184373328,479600201,400200106,159067479,554293533,131777189,208024022,3710747343,16072547,6,3,4,0,1,4555,1232,61,0,0,0,0,5,75069612,2667955742,13429283,1,132954410,1042791601,2643264,1265178243,1795898170,124922930,182708909,60099334,201505369,4496679,33113976,337412810,310813092,0,0,0,0,5eb7747ecbde451de49ea2bb0b40c31b43aa1915d4f074ed405d0301b7d991a6
10513,95,8783709473,8772093072,11097635,50,425801,92855,60,2004134590,387618,93713682,185620123,478362286,401169785,158131860,554055431,132673345,208075804,3710741623,16074007,6,3,4,0,1,4555,1232,61,0,0,0,0,5,75099013,2667963693,13431992,1,132976791,1042777930,2642015,1242256955,1798120970,129416321,189293141,65463599,201475088,4527430,33115376,361484559,332083651,0,0,0,0,5eb7747ecbde451de49ea2bb0b40c31b43aa1915d4f074ed405d0301b7d991a6
10513,96,8783710932,8772107922,11087754,140,421771,93285,60,2006059686,385049,93784284,187924680,476052000,399821016,159449495,554278745,134349258,208026701,3710889200,15943033,6,3,4,0,1,4555,1232,61,0,0,0,0,5,75064390,2668070638,13327480,1,132962311,1042818562,2615553,1267253735,1799808504,125391172,173737959,60984900,201498708,4502879,33110416,299058899,308559269,0,0,0,0,5eb7747ecbde451de49ea2bb0b40c31b43aa1915d4f074ed405d0301b7d991a6
10513,97,8783709723,8772104443,11088884,60,421591,94705,40,2005827305,418290,93701959,187642816,476318620,399967537,159324809,554045872,134390621,208109676,3710864578,15913592,6,3,4,0,1,4555,1232,61,0,0,0,0,5,75111133,2668066237,13302179,1,132998543,1042798341,2611413,1279741966,1795383566,128395898,166082040,59762262,201462137,4538191,33125837,328351074,276971032,0,0,0,0,5eb7747ecbde451de49ea2bb0b40c31b43aa1915d4f074ed405d0301b7d991a6
10513,98,8783710993,8772104673,11090284,40,421981,93965,50,2006505580,352707,93800885,187477817,476501063,400076066,159166944,554301545,134807283,208033332,3710874789,15957364,6,3,4,0,1,4555,1232,61,0,0,0,0,5,75070761,2668075808,13324620,1,132962571,1042798981,2632744,1275864681,1792724772,128196819,172166612,63653959,201516180,4489348,33112386,303983487,274720659,0,0,0,0,5eb7747ecbde451de49ea2bb0b40c31b43aa1915d4f074ed405d0301b7d991a6
10513,99,8783709602,8772108812,11085444,40,420951,94295,60,2006609536,411560,93714669,188964205,474996552,399914122,159378354,554063583,135152291,208131718,3710816505,15953534,6,3,4,0,1,4555,1232,61,0,0,0,0,5,75143015,2668040866,13313499,1,132988703,1042775639,2640035,1282477983,1797439242,122757707,168584737,62148628,201463876,4540031,33113486,320912816,267547252,0,0,0,0,5eb7747ecbde451de49ea2bb0b40c31b43aa1915d4f074ed405d0301b7d991a6
10513,100,8783710822,8772104732,11087374,50,424751,93855,60,2006719781,408062,93728021,186860984,477121636,399816282,159433068,554317327,135014482,208039493,3710908631,15920800,6,3,4,0,1,4555,1232,61,0,0,0,0,5,75076732,2668094019,13302067,1,132962761,1042814612,2618733,1300251397,1790851086,127979697,154161307,65916626,201482647,4519480,33122096,256534880,264165665,0,0,0,0,5eb7747ecbde451de49ea2bb0b40c31b43aa1915d4f074ed405d0301b7d991a6
10513,101,8783709483,8772108623,11086284,50,419832,94554,140,2006274668,422830,93717733,189698469,474260566,399836108,159449887,554072373,134801941,208127106,3710746233,16027436,6,3,4,0,1,4555,1232,61,0,0,0,0,5,75127753,2667966863,13398773,1,132999353,1042779370,2628663,1285387801,1792307727,126330904,168568476,63575884,201461126,4543171,33121047,327175953,280489682,0,0,0,0,5eb7747ecbde451de49ea2bb0b40c31b43aa1915d4f074ed405d0301b7d991a6
10513,102,8783712912,8772099772,11093094,40,424441,95505,60,2006764514,408523,93755671,187659636,476312112,399708341,159554981,554273205,135072074,208024380,3710783185,16034257,6,3,4,0,1,4555,1232,61,0,0,0,0,5,75063210,2667970613,13414034,1,132961170,1042812572,2620223,1277425494,1796300292,128736236,170156056,63781299,201513079,4489879,33118567,281831529,280406087,0,0,0,0,5eb7747ecbde451de49ea2bb0b40c31b43aa1915d4f074ed405d0301b7d991a6
10513,103,8783709693,8772103933,11090804,50,422051,92805,50,2007307431,421772,93707189,189634646,474325721,399871529,159443435,554039943,135851226,208118777,3710846917,15940302,6,3,4,0,1,4555,1232,61,0,0,0,0,5,75119524,2668077918,13303668,1,132999253,1042768999,2636634,1290168049,1789484498,119709963,170514057,66829498,201464036,4538191,33125157,300139926,277950387,0,0,0,0,5eb7747ecbde451de49ea2bb0b40c31b43aa1915d4f074ed405d0301b7d991a6
10513,104,8783709362,8772092241,11097825,40,425192,94014,50,2003921241,377369,93793085,186312536,477636420,400507201,158750581,554268165,132256631,208022121,3710621317,16196474,6,3,4,0,1,4555,1232,61,0,0,0,0,5,75061440,2667866008,13518668,1,132960681,1042755309,2677806,1253568009,1790498508,126695480,194683676,61805577,201495678,4503890,33113226,331446067,317763243,0,0,0,0,5eb7747ecbde451de49ea2bb0b40c31b43aa1915d4f074ed405d0301b7d991a6
10513,105,8783707873,8772091072,11099015,160,423682,93874,70,2003540782,408422,93757822,185432064,478496011,400429899,158862147,554024492,132106704,208112657,3710737581,16035718,6,3,4,0,1,4555,1232,61,0,0,0,0,5,75114474,2668017024,13351371,1,132998183,1042720557,2684347,1252472034,1794487504,130756904,188461694,62377911,201471076,4529391,33116316,331797011,305264942,0,0,0,0,5eb7747ecbde451de49ea2bb0b40c31b43aa1915d4f074ed405d0301b7d991a6
10513,106,8783708942,8772090011,11100815,40,424592,93424,60,2003343589,352938,93824156,185492254,478469085,400513243,158718867,554302877,131646359,208021291,3710765314,16061509,6,3,4,0,1,4555,1232,61,0,0,0,0,5,75060111,2668006895,13387533,1,132961180,1042758419,2673976,1264307882,1796247912,126094791,181969662,64907172,201506799,4497449,33117297,311881276,307109071,0,0,0,0,5eb7747ecbde451de49ea2bb0b40c31b43aa1915d4f074ed405d0301b7d991a6
10513,107,8783707842,8772085781,11105125,100,422892,93884,60,2004457125,386338,93750605,187236403,476703802,400992395,158301260,554057900,133012831,208102635,3710662848,16110691,6,3,4,0,1,4555,1232,61,0,0,0,0,5,75105222,2667922930,13446576,1,132997413,1042739918,2664115,1266949371,1797290154,123511136,182229399,64125991,201472027,4528431,33113206,286022134,288523960,0,0,0,0,5eb7747ecbde451de49ea2bb0b40c31b43aa1915d4f074ed405d0301b7d991a6
10513,108,8783709152,8772089681,11099335,50,426992,92964,130,2003883928,419373,93757952,184279683,479676265,400090350,159175592,554278214,132180049,208023691,3710748914,16081499,6,3,4,0,1,4555,1232,61,0,0,0,0,5,75061790,2667995845,13398613,1,132961901,1042753069,2682886,1272982430,1798333947,131883484,169008539,62800077,201488588,4511040,33114776,283978134,288960605,0,0,0,0,5eb7747ecbde451de49ea2bb0b40c31b43aa1915d4f074ed405d0301b7d991a6
10513,109,8783707642,8772089531,11099605,60,424601,93785,60,2004271660,434764,93711198,185853944,478110966,400633017,158651217,554032810,132828232,208096645,3710598755,16205855,6,3,4,0,1,4555,1232,61,0,0,0,0,5,75109992,2667869928,13515418,1,132986653,1042728827,2690437,1268669887,1797919718,122532685,181476522,64679070,201470956,4528251,33127097,282957842,292672831,0,0,0,0,5eb7747ecbde451de49ea2bb0b40c31b43aa1915d4f074ed405d0301b7d991a6
10513,110,8783710443,8772086651,11104355,170,424631,94436,200,2003412374,389779,93777566,183881991,480078165,400087620,159195105,554240742,131738545,208028992,3710667249,16153052,6,3,4,0,1,4555,1232,61,0,0,0,0,5,75067712,2667902440,13483646,1,132961280,1042764809,2669406,1269490180,1792201256,129468090,176544147,65872159,201511058,4491219,33119277,276043046,314737235,0,0,0,0,5eb7747ecbde451de49ea2bb0b40c31b43aa1915d4f074ed405d0301b7d991a6
10513,111,8783707772,8772122653,11068243,50,423001,93775,50,2004177412,386620,93745783,186494204,477464903,401090010,158213214,554036882,132729527,208120188,3710688169,16109549,6,3,4,0,1,4555,1232,61,0,0,0,0,5,75130965,2667861427,13522298,1,132989223,1042826742,2587251,1234813459,1796443861,126310351,203019314,62974403,201470367,4528191,33115416,286036734,346741713,0,0,0,0,5eb7747ecbde451de49ea2bb0b40c31b43aa1915d4f074ed405d0301b7d991a6
10513,112,8783711173,8772115324,11076963,50,425261,93535,40,2006421528,395299,93778504,187582491,476366149,399993735,159250495,554327826,134705257,208025961,3710950524,15867658,6,3,4,0,1,4555,1232,61,0,0,0,0,5,75073491,2668071189,13311858,1,132952470,1042879335,2555800,1255108797,1800062734,135818407,177307333,61573795,201486538,4515080,33122267,226187327,336085536,0,0,0,0,5eb7747ecbde451de49ea2bb0b40c31b43aa1915d4f074ed405d0301b7d991a6
10513,113,8783709283,8772083532,11108615,50,422332,94704,50,2006501373,421471,93708662,189025703,474922161,399879251,159441447,554017949,135073927,208104576,3710761994,16024885,6,3,4,0,1,4555,1232,61,0,0,0,0,5,75125465,2668007375,13364210,1,132979111,1042754619,2660675,1259363659,1797081473,135158257,181160181,65589098,201473197,4527301,33120196,346869268,294841493,0,0,0,0,5eb7747ecbde451de49ea2bb0b40c31b43aa1915d4f074ed405d0301b7d991a6
10513,114,8783711383,8772083742,11109245,40,425082,93214,60,2005572715,359639,93810656,187729337,476232191,399772611,159457568,554328978,133859302,208016280,3710939942,15902730,6,3,4,0,1,4555,1232,61,0,0,0,0,5,75064730,2668151632,13256585,1,132951550,1042788310,2646145,1280009923,1792328043,120978827,181801326,62613621,201496249,4514829,33117337,330537711,306790566,0,0,0,0,5eb7747ecbde451de49ea2bb0b40c31b43aa1915d4f074ed405d0301b7d991a6
10513,115,8783709883,8772089932,11102415,50,422792,94654,40,2006845418,418239,93731024,187083706,476864510,400055137,159241678,554055372,135381551,208079614,3710787525,16004666,6,3,4,0,1,4555,1232,61,0,0,0,0,5,75100233,2668033266,13344000,1,132979381,1042754259,2660666,1262070169,1794603703,123107198,190004866,64764836,201474037,4525150,33120896,356742036,305743538,0,0,0,0,5eb7747ecbde451de49ea2bb0b40c31b43aa1915d4f074ed405d0301b7d991a6
10513,116,8783710902,8772079661,11111195,40,426262,93694,50,2006240756,406981,93755282,187881318,476077061,399536248,159713892,554333898,134513768,208022330,3710810146,16015445,6,3,4,0,1,4555,1232,61,0,0,0,0,5,75071050,2668015785,13372361,1,132951280,1042794361,2643084,1278744691,1790756003,130472313,174940392,63090108,201482478,4514070,33129717,331269641,308877353,0,0,0,0,5eb7747ecbde451de49ea2bb0b40c31b43aa1915d4f074ed405d0301b7d991a6
10513,117,8783709713,8772113613,11077724,40,424561,93735,40,2006086440,385910,93756035,188665604,475288120,399675819,159586284,554087215,134628942,208098556,3710882628,15917350,6,3,4,0,1,4555,1232,61,0,0,0,0,5,75120074,2668020924,13360860,1,132978482,1042861704,2556490,1308041667,1792870193,127931756,146447268,65719789,201473157,4528891,33124847,360850639,302088912,0,0,0,0,5eb7747ecbde451de49ea2bb0b40c31b43aa1915d4f074ed405d0301b7d991a6
10513,118,8783712703,8772079962,11113065,50,424072,95505,49,2006077492,413371,93747552,186408601,477551178,399679891,159572151,554300564,134382072,208001961,3710835186,16001895,6,3,4,0,1,4555,1232,61,0,0,0,0,5,75049421,2668052966,13346360,1,132952540,1042782220,2655535,1275574698,1795381013,130789945,172461871,62265644,201496978,4516370,33108386,321825848,303786632,0,0,0,0,5eb7747ecbde451de49ea2bb0b40c31b43aa1915d4f074ed405d0301b7d991a6
10513,119,8783709863,8772079662,11111775,50,424162,94134,80,2006051557,412800,93746933,188655207,475292499,399687450,159598434,554063842,134583120,208089794,3710916551,15886068,6,3,4,0,1,4555,1232,61,0,0,0,0,5,75108803,2668150071,13238503,1,132980991,1042766480,2647565,1277087593,1792893884,128240746,174731617,62722492,201472648,4526420,33118186,348762828,305132610,0,0,0,0,5eb7747ecbde451de49ea2bb0b40c31b43aa1915d4f074ed405d0301b7d991a6
10513,120,8783710423,8772101072,11091044,60,423702,94485,60,2003937801,423060,93740732,184544507,479410364,400429235,158853717,554265833,132247572,208033882,3710671258,16134011,6,3,4,0,1,4555,1232,61,0,0,0,0,5,75080282,2667882568,13482766,1,132953600,1042788690,2651245,1248685306,1786641666,126134018,201742274,64231140,201486348,4510410,33122076,329409654,336289454,0,0,0,0,5eb7747ecbde451de49ea2bb0b40c31b43aa1915d4f074ed405d0301b7d991a6
10513,121,8783708242,8772099932,11089574,60,423981,94635,60,2003602324,430652,93687963,185968306,478007698,400166204,159105058,554049344,132164047,208096896,3710646507,16127301,6,3,4,0,1,4555,1232,61,0,0,0,0,5,75114414,2667884168,13476086,1,132982482,1042762339,2651215,1233692241,1795206675,127374882,204812613,63497044,201471926,4529991,33115536,350905225,333120969,0,0,0,0,5eb7747ecbde451de49ea2bb0b40c31b43aa1915d4f074ed405d0301b7d991a6
10513,122,8783709913,8772097473,11092994,40,425282,93984,140,2003266567,351959,93810174,185096835,478862375,400358722,158890898,554298516,131568557,208015070,3710729431,16114462,6,3,4,0,1,4555,1232,61,0,0,0,0,5,75060600,2667932810,13476108,1,132954470,1042796621,2638354,1234813856,1795241907,127683986,204904320,65102979,201496087,4510560,33109406,328248612,342217636,0,0,0,0,5eb7747ecbde451de49ea2bb0b40c31b43aa1915d4f074ed405d0301b7d991a6
10513,123,8783709903,8772100633,11089654,40,423271,96265,40,2003677576,394009,93725711,185897017,478081812,400502860,158781944,554043843,132230970,208090505,3710762154,16012484,6,3,4,0,1,4555,1232,61,0,0,0,0,5,75103523,2667994265,13371380,1,132986982,1042767889,2641104,1250969383,1797946587,128812063,187517977,63552892,201472327,4528121,33112186,318067352,334386495,0,0,0,0,5eb7747ecbde451de49ea2bb0b40c31b43aa1915d4f074ed405d0301b7d991a6
10513,124,8783709822,8772099012,11090704,40,426362,93664,40,2003909919,413114,93742800,185468254,478506676,400071476,159175295,554296443,132211331,208008431,3710823686,16034137,6,3,4,0,1,4555,1232,61,0,0,0,0,5,75055621,2668020775,13398473,1,132952810,1042802911,2635664,1232348203,1795701373,127736063,205518628,64135192,201482588,4513530,33127047,315178648,340533917,0,0,0,0,5eb7747ecbde451de49ea2bb0b40c31b43aa1915d4f074ed405d0301b7d991a6
10513,125,8783708033,8772096432,11093735,40,423322,94454,50,2004217563,423193,93701989,186352259,477631952,400475658,158802534,554046222,132763447,208079314,3710605157,16196573,6,3,4,0,1,4555,1232,61,0,0,0,0,5,75098763,2667857538,13527097,1,132980551,1042747619,2669476,1243682956,1795010127,124687862,200196355,62747857,201473087,4529071,33125657,279098423,343240031,0,0,0,0,5eb7747ecbde451de49ea2bb0b40c31b43aa1915d4f074ed405d0301b7d991a6
10513,126,8783709963,8772100513,11089264,50,426071,94015,50,2003562192,405842,93759481,186686640,477272450,400095390,159151500,554290586,131872743,208014691,3710710160,16115572,6,3,4,0,1,4555,1232,61,0,0,0,0,5,75062791,2667933650,13453437,1,132951900,1042776510,2662135,1249985249,1794927262,128694320,192334372,60552694,201498559,4502839,33122756,291606557,330730215,0,0,0,0,5eb7747ecbde451de49ea2bb0b40c31b43aa1915d4f074ed405d0301b7d991a6
10513,127,8783710863,8772096923,11092344,50,424772,96725,49,2003960221,398369,93726771,185214733,478762089,400564042,158738570,554038622,132495465,208076414,3710760942,16051597,6,3,4,0,1,4555,1232,61,0,0,0,0,5,75098473,2667986192,13407052,1,132977941,1042774750,2644545,1220933890,1798966967,131924160,207651259,64594593,201472687,4527471,33119466,319653954,362002867,0,0,0,0,5eb7747ecbde451de49ea2bb0b40c31b43aa1915d4f074ed405d0301b7d991a6
10514,0,8763918494,8751518633,11925047,60,363569,111105,80,1829370202,476952,85487992,169077720,435406940,366557181,146855295,496114495,129374586,210740058,3821354254,15655625,6,2,4,0,0,4438,1188,58,0,0,0,0,5,76627980,2729725091,13140447,1,134112078,1091629163,2515178,1309040680,1743167561,207785934,140185651,122169400,201712466,5962974,33019561,289216635,318460350,0,0,0,0,5eb7747ecbde451de49ea2bb0b40c31b43aa1915d4f074ed405d0301b7d991a6
10514,1,8763918554,8751521353,11922607,40,363058,111456,40,1828629646,465392,85532143,169561413,434848966,366366938,147074808,495894300,128864914,210671715,3821327913,15720239,6,2,4,0,0,4438,1188,58,0,0,0,0,5,76537876,2729671919,13230862,1,134133839,1091655994,2489377,1288836248,1746113630,208848108,155343072,120541859,201697205,5968215,33037231,263303563,289872447,0,0,0,0,5eb7747ecbde451de49ea2bb0b40c31b43aa1915d4f074ed405d0301b7d991a6
10514,2,8763919604,8751607788,11836082,50,363249,112305,130,1828721706,425471,85522163,168444956,436066627,366079794,147304368,496132755,128728341,210690967,3821359664,15670707,6,2,4,0,0,4438,1188,58,0,0,0,0,5,76578739,2729718730,13176380,1,134112228,1091640934,2494327,1292505455,1743914172,204664922,156476838,121860898,201715426,5946793,33042782,250677968,297807988,0,0,0,0,5eb7747ecbde451de49ea2bb0b40c31b43aa1915d4f074ed405d0301b7d991a6
10514,3,8763918464,8751624879,11819721,180,362148,111486,50,1828733780,501926,85520553,170058157,434348999,366606421,146858458,495882531,128935083,210687086,3821338534,15687438,6,2,4,0,0,4438,1188,58,0,0,0,0,5,76552997,2729710261,13167909,1,134134089,1091628273,2519529,1278321030,1745874624,204017972,162921188,125941581,201697626,5972084,33033641,272187391,288957522,0,0,0,0,5eb7747ecbde451de49ea2bb0b40c31b43aa1915d4f074ed405d0301b7d991a6
10514,4,8763920284,8751607018,11839732,50,361429,112015,40,1828902598,478485,85468599,168742982,435793011,366296755,147097930,496117873,128885439,210707187,3821379553,15631006,6,2,4,0,0,4438,1188,58,0,0,0,0,5,76598739,2729703688,13164560,1,134108448,1091675865,2466446,1293471484,1741282082,202813915,153899127,125089590,201701106,5960833,33056373,218440248,281129905,0,0,0,0,5eb7747ecbde451de49ea2bb0b40c31b43aa1915d4f074ed405d0301b7d991a6
10514,5,8763916714,8751511913,11931127,50,362239,111345,40,1828695075,458945,85542423,168339920,436083258,366778429,146661544,495912367,128900841,210690438,3821472731,15568429,6,2,4,0,0,4438,1188,58,0,0,0,0,5,76555969,2729814526,13081203,1,134134469,1091658205,2487226,1288349105,1745778830,196115007,162939924,128777291,201698786,5978864,33031661,286595420,285363383,0,0,0,0,5eb7747ecbde451de49ea2bb0b40c31b43aa1915d4f074ed405d0301b7d991a6
10514,6,8763920144,8751605998,11838022,40,363869,112145,70,1828424222,477914,85462828,167482256,437056558,366044102,147340042,496090212,128451198,210721767,3821355015,15653975,6,2,4,0,0,4438,1188,58,0,0,0,0,5,76610289,2729696190,13171029,1,134111478,1091658825,2482946,1283422900,1744417529,207230202,155009604,124859777,201705276,5972314,33033242,215407529,300663116,0,0,0,0,5eb7747ecbde451de49ea2bb0b40c31b43aa1915d4f074ed405d0301b7d991a6
10514,7,8763918604,8751605448,11840002,40,361459,111575,80,1828207283,486145,85516792,169101709,435310959,366496444,146946091,495921995,128409167,210679096,3821348393,15682548,6,2,4,0,0,4438,1188,58,0,0,0,0,5,76547037,2729706609,13181071,1,134132059,1091641784,2501477,1291445163,1742985673,197639687,161586231,123331181,201695815,5980455,33038942,233989824,287913994,0,0,0,0,5eb7747ecbde451de49ea2bb0b40c31b43aa1915d4f074ed405d0301b7d991a6
10514,8,8763920064,8751523913,11920677,60,363389,111945,80,1826829433,382540,85545964,165694245,438807385,367628653,145778374,496095681,126871639,210714937,3821210898,15821513,6,2,4,0,0,4438,1188,58,0,0,0,0,5,76599219,2729569414,13321586,1,134115718,1091641484,2499927,1271617708,1738996958,209724753,167373687,120016040,201709047,5963214,33025451,285802261,317625521,0,0,0,0,5eb7747ecbde451de49ea2bb0b40c31b43aa1915d4f074ed405d0301b7d991a6
10514,9,8763918404,8751596237,11851433,70,359269,111345,50,1826546728,399491,85649918,167066766,437290629,367696016,145748208,495876163,126793195,210680925,3821211128,15862176,6,2,4,0,0,4438,1188,58,0,0,0,0,5,76544936,2729600276,13309786,1,134135989,1091610852,2552390,1265977363,1744102606,202097592,175718031,120874466,201701397,5974954,33030911,285936450,313076759,0,0,0,0,5eb7747ecbde451de49ea2bb0b40c31b43aa1915d4f074ed405d0301b7d991a6
10514,10,8763920394,8751510503,11934647,40,363709,111445,50,1826497977,363660,85553605,166381640,438165662,367494916,145884827,496111885,126519420,210718748,3821244108,15772173,6,2,4,0,0,4438,1188,58,0,0,0,0,5,76602540,2729598644,13281136,1,134116208,1091645464,2491037,1258003790,1745015666,203375614,181789728,126342957,201710166,5957824,33029121,251826253,325387494,0,0,0,0,5eb7747ecbde451de49ea2bb0b40c31b43aa1915d4f074ed405d0301b7d991a6
10514,11,8763918434,8751527354,11917326,60,362178,111466,50,1826407149,395453,85617015,166881566,437507571,367760659,145688737,495904826,126630905,210674255,3821267420,15773482,6,2,4,0,0,4438,1188,58,0,0,0,0,5,76537056,2729640147,13258334,1,134137199,1091627273,2515148,1251366317,1746129634,206635891,177224012,123076522,201700246,5959753,33043312,263238512,322854333,0,0,0,0,5eb7747ecbde451de49ea2bb0b40c31b43aa1915d4f074ed405d0301b7d991a6
10514,12,8763919764,8751624118,11820392,50,364139,111015,50,1826719846,429271,85486570,167320517,437224447,367606184,145781961,496082723,126767591,210710807,3821235109,15799732,6,2,4,0,0,4438,1188,58,0,0,0,0,5,76597819,2729579794,13310716,1,134112988,1091655315,2489016,1357798152,1743341344,201750320,83731462,120578801,201702496,5974164,33038362,239597150,321462901,0,0,0,0,5eb7747ecbde451de49ea2bb0b40c31b43aa1915d4f074ed405d0301b7d991a6
10514,13,8763918434,8751601207,11843223,60,362449,111345,150,1826831371,417200,85568928,167257341,437161645,367790830,145640706,495908729,127059761,210699217,3821103772,15971221,6,2,4,0,0,4438,1188,58,0,0,0,0,5,76557508,2729525681,13390070,1,134141709,1091578091,2581151,1262088466,1744200248,198912752,181377451,124661414,201701636,5968234,33042311,262088871,320407148,0,0,0,0,5eb7747ecbde451de49ea2bb0b40c31b43aa1915d4f074ed405d0301b7d991a6
10514,14,8763918545,8751604338,11839642,50,360989,113455,71,1826898885,406672,85521303,165914926,438611175,367778691,145626414,496055879,126963515,210733348,3821133875,15868705,6,2,4,0,0,4438,1188,58,0,0,0,0,5,76618720,2729519232,13338447,1,134114628,1091614643,2530258,1256821666,1746270528,208059423,176381836,120323263,201707236,5968264,33042162,232374295,325317460,0,0,0,0,5eb7747ecbde451de49ea2bb0b40c31b43aa1915d4f074ed405d0301b7d991a6
10514,15,8763915474,8751524714,11920126,50,358859,111575,150,1826839960,450584,85558235,166910215,437476200,367404912,146061416,495880759,127080170,210687987,3821208496,15820165,6,2,4,0,0,4438,1188,58,0,0,0,0,5,76550868,2729605034,13276405,1,134137119,1091603462,2543760,1231494906,1748886759,206878524,191476263,124508134,201699756,5966824,33050482,260767573,341404308,0,0,0,0,5eb7747ecbde451de49ea2bb0b40c31b43aa1915d4f074ed405d0301b7d991a6
10514,16,8763917384,8751526174,11917036,60,362029,111935,150,1828835826,494465,85449950,168665873,435865520,366066574,147341138,496126227,128811267,210785130,3821339375,15649325,6,2,4,0,0,4438,1188,58,0,0,0,0,5,76665102,2729682260,13164789,1,134120028,1091657115,2484536,1267376468,1748085607,211300148,162000189,119398800,201714316,5954163,33033642,314992670,301254834,0,0,0,0,5eb7747ecbde451de49ea2bb0b40c31b43aa1915d4f074ed405d0301b7d991a6
10514,17,8763916874,8751576256,11866254,40,363018,111246,60,1828462355,529548,85448007,170636887,433835836,366055792,147385792,495893372,128662441,210737898,3821306483,15711338,6,2,4,0,0,4438,1188,58,0,0,0,0,5,76587928,2729697481,13179849,1,134149970,1091609002,2531489,1294507708,1742373839,193472460,167169242,120481722,201698675,5970415,33032651,337737828,280022281,0,0,0,0,5eb7747ecbde451de49ea2bb0b40c31b43aa1915d4f074ed405d0301b7d991a6
10514,18,8763920274,8751574206,11872604,60,361029,112315,60,1829300377,474135,85460350,170634495,433912717,366382399,147012826,496126135,129283162,210783489,3821322403,15680948,6,2,4,0,0,4438,1188,58,0,0,0,0,5,76659031,2729681159,13186641,1,134124458,1091641244,2494307,1305071744,1741644035,206506178,147396651,122952936,201718757,5956353,33023851,280225671,269591994,0,0,0,0,5eb7747ecbde451de49ea2bb0b40c31b43aa1915d4f074ed405d0301b7d991a6
10514,19,8763916464,8751522324,11923636,540,358498,111416,50,1828046024,499336,85488500,169138970,435320749,366508637,146944900,495897534,128228606,210720316,3821305044,15696517,6,2,4,0,0,4438,1188,58,0,0,0,0,5,76571167,2729671500,13194380,1,134149149,1091633544,2502137,1277937191,1747994608,208299407,162856880,124256254,201697335,5969544,33039022,336862968,267188847,0,0,0,0,5eb7747ecbde451de49ea2bb0b40c31b43aa1915d4f074ed405d0301b7d991a6
10514,20,8763920364,8751578706,11866284,60,363249,112015,50,1828850225,486496,85466978,168127930,436429623,365945041,147444764,496143247,128792186,210740799,3821402836,15611993,6,2,4,0,0,4438,1188,58,0,0,0,0,5,76622721,2729735151,13139207,1,134118078,1091667685,2472786,1290724619,1746676562,203642526,155538506,124479763,201704997,5966174,33029451,297375557,261759361,0,0,0,0,5eb7747ecbde451de49ea2bb0b40c31b43aa1915d4f074ed405d0301b7d991a6
10514,21,8763918554,8751531444,11913116,40,362758,111136,60,1828758430,490866,85486368,170388167,434082745,366281514,147153070,495913664,128941935,210741348,3821327993,15696218,6,2,4,0,0,4438,1188,58,0,0,0,0,5,76583188,2729680169,13198851,1,134158160,1091647824,2497367,1302488094,1741797745,193663988,153408451,125020176,201697885,5975265,33032021,312996373,272139170,0,0,0,0,5eb7747ecbde451de49ea2bb0b40c31b43aa1915d4f074ed405d0301b7d991a6
10514,22,8763919564,8751580226,11863704,50,363639,111895,50,1828950482,496267,85451617,169321061,435230403,365497016,147881098,496111183,128949664,210745389,3821367345,15653344,6,2,4,0,0,4438,1188,58,0,0,0,0,5,76625211,2729713891,13163437,1,134120178,1091653454,2489907,1295420477,1739311818,196453967,162873096,122081797,201714046,5958804,33033071,319447856,278538605,0,0,0,0,5eb7747ecbde451de49ea2bb0b40c31b43aa1915d4f074ed405d0301b7d991a6
10514,23,8763918234,8751528884,11914596,40,362508,112166,40,1828810033,485875,85493609,168573085,435887067,366021699,147428057,495902890,129000869,210741959,3821412687,15610624,6,2,4,0,0,4438,1188,58,0,0,0,0,5,76573598,2729785444,13098436,1,134168361,1091627243,2512188,1289073771,1743784292,207221352,152942316,129421908,201697835,5979505,33021901,288868105,276435937,0,0,0,0,5eb7747ecbde451de49ea2bb0b40c31b43aa1915d4f074ed405d0301b7d991a6
10514,24,8763918904,8751571486,11873114,60,361879,112305,60,1826960789,473477,85441168,166299027,438252976,366914340,146482503,496123814,126951986,210744989,3821216948,15795382,6,2,4,0,0,4438,1188,58,0,0,0,0,5,76622331,2729573484,13300085,1,134122658,1091643464,2495297,1270212211,1742935149,207926679,163933636,124598167,201707856,5963264,33033731,281301456,305791486,0,0,0,0,5eb7747ecbde451de49ea2bb0b40c31b43aa1915d4f074ed405d0301b7d991a6
10514,25,8763917304,8751572956,11870934,40,361968,111346,60,1826690035,444393,85513202,167422692,437054907,367111367,146327800,495886431,126911582,210712067,3821153864,15886688,6,2,4,0,0,4438,1188,58,0,0,0,0,5,76563378,2729555812,13342278,1,134148689,1091598052,2544410,1258268258,1744655902,199908454,184644652,124364629,201700397,5974714,33033951,296704093,299418691,0,0,0,0,5eb7747ecbde451de49ea2bb0b40c31b43aa1915d4f074ed405d0301b7d991a6
10514,26,8763918274,8751573176,11872184,60,361069,111735,50,1826300026,476895,85444269,166557067,438006335,366608752,146789834,496095351,126298991,210729448,3821231547,15783792,6,2,4,0,0,4438,1188,58,0,0,0,0,5,76607170,2729582303,13295705,1,134122278,1091649244,2488087,1275903438,1742690612,197681393,175293087,125196533,201712526,5962944,33021541,277541020,302737699,0,0,0,0,5eb7747ecbde451de49ea2bb0b40c31b43aa1915d4f074ed405d0301b7d991a6
10514,27,8763918004,8751526304,11918646,1340,360088,111566,60,1826551339,460235,85517330,167248225,437218467,366724446,146716410,495888662,126751493,210734357,3821276532,15745879,6,2,4,0,0,4438,1188,58,0,0,0,0,5,76588778,2729656329,13223001,1,134145579,1091620203,2522878,1275814505,1748962718,212396494,156465243,121812496,201698586,5962893,33044142,303088351,289464147,0,0,0,0,5eb7747ecbde451de49ea2bb0b40c31b43aa1915d4f074ed405d0301b7d991a6
10514,28,8763920474,8751523343,11923607,870,360929,111675,50,1826853123,450863,85449710,165422769,439152963,366852596,146530949,496098633,126868782,210734239,3821229317,15796583,6,2,4,0,0,4438,1188,58,0,0,0,0,5,76609640,2729578163,13302086,1,134124599,1091651154,2494497,1271754484,1747124405,206442215,167581760,123575989,201704896,5957793,33035682,289529850,274584882,0,0,0,0,5eb7747ecbde451de49ea2bb0b40c31b43aa1915d4f074ed405d0301b7d991a6
10514,29,8763918024,8751512453,11931847,80,362358,111226,60,1826649763,445413,85518273,165924437,438549573,367255785,146172280,495910873,126849668,210687866,3821097401,15938531,6,2,4,0,0,4438,1188,58,0,0,0,0,5,76538727,2729538151,13361710,1,134149139,1091559250,2576821,1314071852,1744824722,202837748,135696612,124225710,201700847,5979124,33032361,278652455,282520666,0,0,0,0,5eb7747ecbde451de49ea2bb0b40c31b43aa1915d4f074ed405d0301b7d991a6
10514,30,8763919474,8751579346,11867994,40,360099,111935,60,1826496314,424364,85500372,166988439,437579366,366662073,146718788,496100414,126497510,210744439,3821213027,15791362,6,2,4,0,0,4438,1188,58,0,0,0,0,5,76619491,2729567393,13298185,1,134124948,1091645634,2493177,1290540340,1743320349,197353354,159513906,126751428,201708846,5958773,33029622,286312578,289322372,0,0,0,0,5eb7747ecbde451de49ea2bb0b40c31b43aa1915d4f074ed405d0301b7d991a6
10514,31,8763918154,8751516153,11932187,50,358298,111416,50,1826549897,439243,85528303,167136320,437329960,366918347,146515188,495897224,126760713,210726168,3821165056,15853375,6,2,4,0,0,4438,1188,58,0,0,0,0,5,76577018,2729548743,13331047,1,134149150,1091616313,2522328,1247970814,1743291753,208696355,182666231,119592848,201698806,5968413,33032902,192308308,329518614,0,0,0,0,5eb7747ecbde451de49ea2bb0b40c31b43aa1915d4f074ed405d0301b7d991a6
10514,32,8763917724,8751625869,11815861,40,363939,111865,150,1828838174,485976,85454039,168267747,436282048,366272615,147109858,496114844,128835809,210733867,3821300422,15707138,6,2,4,0,0,4438,1188,58,0,0,0,0,5,76619879,2729614066,13251373,1,134113988,1091686356,2455765,1279718973,1745627697,199430002,171934326,122601619,201717136,5942393,33041222,298380705,306654059,0,0,0,0,5eb7747ecbde451de49ea2bb0b40c31b43aa1915d4f074ed405d0301b7d991a6
10514,33,8763918624,8751602057,11841683,50,363518,111166,150,1828825744,436031,85480500,169965734,434511627,366248253,147196523,495877551,129090322,210703146,3821372187,15670214,6,2,4,0,0,4438,1188,58,0,0,0,0,5,76563277,2729733443,13166047,1,134139869,1091638744,2504167,1281111003,1745363008,197607843,167391073,130303531,201697456,5972964,33033831,322659048,273302560,0,0,0,0,5eb7747ecbde451de49ea2bb0b40c31b43aa1915d4f074ed405d0301b7d991a6
10514,34,8763918234,8751625149,11816701,40,364209,111955,180,1828865526,410840,85475851,168882978,435675196,366099645,147279290,496128483,128892411,210714607,3821291880,15723940,6,2,4,0,0,4438,1188,58,0,0,0,0,5,76597979,2729620935,13254874,1,134116628,1091670945,2469066,1292424669,1743635042,211742244,147864931,123974971,201716787,5951003,33030131,323025266,275157408,0,0,0,0,5eb7747ecbde451de49ea2bb0b40c31b43aa1915d4f074ed405d0301b7d991a6
10514,35,8763918594,8751604927,11843743,40,358398,111426,60,1828590470,444670,85466911,170581052,433886387,366391589,147050086,495893122,128858941,210681796,3821368344,15676649,6,2,4,0,0,4438,1188,58,0,0,0,0,5,76547417,2729723730,13166361,1,134134379,1091644614,2510288,1299970312,1745932446,197293386,156564902,127418104,201695385,5969584,33040082,317383381,271757262,0,0,0,0,5eb7747ecbde451de49ea2bb0b40c31b43aa1915d4f074ed405d0301b7d991a6
10514,36,8763920224,8751598437,11849483,40,360249,111965,50,1828958550,451101,85438281,169200303,435355661,365795442,147593262,496120552,128981879,210735959,3821293771,15716918,6,2,4,0,0,4438,1188,58,0,0,0,0,5,76623271,2729631566,13233362,1,134112688,1091662205,2483556,1340501429,1747961587,213325413,142361873,123984513,201703566,5965924,33039542,314171548,265523238,0,0,0,0,5eb7747ecbde451de49ea2bb0b40c31b43aa1915d4f074ed405d0301b7d991a6
10514,37,8763917114,8751607128,11835292,60,363198,111376,60,1829114639,436003,85508031,169350572,435117999,366423291,147004156,495904049,129349547,210673415,3821361515,15689988,6,2,4,0,0,4438,1188,58,0,0,0,0,5,76536196,2729700330,13207872,1,134137219,1091661185,2482116,1278100419,1746781442,211215749,153132883,124038471,201696995,5977185,33034721,333528595,265440493,0,0,0,0,5eb7747ecbde451de49ea2bb0b40c31b43aa1915d4f074ed405d0301b7d991a6
10514,38,8763920534,8751625889,11818861,50,363039,112635,60,1828991950,443032,85436417,168981264,435591802,366185300,147179532,496096081,129063741,210727018,3821405677,15599233,6,2,4,0,0,4438,1188,58,0,0,0,0,5,76613110,2729727331,13138728,1,134113908,1091678346,2460505,1303506774,1745818109,198062034,149013612,125865516,201708336,5961594,33038721,305523461,272111080,0,0,0,0,5eb7747ecbde451de49ea2bb0b40c31b43aa1915d4f074ed405d0301b7d991a6
10514,39,8763918714,8751602948,11841972,50,362188,111496,60,1828786640,457043,85485141,170428955,434038695,365923638,147509378,495907422,129018499,210699856,3821289712,15726009,6,2,4,0,0,4438,1188,58,0,0,0,0,5,76565607,2729660259,13211861,1,134134249,1091629453,2514148,1307629432,1743805904,195531422,153230278,124073319,201696535,5974625,33034371,333532707,258390781,0,0,0,0,5eb7747ecbde451de49ea2bb0b40c31b43aa1915d4f074ed405d0301b7d991a6
10514,40,8763921164,8751602528,11841912,50,363619,113005,50,1826536917,314214,85565316,166610773,437929738,366891728,146509027,496066141,126615778,210733328,3821208718,15804933,6,2,4,0,0,4438,1188,58,0,0,0,0,5,76616330,2729570934,13302946,1,134116998,1091637784,2501987,1286393580,1745695498,194315438,169964419,121879807,201707736,5952533,33035762,305040221,287040360,0,0,0,0,5eb7747ecbde451de49ea2bb0b40c31b43aa1915d4f074ed405d0301b7d991a6
10514,41,8763918454,8751607448,11840132,50,359548,111226,50,1826432462,379229,85559983,167351942,437113389,367009312,146428424,495876520,126686922,210695617,3821175844,15894939,6,2,4,0,0,4438,1188,58,0,0,0,0,5,76556638,2729587903,13326318,1,134138979,1091587941,2568621,1280139261,1746479005,195844992,171568045,122366566,201701286,5970984,33034161,313565296,283153520,0,0,0,0,5eb7747ecbde451de49ea2bb0b40c31b43aa1915d4f074ed405d0301b7d991a6
10514,42,8763920354,8751593667,11850643,50,364039,111905,50,1826492283,376776,85529606,164450701,440104631,366930388,146442336,496110193,126522771,210712697,3821236900,15779901,6,2,4,0,0,4438,1188,58,0,0,0,0,5,76595669,2729597756,13278084,1,134117028,1091639144,2501817,1273192385,1744323221,208979510,165290335,117648067,201709416,5949033,33042722,305962223,288177879,0,0,0,0,5eb7747ecbde451de49ea2bb0b40c31b43aa1915d4f074ed405d0301b7d991a6
10514,43,8763918674,8751631019,11813061,50,362818,111676,50,1826656042,395910,85554991,166623085,437829726,367064955,146379873,495883640,126896150,210689604,3821252911,15781542,6,2,4,0,0,4438,1188,58,0,0,0,0,5,76551915,2729599006,13293316,1,134137689,1091653905,2488226,1286655423,1745298951,191666780,170898507,126203866,201700906,5959203,33041162,287464459,286063434,0,0,0,0,5eb7747ecbde451de49ea2bb0b40c31b43aa1915d4f074ed405d0301b7d991a6
10514,44,8763920234,8751630029,11813551,50,364499,112015,90,1826756785,407160,85482142,166785900,437766481,367312109,146077786,496084351,126813836,210708767,3821239299,15786352,6,2,4,0,0,4438,1188,58,0,0,0,0,5,76596649,2729565793,13316347,1,134112118,1091673506,2470005,1277112611,1746197119,202288228,163276603,122285944,201702446,5965824,33033481,301907763,294351944,0,0,0,0,5eb7747ecbde451de49ea2bb0b40c31b43aa1915d4f074ed405d0301b7d991a6
10514,45,8763918614,8751606708,11837722,50,362729,111345,60,1826737924,415740,85528953,167322570,437142950,367385802,146037603,495891230,126990908,210691006,3821152865,15943520,6,2,4,0,0,4438,1188,58,0,0,0,0,5,76552007,2729551293,13385910,1,134138999,1091601572,2557610,1280578201,1748068835,192511597,171582021,124785224,201700206,5970274,33042922,310388086,291727456,0,0,0,0,5eb7747ecbde451de49ea2bb0b40c31b43aa1915d4f074ed405d0301b7d991a6
10514,46,8763920344,8751629679,11819121,50,359459,111995,40,1826835094,346085,85552797,169163662,435398380,367456156,145920656,496057092,126916151,210736237,3821160337,15850714,6,2,4,0,0,4438,1188,58,0,0,0,0,5,76619479,2729525423,13342207,1,134116758,1091634914,2508507,1289848526,1744398179,197696522,161491944,127921158,201706086,5965734,33029841,289255297,283553633,0,0,0,0,5eb7747ecbde451de49ea2bb0b40c31b43aa1915d4f074ed405d0301b7d991a6
10514,47,8763917774,8751585927,11858923,40,361328,111506,50,1826290223,367327,85587637,168734991,435727718,366347059,147092868,495889762,126519942,210704656,3821188546,15863228,6,2,4,0,0,4438,1188,58,0,0,0,0,5,76566377,2729549342,13349670,1,134138279,1091639204,2513558,1234221841,1747093885,204128421,195475833,124630708,201700596,5965394,33036451,320064788,338655600,0,0,0,0,5eb7747ecbde451de49ea2bb0b40c31b43aa1915d4f074ed405d0301b7d991a6
10514,48,8763919434,8751600917,11842503,40,365389,110545,40,1828095836,451963,85488272,167425083,437109949,366230222,147158891,496120445,128098092,210770950,3821350565,15658344,6,2,4,0,0,4438,1188,58,0,0,0,0,5,76650212,2729709951,13156427,1,134120738,1091640614,2501917,1262618265,1744691860,197661324,181254916,123846907,201711957,5966284,33021211,341545238,313591022,0,0,0,0,5eb7747ecbde451de49ea2bb0b40c31b43aa1915d4f074ed405d0301b7d991a6
10514,49,8763917564,8751554345,11888405,50,363519,111195,50,1828565048,487534,85498949,170632330,433836971,366531840,146899657,495889111,128773907,210739949,3821375855,15650906,6,2,4,0,0,4438,1188,58,0,0,0,0,5,76588849,2729734081,13151819,1,134151100,1091641774,2499087,1279835787,1745451126,202724473,165078452,128796864,201696456,5970324,33033741,335068734,281136107,0,0,0,0,5eb7747ecbde451de49ea2bb0b40c31b43aa1915d4f074ed405d0301b7d991a6
10514,50,8763919874,8751551795,11893795,50,362549,111605,80,1828932279,438855,85476060,168180481,436369442,366304216,147071588,496134606,128938643,210744349,3821358825,15646975,6,2,4,0,0,4438,1188,58,0,0,0,0,5,76613630,2729707411,13161558,1,134130719,1091651414,2485417,1276406229,1745676252,197681863,174657205,119529656,201713516,5953834,33029431,332587239,275044320,0,0,0,0,5eb7747ecbde451de49ea2bb0b40c31b43aa1915d4f074ed405d0301b7d991a6
10514,51,8763917994,8751547835,11895595,40,362938,111526,60,1828715966,493094,85466101,171112141,433357608,366249543,147186694,495905753,128929303,210749298,3821384326,15623755,6,2,4,0,0,4438,1188,58,0,0,0,0,5,76601058,2729726352,13139638,1,134148240,1091657974,2484117,1066737576,1751973579,194700410,321543908,122980006,201695405,5967234,33042542,343226262,348384362,0,0,0,0,5eb7747ecbde451de49ea2bb0b40c31b43aa1915d4f074ed405d0301b7d991a6
10514,52,8763919694,8751560095,11883455,50,364339,111715,40,1828444923,481535,85457169,168346902,436196642,366194040,147186352,496149354,128416428,210762530,3821402147,15613323,6,2,4,0,0,4438,1188,58,0,0,0,0,5,76632721,2729755383,13116006,1,134129809,1091646764,2497317,1313386863,1742987003,203359807,143271093,120887540,201703316,5969334,33028121,339743867,258674748,0,0,0,0,5eb7747ecbde451de49ea2bb0b40c31b43aa1915d4f074ed405d0301b7d991a6
10514,53,8763917984,8751604137,11839263,40,363249,111235,60,1829165483,494474,85486360,169685749,434788922,366307366,147106769,495916333,129364387,210740229,3821301372,15729239,6,2,4,0,0,4438,1188,58,0,0,0,0,5,76588469,2729699760,13188410,1,134151760,1091601612,2540829,1295890905,1744750432,197901885,161265196,126033038,201697256,5975684,33035951,336492894,253974688,0,0,0,0,5eb7747ecbde451de49ea2bb0b40c31b43aa1915d4f074ed405d0301b7d991a6
10514,54,8763920604,8751541684,11901756,50,364719,112335,60,1829215383,460485,85474138,167322898,437231075,366161939,147209444,496095514,129244369,210757561,3821312471,15715500,6,2,4,0,0,4438,1188,58,0,0,0,0,5,76634032,2729701779,13164310,1,134123529,1091610692,2551190,1292122554,1741245465,198323711,164949106,128395696,201707516,5957964,33043051,325090104,258464364,0,0,0,0,5eb7747ecbde451de49ea2bb0b40c31b43aa1915d4f074ed405d0301b7d991a6
10514,55,8763918114,8751603958,11838782,40,363928,111346,60,1828414692,469305,85507220,170103411,434359560,366046032,147381793,495918013,128608327,210731628,3821336634,15688517,6,2,4,0,0,4438,1188,58,0,0,0,0,5,76589949,2729716421,13163439,1,134141679,1091620213,2525078,1325465934,1738177136,204817824,155987815,128013063,201696156,5974064,33029811,369735186,259473835,0,0,0,0,5eb7747ecbde451de49ea2bb0b40c31b43aa1915d4f074ed405d0301b7d991a6
10514,56,8763919474,8751533224,11911376,60,363309,111445,60,1826629881,445474,85500471,166546258,437985084,367277257,146115499,496109222,126633097,210751816,3821281951,15722669,6,2,4,0,0,4438,1188,58,0,0,0,0,5,76624888,2729635077,13227832,1,134126928,1091646874,2494837,1289909691,1739426207,198741183,166853705,131628649,201706456,5961314,33031821,335871509,275884694,0,0,0,0,5eb7747ecbde451de49ea2bb0b40c31b43aa1915d4f074ed405d0301b7d991a6
10514,57,8763917354,8751584837,11858533,40,362949,110945,50,1826143607,400211,85579444,167812656,436644485,367702317,145739886,495883302,126358336,210735178,3821283121,15745990,6,2,4,0,0,4438,1188,58,0,0,0,0,5,76577988,2729644087,13238463,1,134157190,1091639034,2507527,1292415946,1745405131,198341209,161145615,125290205,201701286,5972164,33035301,328860205,270517561,0,0,0,0,5eb7747ecbde451de49ea2bb0b40c31b43aa1915d4f074ed405d0301b7d991a6
10514,58,8763919284,8751535114,11911286,40,361589,111205,50,1826575437,385260,85575455,166882377,437667296,367743801,145624063,496108743,126568192,210749049,3821217807,15794743,6,2,4,0,0,4438,1188,58,0,0,0,0,5,76618680,2729623506,13252993,1,134130369,1091594301,2541750,1279828877,1743699086,193510011,174948850,122344198,201706256,5962114,33031921,301698447,284121574,0,0,0,0,5eb7747ecbde451de49ea2bb0b40c31b43aa1915d4f074ed405d0301b7d991a6
10514,59,8763917564,8751590877,11855723,40,359268,111526,130,1826331237,413732,85558264,165936260,438522970,367644964,145793233,495897801,126540153,210728408,3821270440,15754171,6,2,4,0,0,4438,1188,58,0,0,0,0,5,76571078,2729631166,13253314,1,134157330,1091639274,2500857,1278525694,1747216230,210321128,157487964,122257221,201700396,5960243,33043422,324242401,273509050,0,0,0,0,5eb7747ecbde451de49ea2bb0b40c31b43aa1915d4f074ed405d0301b7d991a6
10514,60,8763919424,8751591437,11855163,50,360879,111845,50,1825940477,394621,85541365,167166641,437380812,367192991,146187273,496093561,125957023,210729777,3821274479,15739890,6,2,4,0,0,4438,1188,58,0,0,0,0,5,76609909,2729618335,13253183,1,134119868,1091656144,2486707,1282479804,1746357809,200305884,162816503,122800804,201704206,5958683,33034132,302169399,293523575,0,0,0,0,5eb7747ecbde451de49ea2bb0b40c31b43aa1915d4f074ed405d0301b7d991a6
10514,61,8763917404,8751533164,11909586,40,363308,111266,40,1826494806,320598,85656099,168330479,436137140,367714899,145706276,495911223,126696571,210721138,3821206297,15829724,6,2,4,0,0,4438,1188,58,0,0,0,0,5,76565438,2729595125,13296915,1,134155700,1091611172,2532809,1285165477,1745960466,197694576,165992728,126213305,201700726,5976404,33029031,303454363,286917560,0,0,0,0,5eb7747ecbde451de49ea2bb0b40c31b43aa1915d4f074ed405d0301b7d991a6
10514,62,8763919594,8751522844,11923306,60,362519,110815,50,1826466523,374349,85563486,165529546,439027249,367457052,145915460,496089383,126482498,210743399,3821188914,15813065,6,2,4,0,0,4438,1188,58,0,0,0,0,5,76618391,2729593673,13269635,1,134125008,1091595241,2543430,1278984775,1745960087,209491581,159158329,124379231,201707046,5957403,33044452,292054055,285902251,0,0,0,0,5eb7747ecbde451de49ea2bb0b40c31b43aa1915d4f074ed405d0301b7d991a6
10514,63,8763917364,8751591897,11851563,40,362309,111515,40,1826682264,407571,85565544,168230466,436240685,367754570,145668676,495904793,126892269,210709068,3821265051,15762930,6,2,4,0,0,4438,1188,58,0,0,0,0,5,76567098,2729625647,13260643,1,134141970,1091639404,2502287,1251796560,1744623011,199894958,186140150,123735973,201700946,5968744,33034861,333456182,326028491,0,0,0,0,5eb7747ecbde451de49ea2bb0b40c31b43aa1915d4f074ed405d0301b7d991a6
10514,64,8763921474,8751569256,11876324,40,363519,112275,60,1829650017,547066,85400189,168703167,435853037,365723244,147653089,496118502,129635270,210803950,3821433119,15581671,6,2,4,0,0,4438,1188,58,0,0,0,0,5,76656470,2729750583,13123236,1,134147480,1091682536,2458435,1288268925,1742891468,200645215,160145043,130628694,201709566,5955433,33030262,306667891,315775868,0,0,0,0,5eb7747ecbde451de49ea2bb0b40c31b43aa1915d4f074ed405d0301b7d991a6
10514,65,8763918854,8751532964,11910886,50,363289,111615,50,1829550778,522385,85478512,169126031,435326469,366124395,147303488,495879732,129769696,210727930,3821444687,15606145,6,2,4,0,0,4438,1188,58,0,0,0,0,5,76580550,2729792672,13115578,1,134147380,1091652015,2490567,1292695919,1742168893,212191630,148147353,125755523,201696625,5966864,33039382,304057499,283407912,0,0,0,0,5eb7747ecbde451de49ea2bb0b40c31b43aa1915d4f074ed405d0301b7d991a6
10514,66,8763919675,8751539784,11902986,50,363559,113245,51,1828647543,493715,85450689,168184943,436379202,365883394,147483109,496127654,128627976,210757417,3821453498,15581823,6,2,4,0,0,4438,1188,58,0,0,0,0,5,76633029,2729780783,13118437,1,134124388,1091672715,2463386,1276458498,1741749643,198027828,176558190,121280158,201713916,5948883,33039512,259163421,279001622,0,0,0,0,5eb7747ecbde451de49ea2bb0b40c31b43aa1915d4f074ed405d0301b7d991a6
10514,67,8763918644,8751563726,11880014,70,363328,111446,60,1829404723,505856,85505121,170698972,433746016,365775829,147661467,495886863,129604448,210751869,3821412597,15621905,6,2,4,0,0,4438,1188,58,0,0,0,0,5,76580518,2729744002,13141498,1,134171351,1091668595,2480407,1049367976,1746906768,199894689,330275790,120721734,201697715,5966904,33039352,290579246,359154945,0,0,0,0,5eb7747ecbde451de49ea2bb0b40c31b43aa1915d4f074ed405d0301b7d991a6
10514,68,8763920754,8751538654,11908516,50,361589,111885,60,1829657504,549758,85391585,169014943,435551171,365771240,147604375,496117022,129637718,210773959,3821463300,15551279,6,2,4,0,0,4438,1188,58,0,0,0,0,5,76651821,2729805095,13066823,1,134122138,1091658205,2484456,1305755878,1743545827,203862656,149932498,123441510,201700576,5962413,33042002,276467650,258534895,0,0,0,0,5eb7747ecbde451de49ea2bb0b40c31b43aa1915d4f074ed405d0301b7d991a6
10514,69,8763915644,8751529644,11912216,40,362179,111515,50,1829459096,475914,85518192,170070829,434395091,366036010,147388365,495898282,129661001,210762920,3821359596,15700288,6,2,4,0,0,4438,1188,58,0,0,0,0,5,76589899,2729727272,13187350,1,134173021,1091632324,2512938,1305367084,1741817892,214234663,140754538,121535068,201698486,5974495,33035321,294300740,256101838,0,0,0,0,5eb7747ecbde451de49ea2bb0b40c31b43aa1915d4f074ed405d0301b7d991a6
10514,70,8763919924,8751540634,11902536,40,364199,112465,50,1829956052,528256,85413328,168217822,436364754,365959249,147404762,496081612,129968928,210759797,3821412227,15598113,6,2,4,0,0,4438,1188,58,0,0,0,0,5,76640799,2729755502,13113487,1,134118998,1091656725,2484626,1306455700,1742122043,196153781,159023244,129991822,201703586,5979064,33022621,277654761,256488502,0,0,0,0,5eb7747ecbde451de49ea2bb0b40c31b43aa1915d4f074ed405d0301b7d991a6
10514,71,8763918774,8751537604,11907526,40,362338,111216,50,1829397643,498526,85494101,169336161,435127419,366093633,147329492,495916612,129583088,210738199,3821431420,15621883,6,2,4,0,0,4438,1188,58,0,0,0,0,5,76588139,2729797226,13113796,1,134150060,1091634194,2508087,1310121245,1744370372,204640998,144432335,131027831,201696116,5989345,33019200,281006019,251022412,0,0,0,0,5eb7747ecbde451de49ea2bb0b40c31b43aa1915d4f074ed405d0301b7d991a6
10514,72,8763918314,8751519153,11923577,40,363529,111965,50,1827180358,506167,85440648,167425553,437123139,366881136,146505447,496086603,127194026,210787269,3821278682,15775210,6,2,4,0,0,4438,1188,58,0,0,0,0,5,76641580,2729654039,13254681,1,134145689,1091624643,2520529,1288386017,1738732769,198035840,169302240,122308556,201708197,5958724,33029921,366267710,282878865,0,0,0,0,5eb7747ecbde451de49ea2bb0b40c31b43aa1915d4f074ed405d0301b7d991a6
10514,73,8763916004,8751558275,11885325,40,361099,111215,50,1826516495,463155,85544211,166569352,437875609,366502085,146935118,495859031,126738653,210741388,3821297551,15786403,6,2,4,0,0,4438,1188,58,0,0,0,0,5,76576868,2729663157,13258335,1,134164520,1091634394,2528068,1293380979,1742424558,207823948,150744078,118471494,201700756,5970344,33036711,326026405,285517334,0,0,0,0,5eb7747ecbde451de49ea2bb0b40c31b43aa1915d4f074ed405d0301b7d991a6
10514,74,8763918734,8751527944,11915006,50,364059,111625,50,1827094653,416330,85512062,167147251,437428316,367181740,146180593,496099531,127114490,210791421,3821310480,15717600,6,2,4,0,0,4438,1188,58,0,0,0,0,5,76646032,2729662306,13226623,1,134145389,1091648174,2490977,1288518426,1745152983,200507476,162812298,122542489,201708036,5954563,33034242,300720119,273897655,0,0,0,0,5eb7747ecbde451de49ea2bb0b40c31b43aa1915d4f074ed405d0301b7d991a6
10514,75,8763917164,8751553725,11888045,40,363319,111985,50,1827308074,467723,85556664,168045285,436390314,367543330,145884735,495889452,127509162,210754429,3821300273,15730469,6,2,4,0,0,4438,1188,58,0,0,0,0,5,76587708,2729667909,13224002,1,134166721,1091632364,2506467,1390620152,1745289260,198731274,61536781,121976364,201700356,5961253,33042042,327248502,275390211,0,0,0,0,5eb7747ecbde451de49ea2bb0b40c31b43aa1915d4f074ed405d0301b7d991a6
10514,76,8763919365,8751556305,11886205,180,365019,111616,40,1827132857,513516,85427558,166010781,438565204,367247825,146128938,496072970,127142355,210800631,3821294122,15745261,6,2,4,0,0,4438,1188,58,0,0,0,0,5,76654512,2729645488,13250363,1,134146119,1091648634,2494898,1295915404,1741100897,200228346,155313128,122899470,201701246,5962433,33043572,313838244,279485579,0,0,0,0,5eb7747ecbde451de49ea2bb0b40c31b43aa1915d4f074ed405d0301b7d991a6
10514,77,8763917094,8751524123,11916877,50,364058,111936,50,1827311824,393211,85622124,168171334,436281178,367283907,146137449,495879478,127522734,210736178,3821246399,15854445,6,2,4,0,0,4438,1188,58,0,0,0,0,5,76589469,2729641917,13295534,1,134146709,1091604482,2558911,1288154725,1747038974,198406317,161905781,124056452,201700967,5963823,33043552,297811093,276961145,0,0,0,0,5eb7747ecbde451de49ea2bb0b40c31b43aa1915d4f074ed405d0301b7d991a6
10514,78,8763918194,8751553685,11886155,60,363859,114375,60,1827006259,451533,85489581,165918437,438658667,366902267,146469996,496060990,127037467,210800339,3821250151,15764711,6,2,4,0,0,4438,1188,58,0,0,0,0,5,76654960,2729610387,13259473,1,134145379,1091639764,2505238,1290112162,1742036264,203961945,154452260,126259542,201706036,5973104,33025101,307697217,294151586,0,0,0,0,5eb7747ecbde451de49ea2bb0b40c31b43aa1915d4f074ed405d0301b7d991a6
10514,79,8763915814,8751518703,11922477,70,362429,112075,60,1826476521,507027,85507110,166747010,437707131,366709485,146722050,495887241,126661858,210720427,3821307653,15745330,6,2,4,0,0,4438,1188,58,0,0,0,0,5,76577278,2729674119,13233262,1,134143149,1091633534,2512068,1293808631,1746780476,205277046,140791768,130789781,201699786,5966893,33035912,312768257,307530050,0,0,0,0,5eb7747ecbde451de49ea2bb0b40c31b43aa1915d4f074ed405d0301b7d991a6
10514,80,8763917164,8751553405,11886795,40,364859,111885,180,1828964962,545298,85412137,168381551,436168781,365842323,147550832,496108563,128932076,210821303,3821394648,15599901,6,2,4,0,0,4438,1188,58,0,0,0,0,5,76674613,2729712282,13145386,1,134146690,1091682366,2454515,1261471084,1745028515,217132803,162203433,119657999,201713856,5953533,33037142,387027937,305328242,0,0,0,0,5eb7747ecbde451de49ea2bb0b40c31b43aa1915d4f074ed405d0301b7d991a6
10514,81,8763916374,8751526424,11915476,60,363168,111116,130,1829142389,491824,85494342,169313508,435168352,366301725,147128048,495875982,129348826,210762910,3821361276,15674346,6,2,4,0,0,4438,1188,58,0,0,0,0,5,76612730,2729705501,13188119,1,134150180,1091655775,2486227,1287677693,1744349172,206929929,156704601,123340057,201692125,5975275,33036751,380925210,272071968,0,0,0,0,5eb7747ecbde451de49ea2bb0b40c31b43aa1915d4f074ed405d0301b7d991a6
10514,82,8763919604,8751561165,11884735,40,361469,112145,50,1829642926,444583,85493852,169208034,435360458,365712457,147667969,496107572,129629341,210830364,3821404907,15602204,6,2,4,0,0,4438,1188,58,0,0,0,0,5,76677644,2729732541,13136579,1,134152720,1091672366,2465625,1289819154,1740847763,210899815,154870112,122549078,201715807,5954513,33029411,362490928,270824995,0,0,0,0,5eb7747ecbde451de49ea2bb0b40c31b43aa1915d4f074ed405d0301b7d991a6
10514,83,8763916594,8751519303,11924937,40,360828,111436,50,1829379991,531155,85472481,170187373,434287329,366244022,147190175,495883339,129568397,210788980,3821319604,15693857,6,2,4,0,0,4438,1188,58,0,0,0,0,5,76627209,2729712372,13168819,1,134161771,1091607232,2525038,1295960714,1747060254,205080016,152896178,121282820,201692615,5973815,33038961,373556042,266849959,0,0,0,0,5eb7747ecbde451de49ea2bb0b40c31b43aa1915d4f074ed405d0301b7d991a6
10514,84,8763919364,8751555905,11888085,50,363439,111845,40,1829709666,488734,85468969,168948701,435625024,365722117,147654668,496120991,129658022,210807983,3821455719,15566800,6,2,4,0,0,4438,1188,58,0,0,0,0,5,76659943,2729771603,13106535,1,134148040,1091684116,2460265,1292932206,1743423018,195433743,165880044,129109046,201705796,5967074,33029351,344651804,258329103,0,0,0,0,5eb7747ecbde451de49ea2bb0b40c31b43aa1915d4f074ed405d0301b7d991a6
10514,85,8763917444,8751554285,11889615,60,362248,111186,50,1829896806,545257,85458769,170020907,434455622,365870884,147551471,495891092,130083543,210788660,3821403767,15654836,6,2,4,0,0,4438,1188,58,0,0,0,0,5,76608899,2729762813,13147588,1,134179761,1091640954,2507248,1300579218,1741179406,210836090,146545095,123347483,201691085,5979075,33037531,381190082,262539395,0,0,0,0,5eb7747ecbde451de49ea2bb0b40c31b43aa1915d4f074ed405d0301b7d991a6
10514,86,8763919274,8751526074,11917286,50,363769,112055,40,1829216063,546188,85399276,168342871,436237773,366035934,147329529,496092201,129212750,210771791,3821365354,15661165,6,2,4,0,0,4438,1188,58,0,0,0,0,5,76654203,2729708959,13175819,1,134117588,1091656395,2485346,1302034625,1741665894,200140614,154689531,126645197,201714156,5953803,33035892,352855136,261550597,0,0,0,0,5eb7747ecbde451de49ea2bb0b40c31b43aa1915d4f074ed405d0301b7d991a6
10514,87,8763918314,8751556735,11885705,50,363879,111895,50,1828978140,564918,85425998,170301500,434172020,365631611,147806625,495881081,129180548,210793450,3821381567,15636324,6,2,4,0,0,4438,1188,58,0,0,0,0,5,76608739,2729731992,13152218,1,134184711,1091649575,2484106,1298157714,1740802608,196773706,161164293,125680608,201692855,5977975,33027511,360261985,265702198,0,0,0,0,5eb7747ecbde451de49ea2bb0b40c31b43aa1915d4f074ed405d0301b7d991a6
10514,88,8763917494,8751550215,11891425,50,363509,112255,40,1827348489,519989,85432945,166687756,437853326,366760931,146623604,496098544,127348923,210799432,3821307062,15708579,6,2,4,0,0,4438,1188,58,0,0,0,0,5,76650613,2729652017,13229863,1,134148819,1091655045,2478716,1270242131,1740501438,197557841,178190799,123585164,201706726,5961034,33032861,370717884,295226413,0,0,0,0,5eb7747ecbde451de49ea2bb0b40c31b43aa1915d4f074ed405d0301b7d991a6
10514,89,8763915424,8751550625,11891405,40,362079,111225,50,1827190322,485175,85499940,168053507,436414454,366903897,146525368,495869900,127412877,210753590,3821312331,15757322,6,2,4,0,0,4438,1188,58,0,0,0,0,5,76577059,2729703339,13222543,1,134176531,1091608992,2534779,1273766456,1741934383,200056422,173271683,124010163,201699136,5968363,33040882,351429973,292811871,0,0,0,0,5eb7747ecbde451de49ea2bb0b40c31b43aa1915d4f074ed405d0301b7d991a6
10514,90,8763917744,8751550595,11892285,40,363209,111565,50,1827674665,482535,85461069,166830014,437724920,366762182,146617882,496078072,127694699,210779810,3821332434,15697377,6,2,4,0,0,4438,1188,58,0,0,0,0,5,76633601,2729670139,13221501,1,134146209,1091662295,2475876,1260179446,1743776171,203969112,177841103,124295310,201708206,5959154,33031321,372475028,285484216,0,0,0,0,5eb7747ecbde451de49ea2bb0b40c31b43aa1915d4f074ed405d0301b7d991a6
10514,91,8763915744,8751549385,11893405,60,361209,111635,50,1827385689,487205,85514571,166865907,437594192,367309518,146115348,495873430,127600487,210768249,3821213978,15832555,6,2,4,0,0,4438,1188,58,0,0,0,0,5,76599159,2729622557,13277544,1,134169090,1091591421,2555011,1270608122,1745911562,208420688,164737161,122425464,201698666,5963633,33041372,339516044,279556629,0,0,0,0,5eb7747ecbde451de49ea2bb0b40c31b43aa1915d4f074ed405d0301b7d991a6
10514,92,8763917814,8751550805,11891915,40,363739,111275,40,1827168869,488246,85462149,166797351,437756502,366655044,146719641,496079591,127185614,210796331,3821327235,15695856,6,2,4,0,0,4438,1188,58,0,0,0,0,5,76650441,2729662080,13215680,1,134145890,1091665155,2480176,1287069238,1741153267,192854015,176271460,126088438,201702236,5960663,33034802,319919443,278718818,0,0,0,0,5eb7747ecbde451de49ea2bb0b40c31b43aa1915d4f074ed405d0301b7d991a6
10514,93,8763915314,8751552695,11889125,40,362519,110885,50,1826414782,516027,85481620,165934707,438531323,366802352,146616753,495886139,126619498,210751710,3821196245,15847015,6,2,4,0,0,4438,1188,58,0,0,0,0,5,76574959,2729617045,13291665,1,134176751,1091579200,2555350,1282996335,1744936072,207252464,155544701,123433796,201699446,5984044,33023731,320019051,275694940,0,0,0,0,5eb7747ecbde451de49ea2bb0b40c31b43aa1915d4f074ed405d0301b7d991a6
10514,94,8763917534,8751545775,11896705,40,363499,111375,140,1827294613,436844,85511720,165570290,438997965,366441864,146924079,496078191,127312571,210791873,3821270219,15746051,6,2,4,0,0,4438,1188,58,0,0,0,0,5,76646183,2729605394,13269825,1,134145690,1091664825,2476226,1275379347,1744386888,201678150,166254603,119341457,201707506,5962634,33028051,327468687,303693016,0,0,0,0,5eb7747ecbde451de49ea2bb0b40c31b43aa1915d4f074ed405d0301b7d991a6
10514,95,8763915944,8751546175,11897755,40,360389,111535,50,1827750837,502856,85491219,168405252,436062158,367287055,146132522,495876009,127976136,210762020,3821304143,15727338,6,2,4,0,0,4438,1188,58,0,0,0,0,5,76587519,2729647448,13243982,1,134174501,1091656695,2483356,1249704557,1745241593,199950018,184683112,126888714,201698356,5968184,33035541,353244384,314770558,0,0,0,0,5eb7747ecbde451de49ea2bb0b40c31b43aa1915d4f074ed405d0301b7d991a6
10514,96,8763917394,8751551785,11890025,230,363609,111685,60,1829430714,519417,85450229,169146921,435413742,365714236,147649788,496100342,129415888,210792520,3821395708,15612402,6,2,4,0,0,4438,1188,58,0,0,0,0,5,76649691,2729740053,13128286,1,134142829,1091655655,2484116,1287401501,1747164931,209856474,147708711,117050638,201710267,5953503,33038092,283464158,293784691,0,0,0,0,5eb7747ecbde451de49ea2bb0b40c31b43aa1915d4f074ed405d0301b7d991a6
10514,97,8763918274,8751553775,11889045,60,364279,111075,40,1828404880,496424,85510873,169105662,435344017,365829511,147591884,495876981,128627921,210753049,3821410497,15638036,6,2,4,0,0,4438,1188,58,0,0,0,0,5,76589259,2729754932,13148810,1,134163790,1091655565,2489226,1287698045,1743983096,206316174,153600583,122885139,201688785,5983745,33031411,311204567,264999785,0,0,0,0,5eb7747ecbde451de49ea2bb0b40c31b43aa1915d4f074ed405d0301b7d991a6
10514,98,8763917504,8751549765,11891765,50,364189,111665,70,1829299116,489704,85472571,168719091,435836881,365918447,147436318,496117872,129292973,210782450,3821426757,15591033,6,2,4,0,0,4438,1188,58,0,0,0,0,5,76637991,2729771042,13106257,1,134144459,1091655715,2484776,1292412580,1741493092,207692056,151019143,123237104,201709926,5965584,33022391,277046669,260061089,0,0,0,0,5eb7747ecbde451de49ea2bb0b40c31b43aa1915d4f074ed405d0301b7d991a6
10514,99,8763918164,8751555545,11893675,50,357549,111275,70,1829369550,511917,85491309,169247657,435199473,365995222,147440685,495868840,129595828,210751639,3821416968,15625404,6,2,4,0,0,4438,1188,58,0,0,0,0,5,76588019,2729769694,13125527,1,134163620,1091647274,2499877,1295641865,1746359245,203520935,150425088,126426927,201690385,5970674,33044022,286345980,266977852,0,0,0,0,5eb7747ecbde451de49ea2bb0b40c31b43aa1915d4f074ed405d0301b7d991a6
10514,100,8763919994,8751553415,11893405,50,361269,111805,50,1828853175,520849,85425826,169077866,435493957,365801551,147558133,496118882,128836910,210799961,3821425087,15573183,6,2,4,0,0,4438,1188,58,0,0,0,0,5,76660392,2729743811,13110358,1,134139569,1091681276,2462825,1287303282,1737463538,213522846,151496526,124804230,201703626,5974814,33027101,263708276,258645262,0,0,0,0,5eb7747ecbde451de49ea2bb0b40c31b43aa1915d4f074ed405d0301b7d991a6
10514,101,8763916344,8751509043,11932107,60,364128,110956,50,1829376671,432772,85581396,169764532,434678057,365891485,147527199,495884050,129595510,210754079,3821398328,15668214,6,2,4,0,0,4438,1188,58,0,0,0,0,5,76589679,2729748953,13174098,1,134164400,1091649375,2494116,1300828743,1743068505,209115305,144821808,125777880,201689695,5988555,33035062,293538196,263259462,0,0,0,0,5eb7747ecbde451de49ea2bb0b40c31b43aa1915d4f074ed405d0301b7d991a6
10514,102,8763920864,8751553055,11891115,50,364389,112115,140,1829544399,510765,85434568,167944211,436640236,365661613,147686050,496078668,129568368,210794470,3821418188,15587263,6,2,4,0,0,4438,1188,58,0,0,0,0,5,76654881,2729736262,13131498,1,134139589,1091681926,2455765,1294547662,1743035315,202593052,154353764,124931773,201706306,5966194,33031891,257987889,273944860,0,0,0,0,5eb7747ecbde451de49ea2bb0b40c31b43aa1915d4f074ed405d0301b7d991a6
10514,103,8763918764,8751557885,11886775,50,362589,111315,150,1829760810,491706,85518211,170867877,433571093,365939367,147486128,495890170,129973908,210744929,3821422468,15602993,6,2,4,0,0,4438,1188,58,0,0,0,0,5,76582349,2729774654,13111296,1,134162580,1091647814,2491697,1292072750,1736575155,197657580,160843827,126280596,201689065,5985625,33029271,286371921,270412449,0,0,0,0,5eb7747ecbde451de49ea2bb0b40c31b43aa1915d4f074ed405d0301b7d991a6
10514,104,8763919105,8751513823,11927367,50,365519,112295,51,1827422813,454765,85488720,167615444,436935958,367016211,146366664,496052488,127473091,210817181,3821205908,15791041,6,2,4,0,0,4438,1188,58,0,0,0,0,5,76675132,2729562674,13298994,1,134142049,1091643234,2492047,1263388590,1739751566,200919071,182202573,122185357,201705216,5954303,33035552,301088041,301792938,0,0,0,0,5eb7747ecbde451de49ea2bb0b40c31b43aa1915d4f074ed405d0301b7d991a6
10514,105,8763915854,8751547605,11895535,160,361659,110845,50,1827315048,499757,85494637,165919009,438544833,366994100,146431625,495860940,127550286,210744858,3821296571,15766893,6,2,4,0,0,4438,1188,58,0,0,0,0,5,76582288,2729665148,13244474,1,134162570,1091631423,2522419,1265007227,1741299904,208559332,174934916,126219301,201695737,5982344,33027071,304060965,295963785,0,0,0,0,5eb7747ecbde451de49ea2bb0b40c31b43aa1915d4f074ed405d0301b7d991a6
10514,106,8763917904,8751550225,11892065,50,364529,110985,50,1827125246,291955,85654120,167740559,436829445,366751730,146604343,496086492,127145274,210767379,3821332041,15694659,6,2,4,0,0,4438,1188,58,0,0,0,0,5,76623870,2729688777,13203402,1,134143509,1091643264,2491257,1278447347,1743560388,206117127,166789767,122764582,201707376,5952933,33043362,293555158,296320184,0,0,0,0,5eb7747ecbde451de49ea2bb0b40c31b43aa1915d4f074ed405d0301b7d991a6
10514,107,8763916434,8751518603,11923607,140,362519,111505,60,1827353268,521246,85489949,166911449,437541612,367091427,146337971,495876108,127562915,210732018,3821267779,15767053,6,2,4,0,0,4438,1188,58,0,0,0,0,5,76570748,2729662367,13231704,1,134161270,1091605412,2535349,1282939812,1745845090,208754778,156742940,125181557,201695215,5965534,33041902,274577158,278786503,0,0,0,0,5eb7747ecbde451de49ea2bb0b40c31b43aa1915d4f074ed405d0301b7d991a6
10514,108,8763918034,8751550275,11891675,60,364869,111095,60,1826677824,475615,85469721,165677424,438890839,366788321,146580962,496068961,126700889,210777799,3821238549,15783871,6,2,4,0,0,4438,1188,58,0,0,0,0,5,76637820,2729609096,13274783,1,134139979,1091629453,2509088,1286133161,1744677630,207285670,155306753,121451188,201699296,5975694,33028421,270580059,281760417,0,0,0,0,5eb7747ecbde451de49ea2bb0b40c31b43aa1915d4f074ed405d0301b7d991a6
10514,109,8763916344,8751550945,11890245,50,364049,111005,50,1827342287,470395,85531971,168341683,436126578,367042765,146375877,495865573,127571765,210740918,3821235759,15856495,6,2,4,0,0,4438,1188,58,0,0,0,0,5,76577758,2729625887,13309255,1,134163160,1091609872,2547240,1285800115,1744628637,197519124,165527526,125014978,201695715,5977135,33035601,272644772,285483454,0,0,0,0,5eb7747ecbde451de49ea2bb0b40c31b43aa1915d4f074ed405d0301b7d991a6
10514,110,8763918904,8751516623,11930768,169,359199,112096,49,1826843393,441372,85524423,165713725,438858961,366918327,146439413,496047140,126880330,210763879,3821261691,15750649,6,2,4,0,0,4438,1188,58,0,0,0,0,5,76623180,2729610076,13258843,1,134140699,1091651615,2491806,1270818137,1742615474,204893157,167127387,128911142,201702656,5970844,33026191,265263146,294519359,0,0,0,0,5eb7747ecbde451de49ea2bb0b40c31b43aa1915d4f074ed405d0301b7d991a6
10514,111,8763916434,8751514993,11928187,50,361809,111345,50,1827293485,473875,85521812,167301160,437171241,367350428,146068167,495881112,127506279,210728686,3821231749,15830985,6,2,4,0,0,4438,1188,58,0,0,0,0,5,76566586,2729598906,13310636,1,134162100,1091632843,2520349,1241674014,1745730139,197479862,197020316,123344626,201695917,5966673,33042632,276515240,330730872,0,0,0,0,5eb7747ecbde451de49ea2bb0b40c31b43aa1915d4f074ed405d0301b7d991a6
10514,112,8763918864,8751515313,11926247,40,366959,110255,50,1829548440,499565,85458679,169140132,435413502,366107335,147270307,496108103,129529274,210793992,3821392616,15606373,6,2,4,0,0,4438,1188,58,0,0,0,0,5,76650552,2729726321,13134167,1,134143440,1091666295,2472206,1260145248,1746837166,214576380,166785739,124657347,201707117,5968314,33023731,198863369,320479275,0,0,0,0,5eb7747ecbde451de49ea2bb0b40c31b43aa1915d4f074ed405d0301b7d991a6
10514,113,8763917114,8751513913,11929377,50,362439,111295,40,1829545730,533647,85473150,169829806,434651275,366322327,147101539,495866709,129748967,210778040,3821362105,15676787,6,2,4,0,0,4438,1188,58,0,0,0,0,5,76603469,2729730432,13167419,1,134174571,1091631673,2509368,1283596017,1745321100,209828507,159313933,125527563,201688615,5975584,33039632,317040681,281394298,0,0,0,0,5eb7747ecbde451de49ea2bb0b40c31b43aa1915d4f074ed405d0301b7d991a6
10514,114,8763918804,8751521303,11922947,40,363059,111415,40,1829089606,471534,85475472,169259245,435305618,365904365,147467128,496112794,129073908,210790882,3821437578,15567762,6,2,4,0,0,4438,1188,58,0,0,0,0,5,76643232,2729770633,13098586,1,134147650,1091666945,2469176,1293059135,1740832327,198633665,162942075,122123268,201710256,5960274,33025781,292854270,287880379,0,0,0,0,5eb7747ecbde451de49ea2bb0b40c31b43aa1915d4f074ed405d0301b7d991a6
10514,115,8763917254,8751557195,11886075,40,362199,111695,50,1829750881,515556,85486310,168595726,435867323,366343768,147088190,495878420,129956894,210778310,3821358206,15656385,6,2,4,0,0,4438,1188,58,0,0,0,0,5,76606969,2729752744,13121256,1,134171341,1091605462,2535129,1278636303,1742633421,203519172,168389910,127636861,201690165,5971324,33043122,316071014,288824059,0,0,0,0,5eb7747ecbde451de49ea2bb0b40c31b43aa1915d4f074ed405d0301b7d991a6
10514,116,8763918754,8751524864,11918376,40,363929,111485,60,1829342937,535617,85431719,168660916,435900608,365993191,147379233,496120423,129301271,210783151,3821404867,15610183,6,2,4,0,0,4438,1188,58,0,0,0,0,5,76636811,2729754063,13121476,1,134146340,1091650804,2488707,1290048859,1739456337,206978354,157992161,126417320,201703206,5969904,33028151,279765594,292293864,0,0,0,0,5eb7747ecbde451de49ea2bb0b40c31b43aa1915d4f074ed405d0301b7d991a6
10514,117,8763916964,8751516433,11926767,50,362749,110905,60,1828817273,511256,85481711,169980602,434508767,365863985,147542971,495893551,129014118,210780140,3821349685,15687717,6,2,4,0,0,4438,1188,58,0,0,0,0,5,76607799,2729731042,13161709,1,134172341,1091618643,2526008,1322306359,1739891925,205915541,129390112,129752016,201690035,5982735,33038391,328730683,286751196,0,0,0,0,5eb7747ecbde451de49ea2bb0b40c31b43aa1915d4f074ed405d0301b7d991a6
10514,118,8763919945,8751553345,11889865,50,364689,111945,51,1829776960,450233,85498839,168171695,436416393,366094275,147261285,496079403,129784457,210792372,3821376225,15629144,6,2,4,0,0,4438,1188,58,0,0,0,0,5,76645952,2729727871,13135797,1,134146420,1091648354,2493347,1293632191,1741023344,203892577,157706799,124756398,201704316,5961804,33039581,290761040,290588037,0,0,0,0,5eb7747ecbde451de49ea2bb0b40c31b43aa1915d4f074ed405d0301b7d991a6
10514,119,8763917174,8751553825,11887845,40,363999,111395,70,1829737197,507755,85481430,170108933,434367408,365914316,147507480,495890180,129943178,210785930,3821380177,15644985,6,2,4,0,0,4438,1188,58,0,0,0,0,5,76611889,2729769465,13109325,1,134174041,1091610712,2535660,1292412426,1740412767,203919762,158639356,124023114,201690425,5981465,33030511,316042406,289852285,0,0,0,0,5eb7747ecbde451de49ea2bb0b40c31b43aa1915d4f074ed405d0301b7d991a6
10514,120,8763918004,8751509793,11931747,60,365259,111085,60,1827283585,487872,85490435,165562378,438970182,366355730,147035535,496084501,127275231,210789731,3821224149,15786862,6,2,4,0,0,4438,1188,58,0,0,0,0,5,76641241,2729587225,13283825,1,134148490,1091636924,2503037,1257116430,1735358955,207550212,181729306,124717619,201704526,5965624,33031391,311125301,328429150,0,0,0,0,5eb7747ecbde451de49ea2bb0b40c31b43aa1915d4f074ed405d0301b7d991a6
10514,121,8763915974,8751517633,11923007,60,363689,111515,70,1826501876,499745,85509393,167501286,436953991,366030292,147403555,495860799,126714793,210761320,3821282100,15765382,6,2,4,0,0,4438,1188,58,0,0,0,0,5,76590039,2729661427,13235713,1,134171281,1091620673,2529669,1240519458,1743491554,206915012,191151304,123278184,201697875,5975055,33038242,336271991,321160280,0,0,0,0,5eb7747ecbde451de49ea2bb0b40c31b43aa1915d4f074ed405d0301b7d991a6
10514,122,8763917904,8751512633,11930267,50,363869,111015,70,1827033529,419400,85552015,166390542,438162690,366574803,146790292,496082081,127035437,210769251,3821295372,15729909,6,2,4,0,0,4438,1188,58,0,0,0,0,5,76619961,2729656018,13233102,1,134149290,1091639354,2496807,1247805627,1743438264,211201596,182131969,124496234,201707636,5955033,33042582,313968955,331029819,0,0,0,0,5eb7747ecbde451de49ea2bb0b40c31b43aa1915d4f074ed405d0301b7d991a6
10514,123,8763915824,8751546835,11898675,40,358689,111535,50,1827459744,468152,85556967,168318188,436126160,366687615,146745451,495864849,127675680,210748788,3821294022,15734010,6,2,4,0,0,4438,1188,58,0,0,0,0,5,76578427,2729656769,13231342,1,134170361,1091637253,2502668,1261484602,1745551807,203698690,177077144,127272744,201698136,5962563,33042722,302404419,315016228,0,0,0,0,5eb7747ecbde451de49ea2bb0b40c31b43aa1915d4f074ed405d0301b7d991a6
10514,124,8763918164,8751548795,11894795,40,362669,111815,50,1827513117,364277,85612050,167484176,437065406,366139538,147230666,496068288,127528136,210781261,3821272871,15741039,6,2,4,0,0,4438,1188,58,0,0,0,0,5,76632811,2729629577,13242422,1,134148450,1091643294,2498617,1253726415,1742764105,205666864,182384887,126004751,201702266,5961403,33035482,305817413,329988102,0,0,0,0,5eb7747ecbde451de49ea2bb0b40c31b43aa1915d4f074ed405d0301b7d991a6
10514,125,8763915674,8751510943,11929127,50,364559,110935,60,1827151367,440312,85561634,168718519,435752091,366538088,146890828,495878751,127352934,210742589,3821140373,15910849,6,2,4,0,0,4438,1188,58,0,0,0,0,5,76571048,2729568103,13338688,1,134171541,1091572270,2572161,1249996912,1743327132,207422279,180543671,125201674,201698735,5980345,33026451,270263955,328602760,0,0,0,0,5eb7747ecbde451de49ea2bb0b40c31b43aa1915d4f074ed405d0301b7d991a6
10514,126,8763918235,8751546085,11896195,40,365109,110745,61,1827566219,483665,85483161,167591171,436968724,366500665,146867517,496068480,127581778,210781410,3821186516,15819343,6,2,4,0,0,4438,1188,58,0,0,0,0,5,76632020,2729572203,13296115,1,134149390,1091614313,2523228,1260865694,1744170998,202219393,178954028,125174465,201704846,5958923,33044342,281114100,313121554,0,0,0,0,5eb7747ecbde451de49ea2bb0b40c31b43aa1915d4f074ed405d0301b7d991a6
10514,127,8763916234,8751511583,11930357,60,362809,111375,50,1827398030,456352,85537895,166173178,438301820,366393283,147023544,495882302,127612776,210758520,3821261480,15767811,6,2,4,0,0,4438,1188,58,0,0,0,0,5,76584799,2729645467,13241713,1,134173721,1091616013,2526098,1227504761,1746696070,210597927,192640400,122623133,201698026,5965233,33040582,309474547,347799479,0,0,0,0,5eb7747ecbde451de49ea2bb0b40c31b43aa1915d4f074ed405d0301b7d991a6
10515,0,9149217021,9137759228,10936636,60,422812,98155,130,1976195646,365210,91784687,184586947,473555090,390848051,160440893,540977529,133620670,222009438,4099769546,15729520,6,3,4,0,1,4652,1260,61,0,0,0,0,5,74693350,2721556201,13168229,1,147316088,1378213345,2561291,1581491766,1847029834,125994060,151398503,57081268,202541776,5929762,33043752,313160779,357853603,0,0,0,0,5eb7747ecbde451de49ea2bb0b40c31b43aa1915d4f074ed405d0301b7d991a6
10515,1,9149217311,9137761818,10936087,49,420942,98365,50,1975594256,407931,91700499,184144822,474057655,390421595,160887658,540747889,133209158,222023251,4099748585,15864918,6,3,4,0,1,4652,1260,61,0,0,0,0,5,74739694,2721466187,13319208,1,147283557,1378282398,2545710,1537302104,1850336238,126013011,169379682,59889284,202508475,5953943,33053262,275272605,333929615,0,0,0,0,5eb7747ecbde451de49ea2bb0b40c31b43aa1915d4f074ed405d0301b7d991a6
10515,2,9149219161,9137661263,11033821,60,424712,99255,50,1975552336,342577,91852505,182469908,475651386,390840698,160417483,540999742,132959976,221974408,4099772255,15738382,6,3,4,0,1,4652,1260,61,0,0,0,0,5,74663100,2721524488,13216664,1,147311308,1378247767,2521718,1539812963,1850846360,123953127,167671033,58982108,202552377,5906141,33057872,254800693,332386409,0,0,0,0,5eb7747ecbde451de49ea2bb0b40c31b43aa1915d4f074ed405d0301b7d991a6
10515,3,9149214271,9137753988,10936716,50,425052,98405,60,1975833791,405039,91732900,184453627,473723009,391123854,160157038,540791771,133426021,222021171,4099790928,15805504,6,3,4,0,1,4652,1260,61,0,0,0,0,5,74732984,2721534351,13239813,1,147288187,1378256577,2565691,1540242449,1854545181,121317546,175623709,64494554,202508474,5947923,33059283,296013516,328100095,0,0,0,0,5eb7747ecbde451de49ea2bb0b40c31b43aa1915d4f074ed405d0301b7d991a6
10515,4,9149218141,9137667033,11030782,49,420932,99305,40,1976247410,372537,91753490,184514851,473646093,390338533,160956913,540994148,133653614,222009859,4099777096,15727311,6,3,4,0,1,4652,1260,61,0,0,0,0,5,74698621,2721530749,13199942,1,147311238,1378246347,2527369,1563876649,1845507385,118479247,167234683,55609800,202520185,5935812,33060093,260451273,324825280,0,0,0,0,5eb7747ecbde451de49ea2bb0b40c31b43aa1915d4f074ed405d0301b7d991a6
10515,5,9149218271,9137758818,10934076,50,424892,100385,50,1975523472,366610,91755610,185234415,472955320,390739851,160561804,540765259,133121004,222013911,4099752634,15848598,6,3,4,0,1,4652,1260,61,0,0,0,0,5,74730194,2721493496,13282208,1,147283717,1378259138,2566390,1534590948,1849689078,112343059,198977662,65227221,202509125,5946962,33073953,313714308,327723382,0,0,0,0,5eb7747ecbde451de49ea2bb0b40c31b43aa1915d4f074ed405d0301b7d991a6
10515,6,9149218121,9137661163,11037111,51,420951,98675,170,1976034599,372459,91762629,182214345,475976582,390595017,160669755,540973221,133449691,221969778,4099726292,15790514,6,3,4,0,1,4652,1260,61,0,0,0,0,5,74657340,2721512067,13224193,1,147312438,1378214225,2566321,1548487241,1850835961,123858481,167874607,61513946,202539566,5916571,33074723,252066267,329962902,0,0,0,0,5eb7747ecbde451de49ea2bb0b40c31b43aa1915d4f074ed405d0301b7d991a6
10515,7,9149216081,9137756528,10940036,51,421201,98215,50,1975063750,381000,91721337,184268428,473928947,390766397,160529558,540775310,132676182,222034692,4099816028,15785742,6,3,4,0,1,4652,1260,61,0,0,0,0,5,74742875,2721526569,13248443,1,147291817,1378289459,2537299,1554140919,1850022593,121499096,167921527,61016122,202508575,5947092,33060063,271033860,327996851,0,0,0,0,5eb7747ecbde451de49ea2bb0b40c31b43aa1915d4f074ed405d0301b7d991a6
10515,8,9149218771,9137665383,11032061,51,426191,95005,80,1972697293,341689,91817122,180250484,477866049,391839950,159447653,540953322,130150911,221982610,4099678020,15839126,6,3,4,0,1,4652,1260,61,0,0,0,0,5,74668292,2721391171,13347559,1,147314318,1378286849,2491567,1510592881,1845401974,126194171,181286462,57763504,202525966,5946572,33036831,319836322,350245267,0,0,0,0,5eb7747ecbde451de49ea2bb0b40c31b43aa1915d4f074ed405d0301b7d991a6
10515,9,9149215911,9137758848,10937156,51,426221,93575,60,1972695182,389840,91744170,182390222,475780403,391906981,159389332,540738656,130333404,222004339,4099718344,15894956,6,3,4,0,1,4652,1260,61,0,0,0,0,5,74722643,2721462476,13327326,1,147281696,1378255868,2567630,1511279209,1851803620,117848616,187355409,59696387,202503784,5960614,33045801,314785272,356620405,0,0,0,0,5eb7747ecbde451de49ea2bb0b40c31b43aa1915d4f074ed405d0301b7d991a6
10515,10,9149218421,9137663843,11031721,40,428042,94715,60,1972850908,314095,91876535,182328622,475775202,392307623,158977370,540969150,130271871,221983349,4099647979,15864547,6,3,4,0,1,4652,1260,61,0,0,0,0,5,74672481,2721420853,13312897,1,147310868,1378227126,2551650,1506174343,1849180336,121060478,192310325,60132436,202550367,5918891,33037771,280790126,358078674,0,0,0,0,5eb7747ecbde451de49ea2bb0b40c31b43aa1915d4f074ed405d0301b7d991a6
10515,11,9149217431,9137759118,10934586,40,429722,93915,50,1973101199,375630,91726496,181712089,476478129,392120155,159161666,540765943,130737480,221999309,4099588786,16012775,6,3,4,0,1,4652,1260,61,0,0,0,0,5,74719843,2721337299,13438894,1,147279466,1378251487,2573881,1501509600,1850343894,123307127,186465182,58108885,202503644,5953594,33054062,291088802,364275805,0,0,0,0,5eb7747ecbde451de49ea2bb0b40c31b43aa1915d4f074ed405d0301b7d991a6
10515,12,9149218441,9137760068,10936727,40,426731,94835,40,1973372725,359220,91774368,182854520,475288405,391910263,159386732,540958769,130820987,221977767,4099630429,15891309,6,3,4,0,1,4652,1260,61,0,0,0,0,5,74663329,2721410433,13337999,1,147314438,1378219996,2553310,1624854515,1850286441,123314969,73861458,59795536,202515565,5952663,33051022,260327472,353933786,0,0,0,0,5eb7747ecbde451de49ea2bb0b40c31b43aa1915d4f074ed405d0301b7d991a6
10515,13,9149217271,9137666143,11032351,51,425021,93645,60,1973244849,340067,91736870,181908145,476289832,392197377,159109926,540739869,130900721,221998539,4099518422,16109801,6,3,4,0,1,4652,1260,61,0,0,0,0,5,74719923,2721310807,13491838,1,147278616,1378207615,2617963,1508210822,1848557376,120220259,189915522,60210718,202500504,5962334,33053562,282073303,357353756,0,0,0,0,5eb7747ecbde451de49ea2bb0b40c31b43aa1915d4f074ed405d0301b7d991a6
10515,14,9149219241,9137665473,11031782,49,426302,95585,50,1973345254,349646,91782199,180862415,477277699,392268892,159028894,540934369,130818707,221992959,4099528053,15989864,6,3,4,0,1,4652,1260,61,0,0,0,0,5,74682641,2721338969,13394622,1,147310318,1378189084,2595242,1497385722,1851326168,123432406,192910549,57936462,202538296,5919122,33072943,250111685,367690990,0,0,0,0,5eb7747ecbde451de49ea2bb0b40c31b43aa1915d4f074ed405d0301b7d991a6
10515,15,9149216571,9137758248,10937567,40,425961,94595,160,1973343343,370331,91731199,182577200,475599614,392095942,159209193,540763529,130976077,222004061,4099626918,15982954,6,3,4,0,1,4652,1260,61,0,0,0,0,5,74722394,2721403992,13380742,1,147281667,1378222926,2602212,1479208779,1853811077,119847834,204591260,65279116,202503524,5958444,33063082,272138380,379937395,0,0,0,0,5eb7747ecbde451de49ea2bb0b40c31b43aa1915d4f074ed405d0301b7d991a6
10515,16,9149217541,9137711006,10987079,60,420871,98475,50,1975554225,384380,91715346,183112903,475104276,390355964,160905916,541014113,132942797,222010009,4099698711,15796966,6,3,4,0,1,4652,1260,61,0,0,0,0,5,74686821,2721489346,13237015,1,147323188,1378209365,2559951,1551010409,1852674107,126912415,164153031,58605216,202535196,5938372,33044422,364401708,341786664,0,0,0,0,5eb7747ecbde451de49ea2bb0b40c31b43aa1915d4f074ed405d0301b7d991a6
10515,17,9149217381,9137653232,11040442,50,425842,97755,60,1975720602,399880,91703858,185218406,472997340,390639447,160642726,540783713,133317613,222044031,4099783956,15826635,6,3,4,0,1,4652,1260,61,0,0,0,0,5,74743634,2721514578,13270725,1,147300397,1378269378,2555910,1557760302,1848609858,118499137,174397932,57515349,202505644,5952323,33052622,362565796,315717070,0,0,0,0,5eb7747ecbde451de49ea2bb0b40c31b43aa1915d4f074ed405d0301b7d991a6
10515,18,9149219991,9137716556,10980958,500,422212,99375,390,1975276282,378329,91714847,182747541,475468408,390482947,160765472,541024985,132673022,221995920,4099701731,15811236,6,3,4,0,1,4652,1260,61,0,0,0,0,5,74675142,2721484456,13249275,1,147320778,1378217275,2561961,1554625783,1848665434,122313500,160332565,57930101,202540406,5923712,33054442,287606852,305299153,0,0,0,0,5eb7747ecbde451de49ea2bb0b40c31b43aa1915d4f074ed405d0301b7d991a6
10515,19,9149217431,9137712135,10981849,40,425362,97915,130,1975901231,445542,91656436,184939271,473276205,390680911,160604892,540784012,133499251,222059934,4099747184,15836906,6,3,4,0,1,4652,1260,61,0,0,0,0,5,74755726,2721508568,13251504,1,147304208,1378238616,2585402,1527092460,1852970200,124963849,176900572,61757917,202505444,5952813,33060813,370555757,307992101,0,0,0,0,5eb7747ecbde451de49ea2bb0b40c31b43aa1915d4f074ed405d0301b7d991a6
10515,20,9149218691,9137708525,10990839,51,420941,98285,50,1975273732,396089,91702787,183116952,475094485,390277841,161003814,540998061,132668992,222027411,4099735254,15759173,6,3,4,0,1,4652,1260,61,0,0,0,0,5,74700912,2721512978,13212163,1,147326499,1378222276,2547010,1552296173,1854408057,117400364,174856683,57843988,202520505,5939722,33046542,344847987,305900582,0,0,0,0,5eb7747ecbde451de49ea2bb0b40c31b43aa1915d4f074ed405d0301b7d991a6
10515,21,9149217341,9137717156,10982118,40,419992,97985,50,1975780178,392580,91725308,185386445,472821231,390507391,160761042,540795113,133368345,222049003,4099721293,15869518,6,3,4,0,1,4652,1260,61,0,0,0,0,5,74743675,2721468516,13296987,1,147305328,1378252777,2572531,1568206583,1845786833,114617526,161777326,62673027,202505214,5955674,33054562,356225820,306604670,0,0,0,0,5eb7747ecbde451de49ea2bb0b40c31b43aa1915d4f074ed405d0301b7d991a6
10515,22,9149219311,9137651382,11046413,40,422411,99015,50,1976132084,372627,91717978,183887422,474338156,390220149,161025383,541009032,133545927,221998129,4099668870,15851007,6,3,4,0,1,4652,1260,61,0,0,0,0,5,74677141,2721457605,13284086,1,147320988,1378211265,2566921,1559963892,1843489522,115759551,174903031,59291423,202533576,5924691,33054822,364890109,323842782,0,0,0,0,5eb7747ecbde451de49ea2bb0b40c31b43aa1915d4f074ed405d0301b7d991a6
10515,23,9149216561,9137716086,10980808,40,421372,98205,50,1976016107,369779,91705867,184899190,473322757,390287151,160992050,540790952,133623841,222074043,4099757246,15829265,6,3,4,0,1,4652,1260,61,0,0,0,0,5,74770725,2721488218,13274775,1,147303318,1378269028,2554490,1535715313,1847383123,123291709,169148837,61439360,202505434,5952253,33051992,312126184,314611654,0,0,0,0,5eb7747ecbde451de49ea2bb0b40c31b43aa1915d4f074ed405d0301b7d991a6
10515,24,9149219601,9137709575,10987939,191,424971,96885,40,1973446969,354069,91760848,180375869,477797956,391142844,160128928,540974502,130885791,222012329,4099610589,15892728,6,3,4,0,1,4652,1260,61,0,0,0,0,5,74686331,2721397773,13334008,1,147325998,1378212816,2558720,1515196504,1849661447,119886225,183944623,60739180,202524735,5951114,33033730,300795099,346417913,0,0,0,0,5eb7747ecbde451de49ea2bb0b40c31b43aa1915d4f074ed405d0301b7d991a6
10515,25,9149215971,9137713926,10979058,40,429492,93415,40,1973283830,405329,91732649,183004931,475186876,391216476,160059035,540771231,130880560,222061103,4099612648,15982382,6,3,4,0,1,4652,1260,61,0,0,0,0,5,74755525,2721375292,13398200,1,147305578,1378237356,2584182,1502333361,1852958123,121089487,193679649,59903762,202505925,5958033,33053832,313874577,335625726,0,0,0,0,5eb7747ecbde451de49ea2bb0b40c31b43aa1915d4f074ed405d0301b7d991a6
10515,26,9149218791,9137655053,11042482,49,425072,96085,50,1972914611,348796,91781451,181587181,476602387,391131341,160126509,540997002,130317991,221999978,4099598138,15913960,6,3,4,0,1,4652,1260,61,0,0,0,0,5,74678030,2721395653,13341959,1,147321948,1378202485,2572001,1522022351,1847047467,118880410,188745228,62304870,202530296,5938712,33042281,303046360,342468658,0,0,0,0,5eb7747ecbde451de49ea2bb0b40c31b43aa1915d4f074ed405d0301b7d991a6
10515,27,9149216171,9137707885,10987689,40,426812,93685,60,1973212626,380690,91708686,181427862,476772753,391318683,159952470,540775110,130848421,222057422,4099619828,15961392,6,3,4,0,1,4652,1260,61,0,0,0,0,5,74748694,2721378011,13381981,1,147308728,1378241817,2579411,1515597042,1853955068,121241526,186345264,60921150,202505414,5959644,33043991,330501058,329916994,0,0,0,0,5eb7747ecbde451de49ea2bb0b40c31b43aa1915d4f074ed405d0301b7d991a6
10515,28,9149218121,9137711675,10985319,491,425121,95455,60,1973681640,386930,91707725,180156081,478039136,391857443,159405431,540981951,131126182,222015531,4099584849,15914497,6,3,4,0,1,4652,1260,61,0,0,0,0,5,74692722,2721366603,13353657,1,147322809,1378218246,2560840,1518748090,1850889222,126387797,179167322,59498481,202515625,5944743,33055202,312734038,314004464,0,0,0,0,5eb7747ecbde451de49ea2bb0b40c31b43aa1915d4f074ed405d0301b7d991a6
10515,29,9149216211,9137709206,10988388,240,424782,93545,50,1972984715,395898,91731479,180887478,477293418,391442719,159829562,540784591,130595268,222047631,4099621429,15978653,6,3,4,0,1,4652,1260,61,0,0,0,0,5,74738563,2721398693,13378751,1,147309068,1378222736,2599902,1565384372,1849496402,116835971,149708773,61934063,202505195,5949552,33058953,298432484,321877376,0,0,0,0,5eb7747ecbde451de49ea2bb0b40c31b43aa1915d4f074ed405d0301b7d991a6
10515,30,9149219531,9137657493,11040531,40,424592,96815,60,1973905802,381998,91725400,182612073,475579055,391884259,159381492,540998462,131319852,221997740,4099596607,15915700,6,3,4,0,1,4652,1260,61,0,0,0,0,5,74671291,2721413253,13323268,1,147326449,1378183354,2592432,1524249598,1851089231,118523497,182959139,61746963,202525825,5931493,33053442,305902908,313988314,0,0,0,0,5eb7747ecbde451de49ea2bb0b40c31b43aa1915d4f074ed405d0301b7d991a6
10515,31,9149216371,9137699515,10997779,60,425182,93785,50,1972381835,382450,91726497,182217544,475974953,391571204,159698209,540790559,129987847,222043092,4099617466,15997695,6,3,4,0,1,4652,1260,61,0,0,0,0,5,74734014,2721368629,13422094,1,147309078,1378248837,2575601,1490127949,1847501134,125409424,198819739,59947409,202505255,5952163,33051851,202136485,366903286,0,0,0,0,5eb7747ecbde451de49ea2bb0b40c31b43aa1915d4f074ed405d0301b7d991a6
10515,32,9149219231,9137691574,11004300,40,424492,98765,60,1976030180,336247,91741840,182441154,475777034,390400984,160850968,540972601,133489111,222001720,4099715972,15779673,6,3,4,0,1,4652,1260,61,0,0,0,0,5,74680111,2721489537,13235953,1,147321609,1378226435,2543720,1556292970,1851281547,116379823,171514716,61156664,202531916,5940992,33036491,352297351,341428916,0,0,0,0,5eb7747ecbde451de49ea2bb0b40c31b43aa1915d4f074ed405d0301b7d991a6
10515,33,9149216481,9137771338,10926616,51,420281,98145,50,1975798298,364770,91671526,185767771,472458415,390055720,161228003,540752918,133477785,222021630,4099790947,15821283,6,3,4,0,1,4652,1260,61,0,0,0,0,5,74722923,2721501658,13280004,1,147298707,1378289289,2541279,1546350190,1850068801,120589812,172356628,64270766,202506494,5951934,33051451,375644582,309441380,0,0,0,0,5eb7747ecbde451de49ea2bb0b40c31b43aa1915d4f074ed405d0301b7d991a6
10515,34,9149219941,9137702465,10995520,40,424371,97495,50,1975392418,301986,91752558,183188936,475036044,390442368,160799735,541007432,132845139,221993508,4099794529,15714199,6,3,4,0,1,4652,1260,61,0,0,0,0,5,74681640,2721550812,13182710,1,147311868,1378243717,2531489,1546284666,1848199920,125478137,160734409,61740427,202541316,5916211,33053022,359825891,312208865,0,0,0,0,5eb7747ecbde451de49ea2bb0b40c31b43aa1915d4f074ed405d0301b7d991a6
10515,35,9149217361,9137771259,10921995,40,427122,96895,50,1974955465,366149,91670276,185038365,473181102,390161782,161114809,540768801,132627489,222030409,4099775397,15825025,6,3,4,0,1,4652,1260,61,0,0,0,0,5,74733512,2721499648,13274236,1,147296897,1378275749,2550789,1568151613,1852715581,117653059,168131788,61149403,202507575,5953643,33054982,371928593,306961383,0,0,0,0,5eb7747ecbde451de49ea2bb0b40c31b43aa1915d4f074ed405d0301b7d991a6
10515,36,9149219631,9137728826,10967018,40,424452,99245,50,1976162806,357247,91681057,184784825,473449785,389961252,161303229,540991700,133616390,221998041,4099685670,15826806,6,3,4,0,1,4652,1260,61,0,0,0,0,5,74680902,2721486556,13248635,1,147317139,1378199114,2578171,1632388858,1853215487,122262003,164370556,60842843,202524045,5931722,33061133,369187790,298874505,0,0,0,0,5eb7747ecbde451de49ea2bb0b40c31b43aa1915d4f074ed405d0301b7d991a6
10515,37,9149217251,9137770538,10923086,170,425062,98345,50,1975430940,313508,91759949,185032225,473176452,390318029,160943643,540782229,133074255,222047563,4099740712,15841778,6,3,4,0,1,4652,1260,61,0,0,0,0,5,74739235,2721467614,13290428,1,147308328,1378273098,2551350,1525535449,1850802681,124397809,189289170,57113638,202506465,5953443,33054612,365594222,303351740,0,0,0,0,5eb7747ecbde451de49ea2bb0b40c31b43aa1915d4f074ed405d0301b7d991a6
10515,38,9149217181,9137767439,10929536,40,422421,97705,40,1975836231,347199,91717879,184815274,473420444,390112411,161138620,541001841,133265663,221983008,4099706081,15818585,6,3,4,0,1,4652,1260,61,0,0,0,0,5,74668890,2721493966,13252394,1,147314118,1378212115,2566191,1572661592,1850351482,118247816,159417723,61573075,202535416,5920902,33062712,359338830,307566506,0,0,0,0,5eb7747ecbde451de49ea2bb0b40c31b43aa1915d4f074ed405d0301b7d991a6
10515,39,9149216761,9137769359,10929176,49,420292,97845,40,1975684052,325917,91691015,185090320,473140538,390183384,161087229,540771279,133364466,222025740,4099785637,15812603,6,3,4,0,1,4652,1260,61,0,0,0,0,5,74726233,2721502018,13262604,1,147299507,1378283619,2549999,1581796124,1847485265,113675887,163573722,61388105,202506974,5961294,33052182,387264947,300781303,0,0,0,0,5eb7747ecbde451de49ea2bb0b40c31b43aa1915d4f074ed405d0301b7d991a6
10515,40,9149219081,9137766808,10929246,40,427312,95615,60,1973110173,308279,91767438,180487954,477704394,391365826,159904236,540935279,130613465,222020121,4099531213,15956612,6,3,4,0,1,4652,1260,61,0,0,0,0,5,74699242,2721351460,13361640,1,147320879,1378179753,2594972,1532377373,1850403271,119716407,177915879,62294721,202519565,5956664,33036141,340630864,322449557,0,0,0,0,5eb7747ecbde451de49ea2bb0b40c31b43aa1915d4f074ed405d0301b7d991a6
10515,41,9149215521,9137765508,10931107,49,425952,92845,60,1973340412,310185,91738950,182160088,476046469,391734504,159534357,540758890,131027868,222039801,4099585728,16017272,6,3,4,0,1,4652,1260,61,0,0,0,0,5,74738704,2721370232,13408170,1,147301097,1378215496,2609102,1526744063,1850567203,119248251,180640514,60683997,202508674,5958354,33047042,349193717,326975123,0,0,0,0,5eb7747ecbde451de49ea2bb0b40c31b43aa1915d4f074ed405d0301b7d991a6
10515,42,9149216531,9137764858,10926866,330,430132,94285,60,1973265056,263442,91801719,179389152,478808119,391543232,159714379,540981712,130737800,221994879,4099609647,15898220,6,3,4,0,1,4652,1260,61,0,0,0,0,5,74678191,2721431733,13304848,1,147316688,1378177914,2593372,1519474354,1847624530,127546399,179281213,57688669,202537056,5921691,33054702,337689770,331413845,0,0,0,0,5eb7747ecbde451de49ea2bb0b40c31b43aa1915d4f074ed405d0301b7d991a6
10515,43,9149216601,9137682164,11011040,40,430172,93125,60,1973212185,328226,91713419,181391901,476818195,391488150,159774702,540764001,130900660,222009470,4099598928,16005573,6,3,4,0,1,4652,1260,61,0,0,0,0,5,74712933,2721348821,13432072,1,147296537,1378250107,2573501,1526441805,1853664834,110757428,185512626,65755011,202508145,5952093,33053032,313079813,324093537,0,0,0,0,5eb7747ecbde451de49ea2bb0b40c31b43aa1915d4f074ed405d0301b7d991a6
10515,44,9149216841,9137674114,11019671,40,428361,94575,80,1973718472,337067,91724418,181095068,477114591,391976904,159299689,540960780,131190496,222002817,4099530204,15982814,6,3,4,0,1,4652,1260,61,0,0,0,0,5,74682199,2721317279,13419453,1,147320618,1378212925,2563361,1517268508,1854170611,119144125,181787728,58820339,202512765,5947763,33051741,331816610,323451063,0,0,0,0,5eb7747ecbde451de49ea2bb0b40c31b43aa1915d4f074ed405d0301b7d991a6
10515,45,9149216041,9137765098,10929996,51,428101,92745,50,1973255580,320875,91734980,183370550,474837885,391339134,159935338,540742611,130944885,222032101,4099599906,16020387,6,3,4,0,1,4652,1260,61,0,0,0,0,5,74732434,2721396561,13394583,1,147299667,1378203345,2625804,1523224359,1852876739,116021594,181231981,61414581,202508065,5958103,33047082,340473303,330037544,0,0,0,0,5eb7747ecbde451de49ea2bb0b40c31b43aa1915d4f074ed405d0301b7d991a6
10515,46,9149218201,9137766188,10929986,51,427161,94765,50,1973475218,365838,91704844,182716683,475489337,391363273,159914590,540959620,130936961,222013080,4099553365,15948482,6,3,4,0,1,4652,1260,61,0,0,0,0,5,74701512,2721345610,13378751,1,147311568,1378207755,2569731,1533230448,1851638596,116693534,172449397,63593572,202527305,5930553,33055671,309879230,322226785,0,0,0,0,5eb7747ecbde451de49ea2bb0b40c31b43aa1915d4f074ed405d0301b7d991a6
10515,47,9149216541,9137764908,10929927,40,428481,93145,40,1973058958,314075,91732541,183138050,475082926,391454650,159804313,540767159,130736644,222013600,4099640819,15998704,6,3,4,0,1,4652,1260,61,0,0,0,0,5,74712463,2721387391,13425964,1,147301137,1378253428,2572740,1472466023,1852189989,120744366,211417581,61055925,202508624,5954944,33050221,340331047,377913722,0,0,0,0,5eb7747ecbde451de49ea2bb0b40c31b43aa1915d4f074ed405d0301b7d991a6
10515,48,9149218571,9137709935,10988350,49,424782,95415,40,1975443659,368558,91720147,183569154,474644685,390396255,160854176,541003652,132867061,222022540,4099712272,15782723,6,3,4,0,1,4652,1260,61,0,0,0,0,5,74696681,2721493647,13227963,1,147325859,1378218625,2554760,1527961606,1850753293,122688278,185999421,60101518,202523345,5953444,33038751,394513438,353459279,0,0,0,0,5eb7747ecbde451de49ea2bb0b40c31b43aa1915d4f074ed405d0301b7d991a6
10515,49,9149217271,9137759678,10933736,40,429862,93915,40,1975757575,407381,91723928,185463006,472745219,390607137,160654508,540776068,133363579,222045962,4099797076,15812015,6,3,4,0,1,4652,1260,61,0,0,0,0,5,74738404,2721549259,13233554,1,147307558,1378247817,2578461,1549115481,1849682911,124050840,172896480,63685898,202501204,5957114,33052011,386005711,319814532,0,0,0,0,5eb7747ecbde451de49ea2bb0b40c31b43aa1915d4f074ed405d0301b7d991a6
10515,50,9149218931,9137755098,10942596,60,425642,95475,60,1976042491,348047,91740140,183296908,474913569,390417827,160830554,541019942,133454333,222007410,4099727734,15795684,6,3,4,0,1,4652,1260,61,0,0,0,0,5,74680211,2721510078,13236284,1,147327199,1378217656,2559400,1516518855,1850540959,113947724,188769952,58642840,202534636,5928922,33045011,363690798,312913959,0,0,0,0,5eb7747ecbde451de49ea2bb0b40c31b43aa1915d4f074ed405d0301b7d991a6
10515,51,9149217451,9137756968,10936676,50,429562,94135,60,1975902432,402663,91688635,184528220,473683176,390364965,160908508,540774202,133535853,222071722,4099775828,15813003,6,3,4,0,1,4652,1260,61,0,0,0,0,5,74767004,2721515480,13251723,1,147304718,1378260348,2561280,1250958070,1857772917,112224964,351468589,59144754,202505264,5953084,33057912,369754851,390832528,0,0,0,0,5eb7747ecbde451de49ea2bb0b40c31b43aa1915d4f074ed405d0301b7d991a6
10515,52,9149217751,9137699355,10998410,40,424511,95375,60,1975031590,370688,91706088,183733800,474477998,389989874,161285659,541014040,132434831,222018069,4099712805,15803564,6,3,4,0,1,4652,1260,61,0,0,0,0,5,74689440,2721518230,13222993,1,147328629,1378194575,2580571,1572953601,1846734168,116622483,165939779,57343846,202517415,5943793,33051422,390439985,297132447,0,0,0,0,5eb7747ecbde451de49ea2bb0b40c31b43aa1915d4f074ed405d0301b7d991a6
10515,53,9149217361,9137674694,11022671,40,425921,93975,60,1975869973,393692,91758008,186090171,472114414,390594737,160647166,540795451,133462402,222074404,4099725222,15870078,6,3,4,0,1,4652,1260,61,0,0,0,0,5,74765586,2721514187,13255515,1,147308818,1378211035,2614563,1562676980,1849358481,117061774,173060377,62493018,202501594,5957184,33059512,385660002,292634289,0,0,0,0,5eb7747ecbde451de49ea2bb0b40c31b43aa1915d4f074ed405d0301b7d991a6
10515,54,9149220301,9137695745,11000900,40,426231,97335,50,1975797378,343199,91728996,183098079,475128011,390077429,161169452,540994541,133238482,222007788,4099690103,15804834,6,3,4,0,1,4652,1260,61,0,0,0,0,5,74705761,2721489119,13225392,1,147302027,1378200984,2579442,1556865048,1848938924,120906423,172109548,64476875,202524055,5937383,33051131,374515239,300646234,0,0,0,0,5eb7747ecbde451de49ea2bb0b40c31b43aa1915d4f074ed405d0301b7d991a6
10515,55,9149217531,9137710396,10988179,40,424531,94345,40,1975725613,362288,91728458,185195735,473011402,390403056,160854026,540801810,133345366,222069313,4099756035,15846606,6,3,4,0,1,4652,1260,61,0,0,0,0,5,74765055,2721543140,13235803,1,147304258,1378212895,2610803,1582264322,1842423367,123016500,166482770,61715417,202505894,5952824,33056262,402394381,299876561,0,0,0,0,5eb7747ecbde451de49ea2bb0b40c31b43aa1915d4f074ed405d0301b7d991a6
10515,56,9149219801,9137709115,10984739,60,429622,96225,40,1972761954,350089,91750739,180591311,477594035,391962428,159305766,540965579,130218416,222030731,4099627139,15860217,6,3,4,0,1,4652,1260,61,0,0,0,0,5,74700643,2721384752,13327428,1,147330088,1378242387,2532789,1539019986,1844606575,115230343,178024207,63638770,202520645,5956834,33036361,366681291,319853698,0,0,0,0,5eb7747ecbde451de49ea2bb0b40c31b43aa1915d4f074ed405d0301b7d991a6
10515,57,9149216491,9137695285,10997059,50,431082,92965,50,1972643199,391370,91711667,182201152,476001624,392240260,159033952,540750440,130286081,222038632,4099611009,15992151,6,3,4,0,1,4652,1260,61,0,0,0,0,5,74719544,2721409314,13369978,1,147319088,1378201695,2622173,1537725742,1851857270,120672402,170665871,60655547,202506505,5962343,33046112,361944238,307473430,0,0,0,0,5eb7747ecbde451de49ea2bb0b40c31b43aa1915d4f074ed405d0301b7d991a6
10515,58,9149218711,9137682414,11014570,40,426582,95065,40,1972671969,313676,91799859,180996704,477203606,391728853,159521958,540979801,130103768,221970079,4099624269,15894188,6,3,4,0,1,4652,1260,61,0,0,0,0,5,74665781,2721464506,13281885,1,147304298,1378159763,2612303,1527128899,1849666314,120921805,176335014,61480568,202531596,5929812,33049262,327491542,313573107,0,0,0,0,5eb7747ecbde451de49ea2bb0b40c31b43aa1915d4f074ed405d0301b7d991a6
10515,59,9149216591,9137699515,10996550,1020,426481,92895,130,1973690231,367297,91710679,181517177,476688660,391757194,159509899,540773760,131334152,222027491,4099619438,15970103,6,3,4,0,1,4652,1260,61,0,0,0,0,5,74722353,2721407353,13361250,1,147305138,1378212085,2608853,1520992712,1853663273,121176053,179366139,64725743,202505635,5956393,33049301,355589030,313568839,0,0,0,0,5eb7747ecbde451de49ea2bb0b40c31b43aa1915d4f074ed405d0301b7d991a6
10515,60,9149217531,9137699025,10996880,49,427642,93895,40,1972362863,343128,91748397,181472167,476737893,391389894,159865827,540978981,129801336,222020389,4099490313,16020875,6,3,4,0,1,4652,1260,61,0,0,0,0,5,74692330,2721358752,13375590,1,147328059,1378131561,2645285,1529559236,1850907057,122482757,169685254,59670870,202516735,5944333,33050581,335043885,330623240,0,0,0,0,5eb7747ecbde451de49ea2bb0b40c31b43aa1915d4f074ed405d0301b7d991a6
10515,61,9149216761,9137752638,10941206,50,429632,93185,50,1972636086,396751,91738978,183104768,475098437,391832080,159423503,540777200,130242581,222050482,4099577107,16016124,6,3,4,0,1,4652,1260,61,0,0,0,0,5,74742534,2721359462,13408411,1,147307948,1378217645,2607713,1526987261,1849330085,120369207,176871715,64633281,202506055,5950352,33054493,332041871,330180266,0,0,0,0,5eb7747ecbde451de49ea2bb0b40c31b43aa1915d4f074ed405d0301b7d991a6
10515,62,9149218251,9137751928,10941886,40,429702,94545,150,1972723761,353500,91738565,180831915,477368945,392023886,159229975,540978381,130175293,222007899,4099513223,15997885,6,3,4,0,1,4652,1260,61,0,0,0,0,5,74678240,2721361301,13378781,1,147329659,1378151922,2619104,1526256098,1849464409,125181578,175990331,61135138,202524225,5935303,33049391,316551835,326254152,0,0,0,0,5eb7747ecbde451de49ea2bb0b40c31b43aa1915d4f074ed405d0301b7d991a6
10515,63,9149216751,9137670093,11025801,40,427492,93275,50,1972958106,340219,91753019,183323449,474879518,391888993,159367417,540788482,130598898,222024741,4099592798,16010213,6,3,4,0,1,4652,1260,61,0,0,0,0,5,74714353,2721383563,13398600,1,147310388,1378209235,2611613,1490408667,1849495313,118926460,200655243,62804934,202505784,5950463,33055193,349184013,371961481,0,0,0,0,5eb7747ecbde451de49ea2bb0b40c31b43aa1915d4f074ed405d0301b7d991a6
10515,64,9149220281,9137660343,11036702,40,424281,98865,50,1976456373,416842,91705235,184265859,473941379,390193886,161050296,540990810,133875612,222031852,4099799445,15700280,6,3,4,0,1,4652,1260,61,0,0,0,0,5,74714023,2721566730,13166900,1,147317829,1378232715,2533380,1544756107,1850916841,119376463,172682642,64450616,202532636,5946142,33030751,353382472,350520393,0,0,0,0,5eb7747ecbde451de49ea2bb0b40c31b43aa1915d4f074ed405d0301b7d991a6
10515,65,9149217251,9137694075,11001539,40,426082,95455,60,1976036670,454814,91678534,184748882,473463705,390220907,161044364,540763950,133640444,222061172,4099812458,15792524,6,3,4,0,1,4652,1260,61,0,0,0,0,5,74759065,2721569041,13217193,1,147302107,1378243417,2575331,1542408847,1846304417,125194899,167134121,61296752,202504844,5955314,33053111,332306822,321272252,0,0,0,0,5eb7747ecbde451de49ea2bb0b40c31b43aa1915d4f074ed405d0301b7d991a6
10515,66,9149219961,9137697815,10996059,50,427822,98155,60,1976376907,389500,91715757,183655167,474586453,390009887,161215362,541011974,133778177,222026629,4099784667,15727080,6,3,4,0,1,4652,1260,61,0,0,0,0,5,74712751,2721561841,13182561,1,147313878,1378222826,2544519,1515015222,1845787102,118372921,187546404,57372620,202553317,5905860,33051312,284899227,316478101,0,0,0,0,5eb7747ecbde451de49ea2bb0b40c31b43aa1915d4f074ed405d0301b7d991a6
10515,67,9149214891,9137647592,11043392,60,427552,96245,50,1976618247,448521,91689596,184743822,473457385,389921653,161341369,540782640,134213391,222057952,4099837879,15756972,6,3,4,0,1,4652,1260,61,0,0,0,0,5,74755965,2721575521,13203062,1,147301987,1378262358,2553910,1240255921,1854499575,119303941,365034401,56443438,202505014,5954413,33054242,334284056,393996074,0,0,0,0,5eb7747ecbde451de49ea2bb0b40c31b43aa1915d4f074ed405d0301b7d991a6
10515,68,9149219251,9137693595,10999689,40,426682,99185,60,1976365936,459634,91651332,184490470,473736669,389709521,161551961,540994941,133752267,222045271,4099789596,15706951,6,3,4,0,1,4652,1260,61,0,0,0,0,5,74731233,2721552520,13173851,1,147314038,1378237076,2533100,1569773502,1848542000,119455903,164023015,61196991,202518585,5937642,33055742,320372283,294649178,0,0,0,0,5eb7747ecbde451de49ea2bb0b40c31b43aa1915d4f074ed405d0301b7d991a6
10515,69,9149219361,9137693235,10999199,40,427462,99365,60,1976745626,411680,91723698,184604004,473609664,390302450,160956471,540771070,134349848,222061562,4099856450,15751853,6,3,4,0,1,4652,1260,61,0,0,0,0,5,74759455,2721594102,13190973,1,147302107,1378262348,2560880,1546940783,1847713085,131150618,177540939,62827504,202505414,5949723,33058612,322513842,301236835,0,0,0,0,5eb7747ecbde451de49ea2bb0b40c31b43aa1915d4f074ed405d0301b7d991a6
10515,70,9149218821,9137692825,11001389,40,425752,98755,60,1976825439,421034,91687373,183644637,474611163,389875898,161346284,540983189,134238612,222034991,4099785385,15726421,6,3,4,0,1,4652,1260,61,0,0,0,0,5,74718783,2721568680,13167620,1,147316208,1378216705,2558801,1574416838,1847160973,120268987,167405733,63233639,202543926,5913572,33059302,325995055,291421647,0,0,0,0,5eb7747ecbde451de49ea2bb0b40c31b43aa1915d4f074ed405d0301b7d991a6
10515,71,9149216651,9137694075,10998869,40,426442,97175,50,1976839582,446212,91675904,184119922,474095795,390080652,161181991,540771271,134449761,222067653,4099826949,15775342,6,3,4,0,1,4652,1260,61,0,0,0,0,5,74765546,2721562901,13215732,1,147302107,1378264048,2559610,1575148243,1849777244,121064723,159856329,63703542,202504954,5949663,33055362,328423042,288216899,0,0,0,0,5eb7747ecbde451de49ea2bb0b40c31b43aa1915d4f074ed405d0301b7d991a6
10515,72,9149217621,9137702015,10992260,40,427901,95355,50,1974299628,400591,91732117,181279616,476897770,391688471,159570851,540954902,131758045,222022911,4099619576,15897979,6,3,4,0,1,4652,1260,61,0,0,0,0,5,74705422,2721420562,13318438,1,147317489,1378199014,2579541,1533417833,1843197687,124362350,175009907,59025937,202528626,5949743,33036281,401589173,319644596,0,0,0,0,5eb7747ecbde451de49ea2bb0b40c31b43aa1915d4f074ed405d0301b7d991a6
10515,73,9149216171,9137662323,11031531,280,427802,94175,60,1973595796,429110,91689037,181955951,476244747,391507710,159766371,540727248,131247738,222075003,4099711493,15901469,6,3,4,0,1,4652,1260,61,0,0,0,0,5,74772855,2721455905,13337159,1,147302148,1378255588,2564310,1535837020,1849304435,122718803,167872467,60582715,202500834,5960124,33054402,360077966,317450282,0,0,0,0,5eb7747ecbde451de49ea2bb0b40c31b43aa1915d4f074ed405d0301b7d991a6
10515,74,9149217181,9137700425,10993129,40,428532,95015,40,1974222118,351847,91805910,181841905,476319533,391583845,159672527,540976919,131651581,222021592,4099680620,15829215,6,3,4,0,1,4652,1260,61,0,0,0,0,5,74706294,2721458434,13281966,1,147315298,1378222186,2547249,1534316271,1850570559,116797547,177310022,60337657,202543356,5920672,33051042,322009936,310682063,0,0,0,0,5eb7747ecbde451de49ea2bb0b40c31b43aa1915d4f074ed405d0301b7d991a6
10515,75,9149216051,9137699835,10992249,50,429872,93995,50,1974073473,416599,91703379,182954341,475244695,391930533,159334268,540746679,131718782,222070013,4099675801,15933101,6,3,4,0,1,4652,1260,61,0,0,0,0,5,74771095,2721443275,13340539,1,147298918,1378232526,2592562,1645276992,1855715789,118041335,59306223,58319333,202502904,5955033,33057023,351010747,316629550,0,0,0,0,5eb7747ecbde451de49ea2bb0b40c31b43aa1915d4f074ed405d0301b7d991a6
10515,76,9149217301,9137659463,11035112,160,427321,95175,70,1974053769,416632,91702085,180986460,477204416,391742766,159521738,540966090,131493143,222017641,4099600706,15920881,6,3,4,0,1,4652,1260,61,0,0,0,0,5,74700733,2721414372,13335059,1,147316908,1378186334,2585822,1538554091,1847824849,123781818,163848124,60708324,202515505,5947293,33052232,338609036,312546641,0,0,0,0,5eb7747ecbde451de49ea2bb0b40c31b43aa1915d4f074ed405d0301b7d991a6
10515,77,9149216311,9137697845,10997260,40,426911,94195,60,1974082141,388849,91719767,182779101,475421885,391343616,159924638,540750180,131732673,222066624,4099669981,15977012,6,3,4,0,1,4652,1260,61,0,0,0,0,5,74764286,2721441305,13377310,1,147302338,1378228676,2599702,1532397184,1852077660,117878233,174628734,62857708,202496394,5963243,33054863,319963357,314391970,0,0,0,0,5eb7747ecbde451de49ea2bb0b40c31b43aa1915d4f074ed405d0301b7d991a6
10515,78,9149219281,9137657393,11036301,190,428212,97135,50,1974247467,416493,91714764,181210564,476980445,391935895,159330107,540946290,131694609,222026810,4099614198,15908409,6,3,4,0,1,4652,1260,61,0,0,0,0,5,74713942,2721394382,13346349,1,147312868,1378219816,2562060,1528213446,1848973919,117816868,175638154,60309534,202535866,5921371,33058743,329420120,326501624,0,0,0,0,5eb7747ecbde451de49ea2bb0b40c31b43aa1915d4f074ed405d0301b7d991a6
10515,79,9149217901,9137699835,10993980,80,428041,95905,60,1973609127,420562,91690526,182126090,476080107,391160724,160114749,540765219,131225166,222065124,4099770986,15858697,6,3,4,0,1,4652,1260,61,0,0,0,0,5,74763436,2721513978,13291777,1,147301688,1378257008,2566920,1535531462,1851180117,124042676,154017558,65192907,202500534,5959173,33055323,340045556,352221931,0,0,0,0,5eb7747ecbde451de49ea2bb0b40c31b43aa1915d4f074ed405d0301b7d991a6
10515,80,9149217971,9137674144,11018930,60,426942,97765,130,1975907112,417471,91710106,183322489,474889009,390308011,160934420,541005392,133306353,222038631,4099757723,15734532,6,3,4,0,1,4652,1260,61,0,0,0,0,5,74707011,2721528638,13201443,1,147331620,1378229085,2533089,1501214571,1852372016,130388106,181607302,55512737,202532536,5945952,33033001,419905024,339210669,0,0,0,0,5eb7747ecbde451de49ea2bb0b40c31b43aa1915d4f074ed405d0301b7d991a6
10515,81,9149216651,9137698545,10994299,50,429092,94605,60,1975830658,442723,91679243,184806456,473395011,390591037,160676036,540763778,133459203,222060342,4099839489,15769293,6,3,4,0,1,4652,1260,61,0,0,0,0,5,74753824,2721575661,13211033,1,147306518,1378263828,2558260,1530389712,1848054499,126138538,172506631,61107332,202505814,5951614,33052711,415866531,311756338,0,0,0,0,5eb7747ecbde451de49ea2bb0b40c31b43aa1915d4f074ed405d0301b7d991a6
10515,82,9149219591,9137662213,11032781,50,427012,97475,60,1976341695,421902,91688224,183564884,474651705,390812455,160424728,541008230,133757588,222012860,4099781526,15735990,6,3,4,0,1,4652,1260,61,0,0,0,0,5,74684571,2721555650,13191180,1,147328289,1378225876,2544810,1532295778,1847851158,127396147,171272445,60996598,202537836,5923712,33054222,400654690,301573558,0,0,0,0,5eb7747ecbde451de49ea2bb0b40c31b43aa1915d4f074ed405d0301b7d991a6
10515,83,9149217381,9137702505,10990839,40,428582,95365,50,1976254409,473784,91640963,184349349,473862296,390734813,160534091,540760999,133881113,222084424,4099792337,15788264,6,3,4,0,1,4652,1260,61,0,0,0,0,5,74777686,2721542490,13216843,1,147306738,1378249847,2571421,1543979640,1850989484,121087746,168634115,61857494,202505824,5949463,33059333,408123372,305527440,0,0,0,0,5eb7747ecbde451de49ea2bb0b40c31b43aa1915d4f074ed405d0301b7d991a6
10515,84,9149219031,9137664883,11033281,40,423842,96935,50,1976183187,441770,91655254,184525624,473700316,390274048,160986743,540992002,133592848,222059675,4099780935,15715540,6,3,4,0,1,4652,1260,61,0,0,0,0,5,74727145,2721563440,13168940,1,147332530,1378217495,2546600,1554239765,1851282530,118969954,174590289,62695326,202518515,5943983,33043911,394611416,288678963,0,0,0,0,5eb7747ecbde451de49ea2bb0b40c31b43aa1915d4f074ed405d0301b7d991a6
10515,85,9149217581,9137665343,11032202,409,424002,95465,160,1975776066,413359,91713977,186033678,472166818,390546424,160706117,540776482,133405968,222076093,4099809930,15784612,6,3,4,0,1,4652,1260,61,0,0,0,0,5,74768175,2721529541,13240783,1,147307918,1378280389,2543829,1560847037,1848743048,126821040,163921790,55450103,202505634,5955304,33049831,432077801,298432927,0,0,0,0,5eb7747ecbde451de49ea2bb0b40c31b43aa1915d4f074ed405d0301b7d991a6
10515,86,9149219141,9137698875,10997630,49,425442,97105,40,1975619720,421052,91685123,184128342,474102209,390144013,161084836,541003813,133036770,222028120,4099776757,15745001,6,3,4,0,1,4652,1260,61,0,0,0,0,5,74700261,2721548741,13199491,1,147327859,1378228016,2545510,1570527064,1844306850,120651705,164475173,61177343,202534336,5924971,33051942,408992266,298937002,0,0,0,0,5eb7747ecbde451de49ea2bb0b40c31b43aa1915d4f074ed405d0301b7d991a6
10515,87,9149216311,9137671434,11022170,40,427022,95585,60,1976528453,399739,91711817,185391134,472818311,390501001,160755282,540781471,134157536,222060023,4099827660,15768451,6,3,4,0,1,4652,1260,61,0,0,0,0,5,74753225,2721542871,13231582,1,147306798,1378284789,2536869,1539159536,1847223151,117706501,173855204,64750602,202505584,5950163,33051392,397633160,300339712,0,0,0,0,5eb7747ecbde451de49ea2bb0b40c31b43aa1915d4f074ed405d0301b7d991a6
10515,88,9149219191,9137689404,11005580,40,427902,96215,50,1973800854,399290,91731725,181510650,476666458,391310192,159947359,540951401,131266398,222050472,4099654020,15849815,6,3,4,0,1,4652,1260,61,0,0,0,0,5,74717862,2721436685,13301325,1,147332610,1378217335,2548490,1508870353,1846673077,122293016,186107222,59122924,202522635,5955293,33031801,402258492,333422606,0,0,0,0,5eb7747ecbde451de49ea2bb0b40c31b43aa1915d4f074ed405d0301b7d991a6
10515,89,9149215681,9137692275,10999359,40,431142,92805,60,1973413655,431083,91695453,182553732,475643255,391133473,160126090,540744447,131059849,222066294,4099688651,15909269,6,3,4,0,1,4652,1260,61,0,0,0,0,5,74754626,2721464215,13308907,1,147311668,1378224436,2600362,1510498739,1848367592,121957834,188258405,60185031,202507134,5952964,33052201,378492663,332758463,0,0,0,0,5eb7747ecbde451de49ea2bb0b40c31b43aa1915d4f074ed405d0301b7d991a6
10515,90,9149218051,9137690004,11005151,40,427721,95085,50,1973585262,376420,91748376,182333361,475861450,391497041,159742146,540986603,131018755,222032680,4099681752,15824335,6,3,4,0,1,4652,1260,61,0,0,0,0,5,74703771,2721470317,13264264,1,147328909,1378211435,2560071,1508475721,1850192857,127301537,183321122,62895838,202528926,5930972,33054422,403430499,321379177,0,0,0,0,5eb7747ecbde451de49ea2bb0b40c31b43aa1915d4f074ed405d0301b7d991a6
10515,91,9149215301,9137690195,11002559,40,429912,92525,70,1973149382,422931,91691825,181813754,476381702,391827990,159430902,540749258,130805418,222065753,4099627268,15970314,6,3,4,0,1,4652,1260,61,0,0,0,0,5,74755855,2721430284,13344540,1,147309898,1378196984,2625774,1513691913,1853126831,122955709,182767462,61146394,202506525,5954493,33049381,358336139,313657274,0,0,0,0,5eb7747ecbde451de49ea2bb0b40c31b43aa1915d4f074ed405d0301b7d991a6
10515,92,9149217791,9137687835,11006640,40,428331,94905,40,1973409306,446570,91668704,181077097,477122972,391518124,159735377,540956890,130859859,222047050,4099632671,15871836,6,3,4,0,1,4652,1260,61,0,0,0,0,5,74717361,2721414175,13315366,1,147329689,1378218496,2556470,1528751951,1847616925,120691715,181774905,61075617,202514545,5945152,33053042,339815950,312248979,0,0,0,0,5eb7747ecbde451de49ea2bb0b40c31b43aa1915d4f074ed405d0301b7d991a6
10515,93,9149215831,9137687845,11007000,60,427941,92935,50,1972102089,425252,91699824,181162690,477022226,391012790,160251643,540761218,129734664,222045631,4099655170,15949292,6,3,4,0,1,4652,1260,61,0,0,0,0,5,74732533,2721398953,13387071,1,147313098,1378256217,2562221,1521961954,1851240446,123158139,174641562,59073226,202506555,5948332,33061203,343897537,315074072,0,0,0,0,5eb7747ecbde451de49ea2bb0b40c31b43aa1915d4f074ed405d0301b7d991a6
10515,94,9149219141,9137690014,11005331,60,427511,96155,70,1973211925,431781,91690752,180852756,477339933,390719653,160527668,540973011,130650208,222036181,4099576354,15938572,6,3,4,0,1,4652,1260,61,0,0,0,0,5,74702162,2721395890,13350180,1,147334019,1378180464,2588392,1514389327,1850538126,119994094,182133081,61990907,202524535,5930582,33058092,348757642,334977442,0,0,0,0,5eb7747ecbde451de49ea2bb0b40c31b43aa1915d4f074ed405d0301b7d991a6
10515,95,9149216221,9137687364,11007150,40,428252,93355,60,1973925652,435181,91684794,182546031,475647916,391447858,159816034,540762940,131560982,222036431,4099685451,15931431,6,3,4,0,1,4652,1260,61,0,0,0,0,5,74722763,2721430914,13365170,1,147313668,1378254537,2566261,1488288575,1852047400,120281513,200216907,62996985,202506584,5950483,33051982,375774141,360214433,0,0,0,0,5eb7747ecbde451de49ea2bb0b40c31b43aa1915d4f074ed405d0301b7d991a6
10515,96,9149218641,9137684704,11007630,50,428082,98105,70,1976304902,398708,91725866,184395907,473837303,390003637,161225596,540967819,133730834,222030622,4099750603,15747922,6,3,4,0,1,4652,1260,61,0,0,0,0,5,74708783,2721552589,13182972,1,147321839,1378198014,2564950,1511325235,1852029078,127888042,173525754,56230572,202523355,5952803,33033541,317037481,336681883,0,0,0,0,5eb7747ecbde451de49ea2bb0b40c31b43aa1915d4f074ed405d0301b7d991a6
10515,97,9149215371,9137677424,11019701,40,419421,98735,50,1976251551,423761,91676084,184568504,473659894,389949904,161319239,540733619,133900642,222100414,4099881362,15731789,6,3,4,0,1,4652,1260,61,0,0,0,0,5,74786226,2721617594,13169309,1,147314188,1378263768,2562480,1531507623,1849638330,126095726,167665844,60004972,202498094,5962754,33050161,339428442,303665254,0,0,0,0,5eb7747ecbde451de49ea2bb0b40c31b43aa1915d4f074ed405d0301b7d991a6
10515,98,9149219141,9137683704,11013911,49,424472,96965,40,1976588509,349456,91766679,184476789,473750980,390184485,161033206,541004972,134002328,222027131,4099774685,15735261,6,3,4,0,1,4652,1260,61,0,0,0,0,5,74713613,2721559320,13182131,1,147313518,1378215365,2553130,1536601895,1846697156,131649337,159882938,55904266,202540846,5919482,33050982,307626270,302905033,0,0,0,0,5eb7747ecbde451de49ea2bb0b40c31b43aa1915d4f074ed405d0301b7d991a6
10515,99,9149216321,9137687314,11004680,40,427992,96255,40,1976437197,421188,91684276,184626225,473593092,390090991,161178351,540742560,134081353,222103514,4099839400,15772102,6,3,4,0,1,4652,1260,61,0,0,0,0,5,74787916,2721571662,13215272,1,147315598,1378267738,2556830,1550536209,1856204870,117720319,173235662,64449776,202498734,5960764,33055571,333973645,296478095,0,0,0,0,5eb7747ecbde451de49ea2bb0b40c31b43aa1915d4f074ed405d0301b7d991a6
10515,100,9149218911,9137678284,11016270,50,425572,98685,50,1976731565,420129,91675116,183632406,474614504,390126292,161115670,540984140,134138376,222023671,4099799437,15716049,6,3,4,0,1,4652,1260,61,0,0,0,0,5,74708303,2721572661,13168909,1,147315368,1378226776,2547140,1551192152,1844385498,127119587,166488403,59359443,202522045,5934162,33056063,309078660,293732637,0,0,0,0,5eb7747ecbde451de49ea2bb0b40c31b43aa1915d4f074ed405d0301b7d991a6
10515,101,9149216341,9137719646,10972268,50,426052,98265,60,1976289242,369236,91747440,184508500,473703808,389843637,161411964,540766750,133920876,222115655,4099792407,15803494,6,3,4,0,1,4652,1260,61,0,0,0,0,5,74799557,2721529919,13241354,1,147316098,1378262488,2562140,1549998530,1848267680,122373970,184039858,61214769,202497634,5962654,33059742,312823435,287988614,0,0,0,0,5eb7747ecbde451de49ea2bb0b40c31b43aa1915d4f074ed405d0301b7d991a6
10515,102,9149216511,9137682884,11013530,41,422841,97155,60,1977157745,410800,91714696,184990747,473248863,389938183,161287108,541002751,134540496,222028910,4099783446,15728430,6,3,4,0,1,4652,1260,61,0,0,0,0,5,74712542,2721553070,13189081,1,147316368,1378230376,2539349,1554464058,1848642128,124959900,165774215,62680165,202530116,5927582,33058882,303822590,315275602,0,0,0,0,5eb7747ecbde451de49ea2bb0b40c31b43aa1915d4f074ed405d0301b7d991a6
10515,103,9149215741,9137686884,11010691,60,420201,97855,50,1976219837,413549,91676536,185504492,472725468,390197425,161062806,540750808,133870513,222096124,4099865210,15730190,6,3,4,0,1,4652,1260,61,0,0,0,0,5,74783956,2721612593,13155919,1,147312168,1378252617,2574271,1553544210,1844503322,124808633,167066852,61136743,202500244,5962274,33060272,333184746,300364235,0,0,0,0,5eb7747ecbde451de49ea2bb0b40c31b43aa1915d4f074ed405d0301b7d991a6
10515,104,9149218341,9137670294,11023710,40,428352,95875,70,1974383258,359317,91778811,181640736,476543882,391500801,159755661,540920428,131867319,222031782,4099555855,15938150,6,3,4,0,1,4652,1260,61,0,0,0,0,5,74726974,2721366201,13357029,1,147304808,1378189654,2581121,1494498551,1848557688,122847736,195803406,60596583,202517845,5962554,33035231,334290557,333613111,0,0,0,0,5eb7747ecbde451de49ea2bb0b40c31b43aa1915d4f074ed405d0301b7d991a6
10515,105,9149215521,9137676814,11020160,140,425252,93085,70,1974314742,385008,91740940,180695107,477499560,390881879,160385793,540734869,131969856,222074994,4099667460,15938872,6,3,4,0,1,4652,1260,61,0,0,0,0,5,74766726,2721429673,13354501,1,147308268,1378237787,2584371,1499694619,1849841115,124572301,194177139,61859732,202504384,5959994,33051122,334794552,332547669,0,0,0,0,5eb7747ecbde451de49ea2bb0b40c31b43aa1915d4f074ed405d0301b7d991a6
10515,106,9149216491,9137668314,11022300,40,431522,94265,50,1974402966,326325,91807891,181781042,476413038,391527734,159717476,540966331,131846607,222034061,4099641099,15863389,6,3,4,0,1,4652,1260,61,0,0,0,0,5,74718993,2721434844,13301698,1,147315068,1378206255,2561691,1517235370,1849740194,121507767,182906185,61003471,202529586,5932082,33045511,318728605,335080306,0,0,0,0,5eb7747ecbde451de49ea2bb0b40c31b43aa1915d4f074ed405d0301b7d991a6
10515,107,9149215621,9137703815,10989129,180,429292,93145,60,1974298900,420139,91714148,183455658,474733548,391599208,159661085,540739709,131953073,222068172,4099596857,16011065,6,3,4,0,1,4652,1260,61,0,0,0,0,5,74760154,2721409183,13376901,1,147308018,1378187674,2634164,1523475105,1851308007,125504085,173901554,60948902,202503254,5955304,33047851,295685911,317845451,0,0,0,0,5eb7747ecbde451de49ea2bb0b40c31b43aa1915d4f074ed405d0301b7d991a6
10515,108,9149216751,9137668044,11023790,140,429952,94765,60,1973943970,383790,91735246,181332989,476871161,390702698,160553613,540957099,131381854,222032671,4099561145,15962372,6,3,4,0,1,4652,1260,61,0,0,0,0,5,74715223,2721389612,13358059,1,147317448,1378171533,2604313,1527091677,1853762263,122819201,171792065,62840633,202511285,5952413,33052422,287210092,317337565,0,0,0,0,5eb7747ecbde451de49ea2bb0b40c31b43aa1915d4f074ed405d0301b7d991a6
10515,109,9149215431,9137675974,11018160,51,428121,93075,50,1973730500,388229,91739989,183047898,475151539,391274599,159994153,540720057,131391957,222083593,4099633209,15990784,6,3,4,0,1,4652,1260,61,0,0,0,0,5,74775755,2721410823,13389902,1,147307838,1378222386,2600882,1524233695,1852199361,119719099,179688107,61265820,202503504,5959754,33049262,295337965,325980170,0,0,0,0,5eb7747ecbde451de49ea2bb0b40c31b43aa1915d4f074ed405d0301b7d991a6
10515,110,9149217581,9137702655,10991299,60,428392,95105,70,1973674399,443633,91687734,181149360,477053039,391362306,159903517,540939418,131114360,222040550,4099597876,15909942,6,3,4,0,1,4652,1260,61,0,0,0,0,5,74727302,2721397072,13337300,1,147313248,1378200804,2572642,1514599981,1846361463,125616289,179864487,59027292,202521855,5937253,33054971,280529528,335494795,0,0,0,0,5eb7747ecbde451de49ea2bb0b40c31b43aa1915d4f074ed405d0301b7d991a6
10515,111,9149215731,9137703295,10991000,40,428011,93335,50,1974114332,388529,91737876,183218927,474989931,391563994,159690307,540735009,131767716,222074013,4099611828,16018085,6,3,4,0,1,4652,1260,61,0,0,0,0,5,74766385,2721383742,13422373,1,147307628,1378228086,2595712,1476602965,1850542527,120848470,209747524,63288047,202504274,5958214,33047391,299459267,370652277,0,0,0,0,5eb7747ecbde451de49ea2bb0b40c31b43aa1915d4f074ed405d0301b7d991a6
10515,112,9149217731,9137664263,11028971,40,429092,95305,60,1976389207,396120,91731765,184959264,473246805,390652308,160583744,540999740,133803759,222051061,4099765656,15731260,6,3,4,0,1,4652,1260,61,0,0,0,0,5,74721002,2721551071,13182890,1,147330059,1378214585,2548370,1493343644,1853646857,130341470,190114149,59571518,202520315,5958384,33042611,228359128,360915752,0,0,0,0,5eb7747ecbde451de49ea2bb0b40c31b43aa1915d4f074ed405d0301b7d991a6
10515,113,9149215891,9137693955,10997689,40,430672,93495,40,1976367324,449283,91702545,184895571,473299176,390593195,160661178,540752578,133997387,222079493,4099775907,15823214,6,3,4,0,1,4652,1260,61,0,0,0,0,5,74768125,2721537590,13244313,1,147311368,1378238317,2578901,1524450204,1850554486,126828848,178419822,62859920,202497134,5959714,33055462,350975272,323155793,0,0,0,0,5eb7747ecbde451de49ea2bb0b40c31b43aa1915d4f074ed405d0301b7d991a6
10515,114,9149217791,9137695945,10996789,50,429632,95335,40,1976382197,399679,91721727,184622378,473593810,390112652,161123479,541004083,133791578,222038620,4099783728,15733860,6,3,4,0,1,4652,1260,61,0,0,0,0,5,74715812,2721562502,13183240,1,147322808,1378221226,2550620,1534531527,1846464375,118570134,179374269,59722016,202532266,5930262,33046771,329208492,327002868,0,0,0,0,5eb7747ecbde451de49ea2bb0b40c31b43aa1915d4f074ed405d0301b7d991a6
10515,115,9149216171,9137660013,11031571,50,430692,93795,50,1976212868,424842,91711116,184176783,474021552,390334765,160930978,540744029,133849040,222085273,4099791346,15785285,6,3,4,0,1,4652,1260,61,0,0,0,0,5,74773765,2721559810,13204013,1,147311508,1378231536,2581272,1519642375,1849310319,125443214,179975658,61792600,202502324,5954053,33064903,346150064,329172395,0,0,0,0,5eb7747ecbde451de49ea2bb0b40c31b43aa1915d4f074ed405d0301b7d991a6
10515,116,9149217281,9137698715,10993969,40,429512,94995,50,1975982237,411812,91702015,183808347,474414454,390507539,160746933,540990700,133383308,222041331,4099722443,15799575,6,3,4,0,1,4652,1260,61,0,0,0,0,5,74720223,2721507987,13243625,1,147321108,1378214456,2555950,1549331685,1845270286,122011230,178973849,62656406,202516835,5940392,33055273,335652400,329991565,0,0,0,0,5eb7747ecbde451de49ea2bb0b40c31b43aa1915d4f074ed405d0301b7d991a6
10515,117,9149216131,9137656243,11035801,40,430292,93695,60,1976494725,416633,91740486,184386015,473804092,390184325,161056806,540766520,134124275,222085584,4099892412,15706019,6,3,4,0,1,4652,1260,61,0,0,0,0,5,74774116,2721560660,13218083,1,147311468,1378331752,2487936,1580031810,1849813921,118789315,148802072,62367189,202498544,5960194,33059702,375863813,320788310,0,0,0,0,5eb7747ecbde451de49ea2bb0b40c31b43aa1915d4f074ed405d0301b7d991a6
10515,118,9149219651,9137666373,11026711,40,429252,97225,50,1976358816,397780,91716425,182615797,475615693,390222968,161014313,540975131,133785747,222050542,4099713653,15791624,6,3,4,0,1,4652,1260,61,0,0,0,0,5,74720793,2721506708,13224913,1,147329749,1378206945,2566711,1549017350,1849231132,118940836,179379626,60818877,202520625,5939503,33056452,345566508,339329148,0,0,0,0,5eb7747ecbde451de49ea2bb0b40c31b43aa1915d4f074ed405d0301b7d991a6
10515,119,9149216731,9137656633,11038932,40,426771,94275,80,1976738765,387691,91738246,184769386,473426800,390066520,161187582,540769960,134379739,222075322,4099839869,15762063,6,3,4,0,1,4652,1260,61,0,0,0,0,5,74764014,2721608403,13178701,1,147311308,1378231466,2583362,1589582166,1847775172,124082529,141423146,60312958,202502964,5955723,33056633,351152431,326838005,0,0,0,0,5eb7747ecbde451de49ea2bb0b40c31b43aa1915d4f074ed405d0301b7d991a6
10515,120,9149219901,9137676864,11016580,60,430132,96215,50,1973664938,407041,91742687,180314559,477864319,390652877,160605876,540947918,131101029,222038813,4099579313,15907912,6,3,4,0,1,4652,1260,61,0,0,0,0,5,74722574,2721393800,13325700,1,147316239,1378185513,2582212,1493022175,1844468540,120817451,205056107,61471239,202518975,5959824,33038341,343822568,359401060,0,0,0,0,5eb7747ecbde451de49ea2bb0b40c31b43aa1915d4f074ed405d0301b7d991a6
10515,121,9149216221,9137703355,10988479,60,431562,92695,70,1973363693,425730,91698207,182643693,475561693,390657110,160604672,540720640,131026477,222081064,4099694431,15907039,6,3,4,0,1,4652,1260,61,0,0,0,0,5,74762386,2721450224,13331358,1,147318678,1378244207,2575681,1469024561,1850811822,129556604,206926398,59022775,202503044,5957784,33056752,365497374,363095156,0,0,0,0,5eb7747ecbde451de49ea2bb0b40c31b43aa1915d4f074ed405d0301b7d991a6
10515,122,9149218821,9137706685,10987609,40,429362,94995,130,1973615416,327125,91806651,181278786,476915123,390953634,160291217,540961170,131052487,222038222,4099636538,15878560,6,3,4,0,1,4652,1260,61,0,0,0,0,5,74706843,2721421823,13322689,1,147331379,1378214715,2555871,1471259430,1849190604,125307011,211553168,62606062,202529866,5930172,33055162,340735549,370995867,0,0,0,0,5eb7747ecbde451de49ea2bb0b40c31b43aa1915d4f074ed405d0301b7d991a6
10515,123,9149216511,9137673564,11019900,40,430152,92805,50,1973781117,409913,91715186,183387283,474807472,390992647,160268556,540729430,131448468,222069533,4099704813,15883158,6,3,4,0,1,4652,1260,61,0,0,0,0,5,74751165,2721465916,13304337,1,147318368,1378238897,2578821,1493029448,1852329886,117566291,202501025,63883687,202502344,5960224,33052922,325737771,356904870,0,0,0,0,5eb7747ecbde451de49ea2bb0b40c31b43aa1915d4f074ed405d0301b7d991a6
10515,124,9149217591,9137675704,11018190,40,429782,93825,50,1974130963,385509,91754530,181977462,476212527,390614153,160628396,540963200,131571516,222063612,4099572365,15929981,6,3,4,0,1,4652,1260,61,0,0,0,0,5,74730383,2721379901,13351629,1,147333229,1378192464,2578352,1489518321,1848762586,124014491,201751264,62185321,202515615,5944203,33047101,333635304,370929975,0,0,0,0,5eb7747ecbde451de49ea2bb0b40c31b43aa1915d4f074ed405d0301b7d991a6
10515,125,9149217011,9137702165,10990689,40,430722,93345,50,1974091283,395740,91736548,183463157,474735119,391226149,160032374,540741977,131740878,222072332,4099571057,16025204,6,3,4,0,1,4652,1260,61,0,0,0,0,5,74750364,2721351901,13424912,1,147321968,1378219156,2600292,1482608882,1849713833,123279685,204425083,62112405,202502824,5955243,33057813,287024210,368079653,0,0,0,0,5eb7747ecbde451de49ea2bb0b40c31b43aa1915d4f074ed405d0301b7d991a6
10515,126,9149218191,9137673914,11019540,50,430162,94465,60,1973781413,406070,91731047,182298048,475890390,390606316,160637294,540965891,131218485,222048352,4099514152,15994064,6,3,4,0,1,4652,1260,61,0,0,0,0,5,74713323,2721340089,13397291,1,147335029,1378174063,2596773,1497464701,1849756707,126862978,192922871,60019794,202522215,5936512,33052582,305695422,359229078,0,0,0,0,5eb7747ecbde451de49ea2bb0b40c31b43aa1915d4f074ed405d0301b7d991a6
10515,127,9149217571,9137703425,10991819,160,428152,93885,130,1973973125,381429,91747647,181783791,476418046,391222047,160034045,540758440,131608418,222066191,4099647020,15952342,6,3,4,0,1,4652,1260,61,0,0,0,0,5,74745873,2721399103,13385861,1,147320318,1378247917,2566481,1455746094,1853646050,125011657,217985547,61997043,202501784,5955113,33052722,332399198,386042709,0,0,0,0,5eb7747ecbde451de49ea2bb0b40c31b43aa1915d4f074ed405d0301b7d991a6
10516,0,9002809696,8991171854,11140697,360,400520,96225,40,2065034522,374019,92497835,200201037,491063484,411635962,170335217,564070948,134835760,223770487,3892741961,15952299,6,3,4,0,1,4676,1272,61,0,0,0,0,5,77825821,2743429910,13456332,1,145944666,1149312051,2495967,1417386675,1889870541,111518715,146716098,46130872,203239090,5727721,33225150,308517685,333214769,0,0,0,0,5eb7747ecbde451de49ea2bb0b40c31b43aa1915d4f074ed405d0301b7d991a6
10516,1,9002809026,8991176814,11136037,40,399000,97005,130,2063805541,377767,92580333,198069975,493084988,411027323,170993120,563829396,133823447,223622178,3892686246,16057679,6,3,4,0,1,4676,1272,61,0,0,0,0,5,77685093,2743326543,13582363,1,145937085,1149359703,2475316,1413781147,1889373837,111930221,145692356,49195476,203274851,5677869,33238031,308131103,313611782,0,0,0,0,5eb7747ecbde451de49ea2bb0b40c31b43aa1915d4f074ed405d0301b7d991a6
10516,2,9002809246,8991277089,11034542,40,401070,96455,50,2064722484,336535,92515919,199186362,492094547,411618286,170359174,564086849,134508072,223763015,3892730018,15996505,6,3,4,0,1,4676,1272,61,0,0,0,0,5,77826950,2743371985,13544010,1,145936065,1149358033,2452495,1409819878,1888440552,115969839,142756536,49024422,203240040,5723071,33221420,257079652,319418110,0,0,0,0,5eb7747ecbde451de49ea2bb0b40c31b43aa1915d4f074ed405d0301b7d991a6
10516,3,9002809866,8991173464,11140237,360,398850,96905,50,2064821263,335026,92627744,199565044,491585629,411811305,170212417,563839054,134815811,223622017,3892767522,15976993,6,3,4,0,1,4676,1272,61,0,0,0,0,5,77673541,2743420009,13490857,1,145948476,1149347513,2486136,1397176640,1891657481,109124258,152619999,53608780,203276991,5688980,33239101,314701089,314559616,0,0,0,0,5eb7747ecbde451de49ea2bb0b40c31b43aa1915d4f074ed405d0301b7d991a6
10516,4,9002811006,8991193265,11120205,51,401210,96225,50,2064440642,387418,92477425,199630649,491641433,411714965,170262782,564070588,134227951,223749986,3892811704,15911749,6,3,4,0,1,4676,1272,61,0,0,0,0,5,77812760,2743451911,13460294,1,145937226,1149359793,2451455,1405148401,1885783270,105086444,159232717,50207541,203229249,5738852,33226510,248920954,300229811,0,0,0,0,5eb7747ecbde451de49ea2bb0b40c31b43aa1915d4f074ed405d0301b7d991a6
10516,5,9002809676,8991179004,11134437,40,399250,96895,50,2065483226,369688,92611984,198527400,492635273,411334347,170678465,563847306,135454370,223626570,3892749361,16010782,6,3,4,0,1,4676,1272,61,0,0,0,0,5,77676644,2743382867,13543167,1,145949926,1149366494,2467615,1392360343,1890350703,105505856,166230041,51493638,203272851,5680349,33237621,326370029,310465863,0,0,0,0,5eb7747ecbde451de49ea2bb0b40c31b43aa1915d4f074ed405d0301b7d991a6
10516,6,9002810886,8991274729,11038592,40,401190,96185,150,2064912427,396720,92478568,198651453,492638297,411030171,170939346,564080338,134670874,223735304,3892713788,16012354,6,3,4,0,1,4676,1272,61,0,0,0,0,5,77802758,2743362856,13541888,1,145932546,1149350932,2470466,1386448639,1889063502,114406191,159017292,47688568,203229009,5720601,33234421,248588427,311912725,0,0,0,0,5eb7747ecbde451de49ea2bb0b40c31b43aa1915d4f074ed405d0301b7d991a6
10516,7,9002808526,8991186374,11125717,40,399510,96835,50,2064785469,388489,92567691,198949962,492202781,411337369,170685082,563841575,134797210,223642291,3892815572,15924719,6,3,4,0,1,4676,1272,61,0,0,0,0,5,77692635,2743454029,13447282,1,145949656,1149361543,2477437,1395234589,1887760486,111666788,160353345,49967451,203269151,5695910,33240731,268993304,304854613,0,0,0,0,5eb7747ecbde451de49ea2bb0b40c31b43aa1915d4f074ed405d0301b7d991a6
10516,8,9002809286,8991262108,11049853,189,400991,96045,100,2061402446,346636,92510587,196907188,494354370,411774643,170212808,564025737,131238845,223747374,3892489618,16210554,6,3,4,0,1,4676,1272,61,0,0,0,0,5,77807848,2743186638,13705447,1,145939526,1149302980,2505107,1374842622,1882378825,116823849,170935504,49639346,203241409,5719732,33243011,326662215,338550690,0,0,0,0,5eb7747ecbde451de49ea2bb0b40c31b43aa1915d4f074ed405d0301b7d991a6
10516,9,9002809526,8991174424,11138977,49,399081,96935,60,2061845812,335707,92646574,196525018,494599174,412131320,169880561,563815205,131884922,223626351,3892628271,16131672,6,3,4,0,1,4676,1272,61,0,0,0,0,5,77677845,2743277199,13641995,1,145948506,1149351072,2489677,1367875490,1887984893,113265686,177266947,48220277,203273421,5689840,33242171,328169353,337310620,0,0,0,0,5eb7747ecbde451de49ea2bb0b40c31b43aa1915d4f074ed405d0301b7d991a6
10516,10,9002811056,8991167693,11145778,60,401250,96085,190,2061654202,439122,92420862,196698658,494575703,412227724,169755024,564050777,131464310,223735122,3892664807,16055006,6,3,4,0,1,4676,1272,61,0,0,0,0,5,77797437,2743334605,13575250,1,145937685,1149330202,2479756,1352491745,1891397325,113110330,188262360,52906879,203240829,5713491,33251542,284661088,342831004,0,0,0,0,5eb7747ecbde451de49ea2bb0b40c31b43aa1915d4f074ed405d0301b7d991a6
10516,11,9002810156,8991176984,11136717,189,399621,96605,40,2063234162,343248,92630464,196185699,494945111,412011932,170002092,563845146,133241620,223624999,3892502328,16233445,6,3,4,0,1,4676,1272,61,0,0,0,0,5,77686703,2743152036,13744178,1,145938296,1149350292,2489267,1368982227,1891610234,114131726,171290468,46262431,203275471,5688900,33218920,297966945,344033913,0,0,0,0,5eb7747ecbde451de49ea2bb0b40c31b43aa1915d4f074ed405d0301b7d991a6
10516,12,9002806656,8991267089,11042131,40,401491,95855,50,2061865349,374069,92472046,196448075,494821923,411699439,170287603,564025735,131717360,223740174,3892538809,16172233,6,3,4,0,1,4676,1272,61,0,0,0,0,5,77802769,2743209298,13684266,1,145937405,1149329511,2487967,1467805062,1887245201,111071725,79545186,50145833,203241680,5723821,33240481,270484436,350978960,0,0,0,0,5eb7747ecbde451de49ea2bb0b40c31b43aa1915d4f074ed405d0301b7d991a6
10516,13,9002807156,8991169674,11141157,49,399391,96745,140,2062036831,457584,92472044,196543781,494628024,412468317,169548285,563832957,132055988,223629959,3892571041,16183052,6,3,4,0,1,4676,1272,61,0,0,0,0,5,77689993,2743271291,13640722,1,145939966,1149299750,2542330,1368626199,1888540172,113098772,174467442,49533851,203268791,5692810,33237781,292896994,337858610,0,0,0,0,5eb7747ecbde451de49ea2bb0b40c31b43aa1915d4f074ed405d0301b7d991a6
10516,14,9002811256,8991170864,11142327,49,401541,96425,50,2062089363,358897,92478107,195768350,495514501,412019782,169958208,564051954,131918184,223735275,3892571422,16145490,6,3,4,0,1,4676,1272,61,0,0,0,0,5,77800279,2743260061,13641133,1,145934996,1149311361,2504357,1360960727,1892134416,114855631,176537745,50006249,203241430,5713220,33229581,260758593,344619006,0,0,0,0,5eb7747ecbde451de49ea2bb0b40c31b43aa1915d4f074ed405d0301b7d991a6
10516,15,9002809786,8991170424,11142747,49,399571,96825,170,2062133985,362459,92588592,196615205,494522887,412356311,169668474,563819553,132178316,223625049,3892529027,16212615,6,3,4,0,1,4676,1272,61,0,0,0,0,5,77689304,2743231197,13671346,1,145935745,1149297830,2541269,1334913780,1893644778,113644037,193827967,50934857,203268631,5692480,33230310,293316732,366638554,0,0,0,0,5eb7747ecbde451de49ea2bb0b40c31b43aa1915d4f074ed405d0301b7d991a6
10516,16,9002809116,8991175094,11131006,60,405991,96905,60,2064777608,416680,92469006,199218324,492062227,410400272,171581009,564063663,134544518,223740285,3892717530,16010682,6,3,4,0,1,4676,1272,61,0,0,0,0,5,77800949,2743384628,13526126,1,145939336,1149332902,2484556,1396641586,1892188466,113747880,155889064,47689911,203229619,5736332,33225530,362641120,313875251,0,0,0,0,5eb7747ecbde451de49ea2bb0b40c31b43aa1915d4f074ed405d0301b7d991a6
10516,17,9002809876,8991192825,11115955,50,404311,96685,50,2064563258,474543,92480986,198894298,492319667,410806920,171202983,563832275,134534094,223642350,3892730058,16007325,6,3,4,0,1,4676,1272,61,0,0,0,0,5,77677933,2743388076,13512858,1,145964417,1149341982,2494467,1397953240,1887286579,106413307,167104253,47126916,203266321,5689779,33235901,367591971,296256759,0,0,0,0,5eb7747ecbde451de49ea2bb0b40c31b43aa1915d4f074ed405d0301b7d991a6
10516,18,9002809486,8991175114,11131036,60,406881,96335,60,2064811382,389429,92491997,199101430,492189602,410696723,171272773,564098031,134549207,223777368,3892794411,15926600,6,3,4,0,1,4676,1272,61,0,0,0,0,5,77839312,2743478250,13425773,1,145938056,1149316161,2500827,1429658031,1886015638,109366153,138154177,48151565,203232619,5725592,33224130,323711672,282974430,0,0,0,0,5eb7747ecbde451de49ea2bb0b40c31b43aa1915d4f074ed405d0301b7d991a6
10516,19,9002809976,8991197895,11110665,40,404381,96945,50,2065354780,442134,92492236,200114160,491101565,410883254,171132679,563846577,135320054,223655400,3892698988,16043543,6,3,4,0,1,4676,1272,61,0,0,0,0,5,77692483,2743384617,13519415,1,145962917,1149314371,2524128,1382024061,1892569668,120025711,163903453,48249968,203270091,5689370,33236830,386301133,286344914,0,0,0,0,5eb7747ecbde451de49ea2bb0b40c31b43aa1915d4f074ed405d0301b7d991a6
10516,20,9002810116,8991189755,11117775,70,406231,96225,60,2065418120,439143,92456293,198311961,492970980,410677896,171294255,564075747,135173338,223771385,3892830953,15885928,6,3,4,0,1,4676,1272,61,0,0,0,0,5,77837150,2743479711,13418952,1,145934235,1149351242,2466976,1397344144,1891329634,112639811,156638229,49432261,203228799,5739532,33213000,348112805,282470709,0,0,0,0,5eb7747ecbde451de49ea2bb0b40c31b43aa1915d4f074ed405d0301b7d991a6
10516,21,9002809856,8991196455,11112025,40,404491,96805,40,2064522765,393599,92545810,200316520,490899546,410767411,171235720,563844806,134497684,223652289,3892726698,16021316,6,3,4,0,1,4676,1272,61,0,0,0,0,5,77698033,2743387076,13521258,1,145954256,1149339622,2500058,1414058726,1883944270,102828492,152202692,50591077,203259460,5695941,33235270,356406394,292937145,0,0,0,0,5eb7747ecbde451de49ea2bb0b40c31b43aa1915d4f074ed405d0301b7d991a6
10516,22,9002809046,8991186785,11119485,60,406561,96105,50,2064911476,398192,92494097,199721720,491570400,410457495,171500093,564084120,134666609,223767887,3892796982,15918390,6,3,4,0,1,4676,1272,61,0,0,0,0,5,77838871,2743438830,13454424,1,145929016,1149358152,2463966,1403243515,1883121087,108915340,158474811,47644501,203229939,5725882,33232750,363403668,298720978,0,0,0,0,5eb7747ecbde451de49ea2bb0b40c31b43aa1915d4f074ed405d0301b7d991a6
10516,23,9002809896,8991244917,11063323,60,404691,96835,70,2064490863,395581,92500216,198435216,492778350,410580890,171439645,563838542,134503014,223660811,3892760760,15966870,6,3,4,0,1,4676,1272,61,0,0,0,0,5,77709045,2743390086,13500815,1,145951766,1149370674,2466055,1395061549,1885502352,110978892,161466849,51537809,203259291,5697199,33242792,328496917,298994015,0,0,0,0,5eb7747ecbde451de49ea2bb0b40c31b43aa1915d4f074ed405d0301b7d991a6
10516,24,9002809316,8991196725,11114546,180,400930,96885,50,2062385408,393969,92520819,196398310,494860257,411606493,170371259,564071126,132142414,223746365,3892716179,16011043,6,3,4,0,1,4676,1272,61,0,0,0,0,5,77808739,2743363496,13544458,1,145937626,1149352683,2466585,1372517640,1888659955,114332493,169760347,50672512,203234939,5731582,33223520,310029129,321065245,0,0,0,0,5eb7747ecbde451de49ea2bb0b40c31b43aa1915d4f074ed405d0301b7d991a6
10516,25,9002809176,8991206066,11106814,51,399340,96845,60,2061750876,377667,92556271,197216344,493989300,411640054,170372117,563801704,131769807,223644609,3892613034,16120658,6,3,4,0,1,4676,1272,61,0,0,0,0,5,77697593,2743259101,13636292,1,145947016,1149353933,2484366,1364864460,1889623602,112124492,181542328,50797928,203264221,5686779,33236391,332255422,329532168,0,0,0,0,5eb7747ecbde451de49ea2bb0b40c31b43aa1915d4f074ed405d0301b7d991a6
10516,26,9002811326,8991184155,11128746,49,401041,97275,60,2062180117,355208,92546028,196988583,494280576,411639776,170345038,564054534,131949494,223727545,3892706877,16028334,6,3,4,0,1,4676,1272,61,0,0,0,0,5,77800270,2743371196,13537957,1,145927275,1149335681,2490377,1380590181,1888558959,111626744,170863724,48289263,203232139,5718021,33233431,314590126,316155021,0,0,0,0,5eb7747ecbde451de49ea2bb0b40c31b43aa1915d4f074ed405d0301b7d991a6
10516,27,9002809286,8991197015,11115916,189,399061,97055,50,2062253981,404308,92523231,196690685,494517519,411962599,170050131,563838610,132241618,223640781,3892631784,16109418,6,3,4,0,1,4676,1272,61,0,0,0,0,5,77694195,2743275851,13626272,1,145946586,1149355933,2483146,1376339140,1895841643,113202202,168517299,53024202,203267181,5684969,33237341,342634190,307185774,0,0,0,0,5eb7747ecbde451de49ea2bb0b40c31b43aa1915d4f074ed405d0301b7d991a6
10516,28,9002809696,8991202076,11108965,49,401361,97185,60,2062552537,401439,92499188,196288094,494985435,412002693,169974078,564042687,132339041,223760855,3892661346,16057877,6,3,4,0,1,4676,1272,61,0,0,0,0,5,77825249,2743354926,13547069,1,145935606,1149306420,2510808,1378895235,1891587914,112869542,169068652,52080138,203228399,5740152,33215580,320988096,292131086,0,0,0,0,5eb7747ecbde451de49ea2bb0b40c31b43aa1915d4f074ed405d0301b7d991a6
10516,29,9002809096,8991195765,11117025,171,399300,96795,40,2062958948,380418,92564891,195177120,496026825,411702689,170307254,563839527,132934010,223632398,3892553951,16197974,6,3,4,0,1,4676,1272,61,0,0,0,0,5,77686102,2743225799,13685957,1,145946296,1149328152,2512017,1422918233,1889041185,107366645,138724664,49380225,203262991,5691540,33231760,314764232,302754251,0,0,0,0,5eb7747ecbde451de49ea2bb0b40c31b43aa1915d4f074ed405d0301b7d991a6
10516,30,9002810286,8991193205,11119616,40,401630,95735,60,2062379928,374329,92521309,197773439,493506270,411527629,170449659,564066398,132141013,223758318,3892451754,16265807,6,3,4,0,1,4676,1272,61,0,0,0,0,5,77824982,2743125753,13771600,1,145933336,1149326001,2494207,1386503882,1889000747,109837769,168939663,51014951,203232829,5717021,33245031,326282903,302047910,0,0,0,0,5eb7747ecbde451de49ea2bb0b40c31b43aa1915d4f074ed405d0301b7d991a6
10516,31,9002808996,8991199475,11113136,49,399681,96615,40,2061677724,398270,92548900,196935230,494257115,412110139,169913333,563826647,131658887,223650199,3892589812,16150342,6,3,4,0,1,4676,1272,61,0,0,0,0,5,77707093,2743238929,13662566,1,145943106,1149350883,2487776,1354584908,1889637337,116330356,180005693,48975756,203263291,5689209,33235681,212299282,344659133,0,0,0,0,5eb7747ecbde451de49ea2bb0b40c31b43aa1915d4f074ed405d0301b7d991a6
10516,32,9002810746,8991268159,11043412,40,402700,96385,50,2064953935,329849,92499425,198456468,492822743,410373947,171595151,564057077,134804010,223726844,3892693827,16027747,6,3,4,0,1,4676,1272,61,0,0,0,0,5,77789498,2743336724,13573092,1,145937346,1149357103,2454655,1399321441,1889356985,109376732,156719430,49912782,203232529,5725302,33232710,343906069,327966936,0,0,0,0,5eb7747ecbde451de49ea2bb0b40c31b43aa1915d4f074ed405d0301b7d991a6
10516,33,9002808866,8991271549,11039272,40,401160,96795,50,2064665444,364428,92503477,199875408,491345268,410539737,171479867,563794640,134743530,223618938,3892688527,16059049,6,3,4,0,1,4676,1272,61,0,0,0,0,5,77680882,2743322254,13583432,1,145938056,1149366273,2475617,1385243070,1889505265,110331859,165835752,52982827,203268361,5687820,33228390,367276810,290085978,0,0,0,0,5eb7747ecbde451de49ea2bb0b40c31b43aa1915d4f074ed405d0301b7d991a6
10516,34,9002809806,8991263329,11046942,49,402931,96505,50,2064620609,334606,92493725,198539892,492753661,410502565,171461901,564082869,134434420,223723193,3892803484,15938580,6,3,4,0,1,4676,1272,61,0,0,0,0,5,77786888,2743446471,13483045,1,145936305,1149357013,2455535,1404930911,1887158673,114186762,151266306,49131353,203232459,5723231,33226671,366941421,291133198,0,0,0,0,5eb7747ecbde451de49ea2bb0b40c31b43aa1915d4f074ed405d0301b7d991a6
10516,35,9002809926,8991273879,11037792,40,401270,96805,140,2064776159,346507,92500887,200037536,491191472,410621660,171386548,563843089,134828089,223632310,3892725479,16005403,6,3,4,0,1,4676,1272,61,0,0,0,0,5,77695744,2743377346,13513527,1,145936566,1149348133,2491876,1408193417,1890089961,105254167,159879347,50330711,203275901,5682830,33225350,363450774,288557126,0,0,0,0,5eb7747ecbde451de49ea2bb0b40c31b43aa1915d4f074ed405d0301b7d991a6
10516,36,9002811066,8991276269,11035311,40,403141,96255,50,2064890753,358130,92476535,200968503,490322675,410513609,171458302,564063908,134715764,223748236,3892701407,16026725,6,3,4,0,1,4676,1272,61,0,0,0,0,5,77816030,2743359525,13551339,1,145932206,1149341882,2475386,1448960515,1893163180,112208439,154911337,50127274,203228959,5732912,33229210,363767384,283828134,0,0,0,0,5eb7747ecbde451de49ea2bb0b40c31b43aa1915d4f074ed405d0301b7d991a6
10516,37,9002809646,8991275349,11036042,140,401260,96795,60,2065916797,311128,92557128,199175501,492052006,410224073,171774678,563836585,135964368,223636729,3892679956,16071807,6,3,4,0,1,4676,1272,61,0,0,0,0,5,77691243,2743303162,13606792,1,145945486,1149376794,2465015,1383655322,1891055088,112761918,161663745,47267113,203277761,5679560,33226900,374914598,287774505,0,0,0,0,5eb7747ecbde451de49ea2bb0b40c31b43aa1915d4f074ed405d0301b7d991a6
10516,38,9002809246,8991241128,11067192,40,403401,97425,60,2064812749,412042,92408900,199737394,491569010,410710705,171247640,564061119,134643061,223728343,3892777584,15950740,6,3,4,0,1,4676,1272,61,0,0,0,0,5,77797427,2743421261,13488735,1,145930916,1149356323,2462005,1410132779,1893254880,109946927,145839228,50952001,203229379,5727412,33232590,349901595,285267915,0,0,0,0,5eb7747ecbde451de49ea2bb0b40c31b43aa1915d4f074ed405d0301b7d991a6
10516,39,9002807716,8991273769,11035541,51,401710,96585,60,2064736977,328598,92504478,200011295,491218901,410383080,171627400,563836278,134803678,223642199,3892727120,16001782,6,3,4,0,1,4676,1272,61,0,0,0,0,5,77700343,2743374827,13513096,1,145941856,1149352293,2488686,1418295873,1886492412,105888942,150714005,49340992,203264551,5695660,33231030,381466483,280685259,0,0,0,0,5eb7747ecbde451de49ea2bb0b40c31b43aa1915d4f074ed405d0301b7d991a6
10516,40,9002811266,8991270649,11040952,40,402470,97025,130,2061865888,290484,92544439,196304637,494957050,412047927,169929824,564009688,131748279,223724383,3892504477,16215925,6,3,4,0,1,4676,1272,61,0,0,0,0,5,77791768,2743192737,13713357,1,145932615,1149311740,2502568,1392371815,1891344196,105790317,167258431,50629924,203232249,5720991,33230141,345295701,300145561,0,0,0,0,5eb7747ecbde451de49ea2bb0b40c31b43aa1915d4f074ed405d0301b7d991a6
10516,41,9002809016,8991256638,11054982,51,400490,96805,50,2062160305,298125,92564051,197307937,493898437,412107807,169897955,563801684,132256309,223636829,3892656476,16090009,6,3,4,0,1,4676,1272,61,0,0,0,0,5,77697483,2743308743,13592252,1,145939346,1149347733,2497757,1388043163,1890574095,106842756,169271218,50197016,203273271,5684580,33247861,355489820,305576024,0,0,0,0,5eb7747ecbde451de49ea2bb0b40c31b43aa1915d4f074ed405d0301b7d991a6
10516,42,9002810566,8991269649,11041942,49,402511,96355,60,2062066601,320227,92490165,194255954,497035666,412203793,169776286,564041648,131904079,223717903,3892649814,16077389,6,3,4,0,1,4676,1272,61,0,0,0,0,5,77785938,2743323743,13586132,1,145931965,1149326071,2491257,1384001904,1889252764,117701318,161880446,49325652,203237029,5718461,33240582,342821228,305285655,0,0,0,0,5eb7747ecbde451de49ea2bb0b40c31b43aa1915d4f074ed405d0301b7d991a6
10516,43,9002809306,8991269859,11041792,40,400690,96875,50,2062107593,294293,92582082,196816292,494389452,412169854,169840210,563823044,132169865,223638351,3892661165,16065006,6,3,4,0,1,4676,1272,61,0,0,0,0,5,77700625,2743304542,13581410,1,145937726,1149356623,2483596,1390708791,1891353340,105563260,166146827,54855647,203272001,5690370,33228530,325835821,307898003,0,0,0,0,5eb7747ecbde451de49ea2bb0b40c31b43aa1915d4f074ed405d0301b7d991a6
10516,44,9002810616,8991270779,11040802,40,402650,96255,90,2062382817,319927,92486117,196755207,494526542,412325377,169656893,564029636,132254408,223734494,3892601812,16120449,6,3,4,0,1,4676,1272,61,0,0,0,0,5,77799659,2743284541,13617772,1,145934835,1149317271,2502677,1384937652,1891896731,109051295,164731481,49747154,203231019,5728852,33231560,339085106,309528120,0,0,0,0,5eb7747ecbde451de49ea2bb0b40c31b43aa1915d4f074ed405d0301b7d991a6
10516,45,9002809146,8991265409,11046191,40,400561,96895,50,2062261573,324839,92545347,196885246,494316369,411908671,170096202,563822526,132327811,223632418,3892612172,16137802,6,3,4,0,1,4676,1272,61,0,0,0,0,5,77696113,2743253039,13655036,1,145936305,1149359133,2482766,1385348850,1892188684,109081718,165387708,50946384,203268851,5688640,33226930,347747546,311510710,0,0,0,0,5eb7747ecbde451de49ea2bb0b40c31b43aa1915d4f074ed405d0301b7d991a6
10516,46,9002811646,8991272949,11038512,40,402790,97305,50,2062464382,364108,92430755,198478905,492819255,412154759,169818010,564045447,132326520,223734996,3892626552,16091259,6,3,4,0,1,4676,1272,61,0,0,0,0,5,77798410,2743283570,13622013,1,145936586,1149342982,2469246,1401449462,1888883164,110024334,154993486,52337425,203235809,5714101,33238191,321395347,305391640,0,0,0,0,5eb7747ecbde451de49ea2bb0b40c31b43aa1915d4f074ed405d0301b7d991a6
10516,47,9002809196,8991270569,11040841,40,400821,96875,50,2062179590,291596,92571950,198006583,493196601,411994433,170014910,563825867,132245267,223655552,3892637403,16087498,6,3,4,0,1,4676,1272,61,0,0,0,0,5,77718616,2743280520,13604202,1,145936936,1149356883,2483296,1340636388,1892450568,114138281,193446066,50654817,203268581,5689400,33226740,355231372,355552677,0,0,0,0,5eb7747ecbde451de49ea2bb0b40c31b43aa1915d4f074ed405d0301b7d991a6
10516,48,9002810476,8991234067,11075113,40,404851,96355,50,2065208762,393239,92484286,199738920,491544321,410678025,171285713,564055146,135010579,223776026,3892652805,16060067,6,3,4,0,1,4676,1272,61,0,0,0,0,5,77837280,2743371806,13526368,1,145938746,1149280999,2533699,1369828236,1890302874,115041220,171994167,51087365,203228739,5732152,33227480,386278296,328451334,0,0,0,0,5eb7747ecbde451de49ea2bb0b40c31b43aa1915d4f074ed405d0301b7d991a6
10516,49,9002809466,8991235047,11074633,40,402981,96715,50,2064776948,417494,92520707,200603636,490613549,410649572,171350849,563817903,134787240,223655181,3892704749,16030944,6,3,4,0,1,4676,1272,61,0,0,0,0,5,77693914,2743376977,13522677,1,145961267,1149327772,2508267,1388459397,1889048373,110921801,165187386,53652692,203263011,5690180,33235500,375283731,304539953,0,0,0,0,5eb7747ecbde451de49ea2bb0b40c31b43aa1915d4f074ed405d0301b7d991a6
10516,50,9002810826,8991190085,11117315,50,407201,96115,60,2065477014,356200,92510225,199332462,491955399,410269956,171689343,564087920,135255928,223757794,3892765869,15946293,6,3,4,0,1,4676,1272,61,0,0,0,0,5,77823439,2743416307,13481097,1,145934355,1149349562,2465196,1384401177,1890235851,111694801,169192285,47097512,203232879,5720941,33228561,369823595,293037522,0,0,0,0,5eb7747ecbde451de49ea2bb0b40c31b43aa1915d4f074ed405d0301b7d991a6
10516,51,9002809736,8991178664,11128716,360,405051,96885,60,2065155121,403778,92514457,198948152,492274467,410650893,171353137,563837694,135149229,223648552,3892778989,15954432,6,3,4,0,1,4676,1272,61,0,0,0,0,5,77690525,2743418746,13480116,1,145958027,1149360243,2474316,1161811488,1897032417,101810004,327117029,47145129,203268311,5689059,33233801,381065325,367770753,0,0,0,0,5eb7747ecbde451de49ea2bb0b40c31b43aa1915d4f074ed405d0301b7d991a6
10516,52,9002810756,8991225337,11081923,40,407241,96155,60,2064607301,394269,92482496,198960519,492320098,410613604,171357067,564076600,134380515,223761995,3892673385,16036016,6,3,4,0,1,4676,1272,61,0,0,0,0,5,77826550,2743327023,13567180,1,145935445,1149346362,2468836,1417959817,1886936251,111626468,146319324,46673593,203228639,5737722,33222180,380719199,276418387,0,0,0,0,5eb7747ecbde451de49ea2bb0b40c31b43aa1915d4f074ed405d0301b7d991a6
10516,53,9002810246,8991231207,11076103,40,405371,97465,60,2064981889,383192,92566038,199898000,491320546,410808813,171183597,563842576,134958605,223653909,3892709829,16034456,6,3,4,0,1,4676,1272,61,0,0,0,0,5,77699323,2743394048,13512938,1,145954586,1149315781,2521518,1402657319,1888312884,109241675,160748072,53213980,203258731,5690639,33242451,377091436,274254068,0,0,0,0,5eb7747ecbde451de49ea2bb0b40c31b43aa1915d4f074ed405d0301b7d991a6
10516,54,9002811646,8991272999,11034211,40,407121,97235,40,2064667362,379051,92493045,198603625,492696477,410171540,171789329,564081767,134426299,223776758,3892586733,16121938,6,3,4,0,1,4676,1272,61,0,0,0,0,5,77846832,2743264172,13621481,1,145929926,1149322561,2500457,1399283781,1885059554,108018032,164591012,52332141,203228089,5726472,33227640,365165211,288846268,0,0,0,0,5eb7747ecbde451de49ea2bb0b40c31b43aa1915d4f074ed405d0301b7d991a6
10516,55,9002809776,8991229657,11077563,40,405631,96845,40,2065419332,368180,92537136,199750516,491459371,410605455,171401998,563853715,135421370,223649998,3892681468,16050264,6,3,4,0,1,4676,1272,61,0,0,0,0,5,77694742,2743357057,13539596,1,145955256,1149324411,2510668,1444031885,1880964947,108648891,157597946,50761788,203258310,5698780,33236701,410304142,283286866,0,0,0,0,5eb7747ecbde451de49ea2bb0b40c31b43aa1915d4f074ed405d0301b7d991a6
10516,56,9002808256,8991260209,11049002,149,402191,96655,50,2062474614,370348,92520868,197785692,493481095,411991514,169978887,564044666,132267950,223743255,3892591990,16114471,6,3,4,0,1,4676,1272,61,0,0,0,0,5,77811300,2743284700,13603193,1,145931955,1149307290,2511278,1400334209,1881900502,110368525,163508913,53850324,203227979,5729342,33232000,381192570,299650972,0,0,0,0,5eb7747ecbde451de49ea2bb0b40c31b43aa1915d4f074ed405d0301b7d991a6
10516,57,9002808786,8991195025,11116435,51,400380,96835,60,2062274992,375402,92545328,196688796,494522378,412647987,169350755,563835145,132277412,223645971,3892613881,16135943,6,3,4,0,1,4676,1272,61,0,0,0,0,5,77696885,2743290530,13620085,1,145949086,1149323351,2515858,1396888200,1890731800,110463296,158266920,49024604,203259920,5697441,33224010,366786410,283079741,0,0,0,0,5eb7747ecbde451de49ea2bb0b40c31b43aa1915d4f074ed405d0301b7d991a6
10516,58,9002809936,8991260888,11050613,40,402200,96155,40,2062543687,373721,92544687,197136111,494139579,412445476,169525444,564054798,132300270,223726215,3892630562,16089158,6,3,4,0,1,4676,1272,61,0,0,0,0,5,77794040,2743280250,13622002,1,145932175,1149350312,2467156,1386354483,1887156433,108956512,167939346,52184766,203233079,5723302,33227440,337531990,300270130,0,0,0,0,5eb7747ecbde451de49ea2bb0b40c31b43aa1915d4f074ed405d0301b7d991a6
10516,59,9002808996,8991213586,11097884,211,400240,97005,70,2062273704,364209,92542298,195697205,495518401,411797862,170205117,563853878,132258991,223645440,3892607622,16120608,6,3,4,0,1,4676,1272,61,0,0,0,0,5,77696574,2743275960,13615131,1,145948866,1149331662,2505477,1382023028,1892452449,112678246,166064839,52224332,203264761,5694200,33227820,369331592,295235053,0,0,0,0,5eb7747ecbde451de49ea2bb0b40c31b43aa1915d4f074ed405d0301b7d991a6
10516,60,9002810056,8991205096,11106325,49,402571,95965,50,2061980278,379922,92509076,197636893,493637854,412057647,169918673,564034617,131768113,223755945,3892539059,16161631,6,3,4,0,1,4676,1272,61,0,0,0,0,5,77817720,2743243059,13643463,1,145938225,1149296000,2518168,1387030462,1891706504,108540282,162189524,53536297,203229779,5733372,33218700,343892326,311471807,0,0,0,0,5eb7747ecbde451de49ea2bb0b40c31b43aa1915d4f074ed405d0301b7d991a6
10516,61,9002808176,8991183884,11126897,40,400420,96875,60,2062660834,361400,92574178,197890636,493319951,412041206,169956623,563839419,132653969,223648369,3892595823,16138700,6,3,4,0,1,4676,1272,61,0,0,0,0,5,77698653,2743251750,13646634,1,145949716,1149344073,2492066,1389805255,1888888321,112724157,162132260,52708692,203258921,5693189,33236201,338487676,310478078,0,0,0,0,5eb7747ecbde451de49ea2bb0b40c31b43aa1915d4f074ed405d0301b7d991a6
10516,62,9002810116,8991179154,11132207,69,402901,95635,150,2062746938,324197,92541526,196381653,494906969,412428084,169546256,564051327,132540493,223728636,3892485205,16231805,6,3,4,0,1,4676,1272,61,0,0,0,0,5,77793410,2743228347,13674365,1,145935226,1149256858,2557440,1388222286,1889462786,115248181,160992513,51348995,203229969,5729632,33230490,323857123,307554271,0,0,0,0,5eb7747ecbde451de49ea2bb0b40c31b43aa1915d4f074ed405d0301b7d991a6
10516,63,9002808846,8991179644,11131716,51,400650,96725,60,2062851252,373059,92568661,197287786,493891538,412425844,169575915,563837450,132868440,223661820,3892592902,16138701,6,3,4,0,1,4676,1272,61,0,0,0,0,5,77712284,2743251740,13644544,1,145949536,1149341162,2494157,1360426337,1888580201,106880765,184975324,51891983,203260261,5690099,33238501,355361095,352591956,0,0,0,0,5eb7747ecbde451de49ea2bb0b40c31b43aa1915d4f074ed405d0301b7d991a6
10516,64,9002812556,8991183714,11125266,70,405131,98325,50,2065461676,467223,92466516,199207687,492061732,410678064,171283746,564064739,135219399,223773536,3892800303,15910579,6,3,4,0,1,4676,1272,61,0,0,0,0,5,77839180,2743438290,13454494,1,145934356,1149362013,2456085,1384853340,1891560858,112254747,161285471,52655256,203239719,5731712,33219350,332369444,325831533,0,0,0,0,5eb7747ecbde451de49ea2bb0b40c31b43aa1915d4f074ed405d0301b7d991a6
10516,65,9002808976,8991185924,11121616,70,404291,97015,60,2064672134,441305,92511506,200216625,490996142,410691024,171319995,563806495,134665943,223646068,3892878698,15880848,6,3,4,0,1,4676,1272,61,0,0,0,0,5,77692742,2743488944,13432453,1,145953326,1149389754,2448395,1397560710,1886389621,109869536,161821447,49203125,203277481,5675539,33236501,337295039,305801617,0,0,0,0,5eb7747ecbde451de49ea2bb0b40c31b43aa1915d4f074ed405d0301b7d991a6
10516,66,9002811136,8991186985,11119515,60,405931,98595,50,2065035831,507457,92416822,200143275,491136165,410769431,171191807,564089279,134767338,223751405,3892834903,15912061,6,3,4,0,1,4676,1272,61,0,0,0,0,5,77825690,2743463890,13463046,1,145925715,1149371013,2449015,1379331708,1885984140,105617041,179388389,50591164,203239579,5714191,33230601,288247412,291965286,0,0,0,0,5eb7747ecbde451de49ea2bb0b40c31b43aa1915d4f074ed405d0301b7d991a6
10516,67,9002809996,8991187034,11121596,210,404101,96995,60,2065718769,417912,92543998,199964692,491241144,410643733,171373089,563819395,135693733,223636769,3892843364,15903220,6,3,4,0,1,4676,1272,61,0,0,0,0,5,77683053,2743464750,13444205,1,145953716,1149378614,2459015,1140484053,1894239960,103551208,342424149,47540385,203291162,5662819,33230690,324614312,371735644,0,0,0,0,5eb7747ecbde451de49ea2bb0b40c31b43aa1915d4f074ed405d0301b7d991a6
10516,68,9002811856,8991179474,11129056,40,405921,97305,60,2064844293,552958,92378290,198874339,492401391,410514667,171458624,564049836,134599206,223754136,3892825023,15912270,6,3,4,0,1,4676,1272,61,0,0,0,0,5,77826510,2743473471,13443524,1,145927626,1149351552,2468746,1412769121,1888798855,108326384,154158230,49677330,203238549,5735453,33209329,301167059,274844873,0,0,0,0,5eb7747ecbde451de49ea2bb0b40c31b43aa1915d4f074ed405d0301b7d991a6
10516,69,9002809346,8991187224,11120706,60,404551,96675,130,2065086856,419621,92544159,199117969,492092346,410981562,171020821,563834802,135057844,223632919,3892787261,15982124,6,3,4,0,1,4676,1272,61,0,0,0,0,5,77679353,2743431638,13499428,1,145953566,1149355623,2482696,1401547498,1887829936,121346672,150061581,47632391,203273821,5679329,33232361,329457897,273363780,0,0,0,0,5eb7747ecbde451de49ea2bb0b40c31b43aa1915d4f074ed405d0301b7d991a6
10516,70,9002811476,8991182714,11125766,50,406181,96715,50,2066055306,526854,92405384,198706680,492575780,410730408,171222080,564072518,135802989,223747746,3892830352,15897109,6,3,4,0,1,4676,1272,61,0,0,0,0,5,77816750,2743493011,13411412,1,145930996,1149337341,2485697,1408814584,1887031585,110452293,159015999,53478330,203238419,5714651,33229951,311539316,270922339,0,0,0,0,5eb7747ecbde451de49ea2bb0b40c31b43aa1915d4f074ed405d0301b7d991a6
10516,71,9002807926,8991183074,11123336,50,405011,96405,50,2065392723,462904,92486956,198396522,492812392,410903918,171111327,563820235,135381788,223668231,3892849736,15900188,6,3,4,0,1,4676,1272,61,0,0,0,0,5,77714744,2743480153,13429312,1,145953487,1149369583,2470876,1410644703,1889474732,109069821,154625280,54433809,203269381,5683730,33236760,317576290,272684915,0,0,0,0,5eb7747ecbde451de49ea2bb0b40c31b43aa1915d4f074ed405d0301b7d991a6
10516,72,9002810496,8991188255,11121266,40,403440,97445,50,2062579986,424403,92503015,197100888,494157330,411826193,170150749,564019675,132373954,223759096,3892652245,16065109,6,3,4,0,1,4676,1272,61,0,0,0,0,5,77825991,2743330544,13572032,1,145933105,1149321701,2493077,1393329844,1885490135,111084840,163145429,48540970,203240890,5713520,33232101,399294435,295916884,0,0,0,0,5eb7747ecbde451de49ea2bb0b40c31b43aa1915d4f074ed405d0301b7d991a6
10516,73,9002808316,8991189635,11120576,400,401160,96475,70,2062291895,407092,92541588,196592240,494617637,411777951,170230272,563796083,132301318,223643341,3892649384,16108710,6,3,4,0,1,4676,1272,61,0,0,0,0,5,77698535,2743291251,13629164,1,145944806,1149358133,2479546,1395576948,1890268133,113382260,155054399,46746196,203279961,5672929,33251682,364859495,300288375,0,0,0,0,5eb7747ecbde451de49ea2bb0b40c31b43aa1915d4f074ed405d0301b7d991a6
10516,74,9002810446,8991185324,11124826,51,403480,96705,60,2062560048,420681,92498067,196935019,494336449,411687698,170286344,564045865,132327662,223742336,3892654714,16084288,6,3,4,0,1,4676,1272,61,0,0,0,0,5,77813210,2743304042,13615152,1,145929126,1149350672,2469136,1393431212,1891459480,109078024,162372888,53002849,203241729,5711131,33254022,329982427,292469036,0,0,0,0,5eb7747ecbde451de49ea2bb0b40c31b43aa1915d4f074ed405d0301b7d991a6
10516,75,9002809786,8991189655,11120546,49,401671,97705,160,2062685765,413251,92537818,196762599,494447358,412402373,169604990,563827832,132665162,223653911,3892757600,15973762,6,3,4,0,1,4676,1272,61,0,0,0,0,5,77709205,2743386997,13506946,1,145944706,1149370603,2466816,1493898652,1893212534,104930172,59731397,52117963,203280522,5673018,33232061,358856031,294222744,0,0,0,0,5eb7747ecbde451de49ea2bb0b40c31b43aa1915d4f074ed405d0301b7d991a6
10516,76,9002807436,8991182224,11125017,129,403241,96775,50,2062368957,471475,92447022,196434235,494837544,411758961,170229621,564006802,132151236,223761116,3892587040,16131823,6,3,4,0,1,4676,1272,61,0,0,0,0,5,77828620,2743258579,13636816,1,145932496,1149328461,2495007,1398323947,1888235429,110786047,155397672,49182905,203242359,5720092,33233861,349404597,294908128,0,0,0,0,5eb7747ecbde451de49ea2bb0b40c31b43aa1915d4f074ed405d0301b7d991a6
10516,77,9002806056,8991185725,11122086,49,401581,96565,50,2062622281,478435,92457495,197853854,493364583,411484585,170524448,563814552,132616917,223650722,3892609331,16139630,6,3,4,0,1,4676,1272,61,0,0,0,0,5,77705596,2743270539,13639753,1,145945126,1149338792,2499877,1386794156,1892714027,109639979,164877933,51305737,203273611,5676789,33243291,332572760,295360068,0,0,0,0,5eb7747ecbde451de49ea2bb0b40c31b43aa1915d4f074ed405d0301b7d991a6
10516,78,9002811856,8991190405,11119676,40,403700,97975,60,2062541694,510144,92403602,196198703,495082188,412144430,169834218,564027547,132314971,223745347,3892702915,16032476,6,3,4,0,1,4676,1272,61,0,0,0,0,5,77816151,2743369684,13542269,1,145929196,1149333231,2490207,1387960704,1889796463,115887773,155049076,48059779,203241229,5707311,33238231,322887937,310032521,0,0,0,0,5eb7747ecbde451de49ea2bb0b40c31b43aa1915d4f074ed405d0301b7d991a6
10516,79,9002808506,8991187595,11122515,51,401750,96535,60,2062509165,475645,92476135,197168320,494036215,411364860,170656805,563799094,132504610,223657521,3892632854,16108318,6,3,4,0,1,4676,1272,61,0,0,0,0,5,77712665,2743284962,13618731,1,145944856,1149347892,2489587,1395184591,1891545922,112333401,146638410,52708225,203272471,5681299,33233531,324864184,332709633,0,0,0,0,5eb7747ecbde451de49ea2bb0b40c31b43aa1915d4f074ed405d0301b7d991a6
10516,80,9002809416,8991176814,11129896,50,405261,97305,90,2064773781,522647,92400880,199134202,492143967,410692237,171281404,564041197,134538305,223751815,3892809672,15917030,6,3,4,0,1,4676,1272,61,0,0,0,0,5,77819779,2743434289,13468315,1,145932036,1149375383,2448715,1362760381,1891690450,119519483,169571141,45354932,203237449,5726362,33221780,434059899,321684974,0,0,0,0,5eb7747ecbde451de49ea2bb0b40c31b43aa1915d4f074ed405d0301b7d991a6
10516,81,9002809206,8991155993,11153167,40,403271,96665,70,2065348818,540347,92426703,199608297,491608788,410977083,171031509,563799954,135343316,223653971,3892816183,15935490,6,3,4,0,1,4676,1272,61,0,0,0,0,5,77697044,2743456620,13457564,1,145956927,1149359563,2477926,1391145000,1889268890,117107861,157216268,46871278,203266801,5687609,33235921,425614972,286616351,0,0,0,0,5eb7747ecbde451de49ea2bb0b40c31b43aa1915d4f074ed405d0301b7d991a6
10516,82,9002809306,8991176804,11129826,50,406421,96165,40,2064681125,478691,92447576,199446049,491832083,410870141,171102399,564070078,134414337,223747805,3892813703,15921070,6,3,4,0,1,4676,1272,61,0,0,0,0,5,77817209,2743465371,13445444,1,145930596,1149348332,2475626,1392860257,1886913147,115159227,161212442,51194391,203236419,5717471,33228391,402946044,280884476,0,0,0,0,5eb7747ecbde451de49ea2bb0b40c31b43aa1915d4f074ed405d0301b7d991a6
10516,83,9002809336,8991178414,11130576,40,403471,96795,40,2065313527,525874,92438105,199928463,491288384,410760531,171252220,563821816,135283693,223671521,3892812132,15932870,6,3,4,0,1,4676,1272,61,0,0,0,0,5,77714414,2743453059,13453014,1,145957107,1149359073,2479856,1399646243,1891165946,105776556,162980112,50870320,203269631,5684089,33240362,418175539,296380208,0,0,0,0,5eb7747ecbde451de49ea2bb0b40c31b43aa1915d4f074ed405d0301b7d991a6
10516,84,9002810176,8991208206,11099974,40,405611,96285,60,2064659035,544927,92396370,200666370,490611951,410525586,171445454,564048046,134400239,223750756,3892857845,15873317,6,3,4,0,1,4676,1272,61,0,0,0,0,5,77823360,2743474401,13432233,1,145927396,1149383444,2441084,1396144966,1889638825,107452686,163922555,52451375,203236869,5734542,33210150,390130645,275863276,0,0,0,0,5eb7747ecbde451de49ea2bb0b40c31b43aa1915d4f074ed405d0301b7d991a6
10516,85,9002809696,8991204165,11104865,160,403661,96785,60,2065305386,528366,92440184,200105918,491108829,411061052,170942218,563825966,135278973,223663369,3892834954,15916701,6,3,4,0,1,4676,1272,61,0,0,0,0,5,77706812,2743450510,13462086,1,145956557,1149384444,2454615,1400290189,1886732852,115598370,155087068,46378660,203259141,5694910,33236220,426362881,276798669,0,0,0,0,5eb7747ecbde451de49ea2bb0b40c31b43aa1915d4f074ed405d0301b7d991a6
10516,86,9002808896,8991167144,11139896,40,405381,96385,50,2065083194,465383,92464765,199587375,491705037,410568378,171388477,564061690,134824639,223746926,3892799790,15927692,6,3,4,0,1,4676,1272,61,0,0,0,0,5,77816910,2743429887,13473897,1,145930016,1149369903,2453795,1404780043,1885364545,107401806,159494834,49187181,203237749,5718631,33231231,397064776,280631297,0,0,0,0,5eb7747ecbde451de49ea2bb0b40c31b43aa1915d4f074ed405d0301b7d991a6
10516,87,9002809506,8991172984,11135996,50,404241,96185,50,2065468454,461893,92496915,199811496,491402419,410864697,171153948,563827932,135436753,223672761,3892831973,15902918,6,3,4,0,1,4676,1272,61,0,0,0,0,5,77715834,2743461229,13435953,1,145956927,1149370744,2466965,1397344210,1887821549,112040736,157050599,50971236,203260341,5694599,33236681,404094513,278314041,0,0,0,0,5eb7747ecbde451de49ea2bb0b40c31b43aa1915d4f074ed405d0301b7d991a6
10516,88,9002809746,8991176364,11131716,50,404801,96765,50,2062837599,471521,92456475,196643194,494619212,411864938,170112016,564034416,132620947,223739774,3892664246,16067477,6,3,4,0,1,4676,1272,61,0,0,0,0,5,77810799,2743335325,13570990,1,145928975,1149328921,2496487,1369283804,1886283521,111130836,177464682,50757908,203239220,5731181,33220790,412788765,314386486,0,0,0,0,5eb7747ecbde451de49ea2bb0b40c31b43aa1915d4f074ed405d0301b7d991a6
10516,89,9002808146,8991164423,11143807,40,402891,96925,60,2062439481,491653,92446784,197825816,493386299,411761753,170250951,563781833,132472001,223650368,3892707890,16027234,6,3,4,0,1,4676,1272,61,0,0,0,0,5,77706582,2743368268,13527147,1,145943786,1149339622,2500087,1371093799,1887635495,109745226,178890622,50933032,203265941,5685359,33234861,390852869,311909805,0,0,0,0,5eb7747ecbde451de49ea2bb0b40c31b43aa1915d4f074ed405d0301b7d991a6
10516,90,9002810496,8991203375,11104965,50,404761,97305,40,2062618129,409141,92504306,197516680,493752458,411606285,170374086,564035508,132400794,223744985,3892660606,16061527,6,3,4,0,1,4676,1272,61,0,0,0,0,5,77819070,2743334485,13562230,1,145925915,1149326121,2499297,1358760655,1890226754,116053503,178157358,52080168,203240120,5711740,33231571,416207293,305812093,0,0,0,0,5eb7747ecbde451de49ea2bb0b40c31b43aa1915d4f074ed405d0301b7d991a6
10516,91,9002808646,8991203296,11105034,180,402921,97155,60,2062128556,465143,92473444,195684865,495528282,411720408,170288526,563814872,132127103,223638659,3892651545,16089637,6,3,4,0,1,4676,1272,61,0,0,0,0,5,77697503,2743332144,13566979,1,145941156,1149319401,2522658,1370911682,1892403391,118260340,167354009,50648040,203267481,5684959,33239651,373114416,300151103,0,0,0,0,5eb7747ecbde451de49ea2bb0b40c31b43aa1915d4f074ed405d0301b7d991a6
10516,92,9002810006,8991207696,11099854,40,405161,97205,50,2062706002,457742,92461595,196991972,494284629,411825121,170148478,564025946,132492390,223754406,3892639784,16077637,6,3,4,0,1,4676,1272,61,0,0,0,0,5,77824351,2743333494,13563029,1,145930055,1149306290,2514608,1383876264,1887362945,110173709,173016819,51249100,203238560,5731411,33214820,350486542,295750496,0,0,0,0,5eb7747ecbde451de49ea2bb0b40c31b43aa1915d4f074ed405d0301b7d991a6
10516,93,9002808076,8991174564,11133596,60,403071,96735,50,2062006667,495414,92457204,196463435,494744971,411747350,170261493,563811795,131994755,223631950,3892590981,16164381,6,3,4,0,1,4676,1272,61,0,0,0,0,5,77688864,2743290811,13623162,1,145943086,1149300170,2541219,1379969999,1891893061,115162739,160881506,48976814,203261770,5694081,33233010,335052867,290638519,0,0,0,0,5eb7747ecbde451de49ea2bb0b40c31b43aa1915d4f074ed405d0301b7d991a6
10516,94,9002809196,8991201795,11106425,70,405271,95575,60,2062451119,422754,92486584,195595381,495691889,411090107,170885972,564038248,132221356,223746907,3892582341,16128661,6,3,4,0,1,4676,1272,61,0,0,0,0,5,77819541,2743268981,13619183,1,145927366,1149313360,2509478,1371975388,1890436710,115107151,168244687,46355481,203240510,5711690,33244072,345144033,318779657,0,0,0,0,5eb7747ecbde451de49ea2bb0b40c31b43aa1915d4f074ed405d0301b7d991a6
10516,95,9002807916,8991176644,11131546,40,403141,96495,50,2063001980,490583,92453964,197534679,493670589,412027124,169989918,563807473,133009587,223650870,3892679126,16071667,6,3,4,0,1,4676,1272,61,0,0,0,0,5,77711294,2743321303,13587051,1,145939576,1149357823,2484616,1347557235,1891807345,111472821,189276121,52633447,203263201,5688979,33236791,371960815,337327591,0,0,0,0,5eb7747ecbde451de49ea2bb0b40c31b43aa1915d4f074ed405d0301b7d991a6
10516,96,9002809836,8991166474,11141796,40,405231,96245,50,2065458144,435012,92477005,200495502,490789651,410516334,171434633,564050856,135244042,223788767,3892736429,15990564,6,3,4,0,1,4676,1272,61,0,0,0,0,5,77856391,2743415218,13493417,1,145932376,1149321211,2497147,1392135557,1892531470,111138549,156080415,47963571,203233429,5725952,33228020,323464191,311714662,0,0,0,0,5eb7747ecbde451de49ea2bb0b40c31b43aa1915d4f074ed405d0301b7d991a6
10516,97,9002808476,8991171374,11136306,40,404021,96685,50,2064984918,478184,92475715,199783955,491449651,410960379,171043903,563787873,134987578,223652369,3892856834,15889229,6,3,4,0,1,4676,1272,61,0,0,0,0,5,77704003,2743493341,13417003,1,145948366,1149363493,2472226,1394915758,1889445515,111949716,156818564,47048969,203267801,5692160,33224370,351243326,280611374,0,0,0,0,5eb7747ecbde451de49ea2bb0b40c31b43aa1915d4f074ed405d0301b7d991a6
10516,98,9002809646,8991172274,11133646,50,407211,96355,110,2064918148,432613,92494976,199159552,492129309,410767881,171182486,564070359,134663492,223767636,3892803113,15946401,6,3,4,0,1,4676,1272,61,0,0,0,0,5,77841221,2743445640,13483136,1,145926415,1149357473,2463265,1391713265,1886586943,117592384,156195806,47281569,203234759,5726652,33224480,318205800,278800613,0,0,0,0,5eb7747ecbde451de49ea2bb0b40c31b43aa1915d4f074ed405d0301b7d991a6
10516,99,9002808696,8991200275,11108215,60,403411,96685,50,2065113784,468222,92493157,199806107,491419230,410724178,171277242,563820456,135091323,223653040,3892829382,15908069,6,3,4,0,1,4676,1272,61,0,0,0,0,5,77704704,2743449368,13453154,1,145948336,1149380014,2454915,1395504026,1894616011,112791457,153402525,50060612,203285342,5674509,33226650,319218510,276584511,0,0,0,0,5eb7747ecbde451de49ea2bb0b40c31b43aa1915d4f074ed405d0301b7d991a6
10516,100,9002810236,8991162253,11143867,60,407821,96175,60,2065504176,474916,92447234,199149781,492143470,410786289,171177298,564059107,135252592,223780267,3892783123,15954671,6,3,4,0,1,4676,1272,61,0,0,0,0,5,77853261,2743427721,13489225,1,145927006,1149355402,2465446,1396240461,1881889802,115871031,155533859,48167402,203232829,5732312,33220160,294194586,274549511,0,0,0,0,5eb7747ecbde451de49ea2bb0b40c31b43aa1915d4f074ed405d0301b7d991a6
10516,101,9002808536,8991164884,11141066,40,405961,96535,50,2065361530,420361,92527659,198991193,492250124,410537477,171454485,563816522,135346428,223653030,3892798342,15955231,6,3,4,0,1,4676,1272,61,0,0,0,0,5,77704684,2743434959,13483385,1,145948346,1149363383,2471846,1404052438,1887653095,115678516,149416440,47517943,203271551,5688010,33225670,332216805,282396270,0,0,0,0,5eb7747ecbde451de49ea2bb0b40c31b43aa1915d4f074ed405d0301b7d991a6
10516,102,9002808646,8991158543,11145457,50,407531,97005,60,2065338337,468315,92455194,198759760,492543901,410867465,171088192,564045167,135093683,223776528,3892874855,15858716,6,3,4,0,1,4676,1272,61,0,0,0,0,5,77849132,2743495152,13416331,1,145927396,1149379703,2442385,1393105521,1890584941,112166838,156497743,51805342,203232569,5727062,33232140,291867677,286786239,0,0,0,0,5eb7747ecbde451de49ea2bb0b40c31b43aa1915d4f074ed405d0301b7d991a6
10516,103,9002807416,8991195535,11109105,50,406241,96445,40,2064922716,444334,92484836,200444728,490788948,410476966,171528174,563826326,134909764,223659861,3892813871,15921671,6,3,4,0,1,4676,1272,61,0,0,0,0,5,77711465,2743471249,13426784,1,145948396,1149342622,2494887,1396932562,1881843798,109195657,161414442,51683052,203264841,5694270,33235840,319496932,287249607,0,0,0,0,5eb7747ecbde451de49ea2bb0b40c31b43aa1915d4f074ed405d0301b7d991a6
10516,104,9002810616,8991209526,11098934,40,405381,96675,60,2062947737,434101,92526427,197227875,494028324,411730591,170239581,563998183,132745402,223746144,3892665246,16063807,6,3,4,0,1,4676,1272,61,0,0,0,0,5,77814448,2743326724,13585981,1,145931696,1149338522,2477826,1357001465,1886499377,112754747,187112356,50020090,203239160,5715280,33230261,343960521,318897954,0,0,0,0,5eb7747ecbde451de49ea2bb0b40c31b43aa1915d4f074ed405d0301b7d991a6
10516,105,9002808386,8991180504,11127946,60,403461,96355,60,2062363146,441260,92534878,195903118,495303689,410944668,171052182,563788115,132374415,223662070,3892716497,16018934,6,3,4,0,1,4676,1272,61,0,0,0,0,5,77709984,2743369255,13531277,1,145952086,1149347242,2487657,1359283487,1888277044,117425523,181939808,48665127,203275401,5682660,33247001,344020628,313175139,0,0,0,0,5eb7747ecbde451de49ea2bb0b40c31b43aa1915d4f074ed405d0301b7d991a6
10516,106,9002809966,8991182664,11125836,40,405511,95855,60,2062483563,435871,92497415,197650066,493626734,411437486,170535713,564028687,132244967,223740024,3892717790,16025144,6,3,4,0,1,4676,1272,61,0,0,0,0,5,77811268,2743381108,13540908,1,145928756,1149336682,2484236,1373576859,1889319943,112899231,173487094,51080098,203241519,5715251,33241242,327940316,311389789,0,0,0,0,5eb7747ecbde451de49ea2bb0b40c31b43aa1915d4f074ed405d0301b7d991a6
10516,107,9002808756,8991184085,11124485,280,403411,96425,70,2062881205,429162,92545807,196553239,494651798,411977890,170023241,563806814,132876671,223646290,3892694897,16033254,6,3,4,0,1,4676,1272,61,0,0,0,0,5,77694644,2743358185,13537127,1,145951646,1149336712,2496127,1377943069,1892020878,108557772,172792135,50900924,203273481,5682749,33237451,303719639,296530436,0,0,0,0,5eb7747ecbde451de49ea2bb0b40c31b43aa1915d4f074ed405d0301b7d991a6
10516,108,9002810016,8991180354,11128076,200,405541,95795,50,2062731677,439535,92480154,196885846,494384954,411017063,170964366,564000864,132532473,223740955,3892659395,16077828,6,3,4,0,1,4676,1272,61,0,0,0,0,5,77808739,2743333554,13584671,1,145932216,1149325841,2493157,1385137619,1892325137,115437240,158674202,52889702,203241060,5722371,33237201,280522395,296525143,0,0,0,0,5eb7747ecbde451de49ea2bb0b40c31b43aa1915d4f074ed405d0301b7d991a6
10516,109,9002808616,8991182864,11125576,40,403061,97025,50,2062974997,535608,92438881,197571522,493635284,411613304,170389937,563793395,132983126,223652779,3892677177,16071986,6,3,4,0,1,4676,1272,61,0,0,0,0,5,77700733,2743326404,13586020,1,145952046,1149350773,2485966,1380293029,1893453351,111371328,167265297,52616327,203274311,5681220,33232510,284133213,298596262,0,0,0,0,5eb7747ecbde451de49ea2bb0b40c31b43aa1915d4f074ed405d0301b7d991a6
10516,110,9002811306,8991175134,11133176,80,405871,96895,150,2062679312,425073,92494316,196701376,494589636,411626091,170337498,564026625,132456667,223746103,3892709158,16023476,6,3,4,0,1,4676,1272,61,0,0,0,0,5,77819508,2743355826,13555830,1,145926595,1149353332,2467646,1370810305,1887653089,119284997,167750388,50704259,203240819,5715262,33233780,274496828,314759678,0,0,0,0,5eb7747ecbde451de49ea2bb0b40c31b43aa1915d4f074ed405d0301b7d991a6
10516,111,9002808626,8991177834,11130466,40,403721,96515,50,2062121969,417222,92550218,197345781,493855565,411853997,170157396,563793445,132123419,223648311,3892658434,16064707,6,3,4,0,1,4676,1272,61,0,0,0,0,5,77696685,2743312462,13576870,1,145951626,1149345972,2487837,1339383929,1891712858,111247592,196948947,50806985,203273941,5683319,33228761,289587679,348125980,0,0,0,0,5eb7747ecbde451de49ea2bb0b40c31b43aa1915d4f074ed405d0301b7d991a6
10516,112,9002810706,8991179104,11129856,50,405171,96385,140,2065974229,450980,92472235,200360953,490932278,410954130,170996820,564052056,135735086,223749326,3892864986,15859896,6,3,4,0,1,4676,1272,61,0,0,0,0,5,77817020,2743503073,13401801,1,145932306,1149361913,2458095,1383719686,1894573419,116302561,159907012,50009161,203230929,5731602,33225580,235874716,340132286,0,0,0,0,5eb7747ecbde451de49ea2bb0b40c31b43aa1915d4f074ed405d0301b7d991a6
10516,113,9002810256,8991175204,11134836,40,403301,96825,50,2064496037,460694,92495317,199202252,492026814,410592392,171406831,563795370,134499425,223661471,3892807931,15923420,6,3,4,0,1,4676,1272,61,0,0,0,0,5,77703693,2743445179,13453054,1,145957778,1149362752,2470366,1392777589,1890847579,115507884,160986506,51761955,203262341,5689069,33246582,358998216,302997730,0,0,0,0,5eb7747ecbde451de49ea2bb0b40c31b43aa1915d4f074ed405d0301b7d991a6
10516,114,9002810726,8991185045,11124225,50,405111,96255,40,2064971518,411900,92508606,200400907,490897303,410239753,171714479,564055886,134724853,223752776,3892767220,15956352,6,3,4,0,1,4676,1272,61,0,0,0,0,5,77825261,2743427098,13477066,1,145927515,1149340122,2479286,1396577031,1886593074,110526043,162414223,49602854,203233859,5717961,33230091,334876008,310509618,0,0,0,0,5eb7747ecbde451de49ea2bb0b40c31b43aa1915d4f074ed405d0301b7d991a6
10516,115,9002809676,8991184064,11125326,40,403401,96795,50,2064744782,450374,92498945,199363003,491870975,411131138,170876014,563803444,134731554,223661832,3892895385,15834606,6,3,4,0,1,4676,1272,61,0,0,0,0,5,77704045,2743533853,13363890,1,145957787,1149361532,2470716,1381313112,1889539280,113681607,165870630,48163756,203267211,5686969,33244552,358500146,310389427,0,0,0,0,5eb7747ecbde451de49ea2bb0b40c31b43aa1915d4f074ed405d0301b7d991a6
10516,116,9002811226,8991174404,11135296,50,405371,96055,50,2065527047,465492,92458075,199631757,491658363,410548058,171413772,564056256,135276743,223760366,3892756479,15963133,6,3,4,0,1,4676,1272,61,0,0,0,0,5,77828260,2743408697,13490807,1,145932106,1149347782,2472326,1388298613,1884615823,122521412,157356392,49731023,203232009,5735772,33222700,318986326,311559712,0,0,0,0,5eb7747ecbde451de49ea2bb0b40c31b43aa1915d4f074ed405d0301b7d991a6
10516,117,9002811306,8991210576,11099214,50,403101,98315,50,2064908579,424891,92534068,199834385,491390693,410290585,171697473,563823195,134897987,223662201,3892819203,15922169,6,3,4,0,1,4676,1272,61,0,0,0,0,5,77704774,2743457441,13449903,1,145957427,1149361762,2472266,1417511808,1886944484,109273376,140435277,53187407,203259061,5690419,33249592,372171611,308215971,0,0,0,0,5eb7747ecbde451de49ea2bb0b40c31b43aa1915d4f074ed405d0301b7d991a6
10516,118,9002812116,8991172114,11137006,40,405711,97205,40,2065480405,447743,92482925,198709399,492593443,410688328,171261480,564063648,135213029,223751417,3892885865,15842307,6,3,4,0,1,4676,1272,61,0,0,0,0,5,77823091,2743517152,13387102,1,145928326,1149368713,2455205,1389141715,1888595593,116865671,157551613,50501966,203232199,5720031,33231391,330432078,305863483,0,0,0,0,5eb7747ecbde451de49ea2bb0b40c31b43aa1915d4f074ed405d0301b7d991a6
10516,119,9002809926,8991184684,11124876,50,403401,96835,80,2064616191,452901,92499066,199235887,491989361,410558817,171444084,563829493,134589730,223663661,3892803183,15920228,6,3,4,0,1,4676,1272,61,0,0,0,0,5,77706054,2743447280,13443472,1,145957607,1149355903,2476756,1395282869,1886233629,113741531,160506339,50018069,203259300,5695490,33245872,364612098,306465061,0,0,0,0,5eb7747ecbde451de49ea2bb0b40c31b43aa1915d4f074ed405d0301b7d991a6
10516,120,9002808766,8991211426,11098634,131,401940,96595,40,2063205832,426902,92507587,195992350,495280648,411242097,170725304,564029477,132978723,223758317,3892654504,16060508,6,3,4,0,1,4676,1272,61,0,0,0,0,5,77832471,2743304032,13588412,1,145925846,1149350472,2472096,1360945926,1881785657,114940918,186981543,50233903,203232499,5724072,33238440,353199271,343505553,0,0,0,0,5eb7747ecbde451de49ea2bb0b40c31b43aa1915d4f074ed405d0301b7d991a6
10516,121,9002808696,8991182434,11129127,40,400150,96885,60,2062910274,421361,92538389,196667115,494551092,410806570,171190452,563798883,132913632,223652709,3892708377,16035485,6,3,4,0,1,4676,1272,61,0,0,0,0,5,77707263,2743360165,13544188,1,145945446,1149348212,2491297,1339377026,1889512232,121652281,189182997,49962028,203259140,5693070,33235121,375058846,341823492,0,0,0,0,5eb7747ecbde451de49ea2bb0b40c31b43aa1915d4f074ed405d0301b7d991a6
10516,122,9002809696,8991183354,11128266,40,401861,96125,50,2063025339,402050,92529618,196601173,494686936,411227875,170744906,564023287,132789393,223744164,3892735857,15993125,6,3,4,0,1,4676,1272,61,0,0,0,0,5,77816749,2743385805,13521999,1,145927415,1149350052,2471126,1345185247,1890262414,121116131,186153448,51998805,203235779,5717371,33233021,351020015,347618400,0,0,0,0,5eb7747ecbde451de49ea2bb0b40c31b43aa1915d4f074ed405d0301b7d991a6
10516,123,9002808336,8991182705,11128875,51,399820,96835,50,2062484636,417861,92538258,197811114,493412043,411084975,170912897,563824253,132459371,223638260,3892738839,15993521,6,3,4,0,1,4676,1272,61,0,0,0,0,5,77695864,2743375816,13517745,1,145942396,1149363023,2475776,1354508382,1892505966,110626206,187411368,51933136,203263631,5694420,33232220,321669682,338814393,0,0,0,0,5eb7747ecbde451de49ea2bb0b40c31b43aa1915d4f074ed405d0301b7d991a6
10516,124,9002810016,8991174794,11136646,51,402350,96115,60,2062995129,440424,92491336,197972151,493315118,410845004,171130348,564011374,132769543,223769996,3892688527,16012484,6,3,4,0,1,4676,1272,61,0,0,0,0,5,77836900,2743343435,13540508,1,145933096,1149345092,2471976,1334162618,1889660181,116315183,200614797,51134138,203234429,5728992,33219210,328486657,347845432,0,0,0,0,5eb7747ecbde451de49ea2bb0b40c31b43aa1915d4f074ed405d0301b7d991a6
10516,125,9002807676,8991176674,11134356,40,400051,96495,60,2063287837,418930,92539189,198513108,492706957,411120709,170881283,563807795,133283673,223645200,3892627134,16112338,6,3,4,0,1,4676,1272,61,0,0,0,0,5,77700594,2743313473,13588010,1,145944606,1149313661,2524328,1347352636,1889171727,115943337,187810381,50768419,203258791,5691839,33242782,287445552,345090321,0,0,0,0,5eb7747ecbde451de49ea2bb0b40c31b43aa1915d4f074ed405d0301b7d991a6
10516,126,9002809446,8991182774,11128777,49,402401,95395,50,2063041870,410821,92506908,197743020,493552940,410835023,171128138,564044915,132799556,223711745,3892597261,16128582,6,3,4,0,1,4676,1272,61,0,0,0,0,5,77782099,2743294671,13610824,1,145929646,1149302590,2517758,1360058141,1890713348,110972057,185469454,51996063,203234529,5717331,33243501,302050880,331276873,0,0,0,0,5eb7747ecbde451de49ea2bb0b40c31b43aa1915d4f074ed405d0301b7d991a6
10516,127,9002808696,8991175314,11136197,129,400351,96645,60,2063319775,448044,92533277,196138708,495053167,411471076,170536656,563804454,133317265,223677100,3892670075,16058128,6,3,4,0,1,4676,1272,61,0,0,0,0,5,77734394,2743339783,13550701,1,145942706,1149330292,2507427,1338265892,1893819620,118448885,188134632,50365015,203260931,5689679,33240901,331721890,369547951,0,0,0,0,5eb7747ecbde451de49ea2bb0b40c31b43aa1915d4f074ed405d0301b7d991a6
10517,0,8997833180,8986238691,11140476,60,357748,96145,60,2025894458,469093,93328387,189779695,486599188,403103685,157920362,560548843,134129872,212405916,3944600358,16405195,6,3,4,0,1,4738,1300,61,0,0,0,0,5,78867913,2856755689,13916588,1,133538003,1087844669,2488607,1414720501,1931561027,115595741,134846024,54046024,202114010,4562812,33141646,309956993,342901300,0,0,0,0,5eb7747ecbde451de49ea2bb0b40c31b43aa1915d4f074ed405d0301b7d991a6
10517,1,8997834380,8986137136,11244961,50,357109,95074,50,2025305406,447533,93381247,187184243,489078356,402823572,158247277,560356893,133769005,212326470,3944571998,16529152,6,3,4,0,1,4738,1300,61,0,0,0,0,5,78778077,2856712167,13999224,1,133548393,1087859831,2529928,1391285028,1932971908,117459965,150928255,54276476,202138801,4543531,33136365,286100335,321261413,0,0,0,0,5eb7747ecbde451de49ea2bb0b40c31b43aa1915d4f074ed405d0301b7d991a6
10517,2,8997835690,8986144176,11241632,49,354578,95205,50,2025199393,454881,93329697,187377101,489011343,403133368,157856676,560556244,133460561,212347613,3944584309,16441235,6,3,4,0,1,4738,1300,61,0,0,0,0,5,78814240,2856712577,13976760,1,133533373,1087871732,2464475,1379913880,1933066743,118892363,153945200,55091091,202115190,4559711,33146907,267503323,322952371,0,0,0,0,5eb7747ecbde451de49ea2bb0b40c31b43aa1915d4f074ed405d0301b7d991a6
10517,3,8997835120,8986143806,11241292,49,354429,95494,50,2025961860,405490,93405052,189629945,486646102,403267415,157801454,560353835,134430558,212339492,3944599740,16475176,6,3,4,0,1,4738,1300,61,0,0,0,0,5,78794649,2856720958,13971559,1,133544843,1087878782,2503617,1374246065,1935318461,115345171,159406119,56105829,202138671,4545401,33131305,291520424,319761761,0,0,0,0,5eb7747ecbde451de49ea2bb0b40c31b43aa1915d4f074ed405d0301b7d991a6
10517,4,8997835580,8986149657,11233631,49,358529,93664,50,2025245123,472093,93268463,187698110,488713827,402866513,158162864,560549753,133493640,212373752,3944621330,16408844,6,3,4,0,1,4738,1300,61,0,0,0,0,5,78837379,2856739669,13956169,1,133536373,1087881661,2452675,1393808210,1930978527,110797970,150390373,56665232,202115149,4559582,33142796,252317583,307095463,0,0,0,0,5eb7747ecbde451de49ea2bb0b40c31b43aa1915d4f074ed405d0301b7d991a6
10517,5,8997834490,8986229301,11153456,40,356529,95124,40,2025171681,410062,93390337,187847826,488450476,403208741,157862907,560369544,133614886,212326791,3944653481,16440976,6,3,4,0,1,4738,1300,61,0,0,0,0,5,78782528,2856744888,13967840,1,133544263,1087908593,2473136,1386016174,1933216812,112978071,153944942,59128300,202140481,4547651,33128615,322592342,318574428,0,0,0,0,5eb7747ecbde451de49ea2bb0b40c31b43aa1915d4f074ed405d0301b7d991a6
10517,6,8997834760,8986141566,11239891,60,358458,94725,60,2025859676,467044,93271733,187317038,489129579,402743049,158259107,560528543,134126013,212382622,3944630470,16421226,6,3,4,0,1,4738,1300,61,0,0,0,0,5,78849060,2856751218,13963141,1,133533562,1087879252,2458085,1380368052,1932270818,112387740,154895846,55764421,202113830,4560101,33142226,234910410,331068114,0,0,0,0,5eb7747ecbde451de49ea2bb0b40c31b43aa1915d4f074ed405d0301b7d991a6
10517,7,8997833190,8986230531,11154116,40,353598,94865,40,2024541248,457163,93367027,188467877,487803372,402820733,158226644,560390767,132988534,212341302,3944644330,16451088,6,3,4,0,1,4738,1300,61,0,0,0,0,5,78786798,2856761298,13960102,1,133554504,1087883032,2490986,1389866564,1932206290,119080858,147831525,53975387,202132711,4548631,33132766,261158484,317025212,0,0,0,0,5eb7747ecbde451de49ea2bb0b40c31b43aa1915d4f074ed405d0301b7d991a6
10517,8,8997835280,8986134116,11247501,40,358649,94894,80,2022504858,342168,93416970,185086325,491296672,404033462,156999632,560511131,130795876,212352181,3944465103,16563062,6,3,4,0,1,4738,1300,61,0,0,0,0,5,78819779,2856628143,14059725,1,133532402,1087836960,2503337,1362388765,1926505275,122397942,162777499,55751426,202116789,4559112,33157637,321339824,346738894,0,0,0,0,5eb7747ecbde451de49ea2bb0b40c31b43aa1915d4f074ed405d0301b7d991a6
10517,9,8997834350,8986132005,11252703,60,354367,95155,60,2023530318,408599,93458964,185510607,490725980,404096305,156984925,560319321,132004235,212329270,3944517694,16583015,6,3,4,0,1,4738,1300,61,0,0,0,0,5,78784257,2856643813,14064907,1,133545013,1087873881,2518108,1352455676,1934309581,119725966,169667283,53652492,202148452,4535491,33128525,317321536,345955461,0,0,0,0,5eb7747ecbde451de49ea2bb0b40c31b43aa1915d4f074ed405d0301b7d991a6
10517,10,8997835511,8986207689,11174438,50,358338,94936,60,2022509515,429993,93339176,186178590,490230616,404316596,156668848,560529983,130789623,211565872,3944540545,16482679,6,3,4,0,1,4738,1300,61,0,0,0,0,5,78028438,2856674905,14015193,1,133537434,1087865640,2467486,1344414065,1934997565,118381324,177031940,58246351,202118440,4555962,33147876,273434141,345654658,0,0,0,0,5eb7747ecbde451de49ea2bb0b40c31b43aa1915d4f074ed405d0301b7d991a6
10517,11,8997834500,8986223950,11158577,40,356869,95024,40,2022387299,469225,93344238,184970848,491309159,404272946,156795414,560348813,130856666,212338280,3944439802,16645377,6,3,4,0,1,4738,1300,61,0,0,0,0,5,78790497,2856587332,14118728,1,133547783,1087852470,2526649,1370402224,1934712553,118968928,156476317,55002371,202142821,4538561,33131335,288344380,352043458,0,0,0,0,5eb7747ecbde451de49ea2bb0b40c31b43aa1915d4f074ed405d0301b7d991a6
10517,12,8997831670,8986131056,11247641,40,357999,94884,50,2022403269,451791,93303776,187213944,489161261,404009771,157023845,560511101,130707498,212360091,3944484903,16552103,6,3,4,0,1,4738,1300,61,0,0,0,0,5,78823148,2856622653,14078327,1,133536943,1087862250,2473776,1453921733,1935342793,111128581,77795663,57014450,202116529,4557972,33138506,260340828,345166107,0,0,0,0,5eb7747ecbde451de49ea2bb0b40c31b43aa1915d4f074ed405d0301b7d991a6
10517,13,8997834270,8986134186,11247921,50,357168,94885,60,2022545957,459593,93309076,185883288,490427592,404482986,156590243,560350143,131019163,212337171,3944414999,16679400,6,3,4,0,1,4738,1300,61,0,0,0,0,5,78788638,2856568799,14144621,1,133548533,1087846200,2534779,1358317910,1934374394,113346932,169935850,58221549,202147601,4535641,33132335,283432327,346298590,0,0,0,0,5eb7747ecbde451de49ea2bb0b40c31b43aa1915d4f074ed405d0301b7d991a6
10517,14,8997833031,8986134776,11248092,160,354798,95154,51,2022468154,419542,93313507,185276085,491132458,404369091,156629915,560511252,130795954,212351921,3944456472,16584723,6,3,4,0,1,4738,1300,61,0,0,0,0,5,78819608,2856604772,14097186,1,133532313,1087851700,2487537,1353874064,1934977358,121391273,165725680,56261676,202116689,4572213,33120915,253662861,354118641,0,0,0,0,5eb7747ecbde451de49ea2bb0b40c31b43aa1915d4f074ed405d0301b7d991a6
10517,15,8997834750,8986227461,11158857,50,353238,95094,50,2022712716,406162,93418670,185995883,490248526,404261523,156793214,560370825,131198962,212329801,3944519434,16593055,6,3,4,0,1,4738,1300,61,0,0,0,0,5,78785188,2856668864,14054716,1,133544613,1087850570,2538339,1329924608,1936623098,119417645,185087996,56206971,202157722,4529500,33142936,278034363,374941066,0,0,0,0,5eb7747ecbde451de49ea2bb0b40c31b43aa1915d4f074ed405d0301b7d991a6
10517,16,8997835820,8986180438,11206490,50,353248,95545,49,2025623104,501554,93241144,189083688,487324287,402489865,158528001,560559033,133875500,212403054,3944566087,16471867,6,3,4,0,1,4738,1300,61,0,0,0,0,5,78867171,2856724548,13969020,1,133535883,1087841539,2502847,1389141342,1935716119,118515600,145741865,52451724,202108579,4568033,33139605,358352155,330875269,0,0,0,0,5eb7747ecbde451de49ea2bb0b40c31b43aa1915d4f074ed405d0301b7d991a6
10517,17,8997834540,8986129175,11252682,40,357739,94844,60,2024741430,513647,93258723,189191286,487158538,402749067,158308691,560362831,133185188,212345701,3944625710,16474778,6,3,4,0,1,4738,1300,61,0,0,0,0,5,78801578,2856728168,13990341,1,133544123,1087897542,2484437,1388050236,1931679923,114560951,155274204,53176283,202148521,4540031,33132356,360353759,305754104,0,0,0,0,5eb7747ecbde451de49ea2bb0b40c31b43aa1915d4f074ed405d0301b7d991a6
10517,18,8997834510,8986182578,11197699,50,359709,94005,469,2025570241,514106,93252453,187500748,488918857,402643230,158371657,560546652,133808987,212412155,3944605889,16420964,6,3,4,0,1,4738,1300,61,0,0,0,0,5,78873782,2856741138,13941518,1,133538373,1087864751,2479446,1400804367,1932082395,116771794,141937704,54659057,202109689,4565672,33143297,300366465,292617119,0,0,0,0,5eb7747ecbde451de49ea2bb0b40c31b43aa1915d4f074ed405d0301b7d991a6
10517,19,8997834630,8986176098,11207030,1609,354809,95034,50,2024840063,509755,93256414,188513081,487825772,403089163,157970184,560375664,133282780,212373813,3944552626,16525402,6,3,4,0,1,4738,1300,61,0,0,0,0,5,78822699,2856695216,14004283,1,133551114,1087857410,2521119,1375860081,1936923685,120672738,156332319,56592890,202147491,4535021,33129265,383902880,294755386,0,0,0,0,5eb7747ecbde451de49ea2bb0b40c31b43aa1915d4f074ed405d0301b7d991a6
10517,20,8997834560,8986186528,11199470,50,354268,94174,70,2025838292,553657,93211240,187915451,488499857,402695244,158326030,560566683,134052560,212442695,3944622439,16397825,6,3,4,0,1,4738,1300,61,0,0,0,0,5,78900152,2856743508,13931829,1,133542543,1087878931,2465996,1384046537,1936983609,119766374,147762391,56261766,202104709,4574333,33139516,336684854,296646717,0,0,0,0,5eb7747ecbde451de49ea2bb0b40c31b43aa1915d4f074ed405d0301b7d991a6
10517,21,8997833730,8986137136,11244091,40,357679,94744,40,2025274317,452832,93312017,188517802,487828682,403179478,157873778,560357522,133737604,212334672,3944588708,16503490,6,3,4,0,1,4738,1300,61,0,0,0,0,5,78783288,2856711147,14002143,1,133551384,1087877561,2501347,1405337776,1929174935,110590566,139544154,55569261,202146741,4530831,33132115,346782047,295658246,0,0,0,0,5eb7747ecbde451de49ea2bb0b40c31b43aa1915d4f074ed405d0301b7d991a6
10517,22,8997835301,8986130186,11251721,40,358449,94854,51,2025181532,476563,93290275,189108641,487319185,402352909,158662107,560542024,133419159,212427706,3944547397,16492117,6,3,4,0,1,4738,1300,61,0,0,0,0,5,78886763,2856694817,14001191,1,133540943,1087852580,2490926,1396537122,1928367972,111742589,149945755,54393702,202105339,4585193,33128185,359499259,306019653,0,0,0,0,5eb7747ecbde451de49ea2bb0b40c31b43aa1915d4f074ed405d0301b7d991a6
10517,23,8997833040,8986127025,11257122,51,354607,94085,150,2025371190,465763,93303646,187622755,488719339,402566717,158494430,560360093,133821386,212374604,3944599599,16504640,6,3,4,0,1,4738,1300,61,0,0,0,0,5,78821120,2856703437,14021243,1,133553484,1087896162,2483397,1385091896,1932631700,118571416,150448621,55815319,202143701,4539161,33128635,315104424,301205002,0,0,0,0,5eb7747ecbde451de49ea2bb0b40c31b43aa1915d4f074ed405d0301b7d991a6
10517,24,8997832690,8986169978,11209169,40,359029,94425,49,2022371639,488323,93278696,183708967,492690729,403446432,157560513,560546992,130623895,212437833,3944467074,16548422,6,3,4,0,1,4738,1300,61,0,0,0,0,5,78893480,2856605333,14071386,1,133544353,1087861741,2477036,1365253420,1933009858,118997011,159180945,58003162,202116389,4561532,33136356,302078004,334250508,0,0,0,0,5eb7747ecbde451de49ea2bb0b40c31b43aa1915d4f074ed405d0301b7d991a6
10517,25,8997834280,8986119705,11263032,40,356398,95055,50,2025906918,462441,93293856,186756350,489602345,403664300,157383506,560353102,134367456,212365851,3944445092,16646887,6,3,4,0,1,4738,1300,61,0,0,0,0,5,78808407,2856577111,14132109,1,133557444,1087867981,2514778,1358422990,1935648291,117730406,168852923,57532315,202157912,4530460,33123735,320572111,329229964,0,0,0,0,5eb7747ecbde451de49ea2bb0b40c31b43aa1915d4f074ed405d0301b7d991a6
10517,26,8997835961,8986110565,11275042,40,354839,95424,51,2022849492,461421,93309849,186346028,490069516,403399359,157602596,560543682,131095410,211599544,3944447571,16584151,6,3,4,0,1,4738,1300,61,0,0,0,0,5,78059420,2856598621,14085785,1,133540124,1087848950,2498366,1372624725,1933851263,114880596,160600515,54602020,202116129,4559302,33143507,300430977,330692412,0,0,0,0,5eb7747ecbde451de49ea2bb0b40c31b43aa1915d4f074ed405d0301b7d991a6
10517,27,8997834690,8986178588,11207840,170,354638,93394,60,2022706146,496743,93275396,185303905,491046317,403753877,157313719,560341994,131146902,212382913,3944419910,16657277,6,3,4,0,1,4738,1300,61,0,0,0,0,5,78825099,2856567710,14138179,1,133557814,1087852200,2519098,1369730700,1938611205,122232715,153915833,56744146,202154862,4521619,33142166,332155294,315258211,0,0,0,0,5eb7747ecbde451de49ea2bb0b40c31b43aa1915d4f074ed405d0301b7d991a6
10517,28,8997835610,8986173618,11211980,60,354948,94955,49,2022740636,476173,93263095,184973719,491438618,404058371,156963463,560530012,131009965,212418985,3944447362,16608283,6,3,4,0,1,4738,1300,61,0,0,0,0,5,78885042,2856622573,14085445,1,133533943,1087824789,2522838,1369756117,1935687578,123168915,154076142,55598041,202115791,4559952,33142265,306661624,300024669,0,0,0,0,5eb7747ecbde451de49ea2bb0b40c31b43aa1915d4f074ed405d0301b7d991a6
10517,29,8997833830,8986174908,11206499,410,356929,95034,50,2022782230,434881,93323967,184724558,491629405,403917264,157119962,560376124,131226265,212357641,3944428380,16668619,6,3,4,0,1,4738,1300,61,0,0,0,0,5,78799057,2856574809,14143731,1,133558584,1087853571,2524888,1412903745,1934094281,111385191,131556974,55229460,202154271,4535691,33121725,299871600,312129206,0,0,0,0,5eb7747ecbde451de49ea2bb0b40c31b43aa1915d4f074ed405d0301b7d991a6
10517,30,8997835461,8986174168,11211779,51,354588,94824,51,2022659682,488562,93257574,186592212,489835585,403649714,157353542,560541742,130918141,212414764,3944478684,16561882,6,3,4,0,1,4738,1300,61,0,0,0,0,5,78871791,2856618913,14077516,1,133542973,1087859771,2484366,1375211244,1932689659,115387735,159434814,60331098,202115259,4559292,33136866,309114853,309911649,0,0,0,0,5eb7747ecbde451de49ea2bb0b40c31b43aa1915d4f074ed405d0301b7d991a6
10517,31,8997834480,8986171227,11215231,60,352968,94944,50,2022373586,488034,93304577,187663026,488682317,403846003,157203833,560362472,130792775,212386033,3944443462,16641618,6,3,4,0,1,4738,1300,61,0,0,0,0,5,78827289,2856571060,14139731,1,133558744,1087872402,2501887,1346363436,1932331338,116585033,178575603,55513671,202160852,4522330,33136046,202218261,360424441,0,0,0,0,5eb7747ecbde451de49ea2bb0b40c31b43aa1915d4f074ed405d0301b7d991a6
10517,32,8997834200,8986235551,11144306,40,358069,95314,920,2025222864,408099,93319776,187640745,488785202,402580478,158417296,560545333,133504712,212371185,3944616739,16399544,6,3,4,0,1,4738,1300,61,0,0,0,0,5,78838812,2856721817,13957680,1,133532373,1087894922,2441864,1387483881,1934395835,113843122,149852666,55900104,202105719,4572963,33140235,348758976,332345389,0,0,0,0,5eb7747ecbde451de49ea2bb0b40c31b43aa1915d4f074ed405d0301b7d991a6
10517,33,8997834550,8986241891,11139976,40,357529,95074,40,2025326949,405821,93304624,189202825,487150547,402525677,158531473,560351254,133842556,212346761,3944645581,16441856,6,3,4,0,1,4738,1300,61,0,0,0,0,5,78802538,2856739918,13957980,1,133544223,1087905663,2483876,1379552775,1933641716,117183127,154115948,58796269,202135681,4543401,33139065,372115135,300371851,0,0,0,0,5eb7747ecbde451de49ea2bb0b40c31b43aa1915d4f074ed405d0301b7d991a6
10517,34,8997835380,8986209430,11173357,51,358958,93534,50,2025712728,412190,93275573,189169223,487296907,402892084,158085949,560540423,134023527,212384654,3944570999,16432405,6,3,4,0,1,4738,1300,61,0,0,0,0,5,78853991,2856706268,13957549,1,133530663,1087864731,2474856,1394296416,1934112968,116654356,143253819,54050535,202113369,4567213,33134745,372655589,294193290,0,0,0,0,5eb7747ecbde451de49ea2bb0b40c31b43aa1915d4f074ed405d0301b7d991a6
10517,35,8997834460,8986204579,11177988,40,356958,94825,70,2025689347,396240,93305175,189066786,487286977,402683054,158363783,560363524,134211178,212343472,3944688953,16398414,6,3,4,0,1,4738,1300,61,0,0,0,0,5,78796728,2856795371,13911028,1,133546744,1087893582,2487386,1401718058,1936380447,111208422,146862127,57373904,202134511,4541921,33139396,366913790,288691900,0,0,0,0,5eb7747ecbde451de49ea2bb0b40c31b43aa1915d4f074ed405d0301b7d991a6
10517,36,8997836640,8986149237,11233771,49,357478,95985,120,2025104287,452623,93261222,188888178,487555091,402530292,158470771,560559644,133366824,212398195,3944582929,16417665,6,3,4,0,1,4738,1300,61,0,0,0,0,5,78866613,2856705337,13955380,1,133531582,1087877592,2462285,1437671843,1938366064,118780465,143064288,54577473,202104059,4574543,33133985,365421183,289425596,0,0,0,0,5eb7747ecbde451de49ea2bb0b40c31b43aa1915d4f074ed405d0301b7d991a6
10517,37,8997834480,8986241931,11140416,50,357009,95024,50,2025116207,307135,93441501,188974965,487374679,402960687,158080859,560379974,133571725,212329082,3944571958,16505078,6,3,4,0,1,4738,1300,61,0,0,0,0,5,78786709,2856677165,14022602,1,133542373,1087894793,2482476,1377487814,1934900102,117213199,154222158,55742059,202143621,4535761,33140476,377803793,296145970,0,0,0,0,5eb7747ecbde451de49ea2bb0b40c31b43aa1915d4f074ed405d0301b7d991a6
10517,38,8997832951,8986238901,11140126,50,358829,94994,51,2025879697,403989,93288817,189014573,487455155,402660963,158305880,560546443,134186215,212379274,3944596580,16444113,6,3,4,0,1,4738,1300,61,0,0,0,0,5,78852641,2856719659,13976658,1,133526633,1087876921,2467455,1403020994,1935777027,110292388,140982510,58232446,202105059,4574143,33139956,349056266,297706964,0,0,0,0,5eb7747ecbde451de49ea2bb0b40c31b43aa1915d4f074ed405d0301b7d991a6
10517,39,8997834900,8986187408,11195859,40,358569,92974,50,2024896655,419468,93296788,189484130,486875364,402715473,158331323,560357014,133399873,212321851,3944594168,16501569,6,3,4,0,1,4738,1300,61,0,0,0,0,5,78776737,2856719718,14006102,1,133545114,1087874450,2495467,1411866689,1931000737,111382388,141522946,55543939,202136851,4539310,33139957,381501711,290528813,0,0,0,0,5eb7747ecbde451de49ea2bb0b40c31b43aa1915d4f074ed405d0301b7d991a6
10517,40,8997834941,8986238201,11141876,50,359169,95605,40,2022799890,344617,93339078,186819203,489606215,403560229,157441374,560510552,131143391,212370174,3944430910,16584665,6,3,4,0,1,4738,1300,61,0,0,0,0,5,78838341,2856604201,14072637,1,133531833,1087826709,2512028,1385615113,1934320962,112314083,156226370,57601338,202116820,4558841,33143297,335307174,311884066,0,0,0,0,5eb7747ecbde451de49ea2bb0b40c31b43aa1915d4f074ed405d0301b7d991a6
10517,41,8997832850,8986193079,11187919,40,356638,95124,50,2022621500,346706,93389180,186178164,490155258,403657873,157383164,560347774,131134122,212343352,3944494592,16594205,6,3,4,0,1,4738,1300,61,0,0,0,0,5,78812759,2856606530,14093548,1,133530593,1087888062,2500657,1381950188,1935311293,114524816,155392620,56491460,202145142,4533750,33133136,348483151,317411385,0,0,0,0,5eb7747ecbde451de49ea2bb0b40c31b43aa1915d4f074ed405d0301b7d991a6
10517,42,8997833810,8986239011,11141326,261,358418,94734,60,2022913044,340966,93346437,183697797,492748673,403846312,157124171,560535832,131231454,211562483,3944484153,16547882,6,3,4,0,1,4738,1300,61,0,0,0,0,5,78036340,2856627393,14062335,1,133526143,1087856760,2485547,1372932388,1932338840,124664625,152831658,53791937,202117429,4556832,33136736,337698173,317009662,0,0,0,0,5eb7747ecbde451de49ea2bb0b40c31b43aa1915d4f074ed405d0301b7d991a6
10517,43,8997833040,8986241201,11141416,40,355609,94724,50,2023261113,394000,93332427,186056712,490275450,404039524,157008693,560354724,131771963,212323060,3944427640,16645827,6,3,4,0,1,4738,1300,61,0,0,0,0,5,78794078,2856555339,14138100,1,133528982,1087872301,2507727,1383265124,1935607845,113405049,154090895,58379904,202144921,4532250,33138216,313687125,319313540,0,0,0,0,5eb7747ecbde451de49ea2bb0b40c31b43aa1915d4f074ed405d0301b7d991a6
10517,44,8997834121,8986239991,11140607,40,358227,95165,91,2023092246,366746,93326138,184916375,491499692,404167090,156842874,560516412,131419794,212389553,3944423970,16584555,6,3,4,0,1,4738,1300,61,0,0,0,0,5,78861411,2856576240,14089698,1,133528142,1087847730,2494857,1376634357,1936593805,113997184,154461953,57135977,202114769,4558132,33138936,328401996,318116813,0,0,0,0,5eb7747ecbde451de49ea2bb0b40c31b43aa1915d4f074ed405d0301b7d991a6
10517,45,8997832410,8986142676,11237981,40,356738,94915,60,2023152677,350137,93345439,186097327,490255175,403759739,157290129,560352314,131669037,212304098,3944425029,16675179,6,3,4,0,1,4738,1300,61,0,0,0,0,5,78772826,2856552058,14165171,1,133531272,1087872971,2510008,1379111180,1937376429,112680465,156327973,57088082,202153661,4522811,33136155,338361430,314757126,0,0,0,0,5eb7747ecbde451de49ea2bb0b40c31b43aa1915d4f074ed405d0301b7d991a6
10517,46,8997834790,8986200329,11180369,40,358578,95425,49,2023486035,375508,93283667,187480044,488963051,403549159,157441505,560515982,131843128,212352761,3944442311,16574304,6,3,4,0,1,4738,1300,61,0,0,0,0,5,78822729,2856595751,14080077,1,133530032,1087846560,2494227,1388693366,1935041932,113258614,149809297,59510954,202115979,4560252,33134156,311866437,313591615,0,0,0,0,5eb7747ecbde451de49ea2bb0b40c31b43aa1915d4f074ed405d0301b7d991a6
10517,47,8997833450,8986147027,11235520,40,355678,95135,50,2022640162,339908,93356080,187027474,489334967,403768970,157267008,560373274,131142581,212365233,3944427729,16663848,6,3,4,0,1,4738,1300,61,0,0,0,0,5,78839020,2856549038,14146700,1,133526213,1087878691,2517148,1335969346,1935787632,118179026,185190906,56628726,202158392,4516279,33136506,347076355,366326269,0,0,0,0,5eb7747ecbde451de49ea2bb0b40c31b43aa1915d4f074ed405d0301b7d991a6
10517,48,8997835421,8986141296,11242651,40,356238,95136,60,2025100909,447193,93310235,187674247,488727737,402714726,158287640,560550844,133367075,212406024,3944547767,16468818,6,3,4,0,1,4738,1300,61,0,0,0,0,5,78869381,2856727368,13949780,1,133536643,1087820399,2519038,1359044131,1935296803,118776386,164538417,57185021,202105459,4576973,33128545,384802432,332139391,0,0,0,0,5eb7747ecbde451de49ea2bb0b40c31b43aa1915d4f074ed405d0301b7d991a6
10517,49,8997834550,8986171348,11210549,40,357628,94935,50,2025524788,469652,93302746,189472969,486874534,402957996,158085181,560365554,133980025,212344522,3944628672,16475296,6,3,4,0,1,4738,1300,61,0,0,0,0,5,78803169,2856752650,13968749,1,133541353,1087876022,2506547,1385154152,1932661288,116503961,152133141,58105140,202142401,4537791,33142366,378393078,311804567,0,0,0,0,5eb7747ecbde451de49ea2bb0b40c31b43aa1915d4f074ed405d0301b7d991a6
10517,50,8997835660,8986224900,11159277,60,356509,94854,60,2025255674,446431,93305829,188833604,487587031,402481133,158505570,560569914,133504052,212398635,3944569336,16459598,6,3,4,0,1,4738,1300,61,0,0,0,0,5,78860622,2856700885,13988692,1,133538013,1087868451,2470906,1382152711,1933891896,119025009,153748710,54025369,202110039,4566822,33140816,373206914,306758726,0,0,0,0,5eb7747ecbde451de49ea2bb0b40c31b43aa1915d4f074ed405d0301b7d991a6
10517,51,8997834610,8986221590,11162927,991,353907,95135,60,2025821183,424692,93323565,189027366,487313438,402243831,158810926,560356964,134302261,212348671,3944638030,16428617,6,3,4,0,1,4738,1300,61,0,0,0,0,5,78807788,2856742548,13954041,1,133540883,1087895482,2474576,1171970910,1940642143,105777732,308495338,53997207,202143161,4534261,33130935,381586782,381070103,0,0,0,0,5eb7747ecbde451de49ea2bb0b40c31b43aa1915d4f074ed405d0301b7d991a6
10517,52,8997835331,8986174348,11212040,40,353878,94974,51,2025751309,476943,93284786,187727210,488682987,402318945,158688429,560572904,133976287,212402885,3944606490,16425176,6,3,4,0,1,4738,1300,61,0,0,0,0,5,78869712,2856747070,13939910,1,133533173,1087859420,2485266,1407848948,1930874692,114875925,141371455,54653698,202104249,4572752,33133026,382673641,284260206,0,0,0,0,5eb7747ecbde451de49ea2bb0b40c31b43aa1915d4f074ed405d0301b7d991a6
10517,53,8997834550,8986172698,11209489,40,357358,94905,60,2025280596,407340,93355887,190014178,486334666,402678163,158342193,560383225,133749254,212351313,3944535264,16541401,6,3,4,0,1,4738,1300,61,0,0,0,0,5,78810130,2856746617,13951830,1,133541183,1087788647,2589571,1395217329,1934455329,112285776,152389281,56660592,202139611,4540691,33138925,373835419,286910991,0,0,0,0,5eb7747ecbde451de49ea2bb0b40c31b43aa1915d4f074ed405d0301b7d991a6
10517,54,8997834281,8986136676,11245622,40,356688,95204,51,2025770363,459979,93299879,187127380,489298116,402183150,158811015,560539811,134027569,212393807,3944549385,16493229,6,3,4,0,1,4738,1300,61,0,0,0,0,5,78865464,2856730187,13963150,1,133528343,1087819198,2530079,1388539952,1929150366,113246236,156455121,60193900,202106139,4568382,33144616,362061124,293984093,0,0,0,0,5eb7747ecbde451de49ea2bb0b40c31b43aa1915d4f074ed405d0301b7d991a6
10517,55,8997834690,8986166067,11218321,49,355218,94975,60,2025054183,445872,93313256,189351011,486998491,402853643,158172054,560389915,133501871,212335803,3944524483,16627677,6,3,4,0,1,4738,1300,61,0,0,0,0,5,78797100,2856706285,14065696,1,133538703,1087818198,2561981,1433669846,1927269858,115318318,148939700,56589662,202135390,4543772,33140565,411937969,282630023,0,0,0,0,5eb7747ecbde451de49ea2bb0b40c31b43aa1915d4f074ed405d0301b7d991a6
10517,56,8997834370,8986156447,11224291,60,359008,94524,40,2023134286,391488,93351129,186810893,489596505,404307775,156695479,560533202,131420966,212397616,3944503172,16523881,6,3,4,0,1,4738,1300,61,0,0,0,0,5,78863333,2856652292,14031275,1,133534283,1087850880,2492606,1389768459,1926999201,114254479,156510117,60969514,202110919,4567373,33138095,379350030,310263231,0,0,0,0,5eb7747ecbde451de49ea2bb0b40c31b43aa1915d4f074ed405d0301b7d991a6
10517,57,8997833150,8986210400,11170248,49,357238,95165,50,2022572988,404169,93340128,186820344,489529840,404631641,156409595,560345022,131062849,212347210,3944537975,16552764,6,3,4,0,1,4738,1300,61,0,0,0,0,5,78802667,2856655923,14053837,1,133544543,1087882052,2498927,1392092234,1934088667,115202893,146767807,57400844,202155391,4527991,33134795,364768829,297523976,0,0,0,0,5eb7747ecbde451de49ea2bb0b40c31b43aa1915d4f074ed405d0301b7d991a6
10517,58,8997834070,8986153647,11228111,49,357178,95045,40,2022984939,464174,93319627,185721127,490700409,404011111,156968903,560550622,131225398,211586694,3944506503,16517370,6,3,4,0,1,4738,1300,61,0,0,0,0,5,78047131,2856644032,14040614,1,133539563,1087862471,2476756,1380356072,1931465422,114603124,155917772,57720933,202107959,4567382,33140626,328356452,311511017,0,0,0,0,5eb7747ecbde451de49ea2bb0b40c31b43aa1915d4f074ed405d0301b7d991a6
10517,59,8997833920,8986214380,11170157,60,353929,95234,160,2022391209,402701,93364698,184115206,492218927,403961170,157082656,560368044,130847155,212369063,3944488273,16574553,6,3,4,0,1,4738,1300,61,0,0,0,0,5,78824380,2856617121,14072446,1,133544683,1087871152,2502107,1382944332,1936593599,118593152,148805511,56346732,202155381,4525041,33133495,357648051,306573230,0,0,0,0,5eb7747ecbde451de49ea2bb0b40c31b43aa1915d4f074ed405d0301b7d991a6
10517,60,8997834061,8986166868,11214659,40,357649,94805,40,2022870664,441042,93310636,186735642,489676905,404232022,156778912,560527102,131141043,212386456,3944496572,16553373,6,3,4,0,1,4738,1300,61,0,0,0,0,5,78851983,2856647582,14057646,1,133534473,1087848990,2495727,1379200749,1937083660,117581356,148452335,59960697,202106119,4570522,33137196,328188280,312208194,0,0,0,0,5eb7747ecbde451de49ea2bb0b40c31b43aa1915d4f074ed405d0301b7d991a6
10517,61,8997833650,8986157447,11224751,49,356069,95285,49,2022895553,376927,93418533,186666423,489688198,404269897,156757731,560381805,131313987,212354694,3944456120,16621404,6,3,4,0,1,4738,1300,61,0,0,0,0,5,78809460,2856591430,14108776,1,133545234,1087864690,2512628,1383975480,1933572091,114353510,154955213,59405686,202154942,4525330,33130655,327011671,323500523,0,0,0,0,5eb7747ecbde451de49ea2bb0b40c31b43aa1915d4f074ed405d0301b7d991a6
10517,62,8997834420,8986138876,11244641,60,355829,94885,129,2022663305,438922,93299687,184500105,491936330,403991662,156990581,560544584,130932401,212387745,3944461281,16579414,6,3,4,0,1,4738,1300,61,0,0,0,0,5,78852782,2856617292,14077116,1,133534963,1087843989,2502298,1378872262,1933493446,121857579,153161577,53634559,202106679,4568182,33143177,311143126,317371737,0,0,0,0,5eb7747ecbde451de49ea2bb0b40c31b43aa1915d4f074ed405d0301b7d991a6
10517,63,8997833740,8986138016,11246832,40,353518,95285,49,2023184231,414269,93351080,187265036,489079096,404274056,156766422,560355192,131657740,212348421,3944475443,16615705,6,3,4,0,1,4738,1300,61,0,0,0,0,5,78803378,2856608642,14106558,1,133545043,1087866801,2509147,1353448947,1934536936,117505117,171937831,59368128,202160062,4517370,33141406,358369297,357524328,0,0,0,0,5eb7747ecbde451de49ea2bb0b40c31b43aa1915d4f074ed405d0301b7d991a6
10517,64,8997838101,8986147656,11234481,40,358599,97205,120,2026053367,514205,93266106,187502637,488925779,402375828,158603636,560549992,134302062,212414757,3944690611,16325281,6,3,4,0,1,4738,1300,61,0,0,0,0,5,78890294,2856797429,13871026,1,133524463,1087893182,2454255,1381761083,1936020978,113864920,149642071,58143272,202118640,4559501,33135896,340222427,332985095,0,0,0,0,5eb7747ecbde451de49ea2bb0b40c31b43aa1915d4f074ed405d0301b7d991a6
10517,65,8997834570,8986145656,11237402,40,356478,94944,50,2026070636,537387,93252592,188881427,487475338,402239830,158804505,560356174,134507171,212351960,3944610759,16482761,6,3,4,0,1,4738,1300,61,0,0,0,0,5,78807557,2856728497,13968413,1,133544403,1087882262,2514348,1394505059,1930367051,113248363,151659878,56705617,202139181,4543691,33136186,343046475,312025092,0,0,0,0,5eb7747ecbde451de49ea2bb0b40c31b43aa1915d4f074ed405d0301b7d991a6
10517,66,8997836210,8986149527,11233471,60,357527,95576,49,2026068956,513067,93239022,188410572,488047525,402444643,158529451,560554873,134322513,212396553,3944604070,16433654,6,3,4,0,1,4738,1300,61,0,0,0,0,5,78871721,2856723048,13964289,1,133524832,1087881022,2469365,1376475509,1930962959,110215072,168042459,55526038,202118790,4559512,33132795,292599566,302795666,0,0,0,0,5eb7747ecbde451de49ea2bb0b40c31b43aa1915d4f074ed405d0301b7d991a6
10517,67,8997836530,8986136966,11246272,60,356627,96545,60,2026548299,486908,93296012,189508283,486849770,402530669,158502988,560360506,134999345,212352111,3944672122,16402065,6,3,4,0,1,4738,1300,61,0,0,0,0,5,78813008,2856760729,13923849,1,133539103,1087911393,2478216,1154760196,1938895590,111390813,317681428,49262873,202139061,4542541,33133515,328435105,380946719,0,0,0,0,5eb7747ecbde451de49ea2bb0b40c31b43aa1915d4f074ed405d0301b7d991a6
10517,68,8997836330,8986136716,11245851,40,359839,93824,60,2025060505,537976,93201211,188017045,488432393,402087153,158908771,560553243,133307452,212395024,3944617709,16417205,6,3,4,0,1,4738,1300,61,0,0,0,0,5,78871822,2856733377,13951510,1,133523202,1087884332,2465695,1405735075,1932484872,115642289,142487445,58047147,202118830,4559472,33138055,312874825,284736508,0,0,0,0,5eb7747ecbde451de49ea2bb0b40c31b43aa1915d4f074ed405d0301b7d991a6
10517,69,8997835020,8986148947,11233340,60,357458,95165,50,2026261286,498515,93288954,188532940,487828714,402270352,158770436,560369223,134688451,212337230,3944577198,16518761,6,3,4,0,1,4738,1300,61,0,0,0,0,5,78798697,2856707997,13997893,1,133538533,1087869201,2520868,1398596099,1932125372,120872278,141102409,55646101,202140941,4544111,33132505,330968838,285489627,0,0,0,0,5eb7747ecbde451de49ea2bb0b40c31b43aa1915d4f074ed405d0301b7d991a6
10517,70,8997834671,8986134396,11246372,40,358288,95535,40,2025815884,548249,93203379,187288745,489189972,402341918,158631557,560536634,134059581,212386783,3944644270,16407656,6,3,4,0,1,4738,1300,61,0,0,0,0,5,78864571,2856768319,13934940,1,133522212,1087875951,2472716,1402350213,1930917493,113653824,149221319,60658712,202118130,4559482,33134785,316493585,279619107,0,0,0,0,5eb7747ecbde451de49ea2bb0b40c31b43aa1915d4f074ed405d0301b7d991a6
10517,71,8997832480,8986135276,11245411,40,356989,94704,60,2025525669,522526,93249923,188714552,487658374,402052800,158974046,560377843,133961913,212346921,3944616869,16486399,6,3,4,0,1,4738,1300,61,0,0,0,0,5,78807318,2856745198,13974812,1,133539603,1087871671,2511587,1407282861,1933011953,115823751,140968531,59742374,202134531,4542391,33139366,322040247,282190138,0,0,0,0,5eb7747ecbde451de49ea2bb0b40c31b43aa1915d4f074ed405d0301b7d991a6
10517,72,8997833281,8986147407,11231250,40,359349,95084,151,2023395083,448401,93300237,186331279,490099159,403713644,157286569,560515092,131679380,212371424,3944498924,16546020,6,3,4,0,1,4738,1300,61,0,0,0,0,5,78850442,2856663085,14026622,1,133520982,1087835839,2519398,1388331243,1927939915,111712413,157547533,56436251,202118471,4558841,33145127,404837776,308497799,0,0,0,0,5eb7747ecbde451de49ea2bb0b40c31b43aa1915d4f074ed405d0301b7d991a6
10517,73,8997832311,8986148237,11231491,160,356958,95414,51,2022463974,491914,93333226,184924068,491402736,403389768,157645497,560330915,130912597,212348160,3944585449,16506028,6,3,4,0,1,4738,1300,61,0,0,0,0,5,78805977,2856708948,13989130,1,133542183,1087876501,2516898,1389441260,1934230492,116918639,145407050,53492683,202148892,4533621,33132335,365813391,310229212,0,0,0,0,5eb7747ecbde451de49ea2bb0b40c31b43aa1915d4f074ed405d0301b7d991a6
10517,74,8997834221,8986146476,11232641,40,359619,95394,51,2023321236,461852,93306176,186564893,489882586,403537737,157427135,560523382,131592063,211577832,3944477373,16557722,6,3,4,0,1,4738,1300,61,0,0,0,0,5,78057869,2856614323,14067905,1,133519963,1087863050,2489817,1387162547,1934637257,111949235,154640835,57875665,202119271,4556111,33138466,325904281,304387428,0,0,0,0,5eb7747ecbde451de49ea2bb0b40c31b43aa1915d4f074ed405d0301b7d991a6
10517,75,8997832830,8986180298,11198979,40,358199,95254,60,2023343690,528317,93281262,187226467,489110845,403964680,157072318,560349624,131788826,212371624,3944460432,16606235,6,3,4,0,1,4738,1300,61,0,0,0,0,5,78829721,2856606411,14076717,1,133541903,1087854021,2529518,1486077734,1937575853,112463905,50493036,56260711,202145481,4532010,33134776,351238252,307078209,0,0,0,0,5eb7747ecbde451de49ea2bb0b40c31b43aa1915d4f074ed405d0301b7d991a6
10517,76,8997832851,8986144066,11234562,49,358699,95415,60,2023093517,530785,93233464,184975967,491450039,404050463,156947941,560512471,131363514,212390103,3944562277,16475288,6,3,4,0,1,4738,1300,61,0,0,0,0,5,78868051,2856724518,13958220,1,133522052,1087837759,2517068,1389144839,1933686541,119353653,140446445,54041995,202117440,4557152,33141335,337312961,299041469,0,0,0,0,5eb7747ecbde451de49ea2bb0b40c31b43aa1915d4f074ed405d0301b7d991a6
10517,77,8997832170,8986144796,11234131,40,357969,95184,50,2023108226,534465,93253773,187503300,488849333,403054973,157988305,560351983,131547372,212354061,3944471672,16619465,6,3,4,0,1,4738,1300,61,0,0,0,0,5,78812198,2856601641,14103547,1,133541863,1087870031,2515918,1381194355,1936126373,117132557,151684576,56618745,202149352,4529211,33142386,317725125,308487383,0,0,0,0,5eb7747ecbde451de49ea2bb0b40c31b43aa1915d4f074ed405d0301b7d991a6
10517,78,8997833591,8986145096,11234741,171,358848,94675,60,2023316206,494573,93257635,185080604,491371763,403739578,157245875,560496731,131608275,212379815,3944449580,16591093,6,3,4,0,1,4738,1300,61,0,0,0,0,5,78857262,2856605911,14079355,1,133522553,1087843669,2511738,1381181228,1933938436,120675631,145244594,57597940,202118460,4559221,33134316,329907294,317555670,0,0,0,0,5eb7747ecbde451de49ea2bb0b40c31b43aa1915d4f074ed405d0301b7d991a6
10517,79,8997832661,8986146307,11237291,150,353797,95065,51,2022926238,501956,93302634,185235244,491101119,403277306,157757361,560361045,131362249,212349651,3944506175,16597924,6,3,4,0,1,4738,1300,61,0,0,0,0,5,78807818,2856625143,14089087,1,133541833,1087881032,2508837,1387860370,1934740731,117803136,137534042,59925527,202163952,4520080,33138606,335242565,344423964,0,0,0,0,5eb7747ecbde451de49ea2bb0b40c31b43aa1915d4f074ed405d0301b7d991a6
10517,80,8997835920,8986163247,11220410,140,356299,95724,100,2025977960,538167,93209221,188003272,488418954,402428551,158573904,560540973,134248271,212410203,3944619831,16412255,6,3,4,0,1,4738,1300,61,0,0,0,0,5,78872460,2856753880,13922709,1,133537743,1087865951,2489546,1365325912,1934870153,124364638,154607204,50881028,202115640,4564312,33138346,447964497,333132610,0,0,0,0,5eb7747ecbde451de49ea2bb0b40c31b43aa1915d4f074ed405d0301b7d991a6
10517,81,8997833630,8986126265,11254682,50,357628,94915,90,2025952590,502874,93269344,189420935,486944889,402563890,158482367,560344992,134407638,212381154,3944654690,16431177,6,3,4,0,1,4738,1300,61,0,0,0,0,5,78834690,2856757838,13939640,1,133546464,1087896852,2491537,1377712676,1931918535,117938272,159194847,55228501,202146511,4540531,33133605,435634955,302254007,0,0,0,0,5eb7747ecbde451de49ea2bb0b40c31b43aa1915d4f074ed405d0301b7d991a6
10517,82,8997833970,8986160887,11218940,51,359908,94124,60,2026109379,559447,93187660,187698518,488749289,402370159,158625727,560530211,134371177,212419065,3944625090,16397004,6,3,4,0,1,4738,1300,61,0,0,0,0,5,78876852,2856756169,13915168,1,133542213,1087868921,2481836,1391519879,1931194388,123853628,143604727,55217372,202115450,4564432,33134715,412503256,293902588,0,0,0,0,5eb7747ecbde451de49ea2bb0b40c31b43aa1915d4f074ed405d0301b7d991a6
10517,83,8997833830,8986115525,11265692,50,357589,94924,50,2026542480,503124,93272263,189340022,487020672,402351075,158698093,560352283,134994745,212383665,3944579669,16490149,6,3,4,0,1,4738,1300,61,0,0,0,0,5,78838591,2856691227,13992712,1,133545074,1087888442,2497437,1394324628,1935232295,113522265,148791095,56724789,202146211,4536041,33131595,425704385,292753809,0,0,0,0,5eb7747ecbde451de49ea2bb0b40c31b43aa1915d4f074ed405d0301b7d991a6
10517,84,8997834381,8986123575,11260132,40,356759,93835,40,2025675036,590698,93175090,189055656,487375809,402287794,158712871,560554826,133904860,212421505,3944650861,16369532,6,3,4,0,1,4738,1300,61,0,0,0,0,5,78880001,2856762219,13904727,1,133541504,1087888642,2464805,1386798331,1935848976,112918966,153021076,60039123,202115780,4565663,33132605,391346889,279806284,0,0,0,0,5eb7747ecbde451de49ea2bb0b40c31b43aa1915d4f074ed405d0301b7d991a6
10517,85,8997832930,8986131816,11248071,60,357749,95184,50,2025971300,513778,93269081,189382587,486986418,402629723,158404494,560344674,134425945,212370303,3944628481,16462438,6,3,4,0,1,4738,1300,61,0,0,0,0,5,78823080,2856751249,13955121,1,133547223,1087877232,2507317,1398598833,1931784491,120816387,140265105,50651409,202144401,4535871,33133535,430964619,297085627,0,0,0,0,5eb7747ecbde451de49ea2bb0b40c31b43aa1915d4f074ed405d0301b7d991a6
10517,86,8997835241,8986122875,11259063,40,358168,95044,51,2026009762,501432,93255356,188467655,487985341,402520545,158465960,560544754,134254999,212430968,3944564066,16460888,6,3,4,0,1,4738,1300,61,0,0,0,0,5,78888794,2856697015,13975472,1,133542174,1087867051,2485416,1401240276,1929444781,110666087,147277930,57616369,202116000,4579784,33124165,399246647,292305278,0,0,0,0,5eb7747ecbde451de49ea2bb0b40c31b43aa1915d4f074ed405d0301b7d991a6
10517,87,8997832060,8986128046,11251941,40,359049,92934,50,2026162191,509455,93268383,189113472,487242041,402340869,158700219,560352252,134622717,212385684,3944727906,16365723,6,3,4,0,1,4738,1300,61,0,0,0,0,5,78842770,2856825584,13881846,1,133542914,1087902322,2483877,1395078190,1932734956,111683136,150594931,59649090,202142611,4539711,33130495,406602916,287622473,0,0,0,0,5eb7747ecbde451de49ea2bb0b40c31b43aa1915d4f074ed405d0301b7d991a6
10517,88,8997833340,8986162817,11216271,49,359919,94244,40,2023598322,518397,93222602,186071063,490366604,403385686,157607387,560521024,131882577,212428977,3944538306,16481968,6,3,4,0,1,4738,1300,61,0,0,0,0,5,78883693,2856680606,13988961,1,133545284,1087857700,2493007,1366435541,1930646244,113771290,165257855,55355328,202118880,4560221,33140697,414988243,325667538,0,0,0,0,5eb7747ecbde451de49ea2bb0b40c31b43aa1915d4f074ed405d0301b7d991a6
10517,89,8997832020,8986165297,11214301,49,357338,94985,50,2023337138,481397,93278171,186307128,490078527,403270935,157756942,560333412,131799764,212360062,3944577908,16523821,6,3,4,0,1,4738,1300,61,0,0,0,0,5,78819409,2856722838,13985812,1,133540653,1087855070,2538009,1367303500,1931558589,118480098,161805224,57452601,202156402,4525360,33131695,391930519,329283426,0,0,0,0,5eb7747ecbde451de49ea2bb0b40c31b43aa1915d4f074ed405d0301b7d991a6
10517,90,8997834141,8986136826,11243221,40,358609,95405,40,2023792259,476913,93264594,186055125,490391524,403715475,157265488,560525714,132077254,211580723,3944527464,16497360,6,3,4,0,1,4738,1300,61,0,0,0,0,5,78036519,2856688775,13985662,1,133544204,1087838689,2511698,1362182219,1934188584,117580510,165436578,59006570,202118660,4559532,33139955,420774203,315894400,0,0,0,0,5eb7747ecbde451de49ea2bb0b40c31b43aa1915d4f074ed405d0301b7d991a6
10517,91,8997832791,8986136986,11243122,60,359368,93115,140,2023225732,536285,93227202,185229174,491144522,403990819,157048089,560329169,131695510,212382765,3944455831,16617835,6,3,4,0,1,4738,1300,61,0,0,0,0,5,78839472,2856629812,14063005,1,133543293,1087826019,2554830,1370208309,1938223392,122431951,152668129,55224976,202156231,4522010,33136416,364316275,309522184,0,0,0,0,5eb7747ecbde451de49ea2bb0b40c31b43aa1915d4f074ed405d0301b7d991a6
10517,92,8997834081,8986136806,11243001,40,359329,94854,51,2023582771,528973,93208492,186009604,490428005,403571099,157433236,560515640,131868370,212410157,3944551936,16502930,6,3,4,0,1,4738,1300,61,0,0,0,0,5,78869523,2856696776,14002983,1,133540634,1087855160,2499947,1379671915,1932789152,112894391,161619558,57832574,202118260,4559632,33142966,346393737,302007833,0,0,0,0,5eb7747ecbde451de49ea2bb0b40c31b43aa1915d4f074ed405d0301b7d991a6
10517,93,8997832010,8986162757,11216710,51,357267,95175,50,2022547148,468494,93299026,186277898,490090836,403338928,157692999,560352943,130997354,212347891,3944485844,16613656,6,3,4,0,1,4738,1300,61,0,0,0,0,5,78807548,2856630614,14081427,1,133540343,1087855230,2532229,1371571796,1934304356,120006039,152749034,57728490,202155031,4531591,33123685,346055054,308177805,0,0,0,0,5eb7747ecbde451de49ea2bb0b40c31b43aa1915d4f074ed405d0301b7d991a6
10517,94,8997833410,8986136886,11243472,49,358799,94155,49,2023222964,527098,93198200,184951279,491510199,402997580,157988314,560524052,131503052,212408456,3944495833,16541252,6,3,4,0,1,4738,1300,61,0,0,0,0,5,78865172,2856642563,14043875,1,133543284,1087853270,2497377,1365870420,1935751704,121253747,153999672,55037097,202117800,4559472,33135845,347387567,325856710,0,0,0,0,5eb7747ecbde451de49ea2bb0b40c31b43aa1915d4f074ed405d0301b7d991a6
10517,95,8997832650,8986161587,11221681,40,353968,95314,60,2023603280,495995,93279064,186695846,489678019,403810731,157221304,560356234,132044046,212385534,3944547157,16532871,6,3,4,0,1,4738,1300,61,0,0,0,0,5,78843761,2856660275,14036124,1,133541773,1087886882,2496747,1351474523,1935202284,120007984,170789658,59591208,202164633,4517830,33133805,379367545,352621391,0,0,0,0,5eb7747ecbde451de49ea2bb0b40c31b43aa1915d4f074ed405d0301b7d991a6
10517,96,8997834160,8986153877,11227080,151,358348,94635,69,2025995803,500083,93268702,189900633,486545719,402571577,158405766,560523352,134259770,212403005,3944689513,16340793,6,3,4,0,1,4738,1300,61,0,0,0,0,5,78875642,2856818222,13870377,1,133527363,1087871291,2470416,1396989083,1937077916,117525560,133987272,58001168,202111629,4568173,33137585,310926555,322135116,0,0,0,0,5eb7747ecbde451de49ea2bb0b40c31b43aa1915d4f074ed405d0301b7d991a6
10517,97,8997832990,8986152357,11227720,50,357808,95015,40,2025585702,484976,93304104,188493388,487871258,402710013,158330503,560325282,134044827,212366312,3944694994,16396143,6,3,4,0,1,4738,1300,61,0,0,0,0,5,78814468,2856783751,13913267,1,133551844,1087911243,2482876,1391333862,1932963237,118246621,144464170,53623705,202138041,4543511,33137326,366568552,290882980,0,0,0,0,5eb7747ecbde451de49ea2bb0b40c31b43aa1915d4f074ed405d0301b7d991a6
10517,98,8997833981,8986134026,11248321,51,358748,92784,51,2026366072,512174,93237743,188581115,487903396,402222300,158737582,560525783,134625757,212402245,3944645841,16378292,6,3,4,0,1,4738,1300,61,0,0,0,0,5,78874302,2856746388,13933608,1,133527943,1087899453,2444684,1387405084,1932687093,122678425,142524538,52741128,202112470,4565862,33138556,319173883,288795498,0,0,0,0,5eb7747ecbde451de49ea2bb0b40c31b43aa1915d4f074ed405d0301b7d991a6
10517,99,8997833280,8986151207,11230630,40,356689,94644,70,2026279296,529089,93244390,188941693,487441200,402629392,158401888,560340430,134731334,212374454,3944645902,16438366,6,3,4,0,1,4738,1300,61,0,0,0,0,5,78820440,2856746449,13950730,1,133554014,1087899453,2487636,1392400239,1939721319,114829015,142020891,56910172,202139141,4539741,33140006,321681223,280160556,0,0,0,0,5eb7747ecbde451de49ea2bb0b40c31b43aa1915d4f074ed405d0301b7d991a6
10517,100,8997835580,8986182938,11199139,51,357848,95555,49,2026098890,537258,93228380,187813476,488637164,402378859,158600115,560556753,134326353,212407476,3944645750,16380013,6,3,4,0,1,4738,1300,61,0,0,0,0,5,78881023,2856763818,13916418,1,133526453,1087881932,2463595,1396776270,1925705558,118164635,143192916,58587439,202111169,4573003,33125405,298964981,284770519,0,0,0,0,5eb7747ecbde451de49ea2bb0b40c31b43aa1915d4f074ed405d0301b7d991a6
10517,101,8997833110,8986153137,11228110,51,356918,94844,50,2025737659,464544,93322727,189617446,486756890,402537233,158500212,560351284,134168143,212356523,3944693452,16395425,6,3,4,0,1,4738,1300,61,0,0,0,0,5,78802759,2856785939,13919539,1,133553764,1087907513,2475886,1400679793,1931634309,120464734,137089996,56666455,202140611,4539091,33139036,328421471,292303067,0,0,0,0,5eb7747ecbde451de49ea2bb0b40c31b43aa1915d4f074ed405d0301b7d991a6
10517,102,8997834350,8986143586,11235821,50,359889,94955,49,2026695076,483243,93273235,188736771,487749968,402512954,158447249,560525352,134948272,212410054,3944692644,16347472,6,3,4,0,1,4738,1300,61,0,0,0,0,5,78880251,2856798382,13893547,1,133529803,1087894262,2453925,1385656653,1934822064,114183602,148835947,56926247,202111049,4566422,33141686,288208207,294326800,0,0,0,0,5eb7747ecbde451de49ea2bb0b40c31b43aa1915d4f074ed405d0301b7d991a6
10517,103,8997833720,8986143786,11239051,51,358408,92364,60,2025913797,504067,93259783,189400625,486997260,402564918,158463439,560345091,134360644,212361512,3944702404,16384934,6,3,4,0,1,4738,1300,61,0,0,0,0,5,78807228,2856800221,13912329,1,133554284,1087902183,2472605,1387561668,1927503751,115439554,150835961,56684765,202138291,4542961,33136396,321266887,290677426,0,0,0,0,5eb7747ecbde451de49ea2bb0b40c31b43aa1915d4f074ed405d0301b7d991a6
10517,104,8997833481,8986139066,11240012,49,359439,94844,71,2023155608,465625,93280253,187056905,489398602,403422342,157557042,560497592,131450276,212384604,3944510355,16511778,6,3,4,0,1,4738,1300,61,0,0,0,0,5,78854572,2856646914,14033662,1,133530032,1087863441,2478116,1352804836,1930569654,119680994,172759049,55563877,202117340,4560152,33140196,345948873,325745085,0,0,0,0,5eb7747ecbde451de49ea2bb0b40c31b43aa1915d4f074ed405d0301b7d991a6
10517,105,8997831670,8986164207,11215401,49,356909,95054,50,2023429472,452394,93353406,185142079,491208666,403434159,157600977,560319381,131888229,212357251,3944559537,16530171,6,3,4,0,1,4738,1300,61,0,0,0,0,5,78813918,2856674015,14023924,1,133543333,1087885522,2506247,1360702890,1932820141,126847653,161955157,54391037,202146001,4538111,33131125,348471400,323354004,0,0,0,0,5eb7747ecbde451de49ea2bb0b40c31b43aa1915d4f074ed405d0301b7d991a6
10517,106,8997832471,8986135436,11242881,50,359909,94144,51,2023537417,483916,93280616,185955027,490514830,403894875,157064768,560513641,131810365,211568213,3944479792,16555104,6,3,4,0,1,4738,1300,61,0,0,0,0,5,78043580,2856633032,14056517,1,133524633,1087846760,2498587,1369783024,1936428870,117116985,159955856,56872275,202117880,4557612,33134276,327105213,318266229,0,0,0,0,5eb7747ecbde451de49ea2bb0b40c31b43aa1915d4f074ed405d0301b7d991a6
10517,107,8997831881,8986139836,11241391,60,356029,94514,51,2023542369,439801,93359439,186679787,489670957,404022511,157014724,560338014,131990002,212342811,3944519755,16556192,6,3,4,0,1,4738,1300,61,0,0,0,0,5,78799928,2856642453,14050735,1,133542883,1087877302,2505457,1374579868,1936127396,117850769,156222380,56709713,202146001,4536121,33133145,305461691,304545801,0,0,0,0,5eb7747ecbde451de49ea2bb0b40c31b43aa1915d4f074ed405d0301b7d991a6
10517,108,8997832921,8986170498,11207819,240,359769,94544,51,2023246385,501765,93254174,185189080,491252048,402996948,157999974,560500272,131529871,212380083,3944491045,16549690,6,3,4,0,1,4738,1300,61,0,0,0,0,5,78853731,2856645295,14047483,1,133526352,1087845750,2502207,1381216576,1936279397,118531726,151075092,60467745,202116389,4557722,33142206,290913021,308850759,0,0,0,0,5eb7747ecbde451de49ea2bb0b40c31b43aa1915d4f074ed405d0301b7d991a6
10517,109,8997831570,8986138856,11241712,49,355869,95034,50,2023519755,502576,93278776,186366028,490009163,403670785,157359581,560340313,131970102,212346801,3944475172,16617355,6,3,4,0,1,4738,1300,61,0,0,0,0,5,78803188,2856603711,14102447,1,133543613,1087871461,2514908,1378766712,1937104389,115239160,156087669,60259025,202149581,4528620,33137806,297269654,312588063,0,0,0,0,5eb7747ecbde451de49ea2bb0b40c31b43aa1915d4f074ed405d0301b7d991a6
10517,110,8997833751,8986140566,11239502,249,358719,94655,60,2023385561,486444,93248683,184195968,492277852,403749778,157228036,560498970,131674240,212384153,3944613020,16415196,6,3,4,0,1,4738,1300,61,0,0,0,0,5,78857251,2856734819,13946370,1,133526902,1087878201,2468826,1366584942,1932365382,123694551,154148978,57372307,202116520,4559872,33134805,281922530,321701300,0,0,0,0,5eb7747ecbde451de49ea2bb0b40c31b43aa1915d4f074ed405d0301b7d991a6
10517,111,8997832711,8986169228,11212200,49,355889,95294,51,2023515903,446623,93316425,187714570,488675557,404012520,157004784,560362774,131958271,212375662,3944465571,16636967,6,3,4,0,1,4738,1300,61,0,0,0,0,5,78837849,2856581080,14120719,1,133537813,1087884491,2516248,1340596532,1935190059,121099960,179925181,55451167,202161772,4515180,33140515,295234571,358108436,0,0,0,0,5eb7747ecbde451de49ea2bb0b40c31b43aa1915d4f074ed405d0301b7d991a6
10517,112,8997833830,8986173048,11207859,40,357719,95124,40,2026287747,491185,93279753,188826644,487606222,402846283,158143412,560539954,134537360,212414935,3944649541,16368913,6,3,4,0,1,4738,1300,61,0,0,0,0,5,78881952,2856775420,13897897,1,133532983,1087874121,2471016,1385957804,1936086950,117779650,149096919,58671431,202109380,4575293,33126975,259594202,350053008,0,0,0,0,5eb7747ecbde451de49ea2bb0b40c31b43aa1915d4f074ed405d0301b7d991a6
10517,113,8997832580,8986138186,11241041,40,357908,95365,40,2025900558,497535,93292495,189040525,487341079,402602389,158420919,560346623,134341791,212380724,3944656233,16430705,6,3,4,0,1,4738,1300,61,0,0,0,0,5,78835820,2856786733,13918067,1,133544904,1087869500,2512638,1398004893,1935343916,119802632,143431915,57518823,202140962,4539661,33143896,355761593,309012833,0,0,0,0,5eb7747ecbde451de49ea2bb0b40c31b43aa1915d4f074ed405d0301b7d991a6
10517,114,8997833841,8986135896,11244831,51,357708,95315,40,2025622772,499835,93271823,189162453,487296216,402132105,158839229,560538243,133863657,212404415,3944669312,16359802,6,3,4,0,1,4738,1300,61,0,0,0,0,5,78867772,2856792031,13892376,1,133536643,1087877281,2467426,1397517696,1929204621,117277376,145812997,55467831,202110089,4570703,33133185,350106034,318969244,0,0,0,0,5eb7747ecbde451de49ea2bb0b40c31b43aa1915d4f074ed405d0301b7d991a6
10517,115,8997832420,8986144396,11237352,180,355327,95115,50,2026005322,481054,93309734,188641075,487720730,402662341,158368564,560346984,134457988,212386105,3944670292,16383002,6,3,4,0,1,4738,1300,61,0,0,0,0,5,78841281,2856792681,13890866,1,133544824,1087877611,2492136,1379451250,1933452718,115270187,156614129,56964665,202140261,4542131,33127445,371862467,314725965,0,0,0,0,5eb7747ecbde451de49ea2bb0b40c31b43aa1915d4f074ed405d0301b7d991a6
10517,116,8997833341,8986140456,11243942,40,353788,94975,140,2025779853,556888,93212432,187714827,488734440,402249512,158740143,560550743,133999758,212403666,3944616338,16421536,6,3,4,0,1,4738,1300,61,0,0,0,0,5,78872493,2856756588,13931339,1,133531173,1087859750,2490197,1385939722,1929948440,122661877,146649312,56809570,202109589,4572573,33131585,322211496,323848392,0,0,0,0,5eb7747ecbde451de49ea2bb0b40c31b43aa1915d4f074ed405d0301b7d991a6
10517,117,8997832380,8986130556,11249492,40,357387,94855,50,2025113877,455862,93326506,189148334,487239720,402300295,158706913,560365123,133553962,212377725,3944647510,16430036,6,3,4,0,1,4738,1300,61,0,0,0,0,5,78833342,2856755948,13946430,1,133544383,1087891562,2483606,1409772483,1930607115,113891191,132252366,56410363,202138102,4544401,33134495,373113420,319231326,0,0,0,0,5eb7747ecbde451de49ea2bb0b40c31b43aa1915d4f074ed405d0301b7d991a6
10517,118,8997834640,8986144816,11236412,49,358229,95074,60,2026344751,512576,93252923,188104038,488360960,402229870,158746682,560526742,134595728,212412416,3944622999,16417285,6,3,4,0,1,4738,1300,61,0,0,0,0,5,78880723,2856737278,13950350,1,133531693,1087885721,2466935,1381929183,1933859248,126545484,142740534,55320806,202109139,4570693,33137325,334806672,315386342,0,0,0,0,5eb7747ecbde451de49ea2bb0b40c31b43aa1915d4f074ed405d0301b7d991a6
10517,119,8997832580,8986144326,11236541,51,356578,95004,80,2025990192,522776,93259131,188407027,487983592,402725463,158292831,560354722,134428018,212348163,3944677223,16402784,6,3,4,0,1,4738,1300,61,0,0,0,0,5,78803700,2856795441,13908368,1,133544463,1087881782,2494416,1374984780,1931045248,123475445,154655866,54730514,202135341,4544081,33141696,365695814,316663252,0,0,0,0,5eb7747ecbde451de49ea2bb0b40c31b43aa1915d4f074ed405d0301b7d991a6
10517,120,8997833041,8986146696,11231902,60,359798,94534,51,2023397752,472582,93299977,184857413,491569606,403174055,157827117,560512083,131666887,212411005,3944490432,16538412,6,3,4,0,1,4738,1300,61,0,0,0,0,5,78879162,2856651913,14028894,1,133531843,1087838519,2509518,1358783638,1925198779,117021833,174934060,57633601,202117140,4562052,33142126,353237689,351360811,0,0,0,0,5eb7747ecbde451de49ea2bb0b40c31b43aa1915d4f074ed405d0301b7d991a6
10517,121,8997831440,8986149977,11228871,60,357667,94795,70,2022944208,477544,93325517,186210592,490154430,402699714,158316912,560334383,131401345,212364402,3944509615,16575443,6,3,4,0,1,4738,1300,61,0,0,0,0,5,78815689,2856657404,14044895,1,133548713,1087852211,2530548,1347348731,1933557230,126256823,168626727,55265311,202154573,4525880,33141996,378382637,355158242,0,0,0,0,5eb7747ecbde451de49ea2bb0b40c31b43aa1915d4f074ed405d0301b7d991a6
10517,122,8997833020,8986145397,11234320,40,358049,95154,60,2023058025,480803,93296375,184937530,491503970,402972658,158004975,560531382,131308800,211614244,3944525345,16498829,6,3,4,0,1,4738,1300,61,0,0,0,0,5,78075381,2856675525,14003982,1,133538863,1087849820,2494847,1347593087,1933722967,123661730,172046094,58355647,202117480,4559132,33140336,351274926,359250049,0,0,0,0,5eb7747ecbde451de49ea2bb0b40c31b43aa1915d4f074ed405d0301b7d991a6
10517,123,8997832771,8986147526,11232351,40,357169,95625,60,2023695436,512265,93301676,187534109,488819895,403393467,157640167,560334013,132144323,212373522,3944547516,16515451,6,3,4,0,1,4738,1300,61,0,0,0,0,5,78825418,2856689316,13997474,1,133548104,1087858200,2517977,1348184997,1937837736,119181789,171323927,57176211,202154061,4526551,33134635,334934167,348067887,0,0,0,0,5eb7747ecbde451de49ea2bb0b40c31b43aa1915d4f074ed405d0301b7d991a6
10517,124,8997832801,8986143916,11235331,40,358189,95274,51,2022774699,500425,93278185,187116509,489311799,402694193,158300060,560509952,131040696,212407315,3944529966,16511908,6,3,4,0,1,4738,1300,61,0,0,0,0,5,78875772,2856662595,14030362,1,133531543,1087867371,2481546,1331701083,1935042072,123569358,184774452,59074158,202114910,4562121,33139146,339073614,358169520,0,0,0,0,5eb7747ecbde451de49ea2bb0b40c31b43aa1915d4f074ed405d0301b7d991a6
10517,125,8997832571,8986146886,11232402,40,357558,95634,51,2023555147,466892,93329318,187294928,489079955,403105518,157917988,560349344,131993204,212359463,3944441520,16636486,6,3,4,0,1,4738,1300,61,0,0,0,0,5,78810819,2856617272,14081946,1,133548644,1087824248,2554540,1350581404,1932223235,119722129,174378240,58079664,202154262,4526040,33134065,293836675,359876719,0,0,0,0,5eb7747ecbde451de49ea2bb0b40c31b43aa1915d4f074ed405d0301b7d991a6
10517,126,8997833000,8986144276,11235752,40,358068,94815,49,2023729987,522358,93237060,186155160,490302278,403162301,157811853,560518670,132003037,212411434,3944443061,16592055,6,3,4,0,1,4738,1300,61,0,0,0,0,5,78875141,2856610722,14074717,1,133536293,1087832339,2517338,1356716983,1933361921,118455210,170000447,56600848,202116119,4559363,33142155,308718585,347743696,0,0,0,0,5eb7747ecbde451de49ea2bb0b40c31b43aa1915d4f074ed405d0301b7d991a6
10517,127,8997832641,8986147867,11235551,120,353728,95324,51,2023450991,453603,93325248,185554447,490821796,403758408,157272028,560333932,131910589,212381683,3944493764,16590894,6,3,4,0,1,4738,1300,61,0,0,0,0,5,78833260,2856630633,14077237,1,133548423,1087863131,2513657,1331692764,1937732107,126047469,176661774,56738075,202163412,4516080,33142646,334677243,380230803,0,0,0,0,5eb7747ecbde451de49ea2bb0b40c31b43aa1915d4f074ed405d0301b7d991a6
10518,0,8615766394,8603369294,11924246,60,366149,106565,80,2008739801,414922,92549976,187042210,491119286,401915060,157639046,541926566,136114175,209693025,3578549126,15985603,6,3,4,0,1,4489,1212,61,0,0,0,0,5,76198426,2687194833,13407592,1,133494599,891354293,2578011,1191198254,1733675043,178094801,115189125,93799661,202518648,4286588,33172707,264206158,335099661,0,0,0,0,5eb7747ecbde451de49ea2bb0b40c31b43aa1915d4f074ed405d0301b7d991a6
10518,1,8615767854,8603344262,11952138,40,364918,106446,50,2008321940,394078,92532775,185004968,493174719,401255997,158333502,541688986,135919592,209620420,3578521034,16126531,6,3,4,0,1,4489,1212,61,0,0,0,0,5,76158123,2687157880,13527929,1,133462297,891363154,2598602,1176569315,1733899889,173008236,133270994,97596907,202553500,4244116,33186547,245237877,313205645,0,0,0,0,5eb7747ecbde451de49ea2bb0b40c31b43aa1915d4f074ed405d0301b7d991a6
10518,2,8615769324,8603372244,11925296,40,363589,108105,50,2008046925,435113,92568106,184402457,493743049,401367611,158161002,541967294,135380373,209661393,3578539327,16011922,6,3,4,0,1,4489,1212,61,0,0,0,0,5,76168764,2687186884,13431561,1,133492629,891352443,2580361,1173485569,1733490280,181480549,124391601,96193955,202519218,4290008,33174737,229599209,301951706,0,0,0,0,5eb7747ecbde451de49ea2bb0b40c31b43aa1915d4f074ed405d0301b7d991a6
10518,3,8615767584,8603374934,11922306,40,363869,106385,50,2008619192,435721,92472492,184562015,493617653,401687957,157866057,541730610,136219967,209651391,3578518914,16060348,6,3,4,0,1,4489,1212,61,0,0,0,0,5,76186193,2687165821,13461856,1,133465198,891353093,2598492,1163081931,1735812949,167482761,142494201,103036326,202548499,4248567,33183847,252234016,307111128,0,0,0,0,5eb7747ecbde451de49ea2bb0b40c31b43aa1915d4f074ed405d0301b7d991a6
10518,4,8615772334,8603444528,11852192,50,365699,109825,40,2008241815,433701,92478032,184119492,494077257,401046092,158520645,541944888,135595457,209659593,3578558658,16010294,6,3,4,0,1,4489,1212,61,0,0,0,0,5,76168134,2687194694,13440183,1,133491459,891363964,2570111,1187950880,1730764482,174346571,121702718,98542440,202519378,4291208,33167347,218834817,302223481,0,0,0,0,5eb7747ecbde451de49ea2bb0b40c31b43aa1915d4f074ed405d0301b7d991a6
10518,5,8615767834,8603370434,11922186,40,368758,106366,50,2008159631,313825,92566775,184249641,493952778,401340257,158227469,541727578,135759926,209592447,3578537749,16110428,6,3,4,0,1,4489,1212,61,0,0,0,0,5,76130390,2687190686,13495135,1,133462057,891347063,2615293,1176650372,1735831965,170318843,130850680,101845098,202549699,4247777,33180227,281618450,305856414,0,0,0,0,5eb7747ecbde451de49ea2bb0b40c31b43aa1915d4f074ed405d0301b7d991a6
10518,6,8615767784,8603336082,11959248,40,364479,107765,170,2008258197,453753,92498543,183612259,494578981,400785299,158752764,541924809,135626387,209615921,3578587347,16012194,6,3,4,0,1,4489,1212,61,0,0,0,0,5,76126112,2687242305,13421082,1,133489809,891345042,2591112,1176193621,1733221799,172943845,127825680,96779558,202518738,4289538,33168927,206800636,316083161,0,0,0,0,5eb7747ecbde451de49ea2bb0b40c31b43aa1915d4f074ed405d0301b7d991a6
10518,7,8615767904,8603351373,11946557,40,363329,106525,80,2007385763,453063,92463763,185101693,493077962,400941080,158652197,541708947,134969956,209684674,3578505573,16090169,6,3,4,0,1,4489,1212,61,0,0,0,0,5,76220536,2687152780,13485726,1,133464138,891352793,2604443,1186959967,1731339787,173305620,124971882,95834285,202549469,4247967,33189647,227650113,309641622,0,0,0,0,5eb7747ecbde451de49ea2bb0b40c31b43aa1915d4f074ed405d0301b7d991a6
10518,8,8615765244,8603336852,11956288,50,365379,106595,80,2005420172,408239,92505754,181262304,496926974,402608052,156941842,541900897,132835696,209721887,3578301264,16213063,6,3,4,0,1,4489,1212,61,0,0,0,0,5,76225327,2686990463,13587850,1,133496560,891310801,2625213,1155880942,1728280087,181245477,139788544,95997761,202520808,4286978,33172907,289789347,339588030,0,0,0,0,5eb7747ecbde451de49ea2bb0b40c31b43aa1915d4f074ed405d0301b7d991a6
10518,9,8615763954,8603338382,11955838,180,363239,106255,60,2005467533,388651,92537676,182648906,495526359,402768163,156817694,541667417,133085617,209696384,3578299061,16281780,6,3,4,0,1,4489,1212,61,0,0,0,0,5,76228996,2686973450,13647305,1,133467388,891325611,2634475,1147342132,1733817968,180491158,142141303,93519208,202545169,4250667,33178527,285084792,339671033,0,0,0,0,5eb7747ecbde451de49ea2bb0b40c31b43aa1915d4f074ed405d0301b7d991a6
10518,10,8615765414,8603334332,11954018,40,369508,107466,50,2005640095,400100,92599298,183289670,494875977,402985984,156534940,541946239,132979382,209674363,3578402141,16145761,6,3,4,0,1,4489,1212,61,0,0,0,0,5,76172913,2687076589,13541698,1,133501450,891325552,2604063,1143020415,1734606599,177332391,151002468,102129522,202521108,4287168,33168197,245013784,342793108,0,0,0,0,5eb7747ecbde451de49ea2bb0b40c31b43aa1915d4f074ed405d0301b7d991a6
10518,11,8615764144,8603332032,11957058,40,368908,106056,50,2005537859,413471,92499916,181876376,496317610,402715060,156868628,541695485,133123329,209677034,3578296103,16272857,6,3,4,0,1,4489,1212,61,0,0,0,0,5,76204045,2686980792,13639953,1,133472989,891315311,2632904,1159898920,1736554913,177659715,135353000,99280310,202544809,4249296,33178317,255746701,342946642,0,0,0,0,5eb7747ecbde451de49ea2bb0b40c31b43aa1915d4f074ed405d0301b7d991a6
10518,12,8615765464,8603430557,11857943,50,370709,106165,40,2005867234,415369,92522827,182703501,495474787,402702166,156853729,541877946,133297837,209660692,3578387959,16191805,6,3,4,0,1,4489,1212,61,0,0,0,0,5,76160372,2687063688,13592072,1,133500320,891324271,2599733,1242503625,1732777234,166296523,67189476,96228902,202520538,4289898,33176317,236715833,345054793,0,0,0,0,5eb7747ecbde451de49ea2bb0b40c31b43aa1915d4f074ed405d0301b7d991a6
10518,13,8615764254,8603422807,11870143,40,364819,106385,60,2005665253,336565,92571358,183154844,495028594,402747390,156826976,541703347,133271717,209650912,3578310374,16325239,6,3,4,0,1,4489,1212,61,0,0,0,0,5,76183354,2687017944,13652913,1,133467558,891292430,2672326,1148453884,1734428657,171176294,148277510,103371512,202543599,4251227,33179717,252891738,338267134,0,0,0,0,5eb7747ecbde451de49ea2bb0b40c31b43aa1915d4f074ed405d0301b7d991a6
10518,14,8615766334,8603429567,11859503,70,368429,108715,50,2005817673,398360,92516553,181880338,496318551,402856007,156696868,541892767,133233507,209667833,3578311652,16253118,6,3,4,0,1,4489,1212,61,0,0,0,0,5,76173574,2687032523,13597353,1,133494259,891279129,2655765,1155097653,1735140327,179530894,137938019,95796205,202520288,4288228,33172577,229801117,346565355,0,0,0,0,5eb7747ecbde451de49ea2bb0b40c31b43aa1915d4f074ed405d0301b7d991a6
10518,15,8615764334,8603338782,11951838,40,367469,106155,50,2005715898,401429,92492513,183421837,494758459,402776681,156778734,541724119,133337372,209654252,3578437681,16175662,6,3,4,0,1,4489,1212,61,0,0,0,0,5,76181943,2687133451,13526777,1,133472309,891304230,2648885,1127081740,1737523106,170258168,165421885,101951465,202544949,4249706,33182698,254520111,364764264,0,0,0,0,5eb7747ecbde451de49ea2bb0b40c31b43aa1915d4f074ed405d0301b7d991a6
10518,16,8615767064,8603328502,11965298,80,364748,108376,60,2008183682,419110,92489283,184523193,493713308,401285116,158250459,541952338,135534514,209703843,3578454173,16096436,6,3,4,0,1,4489,1212,61,0,0,0,0,5,76186203,2687148542,13470853,1,133517640,891305631,2625583,1169954672,1737993707,181236771,124187688,95602077,202513437,4294299,33167887,313502847,318966932,0,0,0,0,5eb7747ecbde451de49ea2bb0b40c31b43aa1915d4f074ed405d0301b7d991a6
10518,17,8615764104,8603374014,11920186,40,363668,106156,40,2007266565,447802,92445950,186779499,491444352,401313469,158230906,541745598,134842339,209661632,3578525955,16094308,6,3,4,0,1,4489,1212,61,0,0,0,0,5,76195894,2687187323,13476265,1,133465738,891338632,2618043,1176252669,1732065530,165544063,140709901,94346199,202539099,4258637,33181157,316597760,299454923,0,0,0,0,5eb7747ecbde451de49ea2bb0b40c31b43aa1915d4f074ed405d0301b7d991a6
10518,18,8615765784,8603322051,11967159,50,368349,108105,70,2008210836,430843,92482252,183627776,494618236,401285376,158224566,541983791,135538635,209701065,3578522655,16023754,6,3,4,0,1,4489,1212,61,0,0,0,0,5,76192045,2687171042,13442283,1,133509020,891351613,2581471,1190710434,1731291595,180114141,114149806,95899975,202514057,4293049,33168247,259653192,286170974,0,0,0,0,5eb7747ecbde451de49ea2bb0b40c31b43aa1915d4f074ed405d0301b7d991a6
10518,19,8615764344,8603368374,11921446,40,368119,106315,50,2008116028,468473,92420399,185906205,492318544,401524411,158051005,541709007,135699170,209704054,3578454601,16129111,6,3,4,0,1,4489,1212,61,0,0,0,0,5,76235657,2687152990,13481706,1,133468397,891301611,2647405,1169352142,1736180244,180086060,132446565,98535285,202542889,4254066,33184278,339071148,287919477,0,0,0,0,5eb7747ecbde451de49ea2bb0b40c31b43aa1915d4f074ed405d0301b7d991a6
10518,20,8615765654,8603322311,11969759,50,367039,106435,60,2008304680,457363,92484923,183831808,494397103,401000252,158533662,541952679,135627419,209680483,3578556998,16016745,6,3,4,0,1,4489,1212,61,0,0,0,0,5,76173583,2687201495,13438153,1,133506900,891355503,2578592,1175878024,1735493193,174364340,127589808,98022924,202513017,4299209,33166147,297858538,288777905,0,0,0,0,5eb7747ecbde451de49ea2bb0b40c31b43aa1915d4f074ed405d0301b7d991a6
10518,21,8615764434,8603319301,11970689,50,368058,106276,60,2008542950,356078,92524792,186255723,491973657,401605096,157939050,541738129,136132904,209648690,3578486024,16146872,6,3,4,0,1,4489,1212,61,0,0,0,0,5,76183722,2687162383,13509127,1,133464968,891323641,2637745,1194085466,1729992417,161556754,126645448,98527221,202537759,4258167,33179527,306567462,289628260,0,0,0,0,5eb7747ecbde451de49ea2bb0b40c31b43aa1915d4f074ed405d0301b7d991a6
10518,22,8615765864,8603377704,11912466,50,367538,108056,50,2007687187,478550,92456994,184945994,493296707,400816092,158698861,541959469,135013810,209669562,3578527175,16053696,6,3,4,0,1,4489,1212,61,0,0,0,0,5,76164172,2687187103,13456374,1,133505390,891340072,2597322,1189746210,1727733544,166644953,128504941,95807874,202516858,4294748,33166187,319495948,298564921,0,0,0,0,5eb7747ecbde451de49ea2bb0b40c31b43aa1915d4f074ed405d0301b7d991a6
10518,23,8615764484,8603375934,11912966,40,369209,106275,60,2008403121,460073,92431728,184875632,493350279,401429993,158136472,541730807,135967277,209677441,3578533175,16066688,6,3,4,0,1,4489,1212,61,0,0,0,0,5,76208884,2687182462,13468585,1,133468557,891350713,2598103,1182998375,1730354584,175342734,123519747,103446827,202536039,4259266,33183078,281132544,297019676,0,0,0,0,5eb7747ecbde451de49ea2bb0b40c31b43aa1915d4f074ed405d0301b7d991a6
10518,24,8615764744,8603324572,11965038,60,367739,107285,50,2005381302,426595,92497082,181078540,497151920,401611253,157915569,541927590,132743851,209742246,3578360059,16149789,6,3,4,0,1,4489,1212,61,0,0,0,0,5,76231896,2687012266,13567607,1,133510350,891347793,2582182,1161830337,1732746247,175284234,135009674,100853019,202518628,4286988,33170427,271633696,328299857,0,0,0,0,5eb7747ecbde451de49ea2bb0b40c31b43aa1915d4f074ed405d0301b7d991a6
10518,25,8615762464,8603326872,11965668,50,363838,105986,50,2005991972,436501,92462773,183438038,494787080,401847139,157708868,541707817,133576182,209706705,3578290101,16275840,6,3,4,0,1,4489,1212,61,0,0,0,0,5,76240587,2686966280,13635045,1,133466118,891323821,2640795,1157745298,1735397087,169358580,146869378,100524928,202543229,4253347,33185827,283657763,322225719,0,0,0,0,5eb7747ecbde451de49ea2bb0b40c31b43aa1915d4f074ed405d0301b7d991a6
10518,26,8615764674,8603384035,11907705,60,364499,108325,50,2005764439,425413,92514642,182993056,495234347,401621930,157902542,541948079,133098588,209684883,3578428942,16124431,6,3,4,0,1,4489,1212,61,0,0,0,0,5,76177373,2687089160,13533048,1,133507510,891339782,2591383,1167123564,1733181474,166237807,143890714,99608470,202519468,4282178,33177537,267922876,321879294,0,0,0,0,5eb7747ecbde451de49ea2bb0b40c31b43aa1915d4f074ed405d0301b7d991a6
10518,27,8615763044,8603342782,11949268,430,364709,105785,70,2006171491,439902,92440038,182558997,495678314,401962524,157592191,541719009,133755023,209677403,3578380708,16202925,6,3,4,0,1,4489,1212,61,0,0,0,0,5,76209016,2687037375,13597172,1,133468387,891343333,2605753,1162323502,1739236542,177374612,133622335,97993260,202540289,4256587,33181707,297685356,306100269,0,0,0,0,5eb7747ecbde451de49ea2bb0b40c31b43aa1915d4f074ed405d0301b7d991a6
10518,28,8615764844,8603325762,11965978,50,365739,107265,50,2006331089,457703,92462261,181213657,497008875,402543129,156993877,541912096,133714711,209657912,3578397790,16207923,6,3,4,0,1,4489,1212,61,0,0,0,0,5,76148582,2687090219,13581130,1,133509330,891307571,2626793,1164539053,1735620604,179371128,130624334,97357252,202518868,4289078,33167977,277475657,294009246,0,0,0,0,5eb7747ecbde451de49ea2bb0b40c31b43aa1915d4f074ed405d0301b7d991a6
10518,29,8615763044,8603378634,11908666,60,369769,105865,50,2005954820,353147,92572538,181688439,496513682,401802151,157754602,541720668,133513060,209668232,3578335126,16278296,6,3,4,0,1,4489,1212,61,0,0,0,0,5,76202115,2687003194,13647622,1,133466117,891331932,2630674,1201423043,1733334493,173130069,107605602,93249556,202538709,4257306,33181748,271824329,304499418,0,0,0,0,5eb7747ecbde451de49ea2bb0b40c31b43aa1915d4f074ed405d0301b7d991a6
10518,30,8615764324,8603326932,11960678,50,368659,107945,60,2006304626,416339,92498842,184144794,494103549,402038036,157475817,541939498,133663359,209683775,3578377827,16201575,6,3,4,0,1,4489,1212,61,0,0,0,0,5,76174305,2687066736,13579531,1,133509470,891311091,2622044,1170319274,1733560847,171284221,134946806,98339005,202519038,4284568,33173547,279445083,302744020,0,0,0,0,5eb7747ecbde451de49ea2bb0b40c31b43aa1915d4f074ed405d0301b7d991a6
10518,31,8615762994,8603328462,11958188,140,369809,106345,50,2005476505,468225,92430267,182702954,495516489,402013265,157552921,541716157,133050216,209675603,3578344915,16243007,6,3,4,0,1,4489,1212,61,0,0,0,0,5,76204294,2687009833,13627504,1,133471309,891335082,2615503,1148205718,1732495321,187036584,138175457,94912778,202539109,4255886,33183208,187815481,352734746,0,0,0,0,5eb7747ecbde451de49ea2bb0b40c31b43aa1915d4f074ed405d0301b7d991a6
10518,32,8615766264,8603414136,11877744,40,368239,105865,240,2008282647,381629,92507383,183680262,494559600,401114156,158397247,541936259,135687030,209693114,3578520004,16017624,6,3,4,0,1,4489,1212,61,0,0,0,0,5,76191255,2687158920,13447544,1,133501859,891361084,2570080,1179499525,1734162078,167730444,130394487,96741961,202518388,4283328,33175007,302337436,327231610,0,0,0,0,5eb7747ecbde451de49ea2bb0b40c31b43aa1915d4f074ed405d0301b7d991a6
10518,33,8615767564,8603410036,11884174,50,368119,105135,50,2008206842,362450,92483742,186753656,491483703,400975062,158594326,541699566,135840339,209629559,3578543427,16100310,6,3,4,0,1,4489,1212,61,0,0,0,0,5,76164562,2687176263,13509018,1,133464997,891367164,2591292,1172671420,1735279811,168540183,133853295,101624014,202546009,4250457,33175947,322997487,292985691,0,0,0,0,5eb7747ecbde451de49ea2bb0b40c31b43aa1915d4f074ed405d0301b7d991a6
10518,34,8615768964,8603458728,11834762,60,368899,106465,50,2008245623,323038,92536504,183851321,494411651,400968650,158541704,541970152,135623935,209681984,3578529387,16019084,6,3,4,0,1,4489,1212,61,0,0,0,0,5,76176084,2687166643,13450064,1,133505900,891362744,2569020,1187015107,1731981124,175437170,119670308,95131271,202518188,4282338,33177267,322380333,296635470,0,0,0,0,5eb7747ecbde451de49ea2bb0b40c31b43aa1915d4f074ed405d0301b7d991a6
10518,35,8615766864,8603437357,11858553,50,364549,106295,60,2008193700,403221,92433011,186072571,492163920,401198862,158358813,541708876,135838748,209665882,3578479113,16119661,6,3,4,0,1,4489,1212,61,0,0,0,0,5,76197194,2687132870,13512678,1,133468688,891346243,2606983,1189583819,1735047313,171290087,123287137,101592408,202544169,4250457,33179737,316824256,281667126,0,0,0,0,5eb7747ecbde451de49ea2bb0b40c31b43aa1915d4f074ed405d0301b7d991a6
10518,36,8615767544,8603455268,11836072,60,369829,106275,40,2008952023,363349,92461253,185802020,492455231,400888456,158650258,541960132,136351014,209695225,3578509526,16040985,6,3,4,0,1,4489,1212,61,0,0,0,0,5,76192995,2687167533,13452583,1,133502230,891341993,2588402,1212002982,1737221101,176753363,118793989,97483378,202517488,4284718,33180667,317210328,286318502,0,0,0,0,5eb7747ecbde451de49ea2bb0b40c31b43aa1915d4f074ed405d0301b7d991a6
10518,37,8615767584,8603422866,11869554,60,368889,106155,60,2008771281,310405,92548865,184956726,493280647,400895657,158653687,541732218,136377155,209635102,3578576786,16057328,6,3,4,0,1,4489,1212,61,0,0,0,0,5,76172834,2687188202,13482557,1,133462268,891388584,2574771,1171339811,1733460353,177717087,126831837,96614230,202552570,4243616,33182077,329740440,290473840,0,0,0,0,5eb7747ecbde451de49ea2bb0b40c31b43aa1915d4f074ed405d0301b7d991a6
10518,38,8615768964,8603438047,11857363,50,365259,108195,50,2007991622,416561,92460693,185189049,493065512,400789931,158716972,541955071,135380384,209663593,3578553097,16012604,6,3,4,0,1,4489,1212,61,0,0,0,0,5,76163253,2687171523,13460034,1,133500340,891381574,2552570,1191942152,1734764207,166282266,122101814,97107289,202518268,4282368,33174267,302461306,294682088,0,0,0,0,5eb7747ecbde451de49ea2bb0b40c31b43aa1915d4f074ed405d0301b7d991a6
10518,39,8615766964,8603417916,11876744,40,366008,106216,40,2007401071,408524,92431869,186791327,491451443,400818922,158737864,541711596,135031226,209677874,3578500094,16086717,6,3,4,0,1,4489,1212,61,0,0,0,0,5,76209546,2687156652,13480954,1,133468328,891343442,2605763,1201244249,1729730972,165892736,121639243,103770937,202545369,4250706,33186078,333581445,281234388,0,0,0,0,5eb7747ecbde451de49ea2bb0b40c31b43aa1915d4f074ed405d0301b7d991a6
10518,40,8615763224,8603433187,11855373,40,367648,106916,60,2005241023,308997,92542993,182917743,495322000,402649195,156868829,541889988,132708458,209719595,3578318665,16194114,6,3,4,0,1,4489,1212,61,0,0,0,0,5,76221106,2686998514,13581581,1,133498489,891320151,2612533,1174911013,1734083885,161750837,143009687,102041568,202520018,4279948,33174417,298533230,301709839,0,0,0,0,5eb7747ecbde451de49ea2bb0b40c31b43aa1915d4f074ed405d0301b7d991a6
10518,41,8615761594,8603423937,11866033,50,365279,106235,60,2005666074,382520,92477134,184185764,494042575,402505516,157048128,541686227,133311140,209711096,3578298283,16279787,6,3,4,0,1,4489,1212,61,0,0,0,0,5,76242478,2686944510,13676815,1,133468618,891353773,2602972,1171154451,1733590606,170831213,137350531,96409326,202547359,4247526,33177518,310366824,306456877,0,0,0,0,5eb7747ecbde451de49ea2bb0b40c31b43aa1915d4f074ed405d0301b7d991a6
10518,42,8615763544,8603431647,11854203,130,369748,107756,60,2005503978,340729,92491351,180074697,498195018,402409742,157085338,541953050,132909181,209692922,3578362078,16174532,6,3,4,0,1,4489,1212,61,0,0,0,0,5,76194063,2687040926,13566849,1,133498859,891321152,2607683,1162409588,1731869709,180502532,132546344,96778959,202520388,4281318,33175727,303012832,313128242,0,0,0,0,5eb7747ecbde451de49ea2bb0b40c31b43aa1915d4f074ed405d0301b7d991a6
10518,43,8615762024,8603432277,11854603,50,370499,104535,60,2005823673,360399,92478441,182094549,496125190,402642917,156910880,541706497,133479556,209683785,3578339315,16224275,6,3,4,0,1,4489,1212,61,0,0,0,0,5,76212597,2686996643,13618642,1,133471188,891342672,2605633,1173234123,1735063215,164949800,139906863,101821179,202546829,4247056,33179908,281138402,306672168,0,0,0,0,5eb7747ecbde451de49ea2bb0b40c31b43aa1915d4f074ed405d0301b7d991a6
10518,44,8615763394,8603423677,11864863,40,367779,106945,90,2005770562,351887,92488964,183279201,494976150,402662718,156855725,541901689,133223215,209652682,3578372158,16217943,6,3,4,0,1,4489,1212,61,0,0,0,0,5,76153323,2687049086,13611601,1,133499359,891323072,2606342,1167710108,1735841552,168447605,136132884,96006754,202518568,4279428,33176777,297195247,311057743,0,0,0,0,5eb7747ecbde451de49ea2bb0b40c31b43aa1915d4f074ed405d0301b7d991a6
10518,45,8615761903,8603432486,11854423,40,368628,106266,60,2005675943,342927,92531773,183201748,494984191,402556610,156996097,541693836,133335880,209652792,3578340796,16303599,6,3,4,0,1,4489,1212,61,0,0,0,0,5,76187114,2687001124,13676815,1,133465678,891339672,2626784,1174466690,1736208093,162561670,139121571,98920351,202544949,4250106,33178227,303804161,309627721,0,0,0,0,5eb7747ecbde451de49ea2bb0b40c31b43aa1915d4f074ed405d0301b7d991a6
10518,46,8615765154,8603429527,11856273,40,369708,109556,50,2006080005,343718,92499591,183621990,494630663,402331779,157187896,541890266,133543611,209675614,3578340016,16227686,6,3,4,0,1,4489,1212,61,0,0,0,0,5,76171594,2687024404,13615713,1,133504020,891315612,2611973,1176962680,1734283774,169515539,132903174,101546210,202519148,4279508,33177467,281552257,306518638,0,0,0,0,5eb7747ecbde451de49ea2bb0b40c31b43aa1915d4f074ed405d0301b7d991a6
10518,47,8615762373,8603431206,11857583,40,367319,106075,150,2005556247,330638,92491421,183895703,494333578,402408383,157142614,541709276,133212004,209646642,3578398908,16255296,6,3,4,0,1,4489,1212,61,0,0,0,0,5,76177574,2687053846,13641553,1,133469068,891345062,2613743,1138532948,1734908392,170942681,161022595,101312484,202545079,4249156,33181578,310447923,356839092,0,0,0,0,5eb7747ecbde451de49ea2bb0b40c31b43aa1915d4f074ed405d0301b7d991a6
10518,48,8615765104,8603365834,11927246,40,366289,105645,50,2008329731,412990,92480693,184575395,493667467,401040073,158481040,541950479,135706973,209718494,3578539777,16001344,6,3,4,0,1,4489,1212,61,0,0,0,0,5,76207104,2687199214,13409632,1,133511390,891340563,2591712,1155879217,1734663782,170023714,144881867,101944088,202514298,4288518,33177057,339604135,333711107,0,0,0,0,5eb7747ecbde451de49ea2bb0b40c31b43aa1915d4f074ed405d0301b7d991a6
10518,49,8615763764,8603365454,11925736,40,366169,106315,50,2008092308,351037,92528305,186669630,491564568,401008695,158525833,541729727,135694602,209670383,3578540556,16083289,6,3,4,0,1,4489,1212,61,0,0,0,0,5,76205025,2687194694,13476116,1,133465358,891345862,2607173,1174006180,1732624118,171083001,134022185,101676819,202541859,4254167,33178347,326845750,306751276,0,0,0,0,5eb7747ecbde451de49ea2bb0b40c31b43aa1915d4f074ed405d0301b7d991a6
10518,50,8615765284,8603415996,11872554,40,368809,107825,60,2008575614,396480,92531246,185225309,493027993,400668795,158829298,541996020,135882591,209711135,3578527006,16019955,6,3,4,0,1,4489,1212,61,0,0,0,0,5,76200645,2687181073,13435164,1,133510490,891345933,2584791,1178346099,1733558364,178389650,127461044,91183143,202516828,4284528,33170456,325460050,296744668,0,0,0,0,5eb7747ecbde451de49ea2bb0b40c31b43aa1915d4f074ed405d0301b7d991a6
10518,51,8615764054,8603357583,11934837,1040,365559,104975,60,2009024535,438191,92449370,185617459,492614552,400847755,158710162,541715396,136614279,209704136,3578565486,16008535,6,3,4,0,1,4489,1212,61,0,0,0,0,5,76235498,2687203893,13422713,1,133468638,891361593,2585822,1009754613,1741716214,159306330,271657443,100375889,202542879,4251607,33184427,331492210,371167076,0,0,0,0,5eb7747ecbde451de49ea2bb0b40c31b43aa1915d4f074ed405d0301b7d991a6
10518,52,8615765374,8603423297,11867853,550,368159,105465,50,2007433513,386631,92486452,184643359,493617232,400524429,159000945,541964321,134787104,209708455,3578520756,16038135,6,3,4,0,1,4489,1212,61,0,0,0,0,5,76202155,2687176283,13447954,1,133506300,891344473,2590181,1195990900,1731360184,172506496,119133537,92820189,202512207,4294599,33171517,331718885,283497584,0,0,0,0,5eb7747ecbde451de49ea2bb0b40c31b43aa1915d4f074ed405d0301b7d991a6
10518,53,8615764174,8603374344,11914886,40,370089,104765,50,2008621561,366027,92558186,186082374,492146385,400970053,158555603,541747079,136178016,209651172,3578577818,16079287,6,3,4,0,1,4489,1212,61,0,0,0,0,5,76188205,2687230045,13460304,1,133462967,891347773,2618983,1183908584,1733277345,172265333,128584932,101272406,202537339,4260366,33175038,327602456,277705128,0,0,0,0,5eb7747ecbde451de49ea2bb0b40c31b43aa1915d4f074ed405d0301b7d991a6
10518,54,8615766424,8603343343,11947767,40,366608,108626,40,2008683378,433639,92467753,184375836,493877986,400829565,158688379,541936538,136049809,209683784,3578522067,16040294,6,3,4,0,1,4489,1212,61,0,0,0,0,5,76178054,2687187155,13437892,1,133505730,891334912,2602402,1176952858,1731745365,170313594,133857650,101007933,202512847,4288399,33171597,317271102,290188864,0,0,0,0,5eb7747ecbde451de49ea2bb0b40c31b43aa1915d4f074ed405d0301b7d991a6
10518,55,8615764114,8603343563,11947247,60,367028,106176,40,2008771753,425701,92460430,184945895,493279716,400738138,158812816,541743408,136336705,209679693,3578481403,16130861,6,3,4,0,1,4489,1212,61,0,0,0,0,5,76215176,2687177552,13482286,1,133464517,891303851,2648575,1219781725,1725484584,177105956,120950247,97467032,202536149,4259026,33181868,359622388,281158338,0,0,0,0,5eb7747ecbde451de49ea2bb0b40c31b43aa1915d4f074ed405d0301b7d991a6
10518,56,8615765073,8603364703,11924446,50,368399,107425,50,2005145198,389440,92521045,182826735,495405934,401952769,157566795,541919767,132533120,209757298,3578379459,16119580,6,3,4,0,1,4489,1212,61,0,0,0,0,5,76245138,2687053377,13519027,1,133512160,891326082,2600553,1178389270,1728772094,164740705,139957788,105108171,202514947,4284339,33173526,328546157,306026623,0,0,0,0,5eb7747ecbde451de49ea2bb0b40c31b43aa1915d4f074ed405d0301b7d991a6
10518,57,8615762043,8603365443,11925826,40,364788,105886,60,2005373861,420172,92462470,182957523,495281767,402747091,156800483,541696359,132979152,209743487,3578406410,16154599,6,3,4,0,1,4489,1212,61,0,0,0,0,5,76274779,2687057677,13542897,1,133468708,891348733,2611702,1179581456,1735000451,170441251,129360107,101389898,202540599,4257207,33185167,319382250,293007095,0,0,0,0,5eb7747ecbde451de49ea2bb0b40c31b43aa1915d4f074ed405d0301b7d991a6
10518,58,8615763663,8603365723,11925446,40,365188,107216,50,2005835454,401261,92533205,182520892,495709019,402278565,157231238,541932288,133208064,209679772,3578455253,16099528,6,3,4,0,1,4489,1212,61,0,0,0,0,5,76178322,2687103880,13517227,1,133501450,891351373,2582301,1170089570,1734423150,173800677,131734599,98066505,202515267,4283038,33181248,291318049,298652053,0,0,0,0,5eb7747ecbde451de49ea2bb0b40c31b43aa1915d4f074ed405d0301b7d991a6
10518,59,8615762774,8603378194,11912656,50,365679,106045,150,2005577650,405083,92472100,181994705,496232715,402687077,156865079,541715007,133173563,209697944,3578400248,16177253,6,3,4,0,1,4489,1212,61,0,0,0,0,5,76229156,2687068926,13563440,1,133468788,891331322,2613813,1171579810,1736411233,173917351,131385173,99004376,202539309,4256887,33179127,319306080,294599540,0,0,0,0,5eb7747ecbde451de49ea2bb0b40c31b43aa1915d4f074ed405d0301b7d991a6
10518,60,8615763934,8603365744,11924076,50,367139,106875,50,2005627583,425633,92487244,182611654,495625097,402187401,157330721,541910918,133018865,209665334,3578448071,16154441,6,3,4,0,1,4489,1212,61,0,0,0,0,5,76163544,2687127550,13538858,1,133501790,891320521,2615583,1173200289,1735911722,173717220,126251270,99255572,202512567,4288209,33178927,294097487,310341122,0,0,0,0,5eb7747ecbde451de49ea2bb0b40c31b43aa1915d4f074ed405d0301b7d991a6
10518,61,8615762453,8603364533,11922906,50,369779,105135,50,2005764971,358101,92567548,184200295,494015802,402703010,156839486,541691566,133362132,209680783,3578420339,16191564,6,3,4,0,1,4489,1212,61,0,0,0,0,5,76210715,2687064636,13586552,1,133470068,891355703,2605012,1174297475,1732734621,169562000,134938349,99525285,202538019,4258487,33178527,295223173,312876732,0,0,0,0,5eb7747ecbde451de49ea2bb0b40c31b43aa1915d4f074ed405d0301b7d991a6
10518,62,8615763994,8603357713,11928827,50,371259,106095,50,2005965489,383061,92514924,182009457,496243754,402520369,156982494,541927607,133359663,209677915,3578407329,16177563,6,3,4,0,1,4489,1212,61,0,0,0,0,5,76175465,2687079867,13569571,1,133502450,891327462,2607992,1175611109,1732732108,175165330,130269747,97944145,202513798,4291368,33169217,282764565,310525079,0,0,0,0,5eb7747ecbde451de49ea2bb0b40c31b43aa1915d4f074ed405d0301b7d991a6
10518,63,8615762704,8603355933,11930187,50,370258,106216,60,2006069234,446543,92452641,183391536,494840563,402758951,156775733,541717728,133665488,209679304,3578428451,16169001,6,3,4,0,1,4489,1212,61,0,0,0,0,5,76211106,2687086709,13562838,1,133468198,891341742,2606163,1151522829,1734168892,171811440,148147122,101178118,202538649,4258017,33177727,324003178,347303747,0,0,0,0,5eb7747ecbde451de49ea2bb0b40c31b43aa1915d4f074ed405d0301b7d991a6
10518,64,8615769744,8603351833,11941447,60,368969,107385,50,2009135423,475024,92493234,183876761,494350180,400830570,158680443,541930549,136482850,209748865,3578532567,15995042,6,3,4,0,1,4489,1212,61,0,0,0,0,5,76245555,2687192845,13399660,1,133503310,891339722,2595382,1179317002,1735898749,168065740,128641025,99652626,202520748,4283348,33171747,301178874,331109525,0,0,0,0,5eb7747ecbde451de49ea2bb0b40c31b43aa1915d4f074ed405d0301b7d991a6
10518,65,8615767124,8603353563,11939307,50,367919,106225,60,2008415067,456295,92431660,185224879,493029982,400937867,158611126,541703419,136001796,209659561,3578628120,16030297,6,3,4,0,1,4489,1212,61,0,0,0,0,5,76198244,2687286607,13403343,1,133461317,891341513,2626954,1181057289,1730208131,177561485,124849543,99345636,202557550,4240705,33180578,300768366,300095893,0,0,0,0,5eb7747ecbde451de49ea2bb0b40c31b43aa1915d4f074ed405d0301b7d991a6
10518,66,8615769294,8603350203,11942807,50,367498,108686,50,2008521962,450515,92472403,185178105,493094466,401001162,158499479,541966482,135842859,209738388,3578613169,15940362,6,3,4,0,1,4489,1212,61,0,0,0,0,5,76234618,2687270317,13348319,1,133503770,891342852,2592043,1176711747,1729700402,166250908,143315263,97048128,202520728,4282078,33173227,254955857,299061973,0,0,0,0,5eb7747ecbde451de49ea2bb0b40c31b43aa1915d4f074ed405d0301b7d991a6
10518,67,8615766964,8603350283,11945647,40,364509,106425,60,2009057320,521087,92368868,186870521,491382979,400782472,158759483,541715528,136638069,209688014,3578622609,15972633,6,3,4,0,1,4489,1212,61,0,0,0,0,5,76226847,2687238814,13399382,1,133461167,891383795,2573251,994427572,1739094279,161456946,283464465,95829650,202548589,4248857,33182517,288152391,374061069,0,0,0,0,5eb7747ecbde451de49ea2bb0b40c31b43aa1915d4f074ed405d0301b7d991a6
10518,68,8615772004,8603351143,11942017,40,368579,110175,50,2008583933,486966,92441552,185893079,492356572,400804991,158723733,541950979,135908621,209722566,3578599188,15961192,6,3,4,0,1,4489,1212,61,0,0,0,0,5,76220596,2687252785,13368660,1,133501970,891346403,2592532,1194499678,1732667517,170347292,122622264,95149521,202521598,4295449,33160276,270248954,274514362,0,0,0,0,5eb7747ecbde451de49ea2bb0b40c31b43aa1915d4f074ed405d0301b7d991a6
10518,69,8615767904,8603350933,11941057,50,369289,106535,40,2008640831,421032,92472232,185151515,493100398,401317746,158224538,541716737,136221118,209649340,3578567458,16088530,6,3,4,0,1,4489,1212,61,0,0,0,0,5,76187033,2687231676,13456585,1,133462307,891335782,2631945,1183032413,1732199213,177257188,122438684,101535822,202551479,4246276,33180098,285258228,271954363,0,0,0,0,5eb7747ecbde451de49ea2bb0b40c31b43aa1915d4f074ed405d0301b7d991a6
10518,70,8615768024,8603347963,11943847,40,367828,108296,50,2009066246,506347,92436234,184091626,494163202,400801193,158689071,541937328,136425075,209689613,3578561238,16029084,6,3,4,0,1,4489,1212,61,0,0,0,0,5,76187883,2687245307,13406500,1,133501730,891315931,2622584,1188017850,1730781153,170859271,128899060,106992623,202520858,4289208,33163166,275229605,273050557,0,0,0,0,5eb7747ecbde451de49ea2bb0b40c31b43aa1915d4f074ed405d0301b7d991a6
10518,71,8615767124,8603353383,11940647,40,366718,106286,50,2008576632,528517,92371580,184862438,493389931,400829664,158722533,541718926,136136462,209694894,3578575759,16031796,6,3,4,0,1,4489,1212,61,0,0,0,0,5,76230936,2687247067,13397822,1,133463958,891328692,2633974,1189083788,1733111636,171687332,123949046,106496446,202549509,4247646,33184218,279614734,279483359,0,0,0,0,5eb7747ecbde451de49ea2bb0b40c31b43aa1915d4f074ed405d0301b7d991a6
10518,72,8615765884,8603329282,11958908,50,370329,107275,40,2006285707,454196,92474861,181832136,496408656,402384600,157131961,541900319,133676717,209764488,3578403046,16106562,6,3,4,0,1,4489,1212,61,0,0,0,0,5,76264058,2687081165,13487088,1,133500430,891321881,2619474,1178310558,1728310910,167861983,136514809,100855020,202522648,4276758,33179907,347608348,296628665,0,0,0,0,5eb7747ecbde451de49ea2bb0b40c31b43aa1915d4f074ed405d0301b7d991a6
10518,73,8615763804,8603337292,11955298,150,364669,106345,50,2005574700,464453,92439560,183439727,494809853,402391172,157150824,541673927,133178309,209726857,3578404600,16178843,6,3,4,0,1,4489,1212,61,0,0,0,0,5,76265900,2687061207,13555149,1,133460957,891343393,2623694,1178612266,1733227970,177484687,122699577,97232167,202548879,4248037,33181657,318356547,298848026,0,0,0,0,5eb7747ecbde451de49ea2bb0b40c31b43aa1915d4f074ed405d0301b7d991a6
10518,74,8615765454,8603328982,11959028,70,368908,108416,50,2006141550,490545,92482682,183049588,495192804,402035434,157469327,541944440,133454007,209720135,3578465661,16086737,6,3,4,0,1,4489,1212,61,0,0,0,0,5,76219255,2687130199,13485065,1,133500880,891335462,2601672,1179585066,1733799631,164847677,135337714,100261905,202522758,4284088,33172607,284445806,292043882,0,0,0,0,5eb7747ecbde451de49ea2bb0b40c31b43aa1915d4f074ed405d0301b7d991a6
10518,75,8615763574,8603339162,11950668,50,367889,105635,170,2006307567,483726,92416300,184019646,494236833,402704280,156853628,541692835,133881209,209707202,3578449572,16135900,6,3,4,0,1,4489,1212,61,0,0,0,0,5,76238785,2687112589,13515677,1,133468417,891336983,2620223,1264642931,1737118198,160286646,50052706,95089737,202548499,4247416,33182408,310891809,298050023,0,0,0,0,5eb7747ecbde451de49ea2bb0b40c31b43aa1915d4f074ed405d0301b7d991a6
10518,76,8615766174,8603333402,11954788,50,370839,107025,70,2006041938,470204,92483473,182074450,496158722,402433175,157090629,541881385,133423804,209696154,3578447611,16135840,6,3,4,0,1,4489,1212,61,0,0,0,0,5,76190974,2687136130,13512276,1,133505180,891311481,2623564,1178179885,1732795715,173155698,123293642,95543158,202521998,4292158,33164407,301712032,293395147,0,0,0,0,5eb7747ecbde451de49ea2bb0b40c31b43aa1915d4f074ed405d0301b7d991a6
10518,77,8615764394,8603335722,11953538,40,368208,106826,60,2006287227,435043,92486396,184317550,493900077,402156593,157390032,541694546,133890181,209683524,3578450311,16198755,6,3,4,0,1,4489,1212,61,0,0,0,0,5,76220927,2687117708,13556141,1,133462597,891332603,2642614,1173373691,1735166522,171040841,131531311,101693769,202552759,4242176,33182308,281251177,293004941,0,0,0,0,5eb7747ecbde451de49ea2bb0b40c31b43aa1915d4f074ed405d0301b7d991a6
10518,78,8615767004,8603371124,11916936,40,369048,109796,60,2006321946,489385,92458243,181803626,496439105,402505998,157011457,541902346,133690558,209719385,3578441682,16123019,6,3,4,0,1,4489,1212,61,0,0,0,0,5,76218025,2687119891,13505885,1,133501360,891321791,2617134,1174349074,1733676866,175753262,125049082,96266615,202521808,4288278,33169277,293672587,307015486,0,0,0,0,5eb7747ecbde451de49ea2bb0b40c31b43aa1915d4f074ed405d0301b7d991a6
10518,79,8615764874,8603333902,11954708,150,368828,107236,50,2005961150,507995,92381738,182570434,495686027,401766041,157776414,541699468,133551540,209682191,3578471903,16152982,6,3,4,0,1,4489,1212,61,0,0,0,0,5,76215424,2687130420,13531459,1,133466767,891341483,2621523,1183079057,1734801115,175103932,113563934,104579363,202548519,4247376,33182538,298110983,334603820,0,0,0,0,5eb7747ecbde451de49ea2bb0b40c31b43aa1915d4f074ed405d0301b7d991a6
10518,80,8615767024,8603337642,11953598,60,367869,107735,120,2008141773,479745,92445122,183997007,494253333,400749330,158770191,541931611,135495961,209726845,3578543187,16014085,6,3,4,0,1,4489,1212,61,0,0,0,0,5,76217335,2687182614,13438504,1,133509510,891360573,2575581,1170857153,1735736614,181320959,122237916,93067362,202522708,4281808,33168026,383776243,327608290,0,0,0,0,5eb7747ecbde451de49ea2bb0b40c31b43aa1915d4f074ed405d0301b7d991a6
10518,81,8615763554,8603345213,11945097,60,367108,106006,70,2008469647,489074,92400973,184826075,493421924,401027753,158507231,541713328,136062358,209663341,3578563088,16063629,6,3,4,0,1,4489,1212,61,0,0,0,0,5,76201324,2687206204,13458716,1,133462017,891356884,2604913,1177923903,1732065935,177483882,125252870,101475281,202545599,4256107,33178637,375346365,286561808,0,0,0,0,5eb7747ecbde451de49ea2bb0b40c31b43aa1915d4f074ed405d0301b7d991a6
10518,82,8615765544,8603346283,11942127,50,368518,108516,50,2007983733,486426,92433311,184687592,493583700,401151359,158350642,541959272,135312639,209729827,3578542205,16004913,6,3,4,0,1,4489,1212,61,0,0,0,0,5,76220147,2687190642,13421042,1,133509680,891351563,2583871,1178443596,1732034981,181008077,122522486,96545037,202522488,4278908,33170917,356106637,283798586,0,0,0,0,5eb7747ecbde451de49ea2bb0b40c31b43aa1915d4f074ed405d0301b7d991a6
10518,83,8615763784,8603348713,11940107,40,368709,106155,60,2008733824,553178,92341078,185273922,492981799,401124287,158430119,541692455,136316084,209708614,3578555967,16032484,6,3,4,0,1,4489,1212,61,0,0,0,0,5,76240106,2687193864,13443332,1,133468508,891362103,2589152,1181693294,1734628220,173581452,125216827,98441848,202544969,4256437,33179327,369145689,287871294,0,0,0,0,5eb7747ecbde451de49ea2bb0b40c31b43aa1915d4f074ed405d0301b7d991a6
10518,84,8615765334,8603385375,11903505,40,370039,106325,50,2008755194,496635,92423825,185651318,492618491,400800664,158719212,541932347,136091022,209717195,3578594409,15980933,6,3,4,0,1,4489,1212,61,0,0,0,0,5,76206485,2687223415,13414152,1,133510710,891370994,2566781,1179810796,1733267147,166143264,133034350,103570033,202521728,4297429,33156746,345621923,278945396,0,0,0,0,5eb7747ecbde451de49ea2bb0b40c31b43aa1915d4f074ed405d0301b7d991a6
10518,85,8615764284,8603338582,11950748,60,369129,105715,50,2008707178,447283,92441151,187031020,491218242,400946229,158582652,541720420,136301791,209661361,3578542798,16096649,6,3,4,0,1,4489,1212,61,0,0,0,0,5,76198484,2687215986,13459144,1,133462877,891326812,2637505,1184144194,1732516479,176482028,121851518,95752610,202541669,4259907,33173227,379316837,275646954,0,0,0,0,5eb7747ecbde451de49ea2bb0b40c31b43aa1915d4f074ed405d0301b7d991a6
10518,86,8615765704,8603346513,11943137,50,367519,108435,50,2009213687,513548,92398910,184733953,493539778,400703506,158790238,541948558,136570004,209713516,3578498743,16076909,6,3,4,0,1,4489,1212,61,0,0,0,0,5,76204616,2687179062,13456935,1,133508900,891319681,2619974,1189576825,1728818306,168703291,126957433,96129561,202522318,4295748,33161287,352835073,281309015,0,0,0,0,5eb7747ecbde451de49ea2bb0b40c31b43aa1915d4f074ed405d0301b7d991a6
10518,87,8615764444,8603338272,11951248,50,368869,105935,70,2009013345,511524,92393021,186148394,492098095,400763332,158778374,541729287,136573956,209701003,3578539027,16052916,6,3,4,0,1,4489,1212,61,0,0,0,0,5,76231364,2687174784,13466404,1,133469639,891364243,2586512,1181269185,1731403898,170640914,127992124,103833543,202540549,4260567,33177047,354471872,279380046,0,0,0,0,5eb7747ecbde451de49ea2bb0b40c31b43aa1915d4f074ed405d0301b7d991a6
10518,88,8615763724,8603336482,11951338,40,369439,106385,40,2006738589,475443,92450892,182655268,495604225,402416582,157096979,541904657,134115283,209781439,3578381729,16125809,6,3,4,0,1,4489,1212,61,0,0,0,0,5,76274909,2687049207,13521476,1,133506530,891332522,2604333,1158892076,1730711837,174047584,142194601,100200389,202519778,4279978,33172377,369598678,316344152,0,0,0,0,5eb7747ecbde451de49ea2bb0b40c31b43aa1915d4f074ed405d0301b7d991a6
10518,89,8615761533,8603339231,11950708,40,365849,105645,60,2006470453,459924,92437291,184279118,493980624,402253724,157282239,541676337,134080026,209732687,3578425039,16147592,6,3,4,0,1,4489,1212,61,0,0,0,0,5,76268229,2687078187,13526938,1,133464458,891346852,2620654,1159586236,1731776154,179779368,137105874,102638780,202546009,4252226,33183648,349483654,314328655,0,0,0,0,5eb7747ecbde451de49ea2bb0b40c31b43aa1915d4f074ed405d0301b7d991a6
10518,90,8615763813,8603335861,11952268,50,366858,108726,50,2006673455,419573,92511463,182546392,495711811,401900907,157603975,541931217,134025536,209730157,3578448441,16098247,6,3,4,0,1,4489,1212,61,0,0,0,0,5,76225297,2687109359,13502455,1,133504860,891339082,2595792,1150554126,1735498139,176881480,143586484,98162290,202520788,4279388,33178707,369337326,303235705,0,0,0,0,5eb7747ecbde451de49ea2bb0b40c31b43aa1915d4f074ed405d0301b7d991a6
10518,91,8615761853,8603366293,11923206,60,367469,104785,40,2006138296,484294,92389517,182734802,495528599,401893559,157639848,541698176,133743009,209699803,3578373707,16223037,6,3,4,0,1,4489,1212,61,0,0,0,0,5,76233145,2687064307,13579052,1,133466658,891309400,2643985,1159654896,1736404069,178616386,133991714,98611404,202543719,4253907,33181797,329304505,302554911,0,0,0,0,5eb7747ecbde451de49ea2bb0b40c31b43aa1915d4f074ed405d0301b7d991a6
10518,92,8615763553,8603365213,11922456,50,368899,106885,50,2006365052,521804,92390299,182357053,495892089,401463536,158054167,541901506,133755781,209690043,3578471662,16133812,6,3,4,0,1,4489,1212,61,0,0,0,0,5,76185723,2687137560,13528109,1,133504320,891334102,2605703,1170314854,1731359565,165957777,143646660,99754219,202519878,4289578,33162337,313029395,294162055,0,0,0,0,5eb7747ecbde451de49ea2bb0b40c31b43aa1915d4f074ed405d0301b7d991a6
10518,93,8615762273,8603333061,11953578,50,370319,105205,60,2005742989,405201,92511112,182909043,495323827,401825657,157719701,541687766,133327709,209686833,3578383419,16229876,6,3,4,0,1,4489,1212,61,0,0,0,0,5,76220716,2687048956,13598612,1,133466117,891334463,2631264,1168290501,1734977783,178174312,125895048,96562326,202540319,4256847,33182607,318661953,297426199,0,0,0,0,5eb7747ecbde451de49ea2bb0b40c31b43aa1915d4f074ed405d0301b7d991a6
10518,94,8615763714,8603367974,11918776,60,368939,107905,60,2006061915,464754,92462291,181268178,497003244,401196240,158295662,541919917,133424356,209721847,3578411859,16164601,6,3,4,0,1,4489,1212,61,0,0,0,0,5,76217567,2687063936,13575389,1,133504280,891347923,2589212,1163207381,1734575224,173774633,135306963,97907581,202520118,4279768,33179297,320760995,321677029,0,0,0,0,5eb7747ecbde451de49ea2bb0b40c31b43aa1915d4f074ed405d0301b7d991a6
10518,95,8615761803,8603326311,11960268,50,369379,105745,50,2006460204,533716,92367938,183722163,494527539,401835033,157714691,541682936,134053037,209683932,3578454224,16150171,6,3,4,0,1,4489,1212,61,0,0,0,0,5,76216065,2687092140,13556569,1,133467867,891362084,2593602,1146459720,1735038385,173257497,148477626,101516632,202540459,4256656,33182698,344227160,339320721,0,0,0,0,5eb7747ecbde451de49ea2bb0b40c31b43aa1915d4f074ed405d0301b7d991a6
10518,96,8615766824,8603346703,11945977,40,368809,105235,60,2008774106,404702,92556274,185352787,492897855,401112777,158379844,541924600,136127962,209745946,3578490653,16046356,6,3,4,0,1,4489,1212,61,0,0,0,0,5,76231476,2687196383,13405811,1,133514470,891294270,2640545,1175011019,1736627343,179622614,117801882,93535781,202520868,4285238,33170127,281163348,315949063,0,0,0,0,5eb7747ecbde451de49ea2bb0b40c31b43aa1915d4f074ed405d0301b7d991a6
10518,97,8615767764,8603346002,11949688,40,367849,104135,50,2008704808,446124,92465353,185007718,493238392,401193731,158351954,541677007,136307170,209679123,3578632741,16024285,6,3,4,0,1,4489,1212,61,0,0,0,0,5,76216846,2687276567,13418663,1,133462277,891356174,2605622,1179145638,1733993998,178925415,120070475,98448158,202549289,4249256,33178368,310246286,283513753,0,0,0,0,5eb7747ecbde451de49ea2bb0b40c31b43aa1915d4f074ed405d0301b7d991a6
10518,98,8615768754,8603346952,11948998,40,367219,105495,50,2009053908,430102,92514863,184377406,493896698,400830623,158648238,541969483,136367223,209728805,3578539076,16006465,6,3,4,0,1,4489,1212,61,0,0,0,0,5,76215405,2687215135,13395361,1,133513400,891323941,2611104,1176225106,1732610597,182643053,118333703,97154835,202520678,4283468,33175587,270559503,281747865,0,0,0,0,5eb7747ecbde451de49ea2bb0b40c31b43aa1915d4f074ed405d0301b7d991a6
10518,99,8615766774,8603371354,11923766,40,365759,105805,50,2008328750,488087,92422369,185149943,493100257,401010894,158531953,541682825,135928451,209724096,3578563076,16032097,6,3,4,0,1,4489,1212,61,0,0,0,0,5,76259209,2687208783,13429624,1,133464887,891354293,2602473,1177582332,1737853549,178379842,119340119,98988003,202545679,4250597,33177897,282135509,281793258,0,0,0,0,5eb7747ecbde451de49ea2bb0b40c31b43aa1915d4f074ed405d0301b7d991a6
10518,100,8615766824,8603345163,11944917,50,371009,105635,50,2008460114,495625,92430932,185156386,493108426,401106296,158410237,541946690,135784604,209734634,3578498864,16056717,6,3,4,0,1,4489,1212,61,0,0,0,0,5,76221424,2687202814,13417692,1,133513210,891296050,2639025,1183285609,1727699099,179437682,119414042,100679815,202519728,4288828,33171977,258888255,277734355,0,0,0,0,5eb7747ecbde451de49ea2bb0b40c31b43aa1915d4f074ed405d0301b7d991a6
10518,101,8615767844,8603341632,11950748,70,369258,106076,60,2008814843,380310,92538586,186185778,492060162,401250735,158281909,541708439,136390544,209701736,3578579215,16051748,6,3,4,0,1,4489,1212,61,0,0,0,0,5,76242148,2687241473,13422735,1,133459588,891337742,2629013,1186508617,1731784282,177777702,116571694,101370103,202551070,4246616,33179047,285140162,288216615,0,0,0,0,5eb7747ecbde451de49ea2bb0b40c31b43aa1915d4f074ed405d0301b7d991a6
10518,102,8615768804,8603370844,11923206,40,366369,108275,70,2009254859,488496,92442690,184698343,493579510,401024614,158459298,541935739,136610277,209723216,3578611458,15946131,6,3,4,0,1,4489,1212,61,0,0,0,0,5,76211276,2687254315,13366170,1,133511940,891357143,2579961,1173302331,1734511402,174890144,126727195,95659115,202520758,4284528,33170897,252774397,291338624,0,0,0,0,5eb7747ecbde451de49ea2bb0b40c31b43aa1915d4f074ed405d0301b7d991a6
10518,103,8615766484,8603369524,11923296,50,367329,106235,50,2008451655,476305,92416149,186523133,491733016,400846786,158690300,541699588,136045388,209716865,3578551118,16033224,6,3,4,0,1,4489,1212,61,0,0,0,0,5,76256508,2687213465,13417941,1,133460357,891337653,2615283,1176174025,1727416730,168577723,134781456,100345464,202547739,4249886,33184778,283733773,290332789,0,0,0,0,5eb7747ecbde451de49ea2bb0b40c31b43aa1915d4f074ed405d0301b7d991a6
10518,104,8615763354,8603330352,11955648,40,370259,106995,60,2006284718,381729,92556008,182430397,495818145,402402992,157091638,541884157,133701240,209759048,3578354647,16154201,6,3,4,0,1,4489,1212,61,0,0,0,0,5,76249368,2687042596,13531187,1,133509680,891312051,2623014,1145487195,1732980577,177510947,146462553,98870008,202522658,4279208,33176227,298543913,315981755,0,0,0,0,5eb7747ecbde451de49ea2bb0b40c31b43aa1915d4f074ed405d0301b7d991a6
10518,105,8615761284,8603332202,11956228,130,366699,105955,70,2006146031,431523,92488524,182185634,496070246,401694167,157838307,541669796,133745711,209749417,3578375817,16178083,6,3,4,0,1,4489,1212,61,0,0,0,0,5,76284859,2687057106,13535319,1,133464558,891318711,2642764,1153498118,1732608027,177466465,144623942,96633951,202550209,4246017,33180087,302307895,317514410,0,0,0,0,5eb7747ecbde451de49ea2bb0b40c31b43aa1915d4f074ed405d0301b7d991a6
10518,106,8615762994,8603332572,11952738,70,370179,107385,50,2006031825,393521,92559068,183005154,495257147,401773801,157711741,541932828,133377583,209723176,3578397747,16146222,6,3,4,0,1,4489,1212,61,0,0,0,0,5,76216136,2687118508,13490566,1,133507040,891279239,2655656,1160641054,1733989200,175140574,138634034,97806202,202523728,4280778,33177877,289633868,315032635,0,0,0,0,5eb7747ecbde451de49ea2bb0b40c31b43aa1915d4f074ed405d0301b7d991a6
10518,107,8615761724,8603330322,11954948,60,372129,104205,60,2006296976,466593,92446772,183817707,494432464,402312439,157226686,541687566,133884047,209705924,3578378368,16193034,6,3,4,0,1,4489,1212,61,0,0,0,0,5,76239346,2687092259,13529388,1,133466578,891286109,2663646,1164470034,1734936197,177642153,131910681,100722677,202549229,4246727,33182197,268769884,299509266,0,0,0,0,5eb7747ecbde451de49ea2bb0b40c31b43aa1915d4f074ed405d0301b7d991a6
10518,108,8615762754,8603330612,11959348,70,366379,106295,50,2005522919,445744,92492847,182337350,495922530,401604792,157897398,541879978,132917099,209692763,3578356618,16228564,6,3,4,0,1,4489,1212,61,0,0,0,0,5,76183103,2687108390,13543717,1,133509660,891248228,2684847,1170739227,1736199742,177387555,126143335,98862822,202521148,4278708,33172366,259424996,301830869,0,0,0,0,5eb7747ecbde451de49ea2bb0b40c31b43aa1915d4f074ed405d0301b7d991a6
10518,109,8615761564,8603365374,11922186,50,367829,106065,60,2006343391,445601,92510047,183159042,495058556,401846994,157692182,541668295,133943560,209693355,3578408638,16231277,6,3,4,0,1,4489,1212,61,0,0,0,0,5,76227007,2687087927,13581982,1,133466348,891320711,2649295,1169028242,1735429943,170776245,135832073,102791814,202549699,4246526,33180628,266713222,307047714,0,0,0,0,5eb7747ecbde451de49ea2bb0b40c31b43aa1915d4f074ed405d0301b7d991a6
10518,110,8615764583,8603325431,11959868,50,369899,109275,60,2006055807,463541,92476106,182032216,496232365,402093688,157406425,541882896,133444165,209718865,3578430440,16127161,6,3,4,0,1,4489,1212,61,0,0,0,0,5,76208545,2687120209,13504297,1,133510320,891310231,2622864,1160572395,1730943005,184752384,128343732,98097596,202522488,4279058,33174677,257466019,314209292,0,0,0,0,5eb7747ecbde451de49ea2bb0b40c31b43aa1915d4f074ed405d0301b7d991a6
10518,111,8615761784,8603330762,11956008,50,369329,105585,50,2006123368,463076,92449299,183837260,494421362,402536051,157002905,541672846,133721659,209681463,3578495944,16132640,6,3,4,0,1,4489,1212,61,0,0,0,0,5,76216825,2687184773,13481796,1,133464638,891311171,2650844,1135640584,1736522221,179943387,150350052,99742394,202548049,4247436,33180368,265869228,347315156,0,0,0,0,5eb7747ecbde451de49ea2bb0b40c31b43aa1915d4f074ed405d0301b7d991a6
10518,112,8615763974,8603329362,11959018,50,370229,105255,60,2008329569,419003,92542025,185682894,492552447,401212132,158290902,541939257,135675070,209732348,3578569967,15972362,6,3,4,0,1,4489,1212,61,0,0,0,0,5,76228608,2687213954,13392180,1,133503740,891356013,2580182,1160928463,1737631268,182965091,129753696,98340455,202516048,4291498,33170637,197173422,339096323,0,0,0,0,5eb7747ecbde451de49ea2bb0b40c31b43aa1915d4f074ed405d0301b7d991a6
10518,113,8615762664,8603335042,11954178,50,367028,106306,60,2008295316,449094,92454822,186051792,492198570,401275717,158251875,541702999,135892841,209671682,3578599229,16020456,6,3,4,0,1,4489,1212,61,0,0,0,0,5,76208885,2687246596,13418733,1,133462797,891352633,2601723,1169825955,1734802500,177717711,131766494,100774621,202545349,4256047,33175697,311784524,301035602,0,0,0,0,5eb7747ecbde451de49ea2bb0b40c31b43aa1915d4f074ed405d0301b7d991a6
10518,114,8615764374,8603337572,11949488,50,369218,107996,50,2008705839,409051,92548546,185080033,493166528,400880105,158610528,541966680,136030556,209719936,3578571807,15982042,6,3,4,0,1,4489,1212,61,0,0,0,0,5,76215986,2687224454,13393810,1,133503950,891347353,2588232,1187180692,1729744978,171517819,126459318,97077646,202517368,4289238,33167927,287778579,310666000,0,0,0,0,5eb7747ecbde451de49ea2bb0b40c31b43aa1915d4f074ed405d0301b7d991a6
10518,115,8615762914,8603373194,11918586,50,366489,104535,60,2008442214,504205,92417293,184418125,493833547,401235972,158313470,541685457,136019075,209701384,3578552567,16025725,6,3,4,0,1,4489,1212,61,0,0,0,0,5,76235787,2687221875,13408261,1,133465597,891330692,2617464,1174302044,1732819075,171520653,133412064,104601133,202544799,4253607,33176147,312892541,311578675,0,0,0,0,5eb7747ecbde451de49ea2bb0b40c31b43aa1915d4f074ed405d0301b7d991a6
10518,116,8615764284,8603337632,11951368,40,369969,105145,130,2008966104,444581,92493965,184483531,493777050,400888056,158606486,541950879,136305322,209729296,3578505736,16046764,6,3,4,0,1,4489,1212,61,0,0,0,0,5,76226126,2687205696,13410589,1,133503170,891300040,2636175,1178268157,1728251252,180514966,124400743,98532795,202513497,4295019,33169957,273732049,313295298,0,0,0,0,5eb7747ecbde451de49ea2bb0b40c31b43aa1915d4f074ed405d0301b7d991a6
10518,117,8615763384,8603339422,11949758,50,369559,104555,40,2008580312,386141,92529136,186326913,491922696,401432935,158081699,541716689,136168486,209660473,3578619740,16025756,6,3,4,0,1,4489,1212,61,0,0,0,0,5,76193215,2687265187,13414673,1,133467258,891354553,2611083,1197041041,1730684605,171724298,111907527,103557068,202539679,4261487,33174207,323033439,305224661,0,0,0,0,5eb7747ecbde451de49ea2bb0b40c31b43aa1915d4f074ed405d0301b7d991a6
10518,118,8615765664,8603365664,11923726,40,367539,108645,50,2009103559,504484,92436884,183705610,494554281,401151470,158335701,541927728,136474360,209697405,3578580918,15992053,6,3,4,0,1,4489,1212,61,0,0,0,0,5,76197705,2687227215,13405521,1,133499700,891353703,2586532,1173390336,1731624359,178912492,126802498,99512063,202513417,4286329,33174157,285874896,313300784,0,0,0,0,5eb7747ecbde451de49ea2bb0b40c31b43aa1915d4f074ed405d0301b7d991a6
10518,119,8615763324,8603334602,11954828,50,367529,106245,70,2008565771,499615,92416181,185526164,492723497,401006963,158526103,541715826,136134472,209681064,3578579608,16021845,6,3,4,0,1,4489,1212,61,0,0,0,0,5,76216726,2687243986,13406302,1,133464338,891335622,2615543,1179439342,1731444384,175270633,126912285,96813128,202536699,4262737,33177267,309829182,306248405,0,0,0,0,5eb7747ecbde451de49ea2bb0b40c31b43aa1915d4f074ed405d0301b7d991a6
10518,120,8615765084,8603344273,11943297,60,370039,107355,60,2006376681,412461,92547316,181371353,496868927,401815115,157700840,541894857,133749081,209764927,3578338335,16174472,6,3,4,0,1,4489,1212,61,0,0,0,0,5,76250507,2687023934,13554888,1,133514420,891314401,2619584,1149316515,1729037911,179012267,148032812,97870160,202517988,4282318,33173846,306369097,339274612,0,0,0,0,5eb7747ecbde451de49ea2bb0b40c31b43aa1915d4f074ed405d0301b7d991a6
10518,121,8615762144,8603346903,11942397,50,366899,105835,60,2006171470,462062,92459464,183642656,494604764,401489915,158045368,541669906,133775385,209742805,3578372668,16188393,6,3,4,0,1,4489,1212,61,0,0,0,0,5,76278908,2687062817,13532117,1,133463897,891309851,2656276,1149123364,1733148092,179964637,143583178,99311435,202542159,4257937,33184617,329502701,340115764,0,0,0,0,5eb7747ecbde451de49ea2bb0b40c31b43aa1915d4f074ed405d0301b7d991a6
10518,122,8615763684,8603341562,11946088,40,368799,107145,50,2005635131,405420,92552616,182240837,496012625,401206381,158289021,541917187,132985663,209723325,3578469622,16082887,6,3,4,0,1,4489,1212,61,0,0,0,0,5,76212635,2687135900,13481915,1,133510690,891333722,2600972,1137424299,1732794350,180282639,153271708,101457481,202517538,4283278,33176607,308467656,353832655,0,0,0,0,5eb7747ecbde451de49ea2bb0b40c31b43aa1915d4f074ed405d0301b7d991a6
10518,123,8615762783,8603345042,11942747,40,368919,105985,50,2006417024,470734,92451923,183296469,494943711,401936989,157609967,541679166,134013076,209698603,3578454032,16124101,6,3,4,0,1,4489,1212,61,0,0,0,0,5,76234606,2687113559,13515428,1,133463997,891340473,2608673,1144110765,1735330810,175922184,150221036,101109316,202540099,4258647,33178337,295692638,338167041,0,0,0,0,5eb7747ecbde451de49ea2bb0b40c31b43aa1915d4f074ed405d0301b7d991a6
10518,124,8615763984,8603343323,11944317,50,369099,107135,60,2006434302,487925,92470823,183527801,494717080,401401520,158107023,541882195,133822236,209687914,3578439360,16164204,6,3,4,0,1,4489,1212,61,0,0,0,0,5,76178764,2687156651,13508528,1,133509150,891282709,2655676,1144902110,1733764262,183184306,143489472,101355931,202515768,4284068,33178437,299980128,351567643,0,0,0,0,5eb7747ecbde451de49ea2bb0b40c31b43aa1915d4f074ed405d0301b7d991a6
10518,125,8615762464,8603345523,11942607,40,369419,104825,50,2006579492,427652,92527467,183681587,494539080,402140242,157403424,541664225,134178324,209683523,3578374527,16239548,6,3,4,0,1,4489,1212,61,0,0,0,0,5,76219255,2687055946,13592973,1,133464268,891318581,2646575,1146027285,1732451388,177316856,148548547,100969093,202540349,4258777,33177657,263700940,350837739,0,0,0,0,5eb7747ecbde451de49ea2bb0b40c31b43aa1915d4f074ed405d0301b7d991a6
10518,126,8615764064,8603377164,11910606,40,370169,106025,60,2006343949,445604,92513535,183433146,494817594,401601842,157890060,541906878,133720200,209711624,3578363577,16215545,6,3,4,0,1,4489,1212,61,0,0,0,0,5,76202774,2687069477,13571470,1,133508850,891294100,2644075,1150102749,1733611476,177109962,145320068,97260566,202516058,4286808,33172657,275233767,339684710,0,0,0,0,5eb7747ecbde451de49ea2bb0b40c31b43aa1915d4f074ed405d0301b7d991a6
10518,127,8615762513,8603345892,11941737,50,368899,105885,50,2006547891,506626,92414329,182628489,495615983,401893918,157640877,541683256,134144471,209697083,3578437452,16153841,6,3,4,0,1,4489,1212,61,0,0,0,0,5,76230566,2687106329,13532538,1,133466517,891331123,2621303,1126935887,1736385142,190691960,146598794,101369204,202539819,4259567,33177077,302362187,372245038,0,0,0,0,5eb7747ecbde451de49ea2bb0b40c31b43aa1915d4f074ed405d0301b7d991a6
10519,0,7679862646,7667054464,12347908,150,349658,110335,131,1723914200,302524,79788456,161737164,407868707,353210486,132367333,475674272,112947714,193968672,3027292419,13149978,5,2,4,0,1,3763,1020,53,0,0,0,0,4,61120557,2054886015,10652481,1,132848115,972406404,2497497,1125207967,1410056755,94568109,122557161,43481521,203934198,4503728,33187558,218584406,293007290,0,0,0,0,5eb7747ecbde451de49ea2bb0b40c31b43aa1915d4f074ed405d0301b7d991a6
10519,1,7679865845,7667086095,12320187,50,349948,109505,60,1723801613,305757,79738971,161233678,408398274,353184528,132430120,475463086,113036398,193959013,3027128241,13303497,5,2,4,0,1,3763,1020,53,0,0,0,0,4,61041974,2054794281,10758037,1,132917039,972333960,2545460,1114736456,1411509940,89974036,136130496,43876431,203894046,4539861,33170846,207029464,269550513,0,0,0,0,5eb7747ecbde451de49ea2bb0b40c31b43aa1915d4f074ed405d0301b7d991a6
10519,2,7679867245,7667086015,12320347,240,350078,110516,49,1723876527,294174,79788875,160492262,409129840,353486041,132084426,475638693,112942554,193944161,3027339370,13115788,5,2,4,0,1,3763,1020,53,0,0,0,0,4,61093746,2054942567,10612660,1,132850415,972396803,2503128,1103633828,1411810753,95382833,134442587,42738762,203946828,4482078,33181497,194515664,278947642,0,0,0,0,5eb7747ecbde451de49ea2bb0b40c31b43aa1915d4f074ed405d0301b7d991a6
10519,3,7679866095,7667045373,12361089,40,350428,109115,50,1723587043,284294,79777767,161124003,408484906,353670562,131952138,475472264,112807108,193970564,3027239367,13161548,5,2,4,0,1,3763,1020,53,0,0,0,0,4,61052545,2054911077,10616899,1,132918019,972328290,2544649,1101357118,1415530841,89680004,137096901,46476624,203894076,4536170,33194348,209540381,261945194,0,0,0,0,5eb7747ecbde451de49ea2bb0b40c31b43aa1915d4f074ed405d0301b7d991a6
10519,4,7679868826,7667083345,12320637,930,352188,111675,51,1723979812,292674,79721523,160829025,408850730,352944894,132631621,475649703,113042299,193958112,3027252217,13195121,5,2,4,0,1,3763,1020,53,0,0,0,0,4,61110937,2054865024,10671943,1,132847175,972387193,2523178,1119342297,1409335093,88484120,129400607,44777745,203923847,4510070,33178016,182033269,256855383,0,0,0,0,5eb7747ecbde451de49ea2bb0b40c31b43aa1915d4f074ed405d0301b7d991a6
10519,5,7679866025,7667058614,12345948,40,351838,109545,40,1723886355,282463,79762995,161634100,407993582,353230138,132382083,475475713,113107811,193974423,3027178304,13227902,5,2,4,0,1,3763,1020,53,0,0,0,0,4,61055284,2054831653,10705464,1,132919139,972346651,2522438,1111661898,1412295516,87041150,136308589,46827371,203894576,4538781,33173166,238626277,266250874,0,0,0,0,5eb7747ecbde451de49ea2bb0b40c31b43aa1915d4f074ed405d0301b7d991a6
10519,6,7679867206,7667029043,12377239,50,350608,110206,60,1723876895,285234,79781835,159912691,409759916,353433266,132132799,475642111,112909643,193966174,3027288748,13156130,5,2,4,0,1,3763,1020,53,0,0,0,0,4,61118069,2054914476,10628771,1,132848105,972374272,2527359,1116007416,1411908859,89540815,126931798,43246473,203938688,4491818,33196748,176811541,268920739,0,0,0,0,5eb7747ecbde451de49ea2bb0b40c31b43aa1915d4f074ed405d0301b7d991a6
10519,7,7679866315,7667061374,12343498,50,351778,109535,80,1722880226,318556,79783015,161356154,408224885,352933004,132686217,475476463,112084411,193972083,3027190823,13215703,5,2,4,0,1,3763,1020,53,0,0,0,0,4,61053194,2054833462,10700445,1,132918889,972357361,2515258,1119825384,1410348654,89343665,129864666,46574131,203895326,4539461,33187027,194896476,267601031,0,0,0,0,5eb7747ecbde451de49ea2bb0b40c31b43aa1915d4f074ed405d0301b7d991a6
10519,8,7679866316,7667035223,12368439,720,351738,110105,91,1721144547,294065,79737133,158040038,411613185,354195149,131378260,475634880,110229406,193946271,3027098738,13345730,5,2,4,0,1,3763,1020,53,0,0,0,0,4,61118847,2054760898,10781579,1,132827424,972337840,2564151,1084920847,1410357550,96616955,143408715,44041741,203927378,4494668,33187077,239179293,283759014,0,0,0,0,5eb7747ecbde451de49ea2bb0b40c31b43aa1915d4f074ed405d0301b7d991a6
10519,9,7679865045,7667119987,12281675,220,353578,109535,50,1721310226,325609,79766791,158928481,410666340,354303385,131315087,475445921,110532370,193970303,3027099980,13327307,5,2,4,0,1,3763,1020,53,0,0,0,0,4,61054194,2054783121,10770807,1,132916109,972316859,2556500,1085537811,1412102716,90621220,149808209,43385813,203894966,4543361,33177176,236453220,291229854,0,0,0,0,5eb7747ecbde451de49ea2bb0b40c31b43aa1915d4f074ed405d0301b7d991a6
10519,10,7679866076,7667035553,12368429,40,352558,109356,140,1721424093,289235,79804038,159574592,410047938,354453732,131121825,475608501,110502267,193949461,3027154281,13294418,5,2,4,0,1,3763,1020,53,0,0,0,0,4,61097656,2054799860,10749878,1,132851805,972354421,2544540,1080762522,1412764913,90910428,153737733,46410751,203948929,4470037,33188887,206222300,298642248,0,0,0,0,5eb7747ecbde451de49ea2bb0b40c31b43aa1915d4f074ed405d0301b7d991a6
10519,11,7679865385,7667030003,12371429,60,354438,109405,50,1721492555,297533,79773377,158257115,411347525,354272352,131338089,475478202,110709130,193956602,3027025835,13384331,5,2,4,0,1,3763,1020,53,0,0,0,0,4,61048014,2054732677,10807540,1,132908588,972293158,2576791,1092654599,1413203213,90463260,143160515,45116333,203893396,4543331,33165546,216549981,303173100,0,0,0,0,5eb7747ecbde451de49ea2bb0b40c31b43aa1915d4f074ed405d0301b7d991a6
10519,12,7679866666,7667032223,12372369,40,352058,109925,51,1721346139,314367,79690961,159026974,410663921,354043861,131533646,475617651,110435375,193967572,3027126640,13310486,5,2,4,0,1,3763,1020,53,0,0,0,0,4,61116297,2054769449,10765686,1,132851275,972357191,2544800,1181058181,1410973759,89060251,60907776,44462638,203923927,4507249,33176787,199142946,298538711,0,0,0,0,5eb7747ecbde451de49ea2bb0b40c31b43aa1915d4f074ed405d0301b7d991a6
10519,13,7679863455,7667027003,12375829,50,351208,109315,50,1721690794,316216,79735502,159459899,410179963,354403259,131209749,475459957,110909220,193965923,3027022075,13407742,5,2,4,0,1,3763,1020,53,0,0,0,0,4,61060095,2054728167,10824301,1,132905828,972293908,2583441,1087444089,1411733532,90006524,146576716,47287866,203894806,4539600,33180527,211829681,294448838,0,0,0,0,5eb7747ecbde451de49ea2bb0b40c31b43aa1915d4f074ed405d0301b7d991a6
10519,14,7679866775,7667028483,12376589,320,352498,108836,49,1721547338,303016,79746793,158611196,411039648,353997587,131577660,475615061,110633975,193954641,3027069638,13380471,5,2,4,0,1,3763,1020,53,0,0,0,0,4,61103536,2054743738,10802400,1,132851105,972325900,2578071,1093679688,1413622633,91728868,142477140,45604718,203936988,4485288,33184167,189650114,298029796,0,0,0,0,5eb7747ecbde451de49ea2bb0b40c31b43aa1915d4f074ed405d0301b7d991a6
10519,15,7679865605,7667120527,12282545,40,352758,109575,160,1721667465,284754,79785435,159665350,409932671,354540646,131074462,475480666,110887969,193952463,3027066527,13373729,5,2,4,0,1,3763,1020,53,0,0,0,0,4,61053895,2054774849,10785738,1,132898568,972291678,2587991,1062842208,1415304806,92409569,159047812,46977018,203894216,4537260,33180957,208854925,317415797,0,0,0,0,5eb7747ecbde451de49ea2bb0b40c31b43aa1915d4f074ed405d0301b7d991a6
10519,16,7679867705,7667081875,12324327,40,350548,110426,489,1723928177,345588,79688501,160730013,408961382,352902222,132681235,475655123,112948564,194009726,3027235616,13213331,5,2,4,0,1,3763,1020,53,0,0,0,0,4,61155250,2054846043,10694363,1,132854476,972389573,2518968,1113832512,1413292428,92913396,129532179,42782146,203944699,4478927,33187257,260945001,275815922,0,0,0,0,5eb7747ecbde451de49ea2bb0b40c31b43aa1915d4f074ed405d0301b7d991a6
10519,17,7679864735,7667024782,12376170,40,354268,109425,50,1723438684,380901,79687749,161708213,407946281,353175507,132430811,475459134,112638347,193976765,3027193133,13233062,5,2,4,0,1,3763,1020,53,0,0,0,0,4,61067637,2054844032,10694333,1,132909128,972349101,2538729,1114307037,1409978791,88114649,135663235,44211139,203887816,4540160,33184577,262516018,258901625,0,0,0,0,5eb7747ecbde451de49ea2bb0b40c31b43aa1915d4f074ed405d0301b7d991a6
10519,18,7679867735,7667020982,12385020,50,351088,110446,149,1723895624,317329,79707551,160290608,409428259,353148824,132404072,475650572,112932333,193973684,3027223355,13229942,5,2,4,0,1,3763,1020,53,0,0,0,0,4,61133999,2054864634,10683342,1,132839685,972358721,2546600,1122068278,1411136097,90248938,128346114,42569978,203951899,4471887,33182017,217151543,241818184,0,0,0,0,5eb7747ecbde451de49ea2bb0b40c31b43aa1915d4f074ed405d0301b7d991a6
10519,19,7679866435,7667031573,12374539,40,352238,107995,50,1724186022,334539,79710931,161761936,407908887,353323224,132287574,475476776,113367495,193992124,3027176852,13232393,5,2,4,0,1,3763,1020,53,0,0,0,0,4,61071676,2054874373,10655982,1,132920448,972302479,2576411,1108014099,1415449508,91559082,136916117,46961134,203891206,4537530,33182227,278222363,243003134,0,0,0,0,5eb7747ecbde451de49ea2bb0b40c31b43aa1915d4f074ed405d0301b7d991a6
10519,20,7679867206,7667034633,12370869,60,352098,109486,60,1723827064,329054,79702392,160214208,409496510,353390435,132172290,475664493,112841028,193974235,3027322099,13142758,5,2,4,0,1,3763,1020,53,0,0,0,0,4,61141020,2054912175,10642041,1,132833215,972409924,2500717,1105978261,1415496743,92579991,132497332,45287665,203936638,4484498,33185037,248680847,234812874,0,0,0,0,5eb7747ecbde451de49ea2bb0b40c31b43aa1915d4f074ed405d0301b7d991a6
10519,21,7679866215,7667087876,12314396,50,354368,109485,40,1723722028,322626,79722372,162713864,406948519,353011227,132596522,475463645,112928423,193977983,3027173334,13257943,5,2,4,0,1,3763,1020,53,0,0,0,0,4,61061285,2054862175,10686722,1,132916698,972311159,2571221,1125987023,1408282068,84947746,124714078,46420284,203888126,4542430,33175057,259291050,250233017,0,0,0,0,5eb7747ecbde451de49ea2bb0b40c31b43aa1915d4f074ed405d0301b7d991a6
10519,22,7679866956,7667017672,12387550,50,351878,109766,40,1723890945,299968,79741951,160551444,409147062,353136555,132427362,475651864,112919831,193991634,3027262137,13183811,5,2,4,0,1,3763,1020,53,0,0,0,0,4,61137878,2054873294,10665393,1,132853756,972388843,2518418,1123294967,1407759472,87546873,130054592,44575577,203945479,4492228,33176706,267406307,259480080,0,0,0,0,5eb7747ecbde451de49ea2bb0b40c31b43aa1915d4f074ed405d0301b7d991a6
10519,23,7679866475,7667027782,12379270,40,349868,109375,140,1724136809,331227,79737923,161618458,408037065,352892474,132726005,475467874,113311274,193975454,3027245435,13178851,5,2,4,0,1,3763,1020,53,0,0,0,0,4,61060925,2054878444,10667433,1,132914529,972366991,2511418,1118994660,1409228709,89625493,129548577,47442853,203890446,4543180,33176607,238902113,255632034,0,0,0,0,5eb7747ecbde451de49ea2bb0b40c31b43aa1915d4f074ed405d0301b7d991a6
10519,24,7679865266,7667020402,12380850,50,353458,110455,51,1721360570,267394,79750785,158071937,411606910,353095359,132480014,475651873,110409746,193986864,3027182303,13280105,5,2,4,0,1,3763,1020,53,0,0,0,0,4,61131018,2054798000,10756447,1,132855846,972384303,2523658,1098277612,1409910798,91382791,138330670,47281319,203929397,4500819,33178297,234245173,282040812,0,0,0,0,5eb7747ecbde451de49ea2bb0b40c31b43aa1915d4f074ed405d0301b7d991a6
10519,25,7679863405,7667075655,12326577,40,352288,108795,50,1721427432,328248,79728791,159865879,409792614,353498783,132110897,475447193,110631145,193971553,3027144201,13294756,5,2,4,0,1,3763,1020,53,0,0,0,0,4,61061855,2054784649,10769258,1,132909698,972359552,2525498,1094539598,1412721583,91071007,141536053,47118070,203895006,4535140,33177067,244153123,281620979,0,0,0,0,5eb7747ecbde451de49ea2bb0b40c31b43aa1915d4f074ed405d0301b7d991a6
10519,26,7679866145,7667017052,12386250,50,351848,110896,49,1721488055,260472,79772926,159697969,409984525,353607789,131963729,475633121,110541872,193989554,3027147612,13301256,5,2,4,0,1,3763,1020,53,0,0,0,0,4,61132598,2054788881,10757856,1,132856956,972358731,2543400,1099965158,1411215961,88524990,142567666,44347412,203954319,4474627,33174496,230623255,275648752,0,0,0,0,5eb7747ecbde451de49ea2bb0b40c31b43aa1915d4f074ed405d0301b7d991a6
10519,27,7679863795,7667023233,12380749,160,350098,109426,129,1721689294,318515,79741263,160221178,409432936,353443669,132165222,475469443,110879267,193982304,3027085468,13335737,5,2,4,0,1,3763,1020,53,0,0,0,0,4,61063235,2054779310,10763786,1,132919069,972306158,2571951,1100426876,1415170176,96643625,132175883,45482707,203894136,4535680,33176707,252769099,264072825,0,0,0,0,5eb7747ecbde451de49ea2bb0b40c31b43aa1915d4f074ed405d0301b7d991a6
10519,28,7679866476,7667020492,12382810,50,351728,111345,51,1721954729,316814,79707852,158144411,411560927,354086943,131472330,475639095,111006553,193962542,3027127270,13323527,5,2,4,0,1,3763,1020,53,0,0,0,0,4,61107036,2054771539,10771647,1,132855506,972355731,2551880,1099533427,1414481572,93414065,136479551,47296943,203929408,4499308,33175627,236055657,248692232,0,0,0,0,5eb7747ecbde451de49ea2bb0b40c31b43aa1915d4f074ed405d0301b7d991a6
10519,29,7679863565,7667017412,12382290,140,354328,109355,40,1721865276,292454,79757275,157696737,411956645,354006679,131591409,475467226,111069297,193986132,3027049778,13378420,5,2,4,0,1,3763,1020,53,0,0,0,0,4,61074804,2054730058,10812630,1,132911328,972319720,2565790,1135346311,1412947541,86156737,114299023,45883247,203892936,4535470,33176987,227637077,256853076,0,0,0,0,5eb7747ecbde451de49ea2bb0b40c31b43aa1915d4f074ed405d0301b7d991a6
10519,30,7679865125,7667015682,12388680,40,350498,110176,49,1721927946,308383,79726003,159105172,410602865,353893091,131679595,475626112,110962082,194001704,3027176224,13257003,5,2,4,0,1,3763,1020,53,0,0,0,0,4,61147888,2054794422,10730734,1,132853816,972381802,2526269,1107254970,1411064277,90165943,136025657,46790488,203943948,4485608,33174797,233976056,258473343,0,0,0,0,5eb7747ecbde451de49ea2bb0b40c31b43aa1915d4f074ed405d0301b7d991a6
10519,31,7679863866,7667071065,12330657,60,352728,109296,60,1721131637,308818,79749013,159944583,409707990,354061291,131543829,475474482,110318141,193980512,3027104238,13331098,5,2,4,0,1,3763,1020,53,0,0,0,0,4,61063153,2054760148,10793889,1,132917359,972344090,2537209,1079416634,1411016531,93895514,148911294,42703899,203895006,4543891,33172946,156888185,301391053,0,0,0,0,5eb7747ecbde451de49ea2bb0b40c31b43aa1915d4f074ed405d0301b7d991a6
10519,32,7679864356,7667035243,12368729,40,349748,110385,211,1723568102,268993,79732194,160048538,409642717,353148887,132416089,475665273,112632279,193952800,3027264888,13190890,5,2,4,0,1,3763,1020,53,0,0,0,0,4,61103205,2054912867,10637480,1,132849595,972352021,2553410,1114114440,1411658635,88483839,132182363,44474999,203927858,4498508,33181907,249857841,282449904,0,0,0,0,5eb7747ecbde451de49ea2bb0b40c31b43aa1915d4f074ed405d0301b7d991a6
10519,33,7679865895,7667137198,12264974,50,354088,109535,50,1723707407,286526,79696841,161848509,407822533,352651739,132955010,475464285,112967815,193965383,3027264326,13174400,5,2,4,0,1,3763,1020,53,0,0,0,0,4,61065315,2054892075,10658452,1,132900068,972372251,2515948,1109958563,1411296079,90075135,133363817,48290781,203889916,4540950,33176327,266791599,253161377,0,0,0,0,5eb7747ecbde451de49ea2bb0b40c31b43aa1915d4f074ed405d0301b7d991a6
10519,34,7679866585,7667106496,12298146,50,351548,110296,49,1723145820,266244,79718923,161077579,408619725,352910424,132653612,475636383,112247209,193953492,3027267018,13199650,5,2,4,0,1,3763,1020,53,0,0,0,0,4,61100336,2054859454,10697353,1,132853156,972407564,2502297,1118438507,1412147351,93767528,123970973,45383815,203946658,4480548,33181477,267230844,250473151,0,0,0,0,5eb7747ecbde451de49ea2bb0b40c31b43aa1915d4f074ed405d0301b7d991a6
10519,35,7679866895,7667138128,12267394,50,351058,110216,49,1723566009,265603,79735094,161580105,408080518,352751113,132855166,475476145,112806444,193940572,3027237816,13196330,5,2,4,0,1,3763,1020,53,0,0,0,0,4,61033724,2054918927,10631450,1,132906848,972318889,2564880,1127821635,1412502012,87822523,127478751,45174525,203890126,4540770,33180757,263498529,246844628,0,0,0,0,5eb7747ecbde451de49ea2bb0b40c31b43aa1915d4f074ed405d0301b7d991a6
10519,36,7679867326,7667112217,12291105,40,354768,109145,51,1723750130,261483,79707632,162491442,407217976,352651639,132922215,475637714,112848107,193951642,3027263256,13185241,5,2,4,0,1,3763,1020,53,0,0,0,0,4,61105077,2054907875,10634391,1,132846565,972355381,2550850,1164350224,1414169080,92801625,125984076,44451689,203923427,4500239,33186547,263955679,241431604,0,0,0,0,5eb7747ecbde451de49ea2bb0b40c31b43aa1915d4f074ed405d0301b7d991a6
10519,37,7679866005,7667084485,12321647,150,350328,109345,50,1723558700,261722,79733255,161794705,407878977,352835750,132763189,475484417,112785884,193932481,3027211985,13198441,5,2,4,0,1,3763,1020,53,0,0,0,0,4,61057294,2054856704,10674293,1,132875187,972355281,2524148,1103824261,1414755081,95506023,129008677,44305418,203889986,4539370,33180047,276511618,243511318,0,0,0,0,5eb7747ecbde451de49ea2bb0b40c31b43aa1915d4f074ed405d0301b7d991a6
10519,38,7679867526,7667129458,12274224,40,354468,109276,60,1723863525,301604,79737156,161537694,408170122,352724232,132831185,475636929,112912514,193957103,3027290426,13168171,5,2,4,0,1,3763,1020,53,0,0,0,0,4,61111318,2054908084,10643332,1,132845785,972382342,2524839,1129541731,1412058178,87070022,123868039,47123237,203935718,4486698,33190797,254474930,248488697,0,0,0,0,5eb7747ecbde451de49ea2bb0b40c31b43aa1915d4f074ed405d0301b7d991a6
10519,39,7679864395,7667105957,12295995,50,352928,109415,50,1723423554,267084,79717183,161884742,407795361,352746615,132861652,475466996,112662089,193968545,3027304178,13118278,5,2,4,0,1,3763,1020,53,0,0,0,0,4,61059706,2054962478,10577338,1,132908839,972341700,2540940,1134278700,1411012807,86380881,122432841,43531056,203890326,4547161,33172216,277714815,241761278,0,0,0,0,5eb7747ecbde451de49ea2bb0b40c31b43aa1915d4f074ed405d0301b7d991a6
10519,40,7679865775,7667103717,12297935,50,354628,109405,40,1721243303,230152,79743773,158614097,411072369,353806738,131766468,475620223,110365382,193964911,3027085298,13356049,5,2,4,0,1,3763,1020,53,0,0,0,0,4,61114176,2054722427,10818829,1,132850735,972362871,2537220,1108401355,1414551456,87107938,139102607,44927793,203926277,4495009,33191667,255651341,258452805,0,0,0,0,5eb7747ecbde451de49ea2bb0b40c31b43aa1915d4f074ed405d0301b7d991a6
10519,41,7679863855,7667102807,12297875,40,353638,109445,50,1721580650,250822,79739964,159561525,410101698,354166848,131434432,475448311,110860019,193953473,3027085978,13354449,5,2,4,0,1,3763,1020,53,0,0,0,0,4,61049764,2054771559,10782909,1,132903709,972314419,2571540,1109929298,1413412339,86458889,139048467,46364493,203891796,4547411,33173436,259918492,258488059,0,0,0,0,5eb7747ecbde451de49ea2bb0b40c31b43aa1915d4f074ed405d0301b7d991a6
10519,42,7679865286,7667111137,12288735,160,355498,109705,51,1721179700,257523,79746682,157702461,411998138,353947703,131622893,475615132,110258386,193941950,3027156883,13309356,5,2,4,0,1,3763,1020,53,0,0,0,0,4,61091435,2054824143,10736655,1,132850515,972332740,2572701,1099529803,1411216214,95064696,138028753,44965444,203948219,4473577,33181637,252275761,263421652,0,0,0,0,5eb7747ecbde451de49ea2bb0b40c31b43aa1915d4f074ed405d0301b7d991a6
10519,43,7679864166,7667110637,12291925,40,352048,109456,60,1721597580,255344,79754214,159022873,410628658,353610231,131985390,475471922,110849287,193962953,3027006094,13412151,5,2,4,0,1,3763,1020,53,0,0,0,0,4,61056765,2054679395,10857281,1,132906188,972326699,2554870,1107315355,1413425746,87156654,138610679,49909127,203890016,4540440,33182807,238836727,264450508,0,0,0,0,5eb7747ecbde451de49ea2bb0b40c31b43aa1915d4f074ed405d0301b7d991a6
10519,44,7679865516,7667101947,12298045,40,355648,109745,91,1721287085,258482,79705404,158598704,411113482,353612349,131954516,475622544,110399044,193952451,3027025104,13421744,5,2,4,0,1,3763,1020,53,0,0,0,0,4,61107196,2054701905,10834812,1,132845255,972323199,2586932,1101256026,1413703837,88256866,139927582,46079012,203922877,4503429,33176437,249828368,274034586,0,0,0,0,5eb7747ecbde451de49ea2bb0b40c31b43aa1915d4f074ed405d0301b7d991a6
10519,45,7679863965,7667138418,12262154,40,353868,109445,40,1721666265,274523,79710533,160391065,409280238,353416890,132184540,475464643,110912822,193956803,3026988354,13455024,5,2,4,0,1,3763,1020,53,0,0,0,0,4,61053394,2054688046,10870742,1,132903409,972300308,2584282,1105411364,1413613237,89831297,138735923,44345078,203891016,4538720,33173616,254855667,273643207,0,0,0,0,5eb7747ecbde451de49ea2bb0b40c31b43aa1915d4f074ed405d0301b7d991a6
10519,46,7679865876,7667138868,12262184,40,354738,109986,60,1721843633,261353,79737903,159779706,409927732,353598647,131970399,475605771,110937471,193945941,3027138949,13323539,5,2,4,0,1,3763,1020,53,0,0,0,0,4,61097446,2054737486,10820611,1,132848495,972401463,2502928,1115902414,1411517386,88036324,131903586,47652109,203934828,4489298,33182857,237507550,265283033,0,0,0,0,5eb7747ecbde451de49ea2bb0b40c31b43aa1915d4f074ed405d0301b7d991a6
10519,47,7679864175,7667108147,12291815,40,354618,109506,49,1721521637,263875,79756733,160067009,409590994,353867131,131733236,475472656,110743841,193988014,3027096640,13324587,5,2,4,0,1,3763,1020,53,0,0,0,0,4,61083745,2054749520,10787108,1,132904269,972347120,2537479,1067307550,1414033878,93971475,158804796,43201080,203891336,4536380,33183027,256129078,311482420,0,0,0,0,5eb7747ecbde451de49ea2bb0b40c31b43aa1915d4f074ed405d0301b7d991a6
10519,48,7679866056,7667107727,12296345,40,352198,109615,131,1723489255,290775,79733923,161231836,408460791,352918211,132643203,475651443,112541214,193980154,3027270698,13187370,5,2,4,0,1,3763,1020,53,0,0,0,0,4,61128939,2054882186,10666251,1,132851215,972388512,2521119,1093735002,1411796540,91518507,142858480,47919069,203935568,4487718,33189787,281720353,284081322,0,0,0,0,5eb7747ecbde451de49ea2bb0b40c31b43aa1915d4f074ed405d0301b7d991a6
10519,49,7679864415,7667033463,12367179,40,354188,109495,50,1723669475,307084,79731205,161546783,408107629,353269462,132322107,475464092,112910074,193978382,3027316280,13122899,5,2,4,0,1,3763,1020,53,0,0,0,0,4,61064964,2054973209,10573769,1,132913418,972343071,2549130,1111393977,1412099671,87990788,134331441,46767794,203890386,4542941,33176416,276622436,258759613,0,0,0,0,5eb7747ecbde451de49ea2bb0b40c31b43aa1915d4f074ed405d0301b7d991a6
10519,50,7679866106,7667056774,12343768,40,355888,109576,60,1723276065,291436,79738642,161281342,408426826,353048469,132500202,475647627,112328121,193986475,3027222024,13215703,5,2,4,0,1,3763,1020,53,0,0,0,0,4,61128169,2054838502,10698114,1,132858306,972383522,2517589,1101041221,1413862985,88864840,140639043,40555968,203944538,4480058,33181667,268233547,252732527,0,0,0,0,5eb7747ecbde451de49ea2bb0b40c31b43aa1915d4f074ed405d0301b7d991a6
10519,51,7679864746,7667018552,12386470,40,350208,109415,61,1723697446,321976,79716342,161425508,408237985,352778658,132822750,475481866,112888831,193975133,3027246975,13176952,5,2,4,0,1,3763,1020,53,0,0,0,0,4,61059605,2054897184,10645403,1,132915528,972349791,2531549,910435977,1416654324,83501613,271449026,44593794,203890096,4538330,33178427,281677369,335780555,0,0,0,0,5eb7747ecbde451de49ea2bb0b40c31b43aa1915d4f074ed405d0301b7d991a6
10519,52,7679866096,7667056254,12346788,50,353398,109306,300,1723645254,288865,79720763,160993196,408711251,352974603,132585352,475672054,112682949,193971804,3027253896,13203451,5,2,4,0,1,3763,1020,53,0,0,0,0,4,61117528,2054865514,10681602,1,132854276,972388382,2521849,1125150734,1410238701,90149818,125858653,43487570,203933328,4499558,33178967,281804187,234136479,0,0,0,0,5eb7747ecbde451de49ea2bb0b40c31b43aa1915d4f074ed405d0301b7d991a6
10519,53,7679864535,7667108647,12292505,50,353828,109445,60,1723530297,285055,79765244,161888922,407771951,353566606,132022859,475482318,112727412,193981053,3027172503,13252983,5,2,4,0,1,3763,1020,53,0,0,0,0,4,61066254,2054884216,10658351,1,132914799,972288287,2594632,1120437284,1411852841,90562511,128724968,47656511,203888686,4548511,33166926,277649399,234023414,0,0,0,0,5eb7747ecbde451de49ea2bb0b40c31b43aa1915d4f074ed405d0301b7d991a6
10519,54,7679867295,7667057074,12346888,50,352348,110886,49,1724097436,286955,79729064,160125040,409582325,352988776,132571741,475634371,113158805,193982934,3027216196,13227512,5,2,4,0,1,3763,1020,53,0,0,0,0,4,61126228,2054848504,10692253,1,132856706,972367692,2535259,1116547483,1409526109,85339317,136919567,47841448,203937308,4488228,33188747,269476622,244890195,0,0,0,0,5eb7747ecbde451de49ea2bb0b40c31b43aa1915d4f074ed405d0301b7d991a6
10519,55,7679864895,7667107117,12296775,40,351248,109675,40,1723208132,285905,79750804,161695481,407966582,352865581,132731059,475487263,112402656,193981314,3027232555,13192271,5,2,4,0,1,3763,1020,53,0,0,0,0,4,61065265,2054899786,10641681,1,132916049,972332769,2550590,1149371776,1406328895,92515975,126026607,45510660,203888926,4544110,33175767,305105402,237579142,0,0,0,0,5eb7747ecbde451de49ea2bb0b40c31b43aa1915d4f074ed405d0301b7d991a6
10519,56,7679863475,7667039743,12360279,60,354028,109325,40,1721444711,262272,79735833,159457469,410240067,353908484,131660904,475631229,110529371,193995996,3027223614,13214451,5,2,4,0,1,3763,1020,53,0,0,0,0,4,61140171,2054777458,10754706,1,132855825,972446156,2459745,1114213104,1408823885,87463224,137137905,49204976,203929868,4498278,33178167,282902069,255892435,0,0,0,0,5eb7747ecbde451de49ea2bb0b40c31b43aa1915d4f074ed405d0301b7d991a6
10519,57,7679861644,7667032782,12367159,50,352188,109415,50,1721026901,310487,79720901,159293789,410378385,354409170,131189281,475447630,110252538,193981732,3027067827,13362450,5,2,4,0,1,3763,1020,53,0,0,0,0,4,61070744,2054753308,10793669,1,132910988,972314519,2568781,1116041415,1412388872,91991218,128214442,43993466,203888885,4541091,33173766,278030799,248038844,0,0,0,0,5eb7747ecbde451de49ea2bb0b40c31b43aa1915d4f074ed405d0301b7d991a6
10519,58,7679863035,7667036303,12364929,50,351678,110026,49,1721256131,244841,79767044,158865568,410832398,353743935,131818799,475622514,110341921,193968793,3027104888,13353750,5,2,4,0,1,3763,1020,53,0,0,0,0,4,61111207,2054780679,10774238,1,132857586,972324209,2579512,1108509467,1410902358,92151272,131774943,45726263,203944788,4476968,33182196,250185340,256159834,0,0,0,0,5eb7747ecbde451de49ea2bb0b40c31b43aa1915d4f074ed405d0301b7d991a6
10519,59,7679862195,7667041183,12359998,60,351088,109795,71,1721120715,306435,79733403,158433236,411231687,354259462,131334337,475473466,110315758,193974523,3027050257,13382780,5,2,4,0,1,3763,1020,53,0,0,0,0,4,61058535,2054722707,10826930,1,132915988,972327550,2555850,1106066923,1413699094,93555442,131263975,45949144,203890846,4535660,33177567,276266833,254152508,0,0,0,0,5eb7747ecbde451de49ea2bb0b40c31b43aa1915d4f074ed405d0301b7d991a6
10519,60,7679863344,7667099775,12302286,40,351048,110155,40,1720843963,273354,79727142,159333862,410385686,353778105,131775468,475629554,109914209,193971662,3027161743,13297065,5,2,4,0,1,3763,1020,53,0,0,0,0,4,61118217,2054814972,10737205,1,132853445,972346771,2559860,1108834367,1413445324,89386249,131579308,48742195,203927288,4493978,33183987,251709563,268580282,0,0,0,0,5eb7747ecbde451de49ea2bb0b40c31b43aa1915d4f074ed405d0301b7d991a6
10519,61,7679861704,7667020742,12376909,50,354838,109105,60,1721411292,314326,79735484,160329709,409347543,354155348,131431931,475473444,110602334,193983184,3027190424,13244723,5,2,4,0,1,3763,1020,53,0,0,0,0,4,61067365,2054850464,10702984,1,132915819,972339960,2541739,1106416445,1412361679,89591217,135504686,46751158,203890686,4534200,33178777,254698227,266293821,0,0,0,0,5eb7747ecbde451de49ea2bb0b40c31b43aa1915d4f074ed405d0301b7d991a6
10519,62,7679863584,7667025242,12375219,70,353128,109665,260,1721377500,263484,79735772,158251997,411467401,354488783,131068163,475614511,110463296,193977984,3027216266,13222101,5,2,4,0,1,3763,1020,53,0,0,0,0,4,61122408,2054863085,10671591,1,132855576,972353181,2550510,1108209301,1412202706,93289549,134755694,44256331,203938298,4492898,33177457,242376426,262402975,0,0,0,0,5eb7747ecbde451de49ea2bb0b40c31b43aa1915d4f074ed405d0301b7d991a6
10519,63,7679862026,7667099746,12298916,40,354028,109245,51,1721355168,275916,79763504,160458315,409213167,353981708,131601441,475487183,110554724,193981133,3027127880,13295657,5,2,4,0,1,3763,1020,53,0,0,0,0,4,61066665,2054804160,10734827,1,132914468,972323720,2560830,1085101753,1411544592,89119642,149661946,46537930,203896576,4538881,33175466,273660236,305318417,0,0,0,0,5eb7747ecbde451de49ea2bb0b40c31b43aa1915d4f074ed405d0301b7d991a6
10519,64,7679865965,7667064234,12336688,50,353908,111036,49,1724037625,361488,79696793,160587484,409099710,352417338,133142979,475665843,113050679,193999783,3027202734,13239374,5,2,4,0,1,3763,1020,53,0,0,0,0,4,61145518,2054826002,10719095,1,132854265,972376732,2520279,1115226119,1411794378,89271636,129469082,46949331,203935988,4492808,33185847,253491004,290780964,0,0,0,0,5eb7747ecbde451de49ea2bb0b40c31b43aa1915d4f074ed405d0301b7d991a6
10519,65,7679866465,7667038953,12365549,150,352508,109245,60,1723799963,380703,79672719,161270029,408406744,352849233,132750546,475452935,113002007,193997054,3027249037,13181330,5,2,4,0,1,3763,1020,53,0,0,0,0,4,61080315,2054960519,10594009,1,132916739,972288518,2587321,1116377992,1410469646,93264731,129292278,44338989,203896396,4538640,33168807,254237862,269100196,0,0,0,0,5eb7747ecbde451de49ea2bb0b40c31b43aa1915d4f074ed405d0301b7d991a6
10519,66,7679868626,7667041773,12362089,40,352748,111925,51,1724163250,381641,79675550,161069540,408635935,352654159,132899307,475642443,113188545,193993964,3027332681,13114567,5,2,4,0,1,3763,1020,53,0,0,0,0,4,61137878,2054967749,10582038,1,132856086,972364932,2532529,1097155855,1409998893,85576005,148815796,43377907,203948109,4480017,33182017,214453597,254822448,0,0,0,0,5eb7747ecbde451de49ea2bb0b40c31b43aa1915d4f074ed405d0301b7d991a6
10519,67,7679866726,7667071475,12333947,70,351648,109526,60,1724283284,350796,79707173,162771165,406888948,352385426,133224664,475464874,113476370,194005174,3027166643,13232563,5,2,4,0,1,3763,1020,53,0,0,0,0,4,61085325,2054805641,10724626,1,132919849,972361002,2507937,890530743,1413684239,85670351,284984035,44847972,203896376,4531420,33185237,239205739,343617797,0,0,0,0,5eb7747ecbde451de49ea2bb0b40c31b43aa1915d4f074ed405d0301b7d991a6
10519,68,7679870376,7667034353,12367939,40,355198,112695,151,1723685987,383410,79660110,161692408,408022008,352582404,132979271,475649123,112698333,194002964,3027365804,13073964,5,2,4,0,1,3763,1020,53,0,0,0,0,4,61145268,2054980841,10557656,1,132857696,972384963,2516308,1124466079,1411636966,89965843,127054081,45452239,203928948,4498938,33179967,227828970,234994934,0,0,0,0,5eb7747ecbde451de49ea2bb0b40c31b43aa1915d4f074ed405d0301b7d991a6
10519,69,7679866475,7667034553,12369089,60,353078,109645,50,1724072206,356288,79695283,161053639,408625673,352687193,132910658,475463082,113267391,194018064,3027251328,13147889,5,2,4,0,1,3763,1020,53,0,0,0,0,4,61094465,2054915538,10619440,1,132923599,972335790,2528449,1123658412,1410583168,95755344,122390106,41749838,203896796,4532230,33177517,243553368,235849859,0,0,0,0,5eb7747ecbde451de49ea2bb0b40c31b43aa1915d4f074ed405d0301b7d991a6
10519,70,7679868686,7667033783,12369949,40,354138,110725,51,1724840375,351998,79722245,160545132,409174663,352764725,132781341,475640124,113841937,194003154,3027311350,13122057,5,2,4,0,1,3763,1020,53,0,0,0,0,4,61149049,2054945798,10590788,1,132854105,972365552,2531269,1124161740,1411137888,90376074,128881350,48318259,203941188,4488598,33186027,233494280,230471503,0,0,0,0,5eb7747ecbde451de49ea2bb0b40c31b43aa1915d4f074ed405d0301b7d991a6
10519,71,7679866425,7667039243,12364089,40,353458,109555,40,1724751400,386679,79680732,161617638,408046674,352744886,132858125,475467742,113936226,194008845,3027235315,13175450,5,2,4,0,1,3763,1020,53,0,0,0,0,4,61090626,2054959268,10581838,1,132918219,972276047,2593612,1127776754,1412636915,90770870,124462697,49811752,203896686,4531920,33185847,238725922,229183375,0,0,0,0,5eb7747ecbde451de49ea2bb0b40c31b43aa1915d4f074ed405d0301b7d991a6
10519,72,7679865406,7667035283,12364569,50,354768,110696,40,1721447815,373500,79676240,158785296,410914350,353986987,131582718,475621894,110484238,194020024,3027175384,13262544,5,2,4,0,1,3763,1020,53,0,0,0,0,4,61169389,2054832023,10705674,1,132850635,972343361,2556870,1111916720,1408681687,89412513,135544914,44244844,203931158,4491908,33184747,295529077,254651698,0,0,0,0,5eb7747ecbde451de49ea2bb0b40c31b43aa1915d4f074ed405d0301b7d991a6
10519,73,7679862535,7667065075,12333397,150,354658,109205,50,1721339477,383559,79674992,159721851,409957552,353473534,132129828,475435680,110543091,194007565,3027057596,13364410,5,2,4,0,1,3763,1020,53,0,0,0,0,4,61085256,2054743767,10810580,1,132922309,972313829,2553830,1113168223,1410871310,92773826,128640573,41428105,203898046,4541571,33172726,269075230,261679810,0,0,0,0,5eb7747ecbde451de49ea2bb0b40c31b43aa1915d4f074ed405d0301b7d991a6
10519,74,7679864485,7667035063,12364779,40,354968,109495,140,1721697598,336050,79716652,159253638,410451499,353686151,131876353,475612242,110750131,193996783,3027233156,13217932,5,2,4,0,1,3763,1020,53,0,0,0,0,4,61142808,2054853914,10698643,1,132853975,972379242,2519289,1115265845,1412815018,87631181,132686859,46615078,203954729,4465197,33189537,247242489,250308830,0,0,0,0,5eb7747ecbde451de49ea2bb0b40c31b43aa1915d4f074ed405d0301b7d991a6
10519,75,7679863745,7667034713,12363649,40,355618,109665,60,1721893748,370610,79706912,160097430,409561874,353903533,131699996,475460183,111080580,194008154,3027096079,13303797,5,2,4,0,1,3763,1020,53,0,0,0,0,4,61094546,2054771349,10763248,1,132913608,972324730,2540549,1197774555,1415206761,83523087,50346419,45798246,203898236,4532430,33173717,268393152,250067768,0,0,0,0,5eb7747ecbde451de49ea2bb0b40c31b43aa1915d4f074ed405d0301b7d991a6
10519,76,7679865806,7667064715,12335467,170,354958,110445,51,1721529811,404482,79622787,159184104,410544654,353755775,131819021,475607321,110568294,194012055,3027140150,13296226,5,2,4,0,1,3763,1020,53,0,0,0,0,4,61160280,2054775698,10759227,1,132851775,972364452,2536999,1117183789,1409636024,92781108,123582085,47122204,203928767,4498249,33176466,260359161,256657612,0,0,0,0,5eb7747ecbde451de49ea2bb0b40c31b43aa1915d4f074ed405d0301b7d991a6
10519,77,7679862905,7667029313,12370259,40,354018,109235,40,1721940799,377821,79666612,159830975,409859877,353713767,131896122,475440255,111143630,194003906,3027146339,13278677,5,2,4,0,1,3763,1020,53,0,0,0,0,4,61091927,2054842181,10705756,1,132911979,972304158,2572921,1108524840,1414608812,90880668,129938493,46619962,203898716,4529320,33180377,243074526,249974523,0,0,0,0,5eb7747ecbde451de49ea2bb0b40c31b43aa1915d4f074ed405d0301b7d991a6
10519,78,7679865185,7667036073,12363619,310,356448,108675,60,1721814113,391432,79655668,158661138,411053119,353650370,131921676,475593621,110869127,194003724,3027066347,13386931,5,2,4,0,1,3763,1020,53,0,0,0,0,4,61149538,2054722706,10828121,1,132854186,972343641,2558810,1108853589,1410819855,94379996,127463025,44937971,203938808,4483258,33183277,252372573,269976991,0,0,0,0,5eb7747ecbde451de49ea2bb0b40c31b43aa1915d4f074ed405d0301b7d991a6
10519,79,7679863825,7667022503,12375869,70,355798,109536,49,1721507457,357859,79703203,159549752,410119870,353642971,131964751,475461761,110688129,194012726,3027200564,13224522,5,2,4,0,1,3763,1020,53,0,0,0,0,4,61095337,2054853883,10693444,1,132917389,972346681,2531078,1115930356,1413443929,93047727,115655923,49932857,203898196,4530260,33180837,254411329,286968918,0,0,0,0,5eb7747ecbde451de49ea2bb0b40c31b43aa1915d4f074ed405d0301b7d991a6
10519,80,7679864476,7667038853,12361379,140,353258,110766,80,1723937070,378900,79653882,161046606,408652186,352671842,132892985,475648923,112973175,194023156,3027262677,13189462,5,2,4,0,1,3763,1020,53,0,0,0,0,4,61163020,2054862144,10685614,1,132860136,972400533,2503848,1110742533,1412376560,94934794,129471038,43702826,203952469,4471797,33186047,317194240,281967181,0,0,0,0,5eb7747ecbde451de49ea2bb0b40c31b43aa1915d4f074ed405d0301b7d991a6
10519,81,7679862085,7667027133,12370479,50,354998,109345,80,1723975805,400582,79634228,161522904,408160660,353183509,132413119,475445954,113204508,193995574,3027339880,13092446,5,2,4,0,1,3763,1020,53,0,0,0,0,4,61083465,2054992510,10556277,1,132912109,972347370,2536169,1116464896,1412392413,95625265,124542771,41973083,203891586,4536190,33187317,313146361,244506899,0,0,0,0,5eb7747ecbde451de49ea2bb0b40c31b43aa1915d4f074ed405d0301b7d991a6
10519,82,7679864805,7667032803,12366819,160,353918,111065,40,1723491449,354939,79678564,161214624,408508489,352891299,132658127,475636352,112530025,194021556,3027302620,13147438,5,2,4,0,1,3763,1020,53,0,0,0,0,4,61163070,2054894536,10651511,1,132858486,972408084,2495927,1117376672,1408862552,96484786,127768861,45237807,203956159,4468707,33182577,300327527,248340467,0,0,0,0,5eb7747ecbde451de49ea2bb0b40c31b43aa1915d4f074ed405d0301b7d991a6
10519,83,7679863015,7667023653,12375649,40,356278,107335,60,1723774043,376331,79666020,162325924,407360609,353297245,132309047,475451173,112976234,194011084,3027361881,13044455,5,2,4,0,1,3763,1020,53,0,0,0,0,4,61089905,2054997580,10537607,1,132921179,972364301,2506848,1125017676,1413248060,89443219,126643847,46029614,203893156,4534360,33181807,309202296,244205327,0,0,0,0,5eb7747ecbde451de49ea2bb0b40c31b43aa1915d4f074ed405d0301b7d991a6
10519,84,7679864146,7667038703,12361389,40,354438,109536,40,1723840866,363909,79661872,161342351,408386636,352751053,132802872,475652203,112858659,193992844,3027309100,13145028,5,2,4,0,1,3763,1020,53,0,0,0,0,4,61130918,2054900596,10649781,1,132861926,972408504,2495247,1112620535,1412407669,88187738,135435923,47879145,203940358,4483238,33184717,285427560,237367867,0,0,0,0,5eb7747ecbde451de49ea2bb0b40c31b43aa1915d4f074ed405d0301b7d991a6
10519,85,7679862325,7667062724,12335108,40,355738,108665,50,1724245096,352750,79679651,162122242,407563662,353212530,132381778,475454584,113467029,193994505,3027279867,13153010,5,2,4,0,1,3763,1020,53,0,0,0,0,4,61078656,2054908936,10646102,1,132915849,972370931,2506908,1124514637,1408746758,91728899,126065850,46075681,203891716,4535690,33180057,315727287,246823165,0,0,0,0,5eb7747ecbde451de49ea2bb0b40c31b43aa1915d4f074ed405d0301b7d991a6
10519,86,7679864365,7667029323,12369069,40,356358,109535,40,1723492107,356098,79678854,160411313,409309751,352879360,132680627,475636672,112521640,194014966,3027403225,13042543,5,2,4,0,1,3763,1020,53,0,0,0,0,4,61153670,2054992251,10553136,1,132861296,972410974,2489407,1127702152,1409300429,87626436,126373454,45651628,203952079,4484607,33179757,290646284,240241241,0,0,0,0,5eb7747ecbde451de49ea2bb0b40c31b43aa1915d4f074ed405d0301b7d991a6
10519,87,7679863135,7667065615,12336537,50,351588,109296,49,1723965233,324799,79716163,162736585,406944548,352734005,132873374,475460774,113164615,194002754,3027257197,13164350,5,2,4,0,1,3763,1020,53,0,0,0,0,4,61082985,2054876185,10672813,1,132919769,972381012,2491537,1117711064,1409019211,90085034,130282035,46705091,203893066,4534500,33187217,297954368,244376360,0,0,0,0,5eb7747ecbde451de49ea2bb0b40c31b43aa1915d4f074ed405d0301b7d991a6
10519,88,7679864115,7667035173,12363309,50,355348,110186,49,1721938180,322959,79685541,159116040,410604286,353725465,131843062,475628102,110994094,194004776,3027217295,13242552,5,2,4,0,1,3763,1020,53,0,0,0,0,4,61147760,2054834502,10718764,1,132857016,972382793,2523788,1089984968,1408907475,92653885,145855217,44343332,203939918,4489488,33179187,306467034,277106152,0,0,0,0,5eb7747ecbde451de49ea2bb0b40c31b43aa1915d4f074ed405d0301b7d991a6
10519,89,7679861535,7667038263,12359229,40,356038,107916,49,1721858375,366009,79665761,160026086,409670649,353920844,131677073,475433402,111083689,193995434,3027204486,13235412,5,2,4,0,1,3763,1020,53,0,0,0,0,4,61082516,2054868565,10689263,1,132912918,972335921,2546149,1099814302,1409522085,88617246,144682928,45115669,203899386,4530340,33178907,294757561,274271621,0,0,0,0,5eb7747ecbde451de49ea2bb0b40c31b43aa1915d4f074ed405d0301b7d991a6
10519,90,7679864675,7667076695,12324497,40,353128,110266,49,1722282886,296705,79713074,159298478,410430687,353721895,131837774,475621571,111344250,194014287,3027194203,13243743,5,2,4,0,1,3763,1020,53,0,0,0,0,4,61152531,2054820041,10717934,1,132861756,972374162,2525809,1089535763,1411722868,94897795,141559113,46325782,203954719,4474117,33172606,310063481,266491314,0,0,0,0,5eb7747ecbde451de49ea2bb0b40c31b43aa1915d4f074ed405d0301b7d991a6
10519,91,7679862275,7667035802,12363519,40,353998,108865,51,1722104556,358080,79682272,159073866,410617617,353922385,131682144,475444314,111311810,193986344,3027118769,13300507,5,2,4,0,1,3763,1020,53,0,0,0,0,4,61064285,2054825251,10721066,1,132922059,972293518,2579441,1097813668,1414696590,93655544,136867709,44961532,203898466,4530250,33182167,284581994,254698966,0,0,0,0,5eb7747ecbde451de49ea2bb0b40c31b43aa1915d4f074ed405d0301b7d991a6
10519,92,7679864844,7667034272,12364209,50,355978,110295,40,1722148539,382281,79635768,159622537,410118652,353803786,131754678,475620632,111194285,193983754,3027205824,13237624,5,2,4,0,1,3763,1020,53,0,0,0,0,4,61124378,2054825352,10715505,1,132859376,972380472,2522119,1107133472,1410688001,90128812,139971469,47365920,203935108,4493088,33178837,267599631,250615496,0,0,0,0,5eb7747ecbde451de49ea2bb0b40c31b43aa1915d4f074ed405d0301b7d991a6
10519,93,7679862155,7667033843,12363599,60,355708,108885,60,1721665097,344937,79693572,159142614,410548950,353542147,132050893,475449132,110874951,194010076,3027098627,13320318,5,2,4,0,1,3763,1020,53,0,0,0,0,4,61092257,2054800919,10740657,1,132917819,972297708,2579661,1107018943,1411803602,93419022,131918126,44515576,203897486,4530350,33181487,272079167,258557014,0,0,0,0,5eb7747ecbde451de49ea2bb0b40c31b43aa1915d4f074ed405d0301b7d991a6
10519,94,7679864055,7667034112,12366309,130,353528,109916,60,1721542300,373410,79653302,158528179,411219108,352958005,132613013,475598339,110577132,194016666,3027159501,13269055,5,2,4,0,1,3763,1020,53,0,0,0,0,4,61157500,2054791669,10733776,1,132859166,972367832,2535279,1097343880,1411103533,90829850,141246870,45684004,203953269,4475427,33178157,275159002,280616876,0,0,0,0,5eb7747ecbde451de49ea2bb0b40c31b43aa1915d4f074ed405d0301b7d991a6
10519,95,7679862104,7667030842,12367619,50,354648,108896,49,1722348501,345889,79702812,160330911,409358303,353765916,131834533,475454942,111542863,194002706,3027198893,13228123,5,2,4,0,1,3763,1020,53,0,0,0,0,4,61083977,2054839212,10711525,1,132918729,972359681,2516598,1081423912,1412562926,91692925,149891662,47162920,203899276,4530690,33181497,286285441,296946841,0,0,0,0,5eb7747ecbde451de49ea2bb0b40c31b43aa1915d4f074ed405d0301b7d991a6
10519,96,7679864636,7667034103,12370319,50,349508,110596,60,1724154892,330279,79713030,161304463,408403795,352905562,132644072,475656355,113182333,193982013,3027333213,13113135,5,2,4,0,1,3763,1020,53,0,0,0,0,4,61131408,2054866316,10677831,1,132850605,972466897,2435304,1117280063,1415255225,92750393,123112124,46012053,203930498,4498098,33182227,236550990,271969728,0,0,0,0,5eb7747ecbde451de49ea2bb0b40c31b43aa1915d4f074ed405d0301b7d991a6
10519,97,7679862965,7667062095,12336907,40,354298,109575,50,1723328039,349219,79694731,161846070,407826962,352874762,132714237,475450403,112559494,193991415,3027289918,13139308,5,2,4,0,1,3763,1020,53,0,0,0,0,4,61080726,2054924507,10624430,1,132910689,972365411,2514878,1118239044,1411628352,87283413,130859095,46909362,203895936,4540761,33171546,258570998,245069699,0,0,0,0,5eb7747ecbde451de49ea2bb0b40c31b43aa1915d4f074ed405d0301b7d991a6
10519,98,7679864975,7667060904,12341878,40,352248,109845,60,1723673137,352539,79715053,160518801,409193925,352984196,132571971,475619410,112702302,193978663,3027256877,13198902,5,2,4,0,1,3763,1020,53,0,0,0,0,4,61124378,2054903266,10652422,1,132854285,972353611,2546480,1113096443,1409985098,95550582,126483557,43926796,203951289,4481667,33177907,233339891,241715585,0,0,0,0,5eb7747ecbde451de49ea2bb0b40c31b43aa1915d4f074ed405d0301b7d991a6
10519,99,7679864265,7667038513,12363829,50,351428,110405,40,1723978832,349256,79720185,161453170,408222623,352975627,132617412,475463873,113168195,193961323,3027252686,13159300,5,2,4,0,1,3763,1020,53,0,0,0,0,4,61046634,2054889635,10650582,1,132914689,972363051,2508718,1112764383,1415926166,91713753,128625456,43482141,203895766,4539710,33181607,234494471,233619037,0,0,0,0,5eb7747ecbde451de49ea2bb0b40c31b43aa1915d4f074ed405d0301b7d991a6
10519,100,7679864575,7667037513,12361889,50,356328,108735,60,1723530878,346878,79687960,160755666,408978774,352954563,132601642,475641591,112547605,193988555,3027236094,13198783,5,2,4,0,1,3763,1020,53,0,0,0,0,4,61136999,2054872333,10660743,1,132851556,972363761,2538040,1112491650,1406239730,94031953,129125523,45157243,203927527,4497879,33184717,218771488,243895856,0,0,0,0,5eb7747ecbde451de49ea2bb0b40c31b43aa1915d4f074ed405d0301b7d991a6
10519,101,7679862955,7667037103,12366079,50,350298,109375,50,1723850106,356279,79724124,162081299,407601133,353102545,132487194,475468376,113017385,193997164,3027321741,13079755,5,2,4,0,1,3763,1020,53,0,0,0,0,4,61078925,2054957490,10574917,1,132918239,972364251,2504838,1122929363,1411547373,95494714,118191351,44505605,203895136,4537210,33177417,243920566,242762738,0,0,0,0,5eb7747ecbde451de49ea2bb0b40c31b43aa1915d4f074ed405d0301b7d991a6
10519,102,7679865355,7667037253,12363199,50,355538,109255,60,1724071665,383657,79697714,161643199,408086698,352893381,132662137,475612170,113077539,193982495,3027242366,13209961,5,2,4,0,1,3763,1020,53,0,0,0,0,4,61133019,2054875114,10672592,1,132849476,972367252,2537369,1117981895,1412267675,93720049,124137329,43186185,203935548,4491038,33189847,210466306,249807136,0,0,0,0,5eb7747ecbde451de49ea2bb0b40c31b43aa1915d4f074ed405d0301b7d991a6
10519,103,7679863616,7667036893,12364679,50,352178,109465,351,1724470196,353168,79709693,162095142,407587481,352884044,132713678,475459300,113657081,194005216,3027234006,13167120,5,2,4,0,1,3763,1020,53,0,0,0,0,4,61087037,2054923747,10606810,1,132918179,972310259,2560310,1114315804,1406595005,89374241,132257767,46172802,203895746,4542291,33174096,235607628,251349080,0,0,0,0,5eb7747ecbde451de49ea2bb0b40c31b43aa1915d4f074ed405d0301b7d991a6
10519,104,7679863535,7667026753,12371729,40,355588,109376,49,1721968540,316325,79726182,159892581,409808443,353779278,131787382,475603691,111031914,194010224,3027139781,13301977,5,2,4,0,1,3763,1020,53,0,0,0,0,4,61159109,2054774479,10769908,1,132851115,972365302,2532069,1086276655,1409414136,93222316,148260415,43262572,203928088,4494818,33187917,250133971,276116297,0,0,0,0,5eb7747ecbde451de49ea2bb0b40c31b43aa1915d4f074ed405d0301b7d991a6
10519,105,7679861195,7667027642,12370499,470,353618,108915,51,1722002122,341248,79722474,159018275,410654076,353890014,131699395,475439254,111221245,194012644,3027108260,13318047,5,2,4,0,1,3763,1020,53,0,0,0,0,4,61087975,2054807842,10743856,1,132924669,972300418,2574191,1088770192,1411227109,98143530,143199012,43833773,203896906,4544971,33169706,251861479,273094453,0,0,0,0,5eb7747ecbde451de49ea2bb0b40c31b43aa1915d4f074ed405d0301b7d991a6
10519,106,7679862664,7667061953,12335468,60,355858,109265,60,1721144148,300995,79737203,160001936,409711482,353798286,131763219,475603970,110202415,193993924,3027186973,13266785,5,2,4,0,1,3763,1020,53,0,0,0,0,4,61140949,2054823421,10732246,1,132852975,972363552,2534539,1097979859,1412580631,89208676,143074276,47356826,203951989,4469457,33180927,240223180,271120841,0,0,0,0,5eb7747ecbde451de49ea2bb0b40c31b43aa1915d4f074ed405d0301b7d991a6
10519,107,7679861795,7667032233,12366989,60,353398,109066,49,1722084937,341240,79735144,159497440,410167532,353969038,131620921,475453035,111280645,194010514,3027189154,13225293,5,2,4,0,1,3763,1020,53,0,0,0,0,4,61081255,2054892926,10651292,1,132929259,972296228,2574001,1101790713,1413821789,94351387,133853995,44814283,203896436,4544611,33168766,226507088,251734532,0,0,0,0,5eb7747ecbde451de49ea2bb0b40c31b43aa1915d4f074ed405d0301b7d991a6
10519,108,7679862946,7667029103,12368409,40,356238,109105,51,1721658983,335818,79688792,158467167,411264571,353559174,131996852,475612630,110707188,194002884,3027147570,13298058,5,2,4,0,1,3763,1020,53,0,0,0,0,4,61153469,2054794059,10747608,1,132849415,972353511,2550450,1109392710,1413033054,91264254,131283961,47195221,203926198,4505088,33170576,223698945,259364919,0,0,0,0,5eb7747ecbde451de49ea2bb0b40c31b43aa1915d4f074ed405d0301b7d991a6
10519,109,7679861784,7667028492,12369029,50,355288,108876,49,1722213634,357677,79696943,160435355,409245437,353974038,131617570,475448426,111426444,194006655,3027054825,13377792,5,2,4,0,1,3763,1020,53,0,0,0,0,4,61084656,2054766058,10787680,1,132921999,972288767,2590112,1106102468,1413119344,88579736,138368216,47770105,203896466,4537471,33170566,220925558,261889637,0,0,0,0,5eb7747ecbde451de49ea2bb0b40c31b43aa1915d4f074ed405d0301b7d991a6
10519,110,7679863286,7667065255,12332157,880,355268,109566,160,1721891194,344987,79704613,158317618,411404789,353774355,131785851,475590720,110950861,194004146,3027171141,13280286,5,2,4,0,1,3763,1020,53,0,0,0,0,4,61152551,2054831791,10717845,1,132851595,972339350,2562441,1097863885,1410026263,93970941,136717157,46521782,203937138,4488828,33182957,208644359,276214628,0,0,0,0,5eb7747ecbde451de49ea2bb0b40c31b43aa1915d4f074ed405d0301b7d991a6
10519,111,7679861515,7667026312,12371109,40,354998,109016,40,1722118768,346237,79734035,160114091,409559951,354221710,131371658,475452685,111306409,194029244,3027053697,13367241,5,2,4,0,1,3763,1020,53,0,0,0,0,4,61106356,2054745638,10797780,1,132922888,972308059,2569461,1073920065,1411903723,90542490,157369490,46595873,203896026,4537020,33178117,224800009,307352876,0,0,0,0,5eb7747ecbde451de49ea2bb0b40c31b43aa1915d4f074ed405d0301b7d991a6
10519,112,7679863955,7667032833,12365259,40,356308,109466,49,1723726151,344395,79702694,162107049,407614386,352621901,132921705,475648845,112748772,194002235,3027355872,13102136,5,2,4,0,1,3763,1020,53,0,0,0,0,4,61149519,2054952809,10598898,1,132852716,972403063,2503238,1107683829,1414068123,90476915,133752136,46024392,203937528,4488098,33192267,170311652,292792778,0,0,0,0,5eb7747ecbde451de49ea2bb0b40c31b43aa1915d4f074ed405d0301b7d991a6
10519,113,7679862566,7667011152,12386670,40,354998,109635,71,1723766829,348126,79701724,161596357,408075555,352745857,132834501,475453903,112995949,194002134,3027382893,13049735,5,2,4,0,1,3763,1020,53,0,0,0,0,4,61081556,2055027841,10523907,1,132920578,972355052,2525828,1104308185,1412263362,94108251,135566134,45583912,203894316,4539251,33177396,264892799,256216784,0,0,0,0,5eb7747ecbde451de49ea2bb0b40c31b43aa1915d4f074ed405d0301b7d991a6
10519,114,7679863806,7667030983,12368109,40,355088,109535,51,1723373281,322826,79715805,161427356,408308770,352447217,133097678,475628853,112406766,194005676,3027318961,13115646,5,2,4,0,1,3763,1020,53,0,0,0,0,4,61147220,2054933328,10602618,1,132858456,972385633,2513028,1125046666,1409014391,92276533,126651508,46124518,203950118,4476228,33181307,243685944,272019958,0,0,0,0,5eb7747ecbde451de49ea2bb0b40c31b43aa1915d4f074ed405d0301b7d991a6
10519,115,7679862944,7667025382,12374969,160,352788,109605,40,1724028126,345238,79706804,160804754,408877388,352778636,132814004,475468273,113221537,194005624,3027221384,13188012,5,2,4,0,1,3763,1020,53,0,0,0,0,4,61083505,2054900805,10632402,1,132922119,972320579,2555610,1112231192,1410491258,90182264,134308041,46631711,203895266,4536440,33177717,268010340,271363584,0,0,0,0,5eb7747ecbde451de49ea2bb0b40c31b43aa1915d4f074ed405d0301b7d991a6
10519,116,7679863544,7667025682,12371969,40,356608,109196,49,1723941099,346367,79684883,161270040,408465238,352318582,133234851,475647894,112954435,194002365,3027310068,13137490,5,2,4,0,1,3763,1020,53,0,0,0,0,4,61144879,2054912025,10628622,1,132857486,972398043,2508868,1109026028,1408315964,95214924,129716204,47018263,203935728,4495658,33182777,229046745,268355056,0,0,0,0,5eb7747ecbde451de49ea2bb0b40c31b43aa1915d4f074ed405d0301b7d991a6
10519,117,7679862315,7667016881,12381060,40,355018,109276,40,1724062877,319367,79743285,162098930,407580862,352572706,133008482,475469536,113255497,194008134,3027360982,13054155,5,2,4,0,1,3763,1020,53,0,0,0,0,4,61082635,2054923127,10618331,1,132925499,972437855,2435824,1134212265,1411771072,93911736,107551156,46269651,203894196,4543551,33168046,272208180,262673039,0,0,0,0,5eb7747ecbde451de49ea2bb0b40c31b43aa1915d4f074ed405d0301b7d991a6
10519,118,7679865335,7667030832,12368349,50,355388,110665,51,1724361290,340518,79688082,160535042,409201135,352315213,133242512,475618303,113403695,194007465,3027274439,13170409,5,2,4,0,1,3763,1020,53,0,0,0,0,4,61148219,2054881946,10662761,1,132859246,972392493,2507648,1107714676,1410123596,92062795,135296446,45250722,203942128,4484458,33191877,245093643,272279544,0,0,0,0,5eb7747ecbde451de49ea2bb0b40c31b43aa1915d4f074ed405d0301b7d991a6
10519,119,7679863044,7667060273,12337478,40,355408,109765,80,1723442213,336396,79711184,162158542,407527480,352600059,132989440,475479054,112627737,194009324,3027267328,13149359,5,2,4,0,1,3763,1020,53,0,0,0,0,4,61087876,2054920877,10617870,1,132921448,972346451,2531489,1113580355,1409479638,91424867,132346769,48543863,203894286,4535010,33181137,263823724,263795199,0,0,0,0,5eb7747ecbde451de49ea2bb0b40c31b43aa1915d4f074ed405d0301b7d991a6
10519,120,7679863326,7667018132,12379270,80,356608,109185,51,1721951792,315877,79701734,158949971,410774465,353248747,132317639,475618271,111008726,194019336,3027107177,13332769,5,2,4,0,1,3763,1020,53,0,0,0,0,4,61163080,2054725005,10809060,1,132856256,972382172,2523709,1087089569,1406120137,94178794,150421919,47370553,203929977,4500089,33175397,258293453,295222337,0,0,0,0,5eb7747ecbde451de49ea2bb0b40c31b43aa1915d4f074ed405d0301b7d991a6
10519,121,7679861404,7667015201,12382280,60,354698,109016,149,1721431071,345408,79702253,159160723,410521090,353234410,132355839,475432284,110657365,194006464,3027256478,13171539,5,2,4,0,1,3763,1020,53,0,0,0,0,4,61089075,2054897927,10650091,1,132917389,972358551,2521448,1080683901,1412563061,91930390,150314004,44161347,203892976,4538110,33175227,274825157,296448499,0,0,0,0,5eb7747ecbde451de49ea2bb0b40c31b43aa1915d4f074ed405d0301b7d991a6
10519,122,7679862615,7667019021,12379460,40,354558,109476,60,1721212641,294504,79741366,159305690,410416267,353546795,132006560,475612931,110265998,193993494,3027294488,13166220,5,2,4,0,1,3763,1020,53,0,0,0,0,4,61133678,2054894665,10663902,1,132859816,972399823,2502318,1076414134,1412424845,97897315,148843200,45842013,203950829,4470827,33180877,260852357,307364150,0,0,0,0,5eb7747ecbde451de49ea2bb0b40c31b43aa1915d4f074ed405d0301b7d991a6
10519,123,7679862106,7667051044,12347338,40,353698,109946,40,1721971542,347128,79714494,160557214,409126071,353558354,132032873,475452305,111168603,193995714,3027146329,13279168,5,2,4,0,1,3763,1020,53,0,0,0,0,4,61073255,2054779258,10771080,1,132922459,972367071,2508088,1076318223,1413266184,91715110,153086258,48447914,203893046,4536640,33176667,251433689,298438925,0,0,0,0,5eb7747ecbde451de49ea2bb0b40c31b43aa1915d4f074ed405d0301b7d991a6
10519,124,7679863264,7667051233,12347558,60,354588,109765,60,1721891055,334308,79691852,159737421,410006197,352815286,132730738,475621741,110930534,193997284,3027185954,13266734,5,2,4,0,1,3763,1020,53,0,0,0,0,4,61140238,2054783120,10767467,1,132857046,972402834,2499267,1082669132,1410866667,93931139,150212230,46144668,203927557,4493629,33184467,252139937,306659530,0,0,0,0,5eb7747ecbde451de49ea2bb0b40c31b43aa1915d4f074ed405d0301b7d991a6
10519,125,7679861424,7667018441,12379780,50,354018,109086,49,1722079026,347747,79709604,159918719,409772444,353582549,132003780,475451522,111277980,194005504,3027212535,13216252,5,2,4,0,1,3763,1020,53,0,0,0,0,4,61086065,2054876555,10674553,1,132919439,972335980,2541699,1082006933,1411101814,96173704,147319469,46698291,203892586,4530970,33181047,222356752,301709232,0,0,0,0,5eb7747ecbde451de49ea2bb0b40c31b43aa1915d4f074ed405d0301b7d991a6
10519,126,7679863246,7667012542,12385060,40,356268,109276,60,1722051444,331049,79701761,159791824,409945484,353021519,132528287,475603670,111111341,194002024,3027139462,13296176,5,2,4,0,1,3763,1020,53,0,0,0,0,4,61144918,2054776340,10757917,1,132857106,972363122,2538259,1086668603,1410995926,91469262,149678681,48570521,203942288,4481918,33184387,234569124,296356810,0,0,0,0,5eb7747ecbde451de49ea2bb0b40c31b43aa1915d4f074ed405d0301b7d991a6
10519,127,7679861735,7667013191,12384260,60,355168,109005,51,1722169972,327058,79736384,159483617,410203566,353645762,131942616,475460235,111355262,194013345,3027119831,13293915,5,2,4,0,1,3763,1020,53,0,0,0,0,4,61092517,2054773840,10762796,1,132920828,972345991,2531119,1060361217,1413795157,93923199,161486156,47070660,203896136,4534850,33180087,255231802,321950778,0,0,0,0,5eb7747ecbde451de49ea2bb0b40c31b43aa1915d4f074ed405d0301b7d991a6
10520,0,8827446238,8815752573,11237091,411,359798,96315,50,2044988241,345447,92590196,194516809,479952027,406898034,186575702,550603277,133492446,208293778,3680551305,15819132,6,3,4,0,1,4586,1252,61,0,0,0,0,5,75306118,2694213652,13358407,1,132987660,986337653,2460725,1267088271,1802232235,128939383,141020962,67761978,202318063,4554751,33157925,283721513,351245098,0,0,0,0,5eb7747ecbde451de49ea2bb0b40c31b43aa1915d4f074ed405d0301b7d991a6
10520,1,8827447148,8815772334,11217021,49,362039,95655,50,2044098195,391120,92418929,193203871,481360907,406640390,186874832,550330773,132851554,208300118,3680499542,15941490,6,3,4,0,1,4586,1252,61,0,0,0,0,5,75261915,2694195741,13442433,1,133038203,986303801,2499057,1261024711,1800044043,129163791,153155142,64039452,202370785,4492129,33171846,261374261,335768422,0,0,0,0,5eb7747ecbde451de49ea2bb0b40c31b43aa1915d4f074ed405d0301b7d991a6
10520,2,8827448768,8815766594,11225551,49,362049,94475,50,2044642670,368790,92590446,192817891,481667164,406880523,186581933,550586366,133127758,208295649,3680530143,15832043,6,3,4,0,1,4586,1252,61,0,0,0,0,5,75308869,2694183260,13380588,1,132986780,986346883,2451455,1256735882,1800486359,123911371,157795275,70102632,202314943,4558782,33169366,239944275,336532317,0,0,0,0,5eb7747ecbde451de49ea2bb0b40c31b43aa1915d4f074ed405d0301b7d991a6
10520,3,8827447298,8815746023,11245542,40,359968,95595,130,2044729889,386957,92404889,193182499,481403479,407277775,186236997,550340241,133469449,208288907,3680457040,15966561,6,3,4,0,1,4586,1252,61,0,0,0,0,5,75251814,2694181841,13452353,1,133037093,986275199,2514208,1245472811,1802720467,130116195,155329546,69635454,202371146,4491448,33171486,268033020,331596427,0,0,0,0,5eb7747ecbde451de49ea2bb0b40c31b43aa1915d4f074ed405d0301b7d991a6
10520,4,8827446218,8815765704,11223100,51,362288,95025,50,2044846922,371827,92513903,193172690,481351477,406924725,186549014,550598256,133342038,208286647,3680493781,15883267,6,3,4,0,1,4586,1252,61,0,0,0,0,5,75298327,2694148178,13431062,1,132988320,986345603,2452205,1268606882,1797042591,125265413,145948726,68084140,202311722,4563742,33165896,228303468,321737885,0,0,0,0,5eb7747ecbde451de49ea2bb0b40c31b43aa1915d4f074ed405d0301b7d991a6
10520,5,8827447578,8815850058,11138977,40,362628,95825,50,2044213343,341888,92461693,192779956,481796789,406991401,186528981,550351804,132939629,208311178,3680528824,15897589,6,3,4,0,1,4586,1252,61,0,0,0,0,5,75280836,2694206242,13420363,1,133030342,986322582,2477226,1260291514,1800742317,124675786,153574651,68768332,202356856,4511639,33164675,295770711,338805013,0,0,0,0,5eb7747ecbde451de49ea2bb0b40c31b43aa1915d4f074ed405d0301b7d991a6
10520,6,8827447978,8815762254,11228930,51,360668,96015,60,2044251902,392697,92540726,191622921,482895075,406559816,186894152,550588446,132729717,208257625,3680507254,15884575,6,3,4,0,1,4586,1252,61,0,0,0,0,5,75266615,2694209463,13385828,1,132991010,986297791,2498747,1264138288,1800138343,126778435,146888738,63560630,202311602,4561592,33179067,222474486,333399285,0,0,0,0,5eb7747ecbde451de49ea2bb0b40c31b43aa1915d4f074ed405d0301b7d991a6
10520,7,8827446118,8815751423,11236591,40,362349,95675,40,2044358749,370967,92424569,193491256,481077984,406659833,186861658,550358352,133096919,208293047,3680492603,15919890,6,3,4,0,1,4586,1252,61,0,0,0,0,5,75255524,2694200333,13430013,1,133037523,986292270,2489877,1276676554,1798359466,124035683,144349694,66111040,202345175,4526980,33171016,240605588,331822609,0,0,0,0,5eb7747ecbde451de49ea2bb0b40c31b43aa1915d4f074ed405d0301b7d991a6
10520,8,8827448558,8815762874,11228741,49,360859,95945,90,2041556078,334647,92525124,189301772,485237975,407828182,185643075,550555644,130099305,208256224,3680407238,15978992,6,3,4,0,1,4586,1252,61,0,0,0,0,5,75264964,2694091006,13497656,1,132991260,986316232,2481336,1235456008,1795122847,138876863,160472068,66744115,202318994,4550651,33170216,300183186,356834120,0,0,0,0,5eb7747ecbde451de49ea2bb0b40c31b43aa1915d4f074ed405d0301b7d991a6
10520,9,8827447608,8815761274,11227970,60,362289,95615,400,2041683692,358567,92467479,190355557,484189422,408045333,185464807,550296422,130481164,208279978,3680402227,16033505,6,3,4,0,1,4586,1252,61,0,0,0,0,5,75240465,2694114417,13517977,1,133039513,986287810,2515528,1230837688,1800487576,130688728,167778150,68422345,202363115,4501999,33163935,298105565,358990402,0,0,0,0,5eb7747ecbde451de49ea2bb0b40c31b43aa1915d4f074ed405d0301b7d991a6
10520,10,8827448828,8815761764,11229691,40,361688,95585,60,2041650758,317325,92707492,191758208,482667305,408093513,185373393,550566165,130132606,208252416,3680472451,15906797,6,3,4,0,1,4586,1252,61,0,0,0,0,5,75264036,2694137588,13443132,1,132988380,986334863,2463665,1225263357,1801480444,129601943,175323743,71997784,202319154,4553271,33156415,263038311,364204623,0,0,0,0,5eb7747ecbde451de49ea2bb0b40c31b43aa1915d4f074ed405d0301b7d991a6
10520,11,8827447198,8815853088,11137396,40,361239,95375,60,2041815056,364198,92429570,190684222,483897737,408014490,185495131,550348103,130559318,208293039,3680336234,16085277,6,3,4,0,1,4586,1252,61,0,0,0,0,5,75254786,2694058854,13576500,1,133038253,986277380,2508777,1239815544,1801717304,127741751,163454839,68277716,202363416,4509439,33163476,273928327,365493828,0,0,0,0,5eb7747ecbde451de49ea2bb0b40c31b43aa1915d4f074ed405d0301b7d991a6
10520,12,8827448878,8815756313,11235271,51,360878,96315,50,2041909441,367429,92529490,192132401,482371708,407164195,186323331,550536215,130459152,208251596,3680400735,15986382,6,3,4,0,1,4586,1252,61,0,0,0,0,5,75264716,2694095084,13491475,1,132986880,986305651,2494907,1334600978,1799861810,117422764,82926396,65551463,202319524,4556181,33171596,246113856,364759394,0,0,0,0,5eb7747ecbde451de49ea2bb0b40c31b43aa1915d4f074ed405d0301b7d991a6
10520,13,8827447018,8815760724,11230641,40,360048,95515,50,2041924777,367797,92424938,191807551,482770670,407824392,185693116,550334524,130677104,208264679,3680340002,16156020,6,3,4,0,1,4586,1252,61,0,0,0,0,5,75230556,2694075603,13611931,1,133034123,986264399,2544089,1231151421,1800276539,132369618,163682880,68059504,202363985,4505339,33159615,271014867,356296672,0,0,0,0,5eb7747ecbde451de49ea2bb0b40c31b43aa1915d4f074ed405d0301b7d991a6
10520,14,8827449288,8815758274,11232261,40,361448,97215,50,2041988226,343476,92496202,190376557,484172100,408034894,185452375,550544174,130546636,208252865,3680364855,16019033,6,3,4,0,1,4586,1252,61,0,0,0,0,5,75266905,2694070404,13511296,1,132985960,986294451,2507737,1238317527,1802712056,131796103,161763220,66340945,202318924,4546711,33183136,240886127,363731375,0,0,0,0,5eb7747ecbde451de49ea2bb0b40c31b43aa1915d4f074ed405d0301b7d991a6
10520,15,8827446698,8815762054,11229601,40,359328,95515,160,2042150407,371027,92474093,191851133,482681684,407999309,185514650,550338934,130903815,208291589,3680352803,16074557,6,3,4,0,1,4586,1252,61,0,0,0,0,5,75253426,2694074434,13557949,1,133038163,986278369,2516608,1206805086,1803877104,133054076,179166203,71782800,202351694,4519210,33158465,270050375,384400263,0,0,0,0,5eb7747ecbde451de49ea2bb0b40c31b43aa1915d4f074ed405d0301b7d991a6
10520,16,8827448598,8815749713,11239371,40,362989,96435,50,2044030701,401381,92501123,192616934,481916852,406535527,186944682,550616158,132477124,208304448,3680468149,15916068,6,3,4,0,1,4586,1252,61,0,0,0,0,5,75311828,2694142027,13443992,1,132992620,986326122,2472076,1258677995,1803134827,124770044,152171398,65365137,202313783,4553392,33165865,329056602,344090668,0,0,0,0,5eb7747ecbde451de49ea2bb0b40c31b43aa1915d4f074ed405d0301b7d991a6
10520,17,8827447238,8815750273,11239651,151,361618,95505,40,2044076317,421101,92387728,193504167,481103413,406751576,186761693,550337213,132792753,208298879,3680507002,15918018,6,3,4,0,1,4586,1252,61,0,0,0,0,5,75271266,2694203771,13414861,1,133027613,986303231,2503157,1259781343,1798454879,129520425,153959522,63739942,202356825,4510259,33165076,326987895,316565594,0,0,0,0,5eb7747ecbde451de49ea2bb0b40c31b43aa1915d4f074ed405d0301b7d991a6
10520,18,8827449598,8815798005,11195000,60,359568,96695,270,2044241336,388042,92539634,193186070,481330779,406705282,186753962,550612820,132707395,208308159,3680464399,15916019,6,3,4,0,1,4586,1252,61,0,0,0,0,5,75312118,2694175008,13411252,1,132996041,986289391,2504767,1274671027,1797237588,128902808,143254830,64878581,202312583,4552360,33167106,271261650,312500042,0,0,0,0,5eb7747ecbde451de49ea2bb0b40c31b43aa1915d4f074ed405d0301b7d991a6
10520,19,8827447228,8815795365,11196180,40,359958,95635,50,2044451325,414221,92391918,194057424,480553175,407016990,186489641,550352765,133160219,208303679,3680487592,15930570,6,3,4,0,1,4586,1252,61,0,0,0,0,5,75274426,2694179681,13438933,1,133029253,986307911,2491637,1255560513,1802895127,135078353,150437520,65722932,202363565,4500438,33168226,349427476,307006563,0,0,0,0,5eb7747ecbde451de49ea2bb0b40c31b43aa1915d4f074ed405d0301b7d991a6
10520,20,8827448638,8815797996,11192798,51,361658,96085,50,2044449795,379511,93436398,191490685,482152695,406768018,186687830,550600007,132921178,208300908,3680480252,15931229,6,3,4,0,1,4586,1252,61,0,0,0,0,5,75306656,2694186312,13427502,1,132994252,986293940,2503727,1254683069,1803194073,135450513,145975363,66869434,202311452,4561282,33158286,308292713,301842517,0,0,0,0,5eb7747ecbde451de49ea2bb0b40c31b43aa1915d4f074ed405d0301b7d991a6
10520,21,8827447378,8815756363,11233031,40,362869,95035,40,2044561442,397500,92438193,195197909,479388128,407189089,186309679,550361526,133260505,208300818,3680474410,15956441,6,3,4,0,1,4586,1252,61,0,0,0,0,5,75273896,2694160759,13460134,1,133026922,986313651,2496307,1280756021,1796333868,115633306,145488701,65823559,202352645,4512620,33167646,319211660,312762787,0,0,0,0,5eb7747ecbde451de49ea2bb0b40c31b43aa1915d4f074ed405d0301b7d991a6
10520,22,8827448358,8815750883,11241712,40,359898,95785,40,2044806039,412421,92525616,193381890,481154416,406251193,187216555,550593457,133252035,208292368,3680516662,15865655,6,3,4,0,1,4586,1252,61,0,0,0,0,5,75300288,2694178889,13408480,1,132992080,986337773,2457175,1274885221,1794119736,120987122,148815410,64790729,202311803,4554502,33166995,329241802,318345064,0,0,0,0,5eb7747ecbde451de49ea2bb0b40c31b43aa1915d4f074ed405d0301b7d991a6
10520,23,8827446988,8815751693,11236871,40,362609,95705,70,2044387681,426031,92375358,193240402,481384909,406796319,186715281,550348414,133081425,208298089,3680388467,16033135,6,3,4,0,1,4586,1252,61,0,0,0,0,5,75271766,2694080816,13539368,1,133026323,986307651,2493767,1274270169,1797162399,124031607,146745830,69487565,202352455,4524150,33156605,294858696,319964947,0,0,0,0,5eb7747ecbde451de49ea2bb0b40c31b43aa1915d4f074ed405d0301b7d991a6
10520,24,8827447318,8815753353,11236722,60,361608,95525,50,2041915036,338066,92555736,189828929,484701678,407017020,186444145,550587867,130411921,208282867,3680383065,15998053,6,3,4,0,1,4586,1252,61,0,0,0,0,5,75293096,2694068944,13515557,1,132989771,986314121,2482496,1242464259,1798921958,130409837,157005204,69033865,202314534,4551391,33161675,284269122,347819350,0,0,0,0,5eb7747ecbde451de49ea2bb0b40c31b43aa1915d4f074ed405d0301b7d991a6
10520,25,8827447158,8815763604,11226770,51,359678,97005,50,2042177997,364157,92432651,191292613,483312929,407133513,186359303,550318593,130936769,208286397,3680355265,16099908,6,3,4,0,1,4586,1252,61,0,0,0,0,5,75249664,2694088936,13554758,1,133036733,986266329,2545150,1242387640,1801228654,132005513,159022997,67288187,202360936,4506319,33162695,302131508,348364833,0,0,0,0,5eb7747ecbde451de49ea2bb0b40c31b43aa1915d4f074ed405d0301b7d991a6
10520,26,8827449038,8815757694,11234431,50,360418,96285,160,2041712286,367940,92578501,191007849,483498624,406843831,186619126,550584447,130182477,208256515,3680410017,16000573,6,3,4,0,1,4586,1252,61,0,0,0,0,5,75266345,2694101706,13511086,1,132990170,986308311,2489487,1247231310,1799112021,126333414,163177314,67911068,202311482,4555242,33160875,284458071,344179707,0,0,0,0,5eb7747ecbde451de49ea2bb0b40c31b43aa1915d4f074ed405d0301b7d991a6
10520,27,8827447508,8815812946,11178688,61,359348,96305,160,2042265723,413990,92381207,191027550,483587290,407058105,186452856,550338254,130983169,208287398,3680353926,16065936,6,3,4,0,1,4586,1252,61,0,0,0,0,5,75249135,2694081536,13544958,1,133038263,986272390,2520978,1245379193,1804774632,131285457,155846054,66082397,202350424,4517580,33158945,313390417,329782491,0,0,0,0,5eb7747ecbde451de49ea2bb0b40c31b43aa1915d4f074ed405d0301b7d991a6
10520,28,8827449098,8815753323,11235531,60,363529,96595,60,2042523545,366816,92543966,190138274,484401053,407858094,185608243,550558367,131021549,208292059,3680368475,16013492,6,3,4,0,1,4586,1252,61,0,0,0,0,5,75296928,2694066174,13523976,1,132995131,986302301,2489516,1245481992,1802164310,129282747,157886825,68157398,202314083,4555181,33159855,300304623,313521252,0,0,0,0,5eb7747ecbde451de49ea2bb0b40c31b43aa1915d4f074ed405d0301b7d991a6
10520,29,8827446658,8815811786,11180049,400,358978,95405,40,2042317886,350080,92451509,190080282,484521760,407360638,186136519,550352345,131030503,208299779,3680312933,16120931,6,3,4,0,1,4586,1252,61,0,0,0,0,5,75262116,2694051774,13575781,1,133037663,986261159,2545150,1286326913,1800031411,121907324,133545183,66420497,202352434,4518910,33162336,287457555,324178737,0,0,0,0,5eb7747ecbde451de49ea2bb0b40c31b43aa1915d4f074ed405d0301b7d991a6
10520,30,8827447998,8815753784,11237921,40,360028,96175,50,2042549767,374361,92520613,191789189,482753389,407662001,185801955,550581866,131041223,208279696,3680432771,15961020,6,3,4,0,1,4586,1252,61,0,0,0,0,5,75291156,2694140300,13452433,1,132988540,986292471,2508587,1255075279,1801531246,124819339,155123844,67557081,202307233,4557352,33163405,296149090,319277642,0,0,0,0,5eb7747ecbde451de49ea2bb0b40c31b43aa1915d4f074ed405d0301b7d991a6
10520,31,8827446958,8815743003,11248942,50,359518,95395,50,2041559469,382659,92423478,192049602,482548730,407522874,185984053,550342885,130275293,208282177,3680363964,16084518,6,3,4,0,1,4586,1252,61,0,0,0,0,5,75246294,2694076414,13574340,1,133035883,986287550,2510178,1223929475,1802292106,133884996,170005395,65805358,202351025,4515720,33166695,194395965,366969997,0,0,0,0,5eb7747ecbde451de49ea2bb0b40c31b43aa1915d4f074ed405d0301b7d991a6
10520,32,8827447998,8815840078,11147906,51,363738,96165,60,2044082113,260623,92603545,191999953,482519964,406743558,186707970,550605369,132621462,208320160,3680559694,15794382,6,3,4,0,1,4586,1252,61,0,0,0,0,5,75330079,2694218722,13334917,1,132990081,986340972,2459465,1265270312,1801569228,120844393,149350843,65401563,202317974,4554911,33156745,314917109,343295313,0,0,0,0,5eb7747ecbde451de49ea2bb0b40c31b43aa1915d4f074ed405d0301b7d991a6
10520,33,8827447078,8815821907,11166997,40,362559,95515,60,2044214293,330547,92432529,194615883,479970175,406539669,186968431,550319043,133020842,208294147,3680484461,15976653,6,3,4,0,1,4586,1252,61,0,0,0,0,5,75266945,2694174940,13471865,1,133027202,986309521,2504788,1255444002,1799735431,125595603,154212377,68985738,202357476,4513559,33157475,336160312,314356973,0,0,0,0,5eb7747ecbde451de49ea2bb0b40c31b43aa1915d4f074ed405d0301b7d991a6
10520,34,8827447248,8815839968,11148417,49,363059,95705,50,2044468874,324945,92550765,192398544,482146448,406338222,187113380,550580739,132998659,208298387,3680512763,15852304,6,3,4,0,1,4586,1252,61,0,0,0,0,5,75302897,2694178130,13390449,1,132995490,986334633,2461855,1267990716,1798438613,131570645,141070987,67345941,202314103,4558881,33158885,340211321,316744941,0,0,0,0,5eb7747ecbde451de49ea2bb0b40c31b43aa1915d4f074ed405d0301b7d991a6
10520,35,8827447058,8815834758,11153907,40,362668,95635,50,2043822563,343287,92405297,195692978,478904572,406401010,187105380,550330883,132623374,208289296,3680497103,15946770,6,3,4,0,1,4586,1252,61,0,0,0,0,5,75260364,2694176871,13460874,1,133028932,986320232,2485896,1275036976,1801069075,121831890,147364657,67911855,202363025,4499198,33168506,331124678,305434360,0,0,0,0,5eb7747ecbde451de49ea2bb0b40c31b43aa1915d4f074ed405d0301b7d991a6
10520,36,8827448598,8815823967,11164828,40,363648,96065,50,2044413461,314056,92543104,194049945,480489703,406319245,187144681,550577467,132948587,208303539,3680473479,15906289,6,3,4,0,1,4586,1252,61,0,0,0,0,5,75310427,2694165878,13414803,1,132993112,986307601,2491486,1299571132,1803635084,135639836,137459849,62979504,202313303,4557172,33163436,333068336,307205763,0,0,0,0,5eb7747ecbde451de49ea2bb0b40c31b43aa1915d4f074ed405d0301b7d991a6
10520,37,8827447658,8815863409,11125285,60,363099,95755,50,2044497346,298624,92498494,193968679,480613439,406880263,186612715,550352486,133249594,208314687,3680456012,15962981,6,3,4,0,1,4586,1252,61,0,0,0,0,5,75285835,2694119299,13490035,1,133028852,986336713,2472946,1256766535,1801293830,132899035,146127594,66393035,202358045,4507718,33163376,347016725,311068169,0,0,0,0,5eb7747ecbde451de49ea2bb0b40c31b43aa1915d4f074ed405d0301b7d991a6
10520,38,8827447628,8815760214,11227430,40,363299,96605,40,2045186009,317767,92548575,193656966,480882183,406584708,186847685,550593578,133737667,208300748,3680503391,15865697,6,3,4,0,1,4586,1252,61,0,0,0,0,5,75304507,2694158189,13416112,1,132996241,986345202,2449585,1273731965,1804192888,123947900,139200776,71079026,202312674,4556341,33169326,316950660,310981247,0,0,0,0,5eb7747ecbde451de49ea2bb0b40c31b43aa1915d4f074ed405d0301b7d991a6
10520,39,8827446478,8815837158,11151716,51,363458,94055,40,2044717748,329945,92413330,194294626,480320424,406467792,187041738,550330384,133493679,208310500,3680407155,15994425,6,3,4,0,1,4586,1252,61,0,0,0,0,5,75279537,2694110215,13490687,1,133030963,986296940,2503738,1282900702,1798252806,121968137,141950787,72140923,202346865,4523940,33162855,347106274,297814185,0,0,0,0,5eb7747ecbde451de49ea2bb0b40c31b43aa1915d4f074ed405d0301b7d991a6
10520,40,8827448258,8815863009,11125135,40,364109,95915,50,2041596856,304308,92543371,189884483,484678017,407232482,186225895,550528753,130172487,208266187,3680352845,16021772,6,3,4,0,1,4586,1252,61,0,0,0,0,5,75268626,2694051634,13527866,1,132997561,986301211,2493906,1258100115,1800378037,120289353,160192425,69245940,202318034,4552751,33166656,319707297,330866935,0,0,0,0,5eb7747ecbde451de49ea2bb0b40c31b43aa1915d4f074ed405d0301b7d991a6
10520,41,8827447038,8815830057,11158018,40,362698,96165,60,2041895953,300414,92466361,192157839,482427310,407824692,185668748,550314922,130711737,208271977,3680282952,16162250,6,3,4,0,1,4586,1252,61,0,0,0,0,5,75246845,2694029904,13598939,1,133025132,986253048,2563311,1254925133,1801629514,120188977,162083324,66662649,202358335,4506999,33162405,330628514,325087372,0,0,0,0,5eb7747ecbde451de49ea2bb0b40c31b43aa1915d4f074ed405d0301b7d991a6
10520,42,8827448278,8815835288,11154827,149,361869,96095,50,2042236360,317656,92646439,188793929,485685128,407830429,185624725,550557268,130735385,208264357,3680319403,16055756,6,3,4,0,1,4586,1252,61,0,0,0,0,5,75278947,2694024162,13550139,1,132985410,986295241,2505617,1249080335,1797706284,133155045,155531231,65539388,202309453,4556422,33162185,323579915,330819330,0,0,0,0,5eb7747ecbde451de49ea2bb0b40c31b43aa1915d4f074ed405d0301b7d991a6
10520,43,8827446708,8815837128,11151297,49,362519,95665,50,2042280713,299814,92441931,190792280,483818912,407962656,185526491,550326594,131093734,208261516,3680421978,16022194,6,3,4,0,1,4586,1252,61,0,0,0,0,5,75240344,2694134198,13508456,1,133021172,986287780,2513738,1256371072,1802986561,125593876,151722221,69466289,202356386,4509249,33166865,300082991,322724346,0,0,0,0,5eb7747ecbde451de49ea2bb0b40c31b43aa1915d4f074ed405d0301b7d991a6
10520,44,8827448628,8815808136,11179718,51,363888,96755,80,2042281702,301677,92550853,191172850,483361358,407798519,185676789,550521823,130879162,208286909,3680364695,15984242,6,3,4,0,1,4586,1252,61,0,0,0,0,5,75291208,2694110247,13443203,1,132995701,986254448,2541039,1251666831,1803856401,130599236,146988691,63373562,202310672,4562142,33158346,317266260,329835484,0,0,0,0,5eb7747ecbde451de49ea2bb0b40c31b43aa1915d4f074ed405d0301b7d991a6
10520,45,8827445968,8815799216,11187809,40,362658,96195,50,2042092146,310516,92439600,191066253,483542577,407665082,185838967,550320794,130879475,208276448,3680298721,16177352,6,3,4,0,1,4586,1252,61,0,0,0,0,5,75251276,2694005610,13655564,1,133025172,986293111,2521788,1253974671,1802073394,126839961,154143812,69397325,202357325,4507359,33164025,328602144,336810367,0,0,0,0,5eb7747ecbde451de49ea2bb0b40c31b43aa1915d4f074ed405d0301b7d991a6
10520,46,8827448178,8815839688,11148567,49,363499,96325,50,2042051731,305915,92520044,192694244,481862694,407257092,186207686,550533263,130644419,208255258,3680354224,16028783,6,3,4,0,1,4586,1252,61,0,0,0,0,5,75266807,2694033802,13548927,1,132988451,986320422,2479856,1261676335,1799912779,118911859,158299214,69055450,202309412,4554262,33170206,304474371,333630194,0,0,0,0,5eb7747ecbde451de49ea2bb0b40c31b43aa1915d4f074ed405d0301b7d991a6
10520,47,8827446728,8815834347,11153367,40,363619,95305,50,2042015320,289805,92440760,191878965,482742259,407183426,186312350,550323346,130818390,208300900,3680297052,16152600,6,3,4,0,1,4586,1252,61,0,0,0,0,5,75275218,2693995331,13644693,1,133025682,986301721,2507907,1211510526,1802878318,131728224,183607847,72105044,202354825,4509529,33168626,336035009,381876474,0,0,0,0,5eb7747ecbde451de49ea2bb0b40c31b43aa1915d4f074ed405d0301b7d991a6
10520,48,8827448608,8815798776,11189748,51,364778,95195,60,2044471236,342799,92582175,193313798,481187787,406371260,187104508,550594160,132957238,208287155,3680428719,15956300,6,3,4,0,1,4586,1252,61,0,0,0,0,5,75297345,2694167380,13414811,1,132989810,986261339,2541489,1245687316,1800728504,128116942,157006461,67645355,202315943,4553642,33159035,356023543,350465970,0,0,0,0,5eb7747ecbde451de49ea2bb0b40c31b43aa1915d4f074ed405d0301b7d991a6
10520,49,8827446848,8815814996,11173688,51,362718,95345,50,2044517667,381660,92449729,194041465,480551047,406505925,186993202,550342806,133238893,208317469,3680515584,15913188,6,3,4,0,1,4586,1252,61,0,0,0,0,5,75284406,2694194182,13422892,1,133033063,986321402,2490296,1257389768,1800954269,125624488,153010142,69980807,202354596,4513659,33161725,348132535,322906539,0,0,0,0,5eb7747ecbde451de49ea2bb0b40c31b43aa1915d4f074ed405d0301b7d991a6
10520,50,8827448678,8815840188,11151826,51,362358,94195,60,2044623774,365587,92585128,192945170,481557187,406399527,187055198,550599917,133098038,208278256,3680478982,15904068,6,3,4,0,1,4586,1252,61,0,0,0,0,5,75286515,2694160110,13423842,1,132991741,986318872,2480226,1260070598,1800362385,129396907,153887881,66328794,202310482,4557342,33161335,340796169,317108984,0,0,0,0,5eb7747ecbde451de49ea2bb0b40c31b43aa1915d4f074ed405d0301b7d991a6
10520,51,8827447188,8815843778,11146566,51,361228,95505,60,2044624343,373576,92445911,193728067,480861291,406258585,187238295,550346036,133352930,208324188,3680587947,15823874,6,3,4,0,1,4586,1252,61,0,0,0,0,5,75288465,2694253554,13362429,1,133035723,986334393,2461445,1071513098,1807459337,114761848,307443213,67083885,202354636,4511569,33160985,357639447,393577641,0,0,0,0,5eb7747ecbde451de49ea2bb0b40c31b43aa1915d4f074ed405d0301b7d991a6
10520,52,8827448468,8815757623,11231391,40,364559,94805,50,2044138316,338487,93458690,192413081,481221079,406123015,187340953,550597767,132624161,208307760,3680477699,15976461,6,3,4,0,1,4586,1252,61,0,0,0,0,5,75317710,2694169428,13483694,1,132990050,986308271,2492767,1277988084,1798832047,127611844,142228930,64454780,202308953,4562222,33163076,354568299,298408754,0,0,0,0,5eb7747ecbde451de49ea2bb0b40c31b43aa1915d4f074ed405d0301b7d991a6
10520,53,8827447268,8815780805,11207710,40,363708,94965,40,2044621111,385108,92468342,194079126,480518523,406646624,186841536,550358106,133309756,208308417,3680472411,15978354,6,3,4,0,1,4586,1252,61,0,0,0,0,5,75279114,2694190492,13446645,1,133029303,986281919,2531709,1267946679,1800174724,120708300,153597671,67668900,202355225,4512750,33168966,346241438,297292089,0,0,0,0,5eb7747ecbde451de49ea2bb0b40c31b43aa1915d4f074ed405d0301b7d991a6
10520,54,8827447138,8815755884,11234020,40,361039,96115,40,2045129316,358435,92543236,192768389,481772150,405971636,187488720,550586197,133618641,208291358,3680487211,15896919,6,3,4,0,1,4586,1252,61,0,0,0,0,5,75302287,2694182810,13399552,1,132989071,986304401,2497367,1263314417,1796696175,119780415,158169902,69337879,202307742,4557002,33166376,335539925,308737091,0,0,0,0,5eb7747ecbde451de49ea2bb0b40c31b43aa1915d4f074ed405d0301b7d991a6
10520,55,8827446868,8815801336,11186698,40,363179,95575,40,2044111927,379951,92432977,194554523,480049271,406242842,187246055,550355906,132828173,208311088,3680447201,15976801,6,3,4,0,1,4586,1252,61,0,0,0,0,5,75277325,2694179812,13444182,1,133033763,986267389,2532619,1305472377,1793313637,127954064,144537592,68784845,202354476,4513219,33163885,377354478,304555967,0,0,0,0,5eb7747ecbde451de49ea2bb0b40c31b43aa1915d4f074ed405d0301b7d991a6
10520,56,8827448298,8815796536,11191318,60,364119,96215,50,2042250920,343758,92601197,191265982,483245913,407228522,186233096,550581406,130727327,208284897,3680343363,16027104,6,3,4,0,1,4586,1252,61,0,0,0,0,5,75289046,2694053793,13522217,1,132995851,986289570,2504887,1262019151,1794461308,124623916,158490038,71960205,202314292,4547531,33168697,346039847,325544063,0,0,0,0,5eb7747ecbde451de49ea2bb0b40c31b43aa1915d4f074ed405d0301b7d991a6
10520,57,8827446268,8815783155,11207420,49,359849,95745,50,2042057614,395122,92428257,191454272,483156239,408104656,185394493,550311434,130787008,208291648,3680448378,15992142,6,3,4,0,1,4586,1252,61,0,0,0,0,5,75258635,2694158238,13469054,1,133033013,986290140,2523088,1262587467,1802634534,124021165,150982537,68780458,202352165,4515469,33163506,338296327,309656945,0,0,0,0,5eb7747ecbde451de49ea2bb0b40c31b43aa1915d4f074ed405d0301b7d991a6
10520,58,8827447958,8815802036,11189059,40,360758,96015,50,2042208552,352850,92633428,190902305,483598070,407538635,185912502,550573228,130674550,208250094,3680304954,16093998,6,3,4,0,1,4586,1252,61,0,0,0,0,5,75258074,2694035905,13568139,1,132992020,986269049,2525859,1255539646,1798407088,125148919,156381777,68157493,202308662,4555652,33166966,308317304,328809784,0,0,0,0,5eb7747ecbde451de49ea2bb0b40c31b43aa1915d4f074ed405d0301b7d991a6
10520,59,8827446298,8815803526,11184768,60,362259,95555,130,2042102195,378649,92431189,189822290,484777330,408138298,185354100,550329735,130842363,208293978,3680432868,15974404,6,3,4,0,1,4586,1252,61,0,0,0,0,5,75261505,2694141758,13468716,1,133032473,986291110,2505688,1251153638,1803982526,128190011,154292225,68287992,202348364,4514579,33168397,335995536,312120483,0,0,0,0,5eb7747ecbde451de49ea2bb0b40c31b43aa1915d4f074ed405d0301b7d991a6
10520,60,8827448298,8815784135,11205289,40,362109,96685,40,2041813071,344467,92606629,190529825,483966790,407379737,186084609,550543596,130334054,208277805,3680320214,16058796,6,3,4,0,1,4586,1252,61,0,0,0,0,5,75281895,2694038984,13543568,1,132995910,986281230,2515228,1252756418,1801851927,128837071,150766870,66117820,202309182,4556952,33165046,308111610,338073211,0,0,0,0,5eb7747ecbde451de49ea2bb0b40c31b43aa1915d4f074ed405d0301b7d991a6
10520,61,8827446428,8815796456,11193909,40,360198,95775,50,2042296005,384932,92468640,192295917,482304634,407553847,185928631,550342103,130996482,208288067,3680310724,16131329,6,3,4,0,1,4586,1252,61,0,0,0,0,5,75252184,2694009413,13624021,1,133035883,986301311,2507308,1256871468,1801228312,121036084,160199636,70382237,202352945,4518660,33160566,313503553,331576018,0,0,0,0,5eb7747ecbde451de49ea2bb0b40c31b43aa1915d4f074ed405d0301b7d991a6
10520,62,8827448188,8815791915,11199380,60,361098,95675,60,2042201788,344517,92572927,189530133,484992863,407871004,185592252,550555355,130720294,208269074,3680295362,16093618,6,3,4,0,1,4586,1252,61,0,0,0,0,5,75277594,2694006122,13583730,1,132991480,986289240,2509888,1255178307,1800328433,131967768,153598335,67579967,202307073,4555021,33168977,296596753,332659524,0,0,0,0,5eb7747ecbde451de49ea2bb0b40c31b43aa1915d4f074ed405d0301b7d991a6
10520,63,8827446458,8815773535,11214850,40,363588,94395,50,2042277234,366149,92461170,192812624,481793927,407438334,186048896,550338244,131000480,208293318,3680326313,16105489,6,3,4,0,1,4586,1252,61,0,0,0,0,5,75260095,2694034343,13589031,1,133033223,986291970,2516458,1231568795,1800317142,124999668,174990292,70848463,202350014,4512720,33168675,341459798,375582332,0,0,0,0,5eb7747ecbde451de49ea2bb0b40c31b43aa1915d4f074ed405d0301b7d991a6
10520,64,8827449238,8815762484,11226471,40,363028,97165,50,2045881496,441624,92521003,192494996,482034369,406214291,187238728,550592596,134329218,208310547,3680554046,15828675,6,3,4,0,1,4586,1252,61,0,0,0,0,5,75316637,2694251375,13328078,1,132993910,986302671,2500597,1260170162,1800964235,124297907,150132360,69121569,202319463,4548591,33160375,313724449,353763618,0,0,0,0,5eb7747ecbde451de49ea2bb0b40c31b43aa1915d4f074ed405d0301b7d991a6
10520,65,8827447168,8815764194,11224790,60,362279,95785,60,2045575552,483225,92310944,193831291,480824271,406312454,187194455,550311595,134287195,208341961,3680570755,15867156,6,3,4,0,1,4586,1252,61,0,0,0,0,5,75289977,2694304846,13328067,1,133051984,986265909,2539089,1262762369,1796672259,124822735,154922830,67486912,202378027,4483427,33169616,312785216,322140591,0,0,0,0,5eb7747ecbde451de49ea2bb0b40c31b43aa1915d4f074ed405d0301b7d991a6
10520,66,8827449608,8815769624,11219260,51,365558,95055,60,2045524529,447042,92514326,192915964,481637072,406149786,187294480,550577649,133973298,208322031,3680538042,15816674,6,3,4,0,1,4586,1252,61,0,0,0,0,5,75328199,2694206640,13348719,1,132993832,986331402,2467955,1257066145,1796556191,130544034,158832319,67529201,202318454,4548531,33168176,267266218,318775265,0,0,0,0,5eb7747ecbde451de49ea2bb0b40c31b43aa1915d4f074ed405d0301b7d991a6
10520,67,8827447398,8815767044,11221720,60,362849,95665,60,2045714529,486905,92313562,195633388,479026797,406084953,187418926,550327713,134401804,208317730,3680629479,15789390,6,3,4,0,1,4586,1252,61,0,0,0,0,5,75271776,2694307697,13316125,1,133045954,986321782,2473265,1056615340,1804347989,117436906,320617914,67901731,202378926,4482147,33172927,299882192,396815263,0,0,0,0,5eb7747ecbde451de49ea2bb0b40c31b43aa1915d4f074ed405d0301b7d991a6
10520,68,8827444718,8815765494,11218570,51,365278,95275,50,2046048294,489416,92457561,193613623,480953308,405900600,187559057,550586332,134473027,208309378,3680609008,15770011,6,3,4,0,1,4586,1252,61,0,0,0,0,5,75317818,2694297246,13284175,1,132991560,986311762,2485836,1279067804,1799220310,124671706,146015159,68467465,202318634,4546160,33169907,280303759,296596653,0,0,0,0,5eb7747ecbde451de49ea2bb0b40c31b43aa1915d4f074ed405d0301b7d991a6
10520,69,8827447298,8815761414,11227310,51,362858,95615,50,2044762153,435911,92403998,193572721,481052260,406178318,187318321,550350086,133430154,208327731,3680561154,15874817,6,3,4,0,1,4586,1252,61,0,0,0,0,5,75290948,2694264253,13360509,1,133036783,986296901,2514308,1268969275,1798226526,130103091,145089364,66783975,202357216,4506978,33165686,302003484,302620510,0,0,0,0,5eb7747ecbde451de49ea2bb0b40c31b43aa1915d4f074ed405d0301b7d991a6
10520,70,8827449218,8815753903,11234631,51,363808,96765,60,2045737519,464256,92491162,192248370,482312367,405894243,187546473,550574537,134190402,208312870,3680542594,15824364,6,3,4,0,1,4586,1252,61,0,0,0,0,5,75318249,2694255194,13317746,1,132994621,986287400,2506618,1274324189,1797439394,123346616,150508285,68282132,202318423,4549671,33175386,286779304,297564864,0,0,0,0,5eb7747ecbde451de49ea2bb0b40c31b43aa1915d4f074ed405d0301b7d991a6
10520,71,8827446488,8815763014,11224761,40,363438,95195,40,2045982952,480135,92308343,193742941,480916184,406466871,187037056,550343106,134668266,208330011,3680597747,15820064,6,3,4,0,1,4586,1252,61,0,0,0,0,5,75285277,2694293127,13334477,1,133044734,986304620,2485587,1277133612,1799271117,124643219,144705075,71110710,202347884,4517430,33166786,293517583,295597085,0,0,0,0,5eb7747ecbde451de49ea2bb0b40c31b43aa1915d4f074ed405d0301b7d991a6
10520,72,8827448328,8815758624,11229971,40,363878,95765,50,2042830592,424611,92463701,190808380,483782271,407205059,186255825,550538045,131331167,208296837,3680422850,15961150,6,3,4,0,1,4586,1252,61,0,0,0,0,5,75306717,2694147320,13438822,1,132990120,986275530,2522328,1255568334,1795177136,130180612,154894903,67445654,202320443,4543731,33169706,374218819,327741081,0,0,0,0,5eb7747ecbde451de49ea2bb0b40c31b43aa1915d4f074ed405d0301b7d991a6
10520,73,8827447088,8815756024,11233460,51,361588,95925,40,2042241211,449584,92333811,190359699,484297696,407346867,186153422,550286443,130979717,208316808,3680446260,15988751,6,3,4,0,1,4586,1252,61,0,0,0,0,5,75267895,2694163680,13468193,1,133048913,986282580,2520558,1261231013,1799051192,131002426,145316152,67373268,202367246,4495619,33160835,335376487,324266574,0,0,0,0,5eb7747ecbde451de49ea2bb0b40c31b43aa1915d4f074ed405d0301b7d991a6
10520,74,8827448578,8815765444,11223071,49,364059,95885,70,2042636462,379771,92608988,191518895,482999840,407474023,185980083,550557785,131092616,208281076,3680454221,15937250,6,3,4,0,1,4586,1252,61,0,0,0,0,5,75290186,2694153310,13434042,1,132990890,986300911,2503208,1257362513,1800837315,123002051,158039336,67349560,202320744,4544250,33167086,303722055,313078514,0,0,0,0,5eb7747ecbde451de49ea2bb0b40c31b43aa1915d4f074ed405d0301b7d991a6
10520,75,8827447278,8815796325,11191840,60,362908,95985,160,2042863285,445883,92340614,192673536,481980800,407670321,185835185,550326306,131563308,208326329,3680439588,15985452,6,3,4,0,1,4586,1252,61,0,0,0,0,5,75279125,2694157118,13479385,1,133047204,986282470,2506067,1350782841,1802523643,116588413,66391242,66713304,202365225,4499158,33169877,333151635,319645078,0,0,0,0,5eb7747ecbde451de49ea2bb0b40c31b43aa1915d4f074ed405d0301b7d991a6
10520,76,8827449548,8815758344,11230290,231,363588,97015,80,2042339486,501716,92427110,189431509,485136549,407614282,185847175,550540105,130816399,208297339,3680447028,15935961,6,3,4,0,1,4586,1252,61,0,0,0,0,5,75309689,2694155347,13421324,1,132987650,986291681,2514637,1262549008,1797921380,127910052,145288662,68944058,202321293,4544410,33181207,321963581,321826867,0,0,0,0,5eb7747ecbde451de49ea2bb0b40c31b43aa1915d4f074ed405d0301b7d991a6
10520,77,8827446168,8815765344,11222581,40,363008,95145,50,2043045473,477083,92320664,193268663,481384012,407347706,186159211,550327623,131731698,208306478,3680431258,16057186,6,3,4,0,1,4586,1252,61,0,0,0,0,5,75262734,2694178130,13498546,1,133043744,986253128,2558640,1256884621,1802749054,126181258,152925643,72597507,202372475,4491219,33168386,301831848,319787877,0,0,0,0,5eb7747ecbde451de49ea2bb0b40c31b43aa1915d4f074ed405d0301b7d991a6
10520,78,8827450528,8815762844,11225600,51,363708,98265,60,2042606160,449263,92446903,189708641,484870455,407313486,186154393,550535444,131103794,208289637,3680406777,15977832,6,3,4,0,1,4586,1252,61,0,0,0,0,5,75302147,2694130197,13449834,1,132987490,986276580,2527998,1256638579,1799578122,125085053,152467444,68972968,202320584,4542110,33184597,311823329,334544068,0,0,0,0,5eb7747ecbde451de49ea2bb0b40c31b43aa1915d4f074ed405d0301b7d991a6
10520,79,8827447348,8815757344,11231060,171,362828,95885,60,2042883067,469723,92329126,190386746,484270378,407360657,186155401,550306354,131578779,208314080,3680410927,16032634,6,3,4,0,1,4586,1252,61,0,0,0,0,5,75272766,2694123987,13515416,1,133041314,986286940,2517218,1261842219,1801287812,125313159,141866641,73192578,202352545,4511098,33167977,319753784,355016822,0,0,0,0,5eb7747ecbde451de49ea2bb0b40c31b43aa1915d4f074ed405d0301b7d991a6
10520,80,8827448978,8815769254,11219441,60,363458,96615,150,2045630303,449493,92433358,192918887,481653454,406442428,187025938,550590588,134101376,208327470,3680575867,15814392,6,3,4,0,1,4586,1252,61,0,0,0,0,5,75339690,2694226983,13356187,1,132987780,986348884,2458205,1243594623,1803211275,136799915,149858465,62651118,202320464,4547531,33164756,396035627,342598676,0,0,0,0,5eb7747ecbde451de49ea2bb0b40c31b43aa1915d4f074ed405d0301b7d991a6
10520,81,8827447248,8815774334,11214690,40,362689,95415,80,2045455065,459393,92314443,194444903,480207461,406303063,187196685,550318653,134193463,208335160,3680466670,15953530,6,3,4,0,1,4586,1252,61,0,0,0,0,5,75304687,2694148408,13460514,1,133030473,986318262,2493016,1263463502,1799097658,131705043,146491626,66344491,202355125,4510920,33162915,396797634,308861824,0,0,0,0,5eb7747ecbde451de49ea2bb0b40c31b43aa1915d4f074ed405d0301b7d991a6
10520,82,8827449488,8815771834,11219410,40,361499,96655,50,2045367439,431983,92486641,191267314,483275734,406439932,187012754,550587355,133849307,208321632,3680606216,15784752,6,3,4,0,1,4586,1252,61,0,0,0,0,5,75331951,2694251462,13337088,1,132989681,986354754,2447664,1267280949,1798561683,131776874,143802900,68759664,202320284,4545441,33168795,373180769,307572384,0,0,0,0,5eb7747ecbde451de49ea2bb0b40c31b43aa1915d4f074ed405d0301b7d991a6
10520,83,8827447578,8815764444,11224800,40,362829,95425,40,2044757958,461963,92309876,195357440,479300811,406237981,187259639,550324203,133487147,208342831,3680431979,15989642,6,3,4,0,1,4586,1252,61,0,0,0,0,5,75311978,2694129368,13484215,1,133030853,986302611,2505427,1273183019,1800979245,121011493,147425172,67716196,202366775,4499359,33163705,383996566,310146398,0,0,0,0,5eb7747ecbde451de49ea2bb0b40c31b43aa1915d4f074ed405d0301b7d991a6
10520,84,8827448778,8815769604,11219661,49,363919,95505,40,2045652795,439991,93358907,192904955,480777478,406156177,187295349,550570978,134131599,208318871,3680516221,15914150,6,3,4,0,1,4586,1252,61,0,0,0,0,5,75333801,2694175438,13445795,1,132985070,986340783,2468355,1264458888,1799676621,124546760,151014447,69866105,202319863,4547211,33165186,358919056,300481970,0,0,0,0,5eb7747ecbde451de49ea2bb0b40c31b43aa1915d4f074ed405d0301b7d991a6
10520,85,8827447868,8815769814,11220411,149,362689,94755,50,2045347778,416801,92408427,194444835,480163727,406315925,187173364,550344815,134063626,208322099,3680528024,15921639,6,3,4,0,1,4586,1252,61,0,0,0,0,5,75292116,2694195412,13439662,1,133029983,986332612,2481977,1271778689,1797103917,132365457,140230856,64677438,202355505,4512670,33163625,396000753,302807297,0,0,0,0,5eb7747ecbde451de49ea2bb0b40c31b43aa1915d4f074ed405d0301b7d991a6
10520,86,8827448328,8815761444,11228041,40,362958,95795,50,2046034465,451974,92458980,192537316,482041643,406136546,187314220,550579976,134496507,208310549,3680521162,15877758,6,3,4,0,1,4586,1252,61,0,0,0,0,5,75322459,2694171919,13422173,1,132988090,986349243,2455585,1273962446,1795730359,125305450,145228958,67500104,202318764,4547391,33170476,374392059,303273050,0,0,0,0,5eb7747ecbde451de49ea2bb0b40c31b43aa1915d4f074ed405d0301b7d991a6
10520,87,8827446298,8815757594,11230390,51,362688,95515,60,2045536721,452132,92328486,194372721,480285471,405990910,187504960,550335333,134248047,208334540,3680510093,15920050,6,3,4,0,1,4586,1252,61,0,0,0,0,5,75305037,2694172531,13452324,1,133029503,986337562,2467726,1267350659,1796639695,121783948,153680633,71690405,202355545,4512040,33169196,380880868,308776535,0,0,0,0,5eb7747ecbde451de49ea2bb0b40c31b43aa1915d4f074ed405d0301b7d991a6
10520,88,8827447058,8815763064,11225380,40,363679,94835,60,2043023262,414371,92503283,190816701,483738058,407324576,186131158,550556688,131519407,208276877,3680448660,15945911,6,3,4,0,1,4586,1252,61,0,0,0,0,5,75291057,2694125568,13465965,1,132985820,986323092,2479946,1239438489,1798487453,124891513,166324126,68696188,202316804,4550111,33164705,382095707,335649822,0,0,0,0,5eb7747ecbde451de49ea2bb0b40c31b43aa1915d4f074ed405d0301b7d991a6
10520,89,8827447238,8815773604,11215130,51,361588,96815,50,2042762410,404109,92386498,191416720,483225344,407364487,186119448,550294264,131531686,208306429,3680458389,16004893,6,3,4,0,1,4586,1252,61,0,0,0,0,5,75268026,2694166269,13479504,1,133038403,986292120,2525389,1241757300,1799064826,128777788,163371141,67399463,202364915,4503019,33162585,363010013,336377708,0,0,0,0,5eb7747ecbde451de49ea2bb0b40c31b43aa1915d4f074ed405d0301b7d991a6
10520,90,8827448468,8815772954,11216521,40,363148,95755,50,2043098724,428179,92514604,190481002,484059827,406786455,186657180,550565496,131583450,208261006,3680365916,16044744,6,3,4,0,1,4586,1252,61,0,0,0,0,5,75274656,2694038864,13567188,1,132986350,986327052,2477556,1230675824,1799747057,131265353,168175799,69856543,202316053,4550761,33161695,388374023,336868932,0,0,0,0,5eb7747ecbde451de49ea2bb0b40c31b43aa1915d4f074ed405d0301b7d991a6
10520,91,8827447218,8815771374,11216900,60,362509,96255,120,2043017082,466512,92333776,190597769,484040613,407415782,186085266,550303703,131752929,208301938,3680253450,16182042,6,3,4,0,1,4586,1252,61,0,0,0,0,5,75262835,2694011102,13624672,1,133039103,986242348,2557370,1242961761,1801971218,134810632,154629609,66316363,202352634,4514260,33161545,348703489,325975803,0,0,0,0,5eb7747ecbde451de49ea2bb0b40c31b43aa1915d4f074ed405d0301b7d991a6
10520,92,8827448668,8815770344,11217900,40,364069,96265,50,2043181217,433503,92471340,190915266,483655245,407216799,186247746,550530506,131691272,208290448,3680342764,16050845,6,3,4,0,1,4586,1252,61,0,0,0,0,5,75300388,2694023792,13571839,1,132990060,986318972,2479006,1253665062,1797604880,124973121,163378768,68096538,202317244,4550891,33164996,330062059,320979505,0,0,0,0,5eb7747ecbde451de49ea2bb0b40c31b43aa1915d4f074ed405d0301b7d991a6
10520,93,8827446308,8815770134,11218571,49,362289,95205,60,2042155806,409641,92396319,190673412,483962998,407240494,186243075,550335144,130863402,208317800,3680390407,16048534,6,3,4,0,1,4586,1252,61,0,0,0,0,5,75274087,2694112977,13518065,1,133043713,986277430,2530469,1250016949,1802137329,127609865,152760890,71572992,202355005,4515019,33163765,326147593,319919858,0,0,0,0,5eb7747ecbde451de49ea2bb0b40c31b43aa1915d4f074ed405d0301b7d991a6
10520,94,8827447758,8815769914,11219870,131,361768,96015,60,2042756258,431851,92476501,190219029,484353261,406621751,186838675,550545214,131246662,208283657,3680396447,16001533,6,3,4,0,1,4586,1252,61,0,0,0,0,5,75300457,2694077685,13512837,1,132983200,986318762,2488696,1245445330,1801043064,129105203,155804671,68372868,202315314,4551291,33163675,336919537,343697643,0,0,0,0,5eb7747ecbde451de49ea2bb0b40c31b43aa1915d4f074ed405d0301b7d991a6
10520,95,8827446568,8815770694,11218721,40,361788,95265,60,2043499845,444020,92360816,191763629,482877661,407636884,185855975,550319506,132220390,208302209,3680452100,16000292,6,3,4,0,1,4586,1252,61,0,0,0,0,5,75263666,2694141199,13505995,1,133038543,986310901,2494297,1224801753,1802532743,132677998,168177715,71309907,202352305,4515109,33165135,362793541,362168846,0,0,0,0,5eb7747ecbde451de49ea2bb0b40c31b43aa1915d4f074ed405d0301b7d991a6
10520,96,8827446258,8815764074,11222140,160,363859,95955,70,2045188651,387560,92566716,192344656,482204161,406068961,187369274,550580938,133650963,208317559,3680545352,15828615,6,3,4,0,1,4586,1252,61,0,0,0,0,5,75328109,2694199679,13369269,1,132989450,986345673,2459346,1255013908,1803271745,135767233,140719564,65526152,202319463,4558071,33154455,300314271,342166163,0,0,0,0,5eb7747ecbde451de49ea2bb0b40c31b43aa1915d4f074ed405d0301b7d991a6
10520,97,8827446548,8815751843,11236512,40,362698,95405,50,2045685138,462631,92366868,192910645,481730686,406398780,187080848,550308954,134409794,208326400,3680506401,15948271,6,3,4,0,1,4586,1252,61,0,0,0,0,5,75273396,2694207881,13438233,1,133053004,986298520,2510038,1265514028,1799148255,130536263,143895823,64135717,202358655,4516439,33155086,329834914,306558447,0,0,0,0,5eb7747ecbde451de49ea2bb0b40c31b43aa1915d4f074ed405d0301b7d991a6
10520,98,8827447168,8815758534,11230390,60,363439,94685,60,2045456056,434551,92522164,193131547,481447033,406197589,187243576,550557207,133904878,208301701,3680540403,15847315,6,3,4,0,1,4586,1252,61,0,0,0,0,5,75312310,2694222521,13359069,1,132989391,986317882,2488246,1262911474,1797107116,136422182,140725854,64081456,202318423,4558621,33160646,296063769,305783986,0,0,0,0,5eb7747ecbde451de49ea2bb0b40c31b43aa1915d4f074ed405d0301b7d991a6
10520,99,8827447068,8815758854,11229451,80,363128,95505,50,2045079307,438450,92352627,194446455,480203788,406157654,187331643,550314804,133815891,208318069,3680539964,15904897,6,3,4,0,1,4586,1252,61,0,0,0,0,5,75272646,2694215962,13422061,1,133045423,986324002,2482836,1260781620,1803658372,127379062,146016652,66164969,202362245,4499729,33172086,297139368,301699836,0,0,0,0,5eb7747ecbde451de49ea2bb0b40c31b43aa1915d4f074ed405d0301b7d991a6
10520,100,8827448348,8815765744,11222630,51,364318,95555,50,2045795641,442449,92507594,193106795,481462654,406133456,187310689,550575316,134242815,208303049,3680624997,15766069,6,3,4,0,1,4586,1252,61,0,0,0,0,5,75317449,2694293255,13294223,1,132985600,986331742,2471846,1264670874,1793926595,132675116,142870376,69617807,202317573,4557971,33156416,274510252,297753213,0,0,0,0,5eb7747ecbde451de49ea2bb0b40c31b43aa1915d4f074ed405d0301b7d991a6
10520,101,8827447118,8815757534,11230411,49,363449,95625,50,2045630373,402739,92437212,193676090,480966940,406068933,187403454,550324974,134332660,208343360,3680539734,15882426,6,3,4,0,1,4586,1252,61,0,0,0,0,5,75297307,2694210702,13402440,1,133046053,986329032,2479986,1288074540,1798609886,126762991,127511789,63615506,202359876,4507199,33164236,307408548,309106637,0,0,0,0,5eb7747ecbde451de49ea2bb0b40c31b43aa1915d4f074ed405d0301b7d991a6
10520,102,8827448058,8815746833,11240782,40,364228,96125,50,2046152669,446263,92489732,193652367,480931563,406420509,187005644,550576988,134614413,208309117,3680519714,15852705,6,3,4,0,1,4586,1252,61,0,0,0,0,5,75320766,2694175151,13396370,1,132988351,986344563,2456335,1267630276,1799298640,126283352,144441521,69055965,202316264,4556381,33169666,266124769,313221883,0,0,0,0,5eb7747ecbde451de49ea2bb0b40c31b43aa1915d4f074ed405d0301b7d991a6
10520,103,8827446738,8815766304,11222410,40,365019,92925,40,2045675307,441572,92377017,195155613,479486989,406161206,187337484,550313143,134386554,208337180,3680579096,15831645,6,3,4,0,1,4586,1252,61,0,0,0,0,5,75290387,2694287666,13324627,1,133046793,986291430,2507018,1260930138,1794557795,132257349,145631811,69344586,202347635,4527150,33163786,298265938,309079012,0,0,0,0,5eb7747ecbde451de49ea2bb0b40c31b43aa1915d4f074ed405d0301b7d991a6
10520,104,8827448028,8815759964,11227461,40,365198,95315,50,2042975459,392562,92523383,191187187,483396433,407214988,186228535,550512204,131497296,208285998,3680366535,16020834,6,3,4,0,1,4586,1252,61,0,0,0,0,5,75295038,2694075254,13511317,1,132990960,986291281,2509517,1235068431,1796473994,127938306,171171905,67157136,202318554,4549381,33169916,318116348,343740798,0,0,0,0,5eb7747ecbde451de49ea2bb0b40c31b43aa1915d4f074ed405d0301b7d991a6
10520,105,8827446888,8815759194,11228390,200,362999,96035,70,2042938018,409390,92380351,189990435,484668413,407157188,186329752,550289063,131686334,208304779,3680478531,15952130,6,3,4,0,1,4586,1252,61,0,0,0,0,5,75256336,2694199811,13420351,1,133048443,986278720,2531779,1232252401,1801189155,133191687,166241776,69939974,202361626,4503579,33161575,318115900,332798999,0,0,0,0,5eb7747ecbde451de49ea2bb0b40c31b43aa1915d4f074ed405d0301b7d991a6
10520,106,8827447788,8815758404,11231070,51,363118,95095,50,2043096574,387900,92589117,191018060,483519467,407340005,186109980,550530466,131579178,208275758,3680418097,15972681,6,3,4,0,1,4586,1252,61,0,0,0,0,5,75291358,2694086395,13498675,1,132984400,986331702,2474006,1246417412,1799832860,125123429,163725399,67342522,202316684,4550101,33168106,304271949,338809485,0,0,0,0,5eb7747ecbde451de49ea2bb0b40c31b43aa1915d4f074ed405d0301b7d991a6
10520,107,8827446528,8815755224,11232691,209,363119,95235,50,2043181771,429785,92369214,191641872,483018323,407369295,186108130,550306405,131916617,208303079,3680338722,16098418,6,3,4,0,1,4586,1252,61,0,0,0,0,5,75256976,2694096824,13542238,1,133046103,986241898,2556180,1249800761,1802110462,126194325,157314198,68156808,202357225,4509349,33170966,283324016,317043390,0,0,0,0,5eb7747ecbde451de49ea2bb0b40c31b43aa1915d4f074ed405d0301b7d991a6
10520,108,8827448118,8815756644,11230680,71,365078,95595,50,2042824522,429952,92509825,189670929,484887910,406826028,186632796,550508333,131334636,208299808,3680422037,15954931,6,3,4,0,1,4586,1252,61,0,0,0,0,5,75308228,2694166718,13410822,1,132991580,986255319,2544109,1256867710,1803250558,127246706,148942366,69655881,202317573,4561471,33157206,279474687,321906450,0,0,0,0,5eb7747ecbde451de49ea2bb0b40c31b43aa1915d4f074ed405d0301b7d991a6
10520,109,8827445448,8815752873,11232971,40,363689,95825,50,2043114326,421832,92391519,192073333,482580768,407283002,186200974,550305995,131833742,208306340,3680322541,16150512,6,3,4,0,1,4586,1252,61,0,0,0,0,5,75258596,2694063893,13594282,1,133047744,986258648,2556230,1253159247,1801147538,124648367,157419956,72017825,202359166,4505128,33163256,284880698,328037264,0,0,0,0,5eb7747ecbde451de49ea2bb0b40c31b43aa1915d4f074ed405d0301b7d991a6
10520,110,8827447848,8815757394,11230961,60,364028,95345,60,2042215099,424682,92492195,189369673,485199814,406880622,186582846,550514792,130724626,208288389,3680386235,15994883,6,3,4,0,1,4586,1252,61,0,0,0,0,5,75300838,2694076814,13502116,1,132987551,986309421,2492767,1241553013,1797306388,137264045,154397100,68656668,202315714,4547671,33174816,273273424,344555746,0,0,0,0,5eb7747ecbde451de49ea2bb0b40c31b43aa1915d4f074ed405d0301b7d991a6
10520,111,8827446558,8815796066,11191249,40,363628,95535,40,2042944649,404931,92401168,192194610,482455922,407385661,186102459,550295622,131677295,208326000,3680324142,16120228,6,3,4,0,1,4586,1252,61,0,0,0,0,5,75281247,2694036362,13595719,1,133044753,986287780,2524509,1217366136,1801003271,136051575,174600990,69713643,202355434,4509540,33171686,285985709,376242767,0,0,0,0,5eb7747ecbde451de49ea2bb0b40c31b43aa1915d4f074ed405d0301b7d991a6
10520,112,8827448328,8815751783,11236011,51,365148,95295,40,2045366440,406772,92533724,193538548,481015180,406416630,187047306,550587959,133802850,208295937,3680568365,15815264,6,3,4,0,1,4586,1252,61,0,0,0,0,5,75305257,2694214841,13369020,1,132990680,986353524,2446244,1234189274,1804002621,137952636,158051419,65867167,202315614,4553561,33165386,211988903,369259676,0,0,0,0,5eb7747ecbde451de49ea2bb0b40c31b43aa1915d4f074ed405d0301b7d991a6
10520,113,8827446098,8815748433,11238941,40,363329,95305,50,2045152490,431366,92370393,193882536,480783268,406386109,187107700,550304384,133870323,208314330,3680501373,15929299,6,3,4,0,1,4586,1252,61,0,0,0,0,5,75285417,2694185731,13431863,1,133028913,986315642,2497436,1247191846,1801567909,135904949,155495125,68247216,202357195,4511669,33165596,328252768,322927123,0,0,0,0,5eb7747ecbde451de49ea2bb0b40c31b43aa1915d4f074ed405d0301b7d991a6
10520,114,8827448068,8815755664,11232300,51,366108,93895,50,2044870013,423604,92538940,193461798,481083522,406412440,187043787,550573544,133315418,208305319,3680586157,15788871,6,3,4,0,1,4586,1252,61,0,0,0,0,5,75312268,2694258054,13321906,1,132993051,986328103,2466965,1271607434,1797699065,121272512,151411330,67010094,202314512,4553542,33164226,307736598,336115425,0,0,0,0,5eb7747ecbde451de49ea2bb0b40c31b43aa1915d4f074ed405d0301b7d991a6
10520,115,8827446468,8815759604,11228310,40,363079,95375,60,2046046447,444664,92359645,193843043,480822700,406742495,186748584,550313555,134754180,208321530,3680494961,15916168,6,3,4,0,1,4586,1252,61,0,0,0,0,5,75289617,2694206511,13410550,1,133031913,986288450,2505618,1258202077,1798952038,123275053,157584878,67708825,202359476,4508479,33161195,331384651,287271916,0,0,0,0,5eb7747ecbde451de49ea2bb0b40c31b43aa1915d4f074ed405d0301b7d991a6
10520,116,8827448168,8815759684,11228120,40,365319,94945,60,2045686246,421312,93385638,191933976,481763740,406328063,187125200,550575018,134141599,208311679,3680650890,15731508,6,3,4,0,1,4586,1252,61,0,0,0,0,5,75318879,2694337788,13246552,1,132992800,986313102,2484956,1260087834,1796473465,135394954,146287544,66118357,202314303,4553492,33164456,288378435,334732837,0,0,0,0,5eb7747ecbde451de49ea2bb0b40c31b43aa1915d4f074ed405d0301b7d991a6
10520,117,8827446858,8815744283,11243362,49,363719,95395,50,2046109069,415950,92443992,194558719,480060612,406055283,187427064,550326364,134803895,208314172,3680570845,15873047,6,3,4,0,1,4586,1252,61,0,0,0,0,5,75287019,2694255364,13374359,1,133027153,986315481,2498688,1285691666,1797333910,122600433,134933680,69883970,202358136,4511409,33166856,336599118,331419418,0,0,0,0,5eb7747ecbde451de49ea2bb0b40c31b43aa1915d4f074ed405d0301b7d991a6
10520,118,8827448758,8815748593,11238892,40,364198,96875,160,2045905416,448026,92506452,192829121,481733938,406233318,187213517,550570076,134354389,208300828,3680576347,15803341,6,3,4,0,1,4586,1252,61,0,0,0,0,5,75310738,2694241594,13339476,1,132990090,986334753,2463865,1251926424,1798158884,134593715,150459113,69991476,202312033,4553471,33171466,303287695,333248901,0,0,0,0,5eb7747ecbde451de49ea2bb0b40c31b43aa1915d4f074ed405d0301b7d991a6
10520,119,8827446538,8815740673,11246682,40,363518,95545,80,2045452915,458214,92341874,194111040,480567017,406356646,187127631,550320064,134152957,208335389,3680510664,15903667,6,3,4,0,1,4586,1252,61,0,0,0,0,5,75295916,2694201212,13418881,1,133039473,986309452,2484786,1259065279,1796751565,129465837,152941121,69552501,202359766,4509629,33171496,331022600,329560731,0,0,0,0,5eb7747ecbde451de49ea2bb0b40c31b43aa1915d4f074ed405d0301b7d991a6
10520,120,8827448168,8815771954,11215031,60,364928,96145,50,2043510067,394132,92556545,189381987,485156732,406700492,186760173,550557425,131983371,208292467,3680379956,16006233,6,3,4,0,1,4586,1252,61,0,0,0,0,5,75304347,2694054224,13532267,1,132988120,986325732,2473966,1232507677,1793331021,132644135,172341886,67462436,202315463,4549731,33167366,326272731,365333361,0,0,0,0,5eb7747ecbde451de49ea2bb0b40c31b43aa1915d4f074ed405d0301b7d991a6
10520,121,8827446088,8815773234,11214450,60,362769,95515,60,2042809482,437034,92397924,191884576,482738218,406267302,187226198,550289313,131538747,208312090,3680406237,16041405,6,3,4,0,1,4586,1252,61,0,0,0,0,5,75271597,2694094046,13538937,1,133040493,986312191,2502468,1222885346,1800545580,132927358,173563404,67993980,202352156,4513969,33163665,349604262,367233677,0,0,0,0,5eb7747ecbde451de49ea2bb0b40c31b43aa1915d4f074ed405d0301b7d991a6
10520,122,8827447838,8815766324,11221970,51,363488,95945,60,2043135747,389881,92588608,190759097,483769221,406728294,186719271,550549075,131607061,208271585,3680401748,16003743,6,3,4,0,1,4586,1252,61,0,0,0,0,5,75284035,2694091607,13514966,1,132987550,986310141,2488777,1218941717,1800583134,135298297,174502244,70050110,202313514,4553131,33165455,326748854,371830041,0,0,0,0,5eb7747ecbde451de49ea2bb0b40c31b43aa1915d4f074ed405d0301b7d991a6
10520,123,8827445748,8815771934,11215850,40,362429,95445,50,2043396873,431945,92402748,191751166,482871433,406712636,186778413,550294223,132134156,208310868,3680413839,16000722,6,3,4,0,1,4586,1252,61,0,0,0,0,5,75265465,2694116208,13504085,1,133045403,986297631,2496637,1222059930,1802176081,132317739,173138316,67867961,202349725,4515290,33169986,313784017,368664410,0,0,0,0,5eb7747ecbde451de49ea2bb0b40c31b43aa1915d4f074ed405d0301b7d991a6
10520,124,8827448268,8815768854,11218111,49,364649,96545,60,2043294676,419251,92553514,191107024,483420087,406296951,187157851,550522345,131793520,208302216,3680424348,15958082,6,3,4,0,1,4586,1252,61,0,0,0,0,5,75310376,2694106066,13480196,1,132991840,986318282,2477886,1231446515,1799853092,133661628,168375204,70491090,202313383,4552631,33170626,319338025,373492365,0,0,0,0,5eb7747ecbde451de49ea2bb0b40c31b43aa1915d4f074ed405d0301b7d991a6
10520,125,8827446258,8815770714,11216621,40,363218,95615,50,2043351820,422043,92420628,192703464,481916448,406784400,186702727,550309644,132066294,208321469,3680343294,16096937,6,3,4,0,1,4586,1252,61,0,0,0,0,5,75275096,2694077125,13554978,1,133046373,986266169,2541959,1225769490,1800138551,134506533,168863300,72010661,202352894,4515180,33158645,273119161,369762705,0,0,0,0,5eb7747ecbde451de49ea2bb0b40c31b43aa1915d4f074ed405d0301b7d991a6
10520,126,8827448028,8815769094,11219610,40,363259,95965,60,2043730518,409103,92521563,191791518,482771072,406224286,187225490,550543873,132220302,208292647,3680337235,16051955,6,3,4,0,1,4586,1252,61,0,0,0,0,5,75304887,2694050845,13536947,1,132987760,986286390,2515008,1230468450,1799631281,131604558,169806623,68417499,202311432,4552702,33170766,295665369,367576044,0,0,0,0,5eb7747ecbde451de49ea2bb0b40c31b43aa1915d4f074ed405d0301b7d991a6
10520,127,8827446618,8815772765,11214539,60,364679,94525,50,2043525547,431073,92406157,189934045,484692728,406849051,186646308,550302592,132239951,208317219,3680476102,15960890,6,3,4,0,1,4586,1252,61,0,0,0,0,5,75276396,2694172311,13454963,1,133040823,986303791,2505927,1207180397,1803895115,139136202,176500767,70275445,202351416,4514839,33166396,321650748,392015387,0,0,0,0,5eb7747ecbde451de49ea2bb0b40c31b43aa1915d4f074ed405d0301b7d991a6
10521,0,9015885124,9002836541,12529716,410,420932,97465,60,2012578460,396420,93282831,190261930,475880703,397329620,157103756,559530927,138771320,209165491,3940218279,16050555,6,3,4,0,1,4565,1216,61,0,0,0,0,5,76077286,2698716140,13476504,1,133088205,1241502139,2574051,1409355911,1834608216,168220919,143853277,83007815,207135665,6057618,33262171,275994533,319738689,0,0,0,0,5eb7747ecbde451de49ea2bb0b40c31b43aa1915d4f074ed405d0301b7d991a6
10521,1,9015885994,9002857911,12510916,40,419472,97595,60,2011996191,370288,93175377,186680075,479552550,396956605,157503084,559264522,138470147,209186569,3940202419,16178321,6,3,4,0,1,4565,1216,61,0,0,0,0,5,76088055,2698708760,13560778,1,133098514,1241493659,2617543,1398520007,1838670779,159469259,161199440,88356605,207159047,6038387,33251969,266721587,294382215,0,0,0,0,5eb7747ecbde451de49ea2bb0b40c31b43aa1915d4f074ed405d0301b7d991a6
10521,2,9015886334,9002853451,12513296,970,421142,97315,160,2012057573,341697,93286082,187461307,478756612,396722058,157690654,559527517,138250245,209155301,3940185506,16094319,6,3,4,0,1,4565,1216,61,0,0,0,0,5,76072297,2698697597,13501427,1,133083004,1241487909,2592892,1394773434,1836164778,163044054,157646523,82523654,207128015,6068798,33262491,248649558,302610049,0,0,0,0,5eb7747ecbde451de49ea2bb0b40c31b43aa1915d4f074ed405d0301b7d991a6
10521,3,9015885974,9002914344,12453703,60,420272,97545,50,2012323155,368166,93189508,187548300,478683707,397198126,157270932,559258291,138779183,209221783,3940194406,16163522,6,3,4,0,1,4565,1216,61,0,0,0,0,5,76116937,2698702758,13547189,1,133104846,1241491648,2616333,1383439575,1838610783,154555735,170979927,87148707,207159577,6044217,33254720,268474153,291688269,0,0,0,0,5eb7747ecbde451de49ea2bb0b40c31b43aa1915d4f074ed405d0301b7d991a6
10521,4,9015887224,9002857972,12509995,40,421872,97295,50,2012124146,375559,93222457,187573403,478640647,396860645,157590921,559502615,138334078,209152700,3940162006,16110159,6,3,4,0,1,4565,1216,61,0,0,0,0,5,76063775,2698680808,13514407,1,133088925,1241481198,2595752,1405931717,1835162369,155553104,154376783,86358454,207124075,6075649,33250209,251240479,276868320,0,0,0,0,5eb7747ecbde451de49ea2bb0b40c31b43aa1915d4f074ed405d0301b7d991a6
10521,5,9015885764,9002859252,12507915,50,420732,97725,90,2011760136,353949,93224650,186957930,479250024,397048628,157430432,559268292,138202362,209187412,3940166345,16190372,6,3,4,0,1,4565,1216,61,0,0,0,0,5,76116299,2698671786,13573179,1,133071113,1241494559,2617193,1393887621,1839123813,160390638,157317684,85998255,207160437,6036826,33262421,321907689,288454071,0,0,0,0,5eb7747ecbde451de49ea2bb0b40c31b43aa1915d4f074ed405d0301b7d991a6
10521,6,9015887924,9002856421,12511846,280,420622,98695,60,2011996159,367966,93212681,186273483,479986575,396834556,157576838,559494807,138227664,209185511,3940173496,16085719,6,3,4,0,1,4565,1216,61,0,0,0,0,5,76099186,2698701058,13482417,1,133086325,1241472438,2603302,1406994469,1836082468,156670419,155070208,83331419,207125945,6077099,33254450,245262473,299939450,0,0,0,0,5eb7747ecbde451de49ea2bb0b40c31b43aa1915d4f074ed405d0301b7d991a6
10521,7,9015885974,9002851201,12516516,50,420452,97665,90,2011808952,378560,93208428,188147431,478056964,396727401,157725756,559287144,138257656,209209932,3940173387,16194192,6,3,4,0,1,4565,1216,61,0,0,0,0,5,76109907,2698678868,13577159,1,133100025,1241494519,2617033,1416344362,1834435756,152314088,155926605,86074937,207161347,6033766,33262831,266081217,290304756,0,0,0,0,5eb7747ecbde451de49ea2bb0b40c31b43aa1915d4f074ed405d0301b7d991a6
10521,8,9015883843,9002917054,12443462,50,425652,97545,80,2009561806,336678,93259289,184664295,481532370,397829180,156619238,559464064,135825961,209161090,3940025870,16259246,6,3,4,0,1,4565,1216,61,0,0,0,0,5,76075145,2698590034,13617832,1,133085945,1241435836,2641414,1362173784,1831343617,167443192,177682241,83579612,207135305,6053078,33264611,324448755,321246731,0,0,0,0,5eb7747ecbde451de49ea2bb0b40c31b43aa1915d4f074ed405d0301b7d991a6
10521,9,9015885184,9002853911,12512986,350,420432,97455,50,2009027018,364099,93232469,185672353,480519641,397436736,157035322,559245102,135486795,209185842,3940067840,16312579,6,3,4,0,1,4565,1216,61,0,0,0,0,5,76102408,2698605703,13661574,1,133083434,1241462137,2651005,1357093423,1836733895,161414537,184645779,86070951,207167237,6025736,33254270,301335399,321632686,0,0,0,0,5eb7747ecbde451de49ea2bb0b40c31b43aa1915d4f074ed405d0301b7d991a6
10521,10,9015887474,9002842601,12521856,50,424782,98125,60,2009596587,304457,93320183,186920359,479276456,398073269,156354648,559509646,135794719,209148990,3940066649,16210716,6,3,4,0,1,4565,1216,61,0,0,0,0,5,76055735,2698621373,13588112,1,133093255,1241445276,2622604,1355589977,1836733692,157371824,191732755,91322982,207127505,6070959,33253699,263001386,324550787,0,0,0,0,5eb7747ecbde451de49ea2bb0b40c31b43aa1915d4f074ed405d0301b7d991a6
10521,11,9015885424,9002862322,12503795,40,422342,96875,50,2009654220,404680,93192559,186005952,480206043,397971034,156491154,559261332,136089065,209174100,3939979985,16371392,6,3,4,0,1,4565,1216,61,0,0,0,0,5,76091456,2698534679,13716217,1,133082644,1241445306,2655175,1368652924,1840366159,164311733,170483115,84855268,207165737,6023736,33274651,275271161,326875415,0,0,0,0,5eb7747ecbde451de49ea2bb0b40c31b43aa1915d4f074ed405d0301b7d991a6
10521,12,9015887384,9002835220,12531797,40,421842,98445,40,2009837200,364298,93193124,185882256,480354365,397723091,156725387,559462219,136110438,209144580,3940032799,16261367,6,3,4,0,1,4565,1216,61,0,0,0,0,5,76062396,2698585702,13626623,1,133082184,1241447097,2634744,1471201637,1836110584,151154389,83465117,84636277,207126705,6076969,33267581,252798097,326698698,0,0,0,0,5eb7747ecbde451de49ea2bb0b40c31b43aa1915d4f074ed405d0301b7d991a6
10521,13,9015885654,9002841261,12522806,40,424062,97305,180,2009755414,349918,93196337,185683396,480565482,398185196,156279982,559256022,136213692,209158449,3939960095,16423826,6,3,4,0,1,4565,1216,61,0,0,0,0,5,76069615,2698519028,13756331,1,133088834,1241441067,2667495,1363372218,1838784357,151792371,187608398,86911641,207160517,6037946,33265411,268015432,319762582,0,0,0,0,5eb7747ecbde451de49ea2bb0b40c31b43aa1915d4f074ed405d0301b7d991a6
10521,14,9015884704,9002830810,12529857,420,426112,97445,60,2009534526,356205,93231301,184501044,481719972,398035529,156388518,559470211,135804193,209148190,3939931705,16349751,6,3,4,0,1,4565,1216,61,0,0,0,0,5,76057455,2698539311,13670605,1,133090735,1241392394,2679146,1368030542,1838528219,159150926,178040497,84067824,207125095,6064528,33270171,242641727,332287611,0,0,0,0,5eb7747ecbde451de49ea2bb0b40c31b43aa1915d4f074ed405d0301b7d991a6
10521,15,9015883374,9002880003,12481194,60,424442,97575,100,2009888622,374256,93190618,184949991,481264705,398315611,156151098,559263390,136350860,209173820,3940134356,16237183,6,3,4,0,1,4565,1216,61,0,0,0,0,5,76087236,2698603705,13669963,1,133086584,1241530651,2567220,1330465413,1841832853,156708556,202904936,88101144,207228220,5974244,33256210,268213522,347546528,0,0,0,0,5eb7747ecbde451de49ea2bb0b40c31b43aa1915d4f074ed405d0301b7d991a6
10521,16,9015887264,9002839731,12528636,70,421662,97105,60,2012581471,463895,93151105,187242614,478987632,396497493,157922965,559543826,138754161,209139989,3940088503,16192163,6,3,4,0,1,4565,1216,61,0,0,0,0,5,76070116,2698646856,13552859,1,133069873,1241441647,2639304,1396302244,1840883660,160701241,157004337,83599153,207132025,6065739,33256130,332151661,302055822,0,0,0,0,5eb7747ecbde451de49ea2bb0b40c31b43aa1915d4f074ed405d0301b7d991a6
10521,17,9015885724,9002830100,12538197,40,419942,97395,50,2011978157,429850,93169627,188758502,477478125,396460749,158021010,559259272,138388523,209232453,3940116125,16258575,6,3,4,0,1,4565,1216,61,0,0,0,0,5,76118597,2698623786,13646143,1,133113856,1241492339,2612432,1393021264,1836613781,149561732,175754904,83988675,207164197,6035717,33254590,337692530,279834847,0,0,0,0,5eb7747ecbde451de49ea2bb0b40c31b43aa1915d4f074ed405d0301b7d991a6
10521,18,9015885374,9002834050,12532167,520,421822,96755,60,2012433895,410921,93202578,186595381,479634496,396897778,157526288,559537640,138608200,209146529,3940218360,16088427,6,3,4,0,1,4565,1216,61,0,0,0,0,5,76060865,2698750372,13470684,1,133085664,1241467988,2617743,1415643939,1834608608,164003187,142810803,81244269,207127885,6069149,33253289,273651084,270653140,0,0,0,0,5eb7747ecbde451de49ea2bb0b40c31b43aa1915d4f074ed405d0301b7d991a6
10521,19,9015883744,9002824680,12541517,50,419962,97485,50,2012483956,437993,93136233,188121380,478127149,396760593,157710167,559272961,138904298,209244095,3940116423,16237755,6,3,4,0,1,4565,1216,61,0,0,0,0,5,76132109,2698657966,13593821,1,133111986,1241458457,2643934,1390843453,1838899357,161329298,166476001,84242762,207163407,6031267,33253339,380392391,272737941,0,0,0,0,5eb7747ecbde451de49ea2bb0b40c31b43aa1915d4f074ed405d0301b7d991a6
10521,20,9015886794,9002815869,12552498,70,421332,96955,70,2011254903,440921,93185478,187749023,478470053,396685931,157742026,559532516,137426404,209165160,3940194858,16099749,6,3,4,0,1,4565,1216,61,0,0,0,0,5,76073796,2698708009,13499757,1,133091364,1241486849,2599992,1390389970,1838181425,170103558,151231945,84168990,207124115,6071339,33259290,339475814,265751662,0,0,0,0,5eb7747ecbde451de49ea2bb0b40c31b43aa1915d4f074ed405d0301b7d991a6
10521,21,9015884614,9002834770,12532217,50,420932,96595,50,2012383778,380189,93195736,188942730,477307098,396810117,157625291,559298744,138809021,209228563,3940087323,16282747,6,3,4,0,1,4565,1216,61,0,0,0,0,5,76128869,2698603314,13662134,1,133099694,1241484009,2620613,1414588210,1831949894,147349939,155012638,87053980,207163247,6029746,33265341,351711945,274974392,0,0,0,0,5eb7747ecbde451de49ea2bb0b40c31b43aa1915d4f074ed405d0301b7d991a6
10521,22,9015885834,9002821690,12545507,50,421832,96715,40,2011940178,431954,93200656,187266238,478962800,395997585,158434752,559503387,138125276,209127088,3940133606,16178741,6,3,4,0,1,4565,1216,61,0,0,0,0,5,76043494,2698683279,13539927,1,133083594,1241450327,2638814,1408359844,1831792091,155154427,158616714,81797741,207128075,6075839,33244159,334034494,288171675,0,0,0,0,5eb7747ecbde451de49ea2bb0b40c31b43aa1915d4f074ed405d0301b7d991a6
10521,23,9015886144,9002840620,12527667,40,420312,97355,150,2011919708,423901,93158134,188299069,477950330,396877738,157583560,559283433,138324300,209232703,3940227387,16127431,6,3,4,0,1,4565,1216,61,0,0,0,0,5,76129228,2698730838,13522769,1,133103475,1241496549,2604662,1413016949,1833903822,159895968,152414293,85473694,207166517,6028017,33259820,322501375,277199361,0,0,0,0,5eb7747ecbde451de49ea2bb0b40c31b43aa1915d4f074ed405d0301b7d991a6
10521,24,9015886704,9002815100,12548887,50,425062,97535,70,2009621449,379039,93229378,184717318,481499299,397127742,157295404,559512806,135829903,209157209,3940058261,16254236,6,3,4,0,1,4565,1216,61,0,0,0,0,5,76063805,2698590043,13641533,1,133093404,1241468218,2612703,1379027122,1836590987,155788833,172788971,89686823,207134676,6059557,33256541,307035532,306909688,0,0,0,0,5eb7747ecbde451de49ea2bb0b40c31b43aa1915d4f074ed405d0301b7d991a6
10521,25,9015884004,9002824160,12540127,40,422212,97425,40,2009636861,341836,93221269,185996753,480243984,397454269,157004400,559249872,136093636,209236314,3940005917,16361102,6,3,4,0,1,4565,1216,61,0,0,0,0,5,76120738,2698543120,13717807,1,133115576,1241462797,2643295,1370227358,1838069212,157082299,179398774,88904563,207163837,6036547,33254120,326518201,307426832,0,0,0,0,5eb7747ecbde451de49ea2bb0b40c31b43aa1915d4f074ed405d0301b7d991a6
10521,26,9015887114,9002828350,12535757,40,424692,98135,140,2009417047,358586,93255459,185828736,480387421,396953403,157465524,559509086,135631800,209123898,3940071021,16228145,6,3,4,0,1,4565,1216,61,0,0,0,0,5,76034804,2698607774,13606021,1,133089094,1241463247,2622124,1381291481,1838218751,155900862,173198151,86493700,207134795,6062709,33256470,283527541,297405654,0,0,0,0,5eb7747ecbde451de49ea2bb0b40c31b43aa1915d4f074ed405d0301b7d991a6
10521,27,9015884254,9002829880,12534367,1570,420842,97535,60,2009725081,397458,93179728,186209014,480040784,397247916,157226054,559239819,136157798,209221923,3940046519,16315719,6,3,4,0,1,4565,1216,61,0,0,0,0,5,76109637,2698584752,13681155,1,133112286,1241461767,2634564,1382695331,1841243148,163864284,162978045,86562398,207163087,6035767,33252829,310673665,290321048,0,0,0,0,5eb7747ecbde451de49ea2bb0b40c31b43aa1915d4f074ed405d0301b7d991a6
10521,28,9015886584,9002873772,12490285,50,424752,97575,150,2009801406,415440,93196096,184819473,481398295,397663189,156783270,559476992,136022662,209150239,3940017629,16286018,6,3,4,0,1,4565,1216,61,0,0,0,0,5,76058715,2698583863,13636473,1,133091524,1241433766,2649545,1382880371,1838497459,163975045,163883702,87860274,207134975,6069399,33250270,295916213,280451694,0,0,0,0,5eb7747ecbde451de49ea2bb0b40c31b43aa1915d4f074ed405d0301b7d991a6
10521,29,9015884334,9002827030,12537267,1660,420952,97375,50,2010036710,355038,93208318,184590122,481652895,398032409,156417170,559279573,136470804,209215963,3939948395,16430374,6,3,4,0,1,4565,1216,61,0,0,0,0,5,76106498,2698506719,13768178,1,133109465,1241441676,2662196,1424802407,1838822812,155875394,136790631,82734019,207159987,6035546,33259181,286320815,282460514,0,0,0,0,5eb7747ecbde451de49ea2bb0b40c31b43aa1915d4f074ed405d0301b7d991a6
10521,30,9015885254,9002827470,12536767,50,423812,97095,60,2010007650,379840,93230199,186060934,480154122,397248959,157187038,559501696,136218971,209160030,3940020887,16271079,6,3,4,0,1,4565,1216,61,0,0,0,0,5,76070196,2698561030,13643095,1,133089834,1241459857,2627984,1383237495,1836468744,152991135,174593903,89894223,207133945,6061508,33256201,295146671,286827001,0,0,0,0,5eb7747ecbde451de49ea2bb0b40c31b43aa1915d4f074ed405d0301b7d991a6
10521,31,9015884894,9002826840,12537367,60,422872,97705,50,2009249329,410891,93168813,185854646,480384333,397651270,156800097,559268712,135680266,209230303,3939994847,16359920,6,3,4,0,1,4565,1216,61,0,0,0,0,5,76118398,2698525609,13731587,1,133111905,1241469238,2628333,1351853796,1836432825,163794307,186926462,82302057,207196069,5998874,33257330,199265384,331086959,0,0,0,0,5eb7747ecbde451de49ea2bb0b40c31b43aa1915d4f074ed405d0301b7d991a6
10521,32,9015886194,9002903334,12464903,40,422412,95445,60,2012338418,324804,93242661,187503887,478737619,396644587,157768531,559512825,138585510,209157772,3940184796,16082408,6,3,4,0,1,4565,1216,61,0,0,0,0,5,76076488,2698691897,13496606,1,133081284,1241492899,2585802,1401226056,1837339272,154942295,158564618,84452712,207138406,6052977,33262361,322340283,305433566,0,0,0,0,5eb7747ecbde451de49ea2bb0b40c31b43aa1915d4f074ed405d0301b7d991a6
10521,33,9015885394,9002924125,12444272,40,419542,97355,60,2012184880,344677,93144574,189296850,476980191,396358084,158092135,559260109,138688959,209195303,3940163785,16208685,6,3,4,0,1,4565,1216,61,0,0,0,0,5,76110309,2698653385,13604262,1,133084994,1241510400,2604423,1386825793,1835568447,153884209,171699466,89229442,207174567,6016876,33259751,342077882,279394591,0,0,0,0,5eb7747ecbde451de49ea2bb0b40c31b43aa1915d4f074ed405d0301b7d991a6
10521,34,9015886114,9002895533,12472474,40,421022,96995,50,2011879674,285214,93246790,187660526,478591314,396607135,157804251,559527577,138135475,209152191,3940130604,16143099,6,3,4,0,1,4565,1216,61,0,0,0,0,5,76071577,2698669476,13523586,1,133080614,1241461128,2619513,1405558533,1837092267,163804423,148110844,84773656,207125525,6068448,33261461,342076540,270156932,0,0,0,0,5eb7747ecbde451de49ea2bb0b40c31b43aa1915d4f074ed405d0301b7d991a6
10521,35,9015885554,9002891243,12477014,40,419712,97495,50,2012610313,307545,93168226,188567683,477699907,396521389,157938559,559263792,139120700,209188862,3940147756,16221222,6,3,4,0,1,4565,1216,61,0,0,0,0,5,76105108,2698668767,13591149,1,133083754,1241478989,2630073,1412669289,1837992077,154814048,154448320,92946114,207167617,6025396,33264481,354978921,273310357,0,0,0,0,5eb7747ecbde451de49ea2bb0b40c31b43aa1915d4f074ed405d0301b7d991a6
10521,36,9015886364,9002883993,12484394,40,420622,97265,50,2012299395,323657,93198668,187246857,479011002,396343613,158087464,559504887,138563187,209158439,3940276153,16008304,6,3,4,0,1,4565,1216,61,0,0,0,0,5,76076035,2698717090,13487736,1,133082404,1241559063,2520568,1459137308,1842551044,163826120,148990227,86442994,207123915,6069548,33257911,356307139,268429160,0,0,0,0,5eb7747ecbde451de49ea2bb0b40c31b43aa1915d4f074ed405d0301b7d991a6
10521,37,9015885774,9002889353,12478924,60,420102,97285,50,2011953127,323660,93182656,187800592,478461425,396631489,157807449,559283153,138438773,209173570,3940161466,16190272,6,3,4,0,1,4565,1216,61,0,0,0,0,5,76099137,2698656926,13584650,1,133074433,1241504540,2605622,1382484323,1837702947,164579261,162718968,81046285,207168677,6023286,33263121,373279898,273967511,0,0,0,0,5eb7747ecbde451de49ea2bb0b40c31b43aa1915d4f074ed405d0301b7d991a6
10521,38,9015887244,9002880943,12486244,60,422372,97255,370,2011937406,307843,93226231,188548661,477721799,396090857,158303248,559510565,138211414,209162321,3940171276,16109689,6,3,4,0,1,4565,1216,61,0,0,0,0,5,76081917,2698691248,13509296,1,133080404,1241480028,2600393,1413985915,1837071229,155702220,149022302,87252499,207130865,6060628,33260141,342978723,274131536,0,0,0,0,5eb7747ecbde451de49ea2bb0b40c31b43aa1915d4f074ed405d0301b7d991a6
10521,39,9015885804,9002909954,12458263,50,422562,94925,50,2012163367,339817,93146417,189043009,477238318,396229057,158211173,559272611,138659314,209198262,3940123714,16225583,6,3,4,0,1,4565,1216,61,0,0,0,0,5,76116528,2698645196,13593029,1,133081734,1241478518,2632554,1424285130,1834087116,155213469,147829876,87432765,207167417,6024886,33261041,373995780,263940608,0,0,0,0,5eb7747ecbde451de49ea2bb0b40c31b43aa1915d4f074ed405d0301b7d991a6
10521,40,9015886314,9002902234,12460403,50,426352,97215,60,2009688069,290915,93233520,184986668,481256348,397948546,156487851,559450844,136003328,209137478,3940115835,16176012,6,3,4,0,1,4565,1216,61,0,0,0,0,5,76056114,2698668228,13543538,1,133081364,1241447607,2632474,1395440347,1838751198,153699947,168570312,86929046,207140156,6049407,33265071,343310028,283177409,0,0,0,0,5eb7747ecbde451de49ea2bb0b40c31b43aa1915d4f074ed405d0301b7d991a6
10521,41,9015885514,9002897974,12466263,40,423142,98035,60,2009685760,315354,93193729,186905018,479356920,398005507,156448040,559251253,136186249,209202593,3939999879,16369799,6,3,4,0,1,4565,1216,61,0,0,0,0,5,76117358,2698530021,13723125,1,133085235,1241469858,2646674,1381905855,1838285832,153769124,176201085,84915460,207167887,6019776,33259620,352771472,291145590,0,0,0,0,5eb7747ecbde451de49ea2bb0b40c31b43aa1915d4f074ed405d0301b7d991a6
10521,42,9015885944,9002928505,12434892,60,425232,97195,60,2009286571,234133,93282631,183776688,482486782,397883999,156528365,559487637,135575245,209143361,3940012056,16267448,6,3,4,0,1,4565,1216,61,0,0,0,0,5,76062707,2698572990,13627423,1,133080654,1241439066,2640025,1377955342,1834814708,164835344,169188496,84190999,207134955,6059668,33260090,324705705,300296865,0,0,0,0,5eb7747ecbde451de49ea2bb0b40c31b43aa1915d4f074ed405d0301b7d991a6
10521,43,9015885234,9002895824,12468443,40,423432,97365,130,2009624308,319334,93197009,185355699,480909778,398061421,156396039,559250360,136110217,209188151,3940033299,16312468,6,3,4,0,1,4565,1216,61,0,0,0,0,5,76104087,2698551541,13691295,1,133084064,1241481758,2621173,1390125106,1839960412,151862805,169918360,90460379,207168877,6024556,33259601,297116520,287989624,0,0,0,0,5eb7747ecbde451de49ea2bb0b40c31b43aa1915d4f074ed405d0301b7d991a6
10521,44,9015885774,9002896264,12469123,70,423142,97105,70,2009477041,277393,93234541,185829153,480428894,397920173,156510044,559457041,135790362,209149721,3940002839,16295767,6,3,4,0,1,4565,1216,61,0,0,0,0,5,76069277,2698553842,13662923,1,133080444,1241448997,2632844,1382282807,1839676874,153314201,172002885,85046624,207133435,6057748,33265981,316060556,292334732,0,0,0,0,5eb7747ecbde451de49ea2bb0b40c31b43aa1915d4f074ed405d0301b7d991a6
10521,45,9015885724,9002902484,12460933,40,424662,97555,50,2009182847,299235,93220369,185608342,480644436,397542792,156904225,559252682,135677565,209192352,3939958235,16440086,6,3,4,0,1,4565,1216,61,0,0,0,0,5,76109278,2698483077,13796512,1,133083074,1241475158,2643574,1386802722,1838710863,152292518,172112833,88418007,207160397,6032026,33263741,328785123,300694287,0,0,0,0,5eb7747ecbde451de49ea2bb0b40c31b43aa1915d4f074ed405d0301b7d991a6
10521,46,9015887184,9002892743,12469594,50,427582,97155,60,2010013701,300016,93218916,186474947,479783452,398148464,156268492,559478374,136312846,209167071,3939979047,16303619,6,3,4,0,1,4565,1216,61,0,0,0,0,5,76080607,2698529340,13676165,1,133086464,1241449707,2627454,1396953896,1836542530,157320672,159176939,90602770,207133365,6056188,33262201,302695201,289903483,0,0,0,0,5eb7747ecbde451de49ea2bb0b40c31b43aa1915d4f074ed405d0301b7d991a6
10521,47,9015885974,9002897354,12466273,40,424412,97845,50,2009697761,305463,93204031,186901645,479370791,397664130,156775669,559260981,136186039,209190651,3940043821,16337850,6,3,4,0,1,4565,1216,61,0,0,0,0,5,76106658,2698559642,13706756,1,133083993,1241484179,2631094,1339987434,1839274062,163679136,196539854,87084255,207212069,5976864,33266281,334638322,345944923,0,0,0,0,5eb7747ecbde451de49ea2bb0b40c31b43aa1915d4f074ed405d0301b7d991a6
10521,48,9015886864,9002863222,12505935,41,422141,95475,50,2012344216,384601,93190286,187494889,478755780,396364964,158069632,559505157,138559739,209168351,3940075400,16201276,6,3,4,0,1,4565,1216,61,0,0,0,0,5,76078237,2698640064,13556671,1,133090114,1241435336,2644605,1385107187,1836485698,156754620,172239044,87084742,207133425,6061708,33258910,363898865,314971087,0,0,0,0,5eb7747ecbde451de49ea2bb0b40c31b43aa1915d4f074ed405d0301b7d991a6
10521,49,9015885964,9002829470,12535377,50,423552,97465,50,2012351880,409903,93172687,189752382,476508226,396508939,157954539,559259433,138767359,209246723,3940198938,16183093,6,3,4,0,1,4565,1216,61,0,0,0,0,5,76146969,2698710359,13560569,1,133099754,1241488579,2622524,1397889637,1836721862,159352524,160721901,89704436,207165417,6024026,33263741,352186206,284368042,0,0,0,0,5eb7747ecbde451de49ea2bb0b40c31b43aa1915d4f074ed405d0301b7d991a6
10521,50,9015886314,9002869672,12498355,60,421952,96215,60,2012655084,366530,93223459,188770103,477471614,396555651,157869916,559527619,138855574,209148459,3940123564,16173422,6,3,4,0,1,4565,1216,61,0,0,0,0,5,76055405,2698677737,13541188,1,133093054,1241445827,2632234,1380037790,1838253728,161942809,170392892,79100935,207126785,6072579,33256220,346446082,275136562,0,0,0,0,5eb7747ecbde451de49ea2bb0b40c31b43aa1915d4f074ed405d0301b7d991a6
10521,51,9015884564,9002828140,12535787,70,422942,97575,50,2011888414,412580,93148584,188377014,477888884,396484529,157966979,559277323,138315689,209274835,3940324414,16031785,6,3,4,0,1,4565,1216,61,0,0,0,0,5,76170650,2698838985,13411242,1,133104185,1241485429,2620543,1137000984,1844589777,145574094,349576860,84333265,207164447,6026426,33258520,378595787,353715649,0,0,0,0,5eb7747ecbde451de49ea2bb0b40c31b43aa1915d4f074ed405d0301b7d991a6
10521,52,9015886434,9002860382,12505935,50,423362,96645,60,2012066175,416891,93175987,186057458,480185549,396349332,158074486,559530766,138252644,209183152,3940231748,16049177,6,3,4,0,1,4565,1216,61,0,0,0,0,5,76088337,2698687866,13511778,1,133094815,1241543882,2537399,1416803172,1835311984,152131586,156174351,79122767,207126475,6071268,33253121,373907400,256698647,0,0,0,0,5eb7747ecbde451de49ea2bb0b40c31b43aa1915d4f074ed405d0301b7d991a6
10521,53,9015886424,9002863892,12504936,40,418981,98505,70,2011430400,342688,93200867,189557935,476710383,396529463,157905784,559282815,137881914,209248465,3940096893,16260346,6,3,4,0,1,4565,1216,61,0,0,0,0,5,76152620,2698685008,13561809,1,133095845,1241411885,2698537,1408227282,1835586447,155162872,161427054,82453786,207165087,6024736,33266601,371011901,264490676,0,0,0,0,5eb7747ecbde451de49ea2bb0b40c31b43aa1915d4f074ed405d0301b7d991a6
10521,54,9015886264,9002903814,12460173,40,424792,97405,40,2011952217,378319,93231140,186891307,479342239,396525872,157895116,559500715,138162910,209170949,3940047421,16240055,6,3,4,0,1,4565,1216,61,0,0,0,0,5,76079105,2698654297,13553548,1,133091844,1241393124,2686507,1400952567,1831703527,150974958,172310557,91907725,207130435,6072959,33246879,363734984,275261806,0,0,0,0,5eb7747ecbde451de49ea2bb0b40c31b43aa1915d4f074ed405d0301b7d991a6
10521,55,9015886424,9002862132,12504845,40,421482,97875,50,2012402491,372408,93198208,188543242,477721517,396254717,158185899,559293254,138809374,209228633,3940126735,16232934,6,3,4,0,1,4565,1216,61,0,0,0,0,5,76135169,2698682618,13568909,1,133093464,1241444117,2664025,1444406400,1828834801,160421139,151407240,88435920,207172377,6016036,33268581,402242119,262115224,0,0,0,0,5eb7747ecbde451de49ea2bb0b40c31b43aa1915d4f074ed405d0301b7d991a6
10521,56,9015885323,9002885822,12477434,80,424552,97385,50,2009803638,324616,93239980,185394261,480841966,398206167,156220190,559494282,136063486,209156469,3940069412,16230435,6,3,4,0,1,4565,1216,61,0,0,0,0,5,76059095,2698618525,13602071,1,133097374,1241450887,2628364,1402529602,1831273638,155488818,166244120,91828532,207140856,6053557,33261771,374481213,282831216,0,0,0,0,5eb7747ecbde451de49ea2bb0b40c31b43aa1915d4f074ed405d0301b7d991a6
10521,57,9015885353,9002830049,12533267,40,421452,100505,40,2009039731,355208,93193327,185280617,480979722,398352585,156089942,559269433,135490815,209238294,3940092613,16286317,6,3,4,0,1,4565,1216,61,0,0,0,0,5,76124548,2698624815,13643333,1,133113746,1241467798,2642984,1402840822,1838288600,150880227,164784635,87086363,207169857,6024346,33254550,362169999,270980600,0,0,0,0,5eb7747ecbde451de49ea2bb0b40c31b43aa1915d4f074ed405d0301b7d991a6
10521,58,9015883103,9002890582,12472794,50,422572,97055,50,2009574126,351257,93253982,186003681,480245276,397757605,156661063,559494254,135787178,209145050,3940061921,16237375,6,3,4,0,1,4565,1216,61,0,0,0,0,5,76053976,2698611924,13605071,1,133091074,1241449997,2632304,1392556781,1835522317,154877415,168978363,86148507,207135525,6062099,33252979,311656136,280278410,0,0,0,0,5eb7747ecbde451de49ea2bb0b40c31b43aa1915d4f074ed405d0301b7d991a6
10521,59,9015882544,9002820090,12543367,90,421312,97615,70,2009493843,381698,93182728,184705145,481554473,397884421,156568717,559260840,135928408,209226953,3940079931,16271867,6,3,4,0,1,4565,1216,61,0,0,0,0,5,76118687,2698612394,13642403,1,133108266,1241467537,2629464,1391579646,1839708467,162017538,160744573,83672703,207168097,6035217,33249290,344661912,281718348,0,0,0,0,5eb7747ecbde451de49ea2bb0b40c31b43aa1915d4f074ed405d0301b7d991a6
10521,60,9015883214,9002839251,12523946,40,423422,96505,50,2009128284,360139,93218980,186044792,480205554,397886714,156548625,559476951,135362019,209153590,3940058571,16253086,6,3,4,0,1,4565,1216,61,0,0,0,0,5,76061566,2698614084,13615382,1,133092024,1241444487,2637704,1394222460,1838996851,152048030,165213267,89420207,207135656,6069648,33249299,316089756,292276983,0,0,0,0,5eb7747ecbde451de49ea2bb0b40c31b43aa1915d4f074ed405d0301b7d991a6
10521,61,9015883303,9002819169,12544017,50,422262,97765,40,2009534076,350379,93216288,187859094,478411123,397896221,156551829,559261812,135967908,209231065,3940019367,16350681,6,3,4,0,1,4565,1216,61,0,0,0,0,5,76125409,2698544779,13717787,1,133105656,1241474588,2632894,1389476324,1837344583,156122847,171064741,91377149,207165887,6027556,33263621,318574619,292358609,0,0,0,0,5eb7747ecbde451de49ea2bb0b40c31b43aa1915d4f074ed405d0301b7d991a6
10521,62,9015883324,9002824320,12538987,1020,422972,95965,60,2009518823,343640,93261920,185548321,480687537,398132434,156289482,559490965,135738155,209164930,3940018850,16280398,6,3,4,0,1,4565,1216,61,0,0,0,0,5,76074446,2698581014,13636043,1,133090484,1241437836,2644355,1391122313,1837180251,154238303,169013465,83512019,207133625,6060368,33261191,304406367,289500579,0,0,0,0,5eb7747ecbde451de49ea2bb0b40c31b43aa1915d4f074ed405d0301b7d991a6
10521,63,9015885583,9002812708,12550488,40,423172,99125,50,2009607729,361829,93204797,186325431,479933097,398078811,156353278,559277041,136054065,209222113,3940047170,16308968,6,3,4,0,1,4565,1216,61,0,0,0,0,5,76117407,2698582413,13672144,1,133104706,1241464757,2636824,1361248400,1837080972,155362315,189132157,87904498,207203919,5988184,33256900,345198953,334446055,0,0,0,0,5eb7747ecbde451de49ea2bb0b40c31b43aa1915d4f074ed405d0301b7d991a6
10521,64,9015888634,9002839230,12526837,50,424072,98395,50,2013233684,488325,93166196,187160420,479082227,396106249,158306747,559526836,139381803,209180531,3940208188,16074728,6,3,4,0,1,4565,1216,61,0,0,0,0,5,76103537,2698722420,13469975,1,133076994,1241485768,2604753,1405900641,1838110863,157494605,152691302,88544625,207137875,6055378,33260920,320721301,314282176,0,0,0,0,5eb7747ecbde451de49ea2bb0b40c31b43aa1915d4f074ed405d0301b7d991a6
10521,65,9015885904,9002837211,12530476,40,420732,97395,50,2013114538,467216,93126155,188422382,477835333,396201895,158240173,559258723,139545408,209212651,3940247421,16140871,6,3,4,0,1,4565,1216,61,0,0,0,0,5,76118267,2698726380,13543919,1,133094384,1241521041,2596952,1399184949,1834360819,161464123,159756824,86173635,207161277,6032916,33257261,319552540,282136156,0,0,0,0,5eb7747ecbde451de49ea2bb0b40c31b43aa1915d4f074ed405d0301b7d991a6
10521,66,9015887744,9002838940,12525857,50,424572,98265,60,2012834424,441444,93211798,187100468,479152579,396227188,158171897,559528156,138989253,209162360,3940247390,16051786,6,3,4,0,1,4565,1216,61,0,0,0,0,5,76084946,2698741370,13467255,1,133077414,1241506020,2584531,1375579406,1834139074,147932045,188316031,83134447,207136745,6058728,33261801,270105465,280739654,0,0,0,0,5eb7747ecbde451de49ea2bb0b40c31b43aa1915d4f074ed405d0301b7d991a6
10521,67,9015886544,9002840051,12525916,60,422352,98115,50,2012942866,462085,93135074,189258145,477002341,396069369,158376390,559265812,139358631,209226422,3940244490,16122190,6,3,4,0,1,4565,1216,61,0,0,0,0,5,76130158,2698735500,13517968,1,133096264,1241508990,2604222,1111643376,1841998713,151203828,363088414,83761189,207162657,6038117,33254260,326480795,362518794,0,0,0,0,5eb7747ecbde451de49ea2bb0b40c31b43aa1915d4f074ed405d0301b7d991a6
10521,68,9015889404,9002842691,12523326,40,424622,98685,40,2012995922,486684,93148797,188411573,477837165,395869467,158556038,559517167,139150831,209192240,3940221201,16067785,6,3,4,0,1,4565,1216,61,0,0,0,0,5,76112986,2698747793,13447422,1,133079254,1241473408,2620363,1409704449,1836131680,158829767,153689217,85310242,207136495,6057318,33258680,313025138,261314932,0,0,0,0,5eb7747ecbde451de49ea2bb0b40c31b43aa1915d4f074ed405d0301b7d991a6
10521,69,9015886044,9002835620,12528817,60,423312,98115,120,2012498434,444012,93154077,187828274,478431124,396505530,157942847,559272063,138904288,209219951,3940171717,16211995,6,3,4,0,1,4565,1216,61,0,0,0,0,5,76126857,2698703209,13561680,1,133093094,1241468508,2650315,1407124376,1835593000,167572377,148299321,87324888,207163607,6030146,33265391,330875318,256826282,0,0,0,0,5eb7747ecbde451de49ea2bb0b40c31b43aa1915d4f074ed405d0301b7d991a6
10521,70,9015889194,9002836490,12528997,40,424362,99265,40,2012914205,432849,93203629,187517028,478747139,396110670,158286586,559489965,139111497,209171901,3940238629,16048226,6,3,4,0,1,4565,1216,61,0,0,0,0,5,76097547,2698750380,13446454,1,133074354,1241488249,2601772,1413372827,1834162395,155613956,159406139,91681698,207135345,6057578,33263771,290854385,256532511,0,0,0,0,5eb7747ecbde451de49ea2bb0b40c31b43aa1915d4f074ed405d0301b7d991a6
10521,71,9015885944,9002841881,12523736,50,422622,97605,50,2012494683,458293,93134505,188906707,477357320,395997316,158435343,559283492,138904647,209215911,3940226480,16163540,6,3,4,0,1,4565,1216,61,0,0,0,0,5,76123887,2698756322,13511995,1,133092024,1241470158,2651545,1416877985,1836090092,157017392,152415819,93313197,207164757,6028786,33258771,320848705,251862986,0,0,0,0,5eb7747ecbde451de49ea2bb0b40c31b43aa1915d4f074ed405d0301b7d991a6
10521,72,9015883773,9002830729,12528817,40,425852,98285,50,2010391308,437922,93178066,185893077,480359992,397611347,156810660,559465940,136614183,209163829,3940063111,16243465,6,3,4,0,1,4565,1216,61,0,0,0,0,5,76090055,2698604234,13607861,1,133073774,1241458877,2635604,1397835935,1831933996,154587406,167870885,85467694,207140136,6050527,33260001,393414388,284071473,0,0,0,0,5eb7747ecbde451de49ea2bb0b40c31b43aa1915d4f074ed405d0301b7d991a6
10521,73,9015884384,9002834730,12529467,40,422132,97865,150,2009652030,427692,93148115,185543169,480716300,397549402,156902386,559236400,136096488,209215062,3940085252,16300738,6,3,4,0,1,4565,1216,61,0,0,0,0,5,76119368,2698591232,13674985,1,133095694,1241494020,2625753,1396235229,1835434567,162058261,156953043,84524311,207163547,6028246,33254780,361912407,286176406,0,0,0,0,5eb7747ecbde451de49ea2bb0b40c31b43aa1915d4f074ed405d0301b7d991a6
10521,74,9015887384,9002834380,12528607,50,425572,98715,60,2010385116,409109,93212460,185527766,480729623,397751923,156656693,559511401,136566013,209141738,3940086222,16213625,6,3,4,0,1,4565,1216,61,0,0,0,0,5,76069714,2698608874,13600202,1,133072024,1241477348,2613423,1395587280,1837789018,160729605,158878465,89670671,207133735,6061599,33256990,311357419,277951329,0,0,0,0,5eb7747ecbde451de49ea2bb0b40c31b43aa1915d4f074ed405d0301b7d991a6
10521,75,9015885314,9002832130,12530977,40,423862,98245,60,2010472903,475812,93106996,186218493,480054366,398025056,156419182,559248382,136901303,209212451,3940165708,16198972,6,3,4,0,1,4565,1216,61,0,0,0,0,5,76117067,2698691079,13562958,1,133095384,1241474629,2636014,1508913749,1840211978,152727292,51047488,85544175,207163447,6027286,33266011,333016105,282893600,0,0,0,0,5eb7747ecbde451de49ea2bb0b40c31b43aa1915d4f074ed405d0301b7d991a6
10521,76,9015887104,9002832350,12531087,150,424522,98955,40,2010243920,467601,93136774,185208614,481068527,397882081,156557977,559449880,136451714,209158369,3940047270,16262477,6,3,4,0,1,4565,1216,61,0,0,0,0,5,76086925,2698590853,13623463,1,133071444,1241456417,2639014,1400363879,1834701395,156257953,158175362,84882778,207133025,6063158,33261851,322703329,282922504,0,0,0,0,5eb7747ecbde451de49ea2bb0b40c31b43aa1915d4f074ed405d0301b7d991a6
10521,77,9015885594,9002834851,12527466,40,424832,98355,50,2010507383,423920,93157838,186439935,479828734,397325161,157123095,559248363,136934466,209213011,3940066452,16339241,6,3,4,0,1,4565,1216,61,0,0,0,0,5,76117437,2698599404,13684076,1,133095574,1241467048,2655165,1390890113,1839444388,148149832,174267391,86087776,207165327,6028706,33260321,307906610,279638278,0,0,0,0,5eb7747ecbde451de49ea2bb0b40c31b43aa1915d4f074ed405d0301b7d991a6
10521,78,9015884973,9002822919,12536967,70,428162,96795,60,2010233508,460471,93168907,185353478,480904770,397499442,156908344,559464593,136449932,209141440,3940036658,16263426,6,3,4,0,1,4565,1216,61,0,0,0,0,5,76067636,2698580191,13627762,1,133073804,1241456467,2635664,1389779278,1837778743,162435723,156780140,85959328,207132325,6060588,33259990,316151859,289355717,0,0,0,0,5eb7747ecbde451de49ea2bb0b40c31b43aa1915d4f074ed405d0301b7d991a6
10521,79,9015884053,9002830829,12529807,50,425582,97735,50,2009745052,467592,93109824,185781441,480492408,397060510,157391379,559252250,136158759,209210831,3940085905,16306968,6,3,4,0,1,4565,1216,61,0,0,0,0,5,76115247,2698607606,13671894,1,133095584,1241478299,2635074,1398890634,1838449846,158969477,144364027,93561214,207236640,5958503,33258951,325470241,319904701,0,0,0,0,5eb7747ecbde451de49ea2bb0b40c31b43aa1915d4f074ed405d0301b7d991a6
10521,80,9015886894,9002816920,12548567,80,423752,97485,90,2012672916,529578,93109723,187348580,478897269,396589144,157821001,559521276,138843034,209173120,3940205028,16091688,6,3,4,0,1,4565,1216,61,0,0,0,0,5,76082076,2698729300,13474695,1,133091044,1241475728,2616993,1395207336,1838772246,166530179,149959040,84014308,207134856,6058877,33262311,395535634,298970457,0,0,0,0,5eb7747ecbde451de49ea2bb0b40c31b43aa1915d4f074ed405d0301b7d991a6
10521,81,9015885004,9002808609,12556788,60,421882,97575,90,2012824472,478237,93112782,188690529,477560720,396750595,157710763,559249972,139253306,209201362,3940241880,16159601,6,3,4,0,1,4565,1216,61,0,0,0,0,5,76098627,2698732410,13550988,1,133102735,1241509470,2608613,1403957529,1836194514,161305179,154184767,83971329,207168397,6029437,33257340,394651749,270485751,0,0,0,0,5eb7747ecbde451de49ea2bb0b40c31b43aa1915d4f074ed405d0301b7d991a6
10521,82,9015885284,9002815739,12547918,40,423992,97525,70,2012676814,459045,93163696,187104167,479144880,396811966,157610052,559510025,138860734,209155669,3940242261,16070717,6,3,4,0,1,4565,1216,61,0,0,0,0,5,76070915,2698740302,13480365,1,133084754,1241501959,2590352,1400546424,1835027542,163754506,155322668,84834370,207140596,6055808,33259970,375472063,275226531,0,0,0,0,5eb7747ecbde451de49ea2bb0b40c31b43aa1915d4f074ed405d0301b7d991a6
10521,83,9015883464,9002816790,12547377,40,422322,96885,50,2012469843,486806,93093692,188574054,477685503,396794706,157656533,559262533,138897636,209215933,3940196329,16176681,6,3,4,0,1,4565,1216,61,0,0,0,0,5,76112598,2698723571,13540497,1,133103335,1241472758,2636184,1407370827,1838156404,162001289,150774112,88186843,207167567,6025686,33256381,390041840,269687097,0,0,0,0,5eb7747ecbde451de49ea2bb0b40c31b43aa1915d4f074ed405d0301b7d991a6
10521,84,9015886424,9002848531,12516916,40,424182,96705,50,2012482116,493653,93138656,188339769,477905048,396570603,157853625,559503385,138661714,209189233,3940228480,16068127,6,3,4,0,1,4565,1216,61,0,0,0,0,5,76096398,2698719640,13485026,1,133092835,1241508840,2583101,1401305612,1836235991,153427888,163029407,90024846,207130235,6063828,33259611,379972573,260508453,0,0,0,0,5eb7747ecbde451de49ea2bb0b40c31b43aa1915d4f074ed405d0301b7d991a6
10521,85,9015884274,9002810059,12555728,40,422302,96095,50,2012951491,424781,93163846,189341242,476919427,396763482,157665905,559275801,139383755,209217524,3940277832,16110387,6,3,4,0,1,4565,1216,61,0,0,0,0,5,76113758,2698763523,13511515,1,133103766,1241514309,2598872,1405957119,1833713007,163706034,150589646,85562008,207167487,6025786,33262291,418265734,263510891,0,0,0,0,5eb7747ecbde451de49ea2bb0b40c31b43aa1915d4f074ed405d0301b7d991a6
10521,86,9015885584,9002805369,12559448,50,424252,96425,40,2011939067,475533,93161576,187547842,478700155,396324640,158083655,559501156,138131379,209165550,3940195758,16115788,6,3,4,0,1,4565,1216,61,0,0,0,0,5,76077035,2698743201,13478134,1,133088515,1241452557,2637654,1413543672,1831160407,158463069,152247802,86831537,207130355,6078789,33241129,393714360,267361695,0,0,0,0,5eb7747ecbde451de49ea2bb0b40c31b43aa1915d4f074ed405d0301b7d991a6
10521,87,9015885014,9002806219,12559158,50,422342,97205,40,2012024844,454555,93127923,189017266,477241142,396284298,158163771,559275262,138442716,209217903,3940264873,16097016,6,3,4,0,1,4565,1216,61,0,0,0,0,5,76114968,2698740002,13513625,1,133102935,1241524871,2583391,1406260274,1834121391,158631894,154307592,86111223,207168347,6025166,33265481,398472946,263935083,0,0,0,0,5eb7747ecbde451de49ea2bb0b40c31b43aa1915d4f074ed405d0301b7d991a6
10521,88,9015885693,9002808768,12552338,60,426862,97615,50,2010496976,451472,93174838,184965599,481270658,397459617,156957419,559481582,136708908,209165681,3940089620,16225076,6,3,4,0,1,4565,1216,61,0,0,0,0,5,76074886,2698607672,13615403,1,133090795,1241481948,2609673,1368962267,1834125691,165728350,172250537,87082133,207138036,6057697,33253870,409581870,300381406,0,0,0,0,5eb7747ecbde451de49ea2bb0b40c31b43aa1915d4f074ed405d0301b7d991a6
10521,89,9015882784,9002809549,12551918,40,423952,97265,60,2010266294,381000,93199289,186993143,479249934,397334963,157106895,559244851,136705738,209200020,3940137486,16260885,6,3,4,0,1,4565,1216,61,0,0,0,0,5,76101715,2698653698,13628431,1,133098305,1241483788,2632454,1373741319,1835239405,162646754,172768577,87334165,207167127,6030116,33258841,366632076,297973199,0,0,0,0,5eb7747ecbde451de49ea2bb0b40c31b43aa1915d4f074ed405d0301b7d991a6
10521,90,9015885664,9002810209,12551178,40,425912,98275,50,2010242711,421353,93200237,185516069,480728099,397117761,157296125,559480374,136454734,209162470,3940111903,16191984,6,3,4,0,1,4565,1216,61,0,0,0,0,5,76070035,2698636315,13578291,1,133092435,1241475588,2613693,1371728931,1837658816,163315870,172233059,86984816,207138016,6057797,33259001,393707624,290002669,0,0,0,0,5eb7747ecbde451de49ea2bb0b40c31b43aa1915d4f074ed405d0301b7d991a6
10521,91,9015882564,9002845491,12515906,60,424102,96955,50,2010149896,442293,93150646,185332538,480926439,397226336,157229103,559224100,136591350,209197771,3940081181,16297388,6,3,4,0,1,4565,1216,61,0,0,0,0,5,76099536,2698606703,13661314,1,133098235,1241474478,2636074,1376401635,1840143182,162573115,168434042,85236288,207165787,6033497,33255560,351699189,285121734,0,0,0,0,5eb7747ecbde451de49ea2bb0b40c31b43aa1915d4f074ed405d0301b7d991a6
10521,92,9015885224,9002844091,12517026,50,426752,97255,50,2009899405,478973,93144794,185425344,480815155,396823146,157610631,559459492,136110758,209166421,3940099371,16220515,6,3,4,0,1,4565,1216,61,0,0,0,0,5,76075407,2698624663,13599642,1,133091014,1241474708,2620873,1389058373,1834511073,151892855,175972693,86974429,207138356,6066358,33253460,333792274,279319115,0,0,0,0,5eb7747ecbde451de49ea2bb0b40c31b43aa1915d4f074ed405d0301b7d991a6
10521,93,9015883373,9002797698,12563558,280,424222,97555,60,2009314875,419862,93160336,186144580,480108007,397082342,157369139,559240229,135758487,209193462,3940061551,16333049,6,3,4,0,1,4565,1216,61,0,0,0,0,5,76095137,2698582283,13697325,1,133098325,1241479268,2635724,1385259892,1838530307,161391208,161442746,86871951,207162597,6033577,33260270,337530747,278461420,0,0,0,0,5eb7747ecbde451de49ea2bb0b40c31b43aa1915d4f074ed405d0301b7d991a6
10521,94,9015885034,9002811069,12550358,200,425192,98155,60,2009959880,424680,93192131,183956486,482275879,396555322,157870495,559478173,136176610,209172110,3940024929,16281098,6,3,4,0,1,4565,1216,61,0,0,0,0,5,76078595,2698570832,13643024,1,133093515,1241454097,2638074,1377104903,1837211665,155271667,173077610,86947474,207137345,6057848,33255630,342455728,303367196,0,0,0,0,5eb7747ecbde451de49ea2bb0b40c31b43aa1915d4f074ed405d0301b7d991a6
10521,95,9015884033,9002796418,12565038,50,424532,97835,160,2010307685,454583,93133364,185575841,480678047,397482601,156964967,559244121,136747369,209194482,3940105053,16271046,6,3,4,0,1,4565,1216,61,0,0,0,0,5,76096177,2698609504,13657043,1,133098305,1241495549,2614003,1355974832,1838263748,160139117,183189164,90560940,207215200,5980424,33259270,367425222,325073884,0,0,0,0,5eb7747ecbde451de49ea2bb0b40c31b43aa1915d4f074ed405d0301b7d991a6
10521,96,9015884154,9002860972,12503295,70,424632,95135,50,2013017494,432561,93210268,188486727,477772163,396370141,158033222,559493334,139203586,209161159,3940203220,16080328,6,3,4,0,1,4565,1216,61,0,0,0,0,5,76084455,2698716771,13480696,1,133076704,1241486449,2599632,1388176776,1840313341,168005768,153754912,82632638,207138285,6056039,33265670,303730466,302386039,0,0,0,0,5eb7747ecbde451de49ea2bb0b40c31b43aa1915d4f074ed405d0301b7d991a6
10521,97,9015884194,9002818839,12547298,40,420722,97225,70,2012522434,423912,93155725,187859898,478411591,396662388,157777340,559242140,138973232,209241815,3940199928,16186492,6,3,4,0,1,4565,1216,61,0,0,0,0,5,76139930,2698685598,13583749,1,133101885,1241514330,2602743,1403377376,1835685390,156463215,158422059,81950925,207183398,6011205,33259081,330364653,266946876,0,0,0,0,5eb7747ecbde451de49ea2bb0b40c31b43aa1915d4f074ed405d0301b7d991a6
10521,98,9015885174,9002834660,12530737,50,423102,96565,60,2012881644,421410,93243682,187325519,478923239,396603752,157784010,559524678,139042383,209169191,3940193797,16097279,6,3,4,0,1,4565,1216,61,0,0,0,0,5,76090697,2698717409,13486436,1,133078494,1241476388,2610843,1394518599,1834664694,166368482,154814294,79940421,207128305,6070249,33262490,296714736,264518577,0,0,0,0,5eb7747ecbde451de49ea2bb0b40c31b43aa1915d4f074ed405d0301b7d991a6
10521,99,9015884394,9002859562,12505855,40,421502,97385,50,2012561809,395459,93177697,189048598,477221391,396380503,158068244,559245852,139010683,209247496,3940237969,16139240,6,3,4,0,1,4565,1216,61,0,0,0,0,5,76145161,2698731969,13532187,1,133102335,1241506000,2607053,1396326420,1840507590,161094164,155164967,86948592,207162567,6035667,33264010,303772936,266427598,0,0,0,0,5eb7747ecbde451de49ea2bb0b40c31b43aa1915d4f074ed405d0301b7d991a6
10521,100,9015885184,9002834510,12531007,50,422552,97015,50,2012768848,437280,93188807,187005645,479259875,396437186,157971710,559497685,138958681,209161549,3940206019,16092948,6,3,4,0,1,4565,1216,61,0,0,0,0,5,76082015,2698708290,13502816,1,133079534,1241497729,2590132,1396807710,1831101036,168351960,153043139,90323227,207128135,6071469,33250359,275387652,260458424,0,0,0,0,5eb7747ecbde451de49ea2bb0b40c31b43aa1915d4f074ed405d0301b7d991a6
10521,101,9015884584,9002827550,12537897,40,422342,96715,40,2012067053,424194,93166497,187713208,478556210,396374484,158057812,559267551,138486406,209242924,3940234321,16126928,6,3,4,0,1,4565,1216,61,0,0,0,0,5,76141929,2698714810,13533257,1,133100995,1241519511,2593671,1402757843,1835980197,161599849,153485507,85336922,207164737,6030467,33266740,329844930,274084143,0,0,0,0,5eb7747ecbde451de49ea2bb0b40c31b43aa1915d4f074ed405d0301b7d991a6
10521,102,9015886634,9002825820,12538957,40,424492,97265,60,2013242233,415249,93217330,187852034,478426765,396471169,157918016,559497144,139430782,209148458,3940213749,16082127,6,3,4,0,1,4565,1216,61,0,0,0,0,5,76070954,2698707029,13501666,1,133077504,1241506720,2580461,1401822345,1838369258,164363178,150233535,85204840,207128855,6066408,33262611,293217323,275381323,0,0,0,0,5eb7747ecbde451de49ea2bb0b40c31b43aa1915d4f074ed405d0301b7d991a6
10521,103,9015884704,9002826370,12539027,40,424702,94525,40,2013141618,419221,93163906,189276181,477000128,396553553,157881934,559250473,139577892,209240764,3940235691,16130589,6,3,4,0,1,4565,1216,61,0,0,0,0,5,76140929,2698720621,13532497,1,133099835,1241515070,2598092,1403808307,1829235569,147200394,168618155,88518976,207168627,6025816,33264341,322034045,272657214,0,0,0,0,5eb7747ecbde451de49ea2bb0b40c31b43aa1915d4f074ed405d0301b7d991a6
10521,104,9015884604,9002859892,12501495,40,426302,96815,60,2009996696,417640,93202019,185833813,480429016,397462107,156952880,559447219,136224052,209143029,3940064751,16237026,6,3,4,0,1,4565,1216,61,0,0,0,0,5,76068485,2698593883,13620573,1,133074544,1241470868,2616453,1364180458,1833099932,153427317,189878408,86295194,207140836,6051067,33267461,316492556,303813947,0,0,0,0,5eb7747ecbde451de49ea2bb0b40c31b43aa1915d4f074ed405d0301b7d991a6
10521,105,9015884074,9002832730,12529957,70,423342,97835,140,2010266431,415819,93184480,184647211,481606905,396820247,157617722,559237520,136705805,209242963,3940139147,16254164,6,3,4,0,1,4565,1216,61,0,0,0,0,5,76142769,2698636067,13635791,1,133100194,1241503080,2618373,1364104072,1835589913,168251609,175437847,86586468,207171807,6020306,33255440,320310289,301759414,0,0,0,0,5eb7747ecbde451de49ea2bb0b40c31b43aa1915d4f074ed405d0301b7d991a6
10521,106,9015884683,9002832199,12530037,40,425412,96955,40,2010112494,347326,93277752,187011083,479259667,397753311,156640314,559477651,136319049,209141449,3940104704,16193943,6,3,4,0,1,4565,1216,61,0,0,0,0,5,76066935,2698654997,13558139,1,133074514,1241449707,2635804,1379640391,1836224008,158551890,175253953,83825459,207132815,6062368,33262711,309513769,297030702,0,0,0,0,5eb7747ecbde451de49ea2bb0b40c31b43aa1915d4f074ed405d0301b7d991a6
10521,107,9015883653,9002834060,12528296,60,423972,97205,60,2010577796,429570,93171258,187055444,479209503,397600905,156848675,559227030,137008069,209243875,3940082841,16273686,6,3,4,0,1,4565,1216,61,0,0,0,0,5,76143359,2698620424,13628712,1,133100516,1241462417,2644974,1382569714,1839163039,153354178,174292992,89357189,207169497,6027447,33258720,286297561,281527373,0,0,0,0,5eb7747ecbde451de49ea2bb0b40c31b43aa1915d4f074ed405d0301b7d991a6
10521,108,9015884634,9002833350,12530187,150,423902,96995,50,2010265092,368248,93237290,185076695,481191105,396776275,157651550,559434671,136499066,209150180,3940030248,16278488,6,3,4,0,1,4565,1216,61,0,0,0,0,5,76075296,2698592862,13626923,1,133074884,1241437386,2651565,1390425157,1838694029,168478576,152794250,87569256,207132265,6061498,33271111,282448763,283664080,0,0,0,0,5eb7747ecbde451de49ea2bb0b40c31b43aa1915d4f074ed405d0301b7d991a6
10521,109,9015885263,9002835620,12526716,50,424592,98245,40,2010585387,380830,93223500,187074197,479183160,397719162,156726527,559224240,137028390,209238924,3940069553,16345809,6,3,4,0,1,4565,1216,61,0,0,0,0,5,76138748,2698568304,13723146,1,133100176,1241501249,2622663,1385657714,1839870471,155541529,170429836,88608024,207161547,6031676,33266631,288690096,286439950,0,0,0,0,5eb7747ecbde451de49ea2bb0b40c31b43aa1915d4f074ed405d0301b7d991a6
10521,110,9015886423,9002831659,12530517,60,427952,96065,170,2009728712,429760,93191298,184443124,481829406,397181915,157221770,559461549,135941999,209167130,3940096614,16198093,6,3,4,0,1,4565,1216,61,0,0,0,0,5,76090606,2698611035,13594691,1,133076524,1241485579,2603402,1374713241,1833585701,167189529,167134123,89012894,207131955,6060488,33264831,273617242,302674656,0,0,0,0,5eb7747ecbde451de49ea2bb0b40c31b43aa1915d4f074ed405d0301b7d991a6
10521,111,9015884983,9002831999,12530317,40,424662,97915,50,2010710540,421231,93187747,186898329,479373209,397913023,156515024,559237702,137141866,209234925,3940049310,16350521,6,3,4,0,1,4565,1216,61,0,0,0,0,5,76137620,2698565141,13711547,1,133097305,1241484169,2638974,1342978926,1839642705,161989325,193695634,86141769,207210989,5981054,33265501,288386496,331457425,0,0,0,0,5eb7747ecbde451de49ea2bb0b40c31b43aa1915d4f074ed405d0301b7d991a6
10521,112,9015884744,9002826560,12540798,49,422032,95255,50,2012198519,452691,93191758,189265966,476977322,396484929,157934418,559495432,138379643,209175180,3940250411,16036235,6,3,4,0,1,4565,1216,61,0,0,0,0,5,76090386,2698739141,13461094,1,133084794,1241511270,2575141,1366852778,1839317056,166604259,173148063,88944720,207138085,6058859,33266030,207433777,324730923,0,0,0,0,5eb7747ecbde451de49ea2bb0b40c31b43aa1915d4f074ed405d0301b7d991a6
10521,113,9015883564,9002813949,12551428,40,420492,97615,40,2012026590,434142,93152895,187908692,478359568,396493668,157955770,559242180,138459136,209212202,3940207859,16168091,6,3,4,0,1,4565,1216,61,0,0,0,0,5,76113418,2698703779,13563159,1,133098784,1241504080,2604932,1383244200,1837644654,168809235,163154576,90108396,207169577,6022276,33261931,326712408,285776092,0,0,0,0,5eb7747ecbde451de49ea2bb0b40c31b43aa1915d4f074ed405d0301b7d991a6
10521,114,9015884654,9002810849,12554538,40,422772,96405,50,2012834412,405298,93223400,188429486,477821022,396294070,158124449,559503013,139017923,209156540,3940201978,16096179,6,3,4,0,1,4565,1216,61,0,0,0,0,5,76068536,2698731680,13484026,1,133088004,1241470298,2612153,1407211008,1833827288,153223608,163263656,82919556,207137996,6065018,33253190,299657274,290981192,0,0,0,0,5eb7747ecbde451de49ea2bb0b40c31b43aa1915d4f074ed405d0301b7d991a6
10521,115,9015883564,9002824310,12540987,40,421002,97175,50,2012665674,441741,93156557,187998562,478270105,396681291,157754527,559265533,139075486,209201361,3940205549,16142569,6,3,4,0,1,4565,1216,61,0,0,0,0,5,76102716,2698725361,13520986,1,133098645,1241480188,2621583,1392298640,1837013045,157945390,167531355,86566622,207166807,6026046,33255830,330540062,286070878,0,0,0,0,5eb7747ecbde451de49ea2bb0b40c31b43aa1915d4f074ed405d0301b7d991a6
10521,116,9015884514,9002827410,12537997,50,422312,96695,50,2012335738,476565,93163617,187943720,478302957,396108190,158307347,559499155,138518437,209185791,3940155977,16139510,6,3,4,0,1,4565,1216,61,0,0,0,0,5,76092896,2698683029,13524647,1,133092895,1241472948,2614863,1397706278,1832414221,163086932,159534719,87487533,207138405,6062169,33255010,285364072,293622390,0,0,0,0,5eb7747ecbde451de49ea2bb0b40c31b43aa1915d4f074ed405d0301b7d991a6
10521,117,9015885634,9002853792,12513505,60,419002,99225,50,2012719556,394101,93194777,187550751,478720128,396244209,158175828,559269043,139150730,209220422,3940271293,16092087,6,3,4,0,1,4565,1216,61,0,0,0,0,5,76121888,2698758222,13497566,1,133098534,1241513071,2594521,1419589864,1832709704,157915326,140329791,89545665,207168417,6023006,33261390,331323151,290204387,0,0,0,0,5eb7747ecbde451de49ea2bb0b40c31b43aa1915d4f074ed405d0301b7d991a6
10521,118,9015884843,9002818519,12544987,40,424222,97015,60,2012346716,450954,93193708,187416536,478836062,396236345,158175382,559476531,138542089,209156549,3940193269,16105349,6,3,4,0,1,4565,1216,61,0,0,0,0,5,76069305,2698695510,13516687,1,133087244,1241497759,2588662,1388055977,1836108353,164249049,160784313,89662714,207137535,6065309,33249089,316540531,288891683,0,0,0,0,5eb7747ecbde451de49ea2bb0b40c31b43aa1915d4f074ed405d0301b7d991a6
10521,119,9015884334,9002807509,12557818,50,420972,97915,70,2012489444,438219,93166718,188983174,477288565,396256999,158171308,559271794,138891865,209216412,3940270042,16088488,6,3,4,0,1,4565,1216,61,0,0,0,0,5,76117878,2698765112,13489406,1,133098534,1241504930,2599082,1392473602,1831964495,160867760,165319814,84329756,207174447,6017586,33262741,326506775,298471071,0,0,0,0,5eb7747ecbde451de49ea2bb0b40c31b43aa1915d4f074ed405d0301b7d991a6
10521,120,9015885064,9002864552,12496685,170,426252,97345,60,2009977738,413661,93212579,184375991,481866167,396839617,157579549,559474222,136195071,209165471,3940071711,16230895,6,3,4,0,1,4565,1216,61,0,0,0,0,5,76071606,2698588852,13630763,1,133093865,1241482859,2600132,1357316659,1828743525,158758813,193816756,88068663,207142896,6051307,33259831,326972934,326155231,0,0,0,0,5eb7747ecbde451de49ea2bb0b40c31b43aa1915d4f074ed405d0301b7d991a6
10521,121,9015885093,9002828159,12531217,70,426142,99435,70,2009829301,395409,93180878,186368560,479898418,396748882,157692527,559237968,136279888,209239083,3940148197,16247235,6,3,4,0,1,4565,1216,61,0,0,0,0,5,76132258,2698647787,13625982,1,133106825,1241500410,2621253,1348003537,1837040646,168407073,185718097,85190428,207172237,6019636,33259141,348944715,324554312,0,0,0,0,5eb7747ecbde451de49ea2bb0b40c31b43aa1915d4f074ed405d0301b7d991a6
10521,122,9015883264,9002829610,12530827,50,425412,97305,60,2009517646,395981,93249661,184842143,481414544,397007495,157399940,559470062,135717568,209165641,3940106563,16190443,6,3,4,0,1,4565,1216,61,0,0,0,0,5,76072667,2698641925,13570580,1,133092974,1241464638,2619863,1350688823,1837159736,167244457,185028864,88530725,207139706,6058837,33255221,323667229,335058901,0,0,0,0,5eb7747ecbde451de49ea2bb0b40c31b43aa1915d4f074ed405d0301b7d991a6
10521,123,9015882324,9002830220,12530227,100,424032,97695,50,2010297382,423612,93168298,186999583,479279675,396991036,157452482,559230581,136734396,209237685,3940146444,16209484,6,3,4,0,1,4565,1216,61,0,0,0,0,5,76131079,2698651196,13599791,1,133106606,1241495248,2609693,1352308866,1838832472,160859803,188843176,88992761,207168387,6034317,33246599,312124522,321183499,0,0,0,0,5eb7747ecbde451de49ea2bb0b40c31b43aa1915d4f074ed405d0301b7d991a6
10521,124,9015883513,9002827469,12531807,40,427412,96735,50,2010201016,438541,93206270,185020561,481230598,396535390,157887365,559453870,136411102,209158139,3940077612,16234345,6,3,4,0,1,4565,1216,61,0,0,0,0,5,76069125,2698637235,13588361,1,133089014,1241440377,2645984,1364574522,1836532289,162921335,181471505,90722190,207139866,6065698,33254340,314288011,331532417,0,0,0,0,5eb7747ecbde451de49ea2bb0b40c31b43aa1915d4f074ed405d0301b7d991a6
10521,125,9015883594,9002827470,12532007,40,426142,97885,50,2010113356,397351,93186588,186917390,479362508,396951963,157490425,559235652,136547938,209246405,3940017599,16364692,6,3,4,0,1,4565,1216,61,0,0,0,0,5,76139640,2698533790,13732438,1,133106765,1241483809,2632254,1353409011,1836650642,164994643,185021528,86623830,207166607,6026726,33262561,278395937,330204689,0,0,0,0,5eb7747ecbde451de49ea2bb0b40c31b43aa1915d4f074ed405d0301b7d991a6
10521,126,9015883383,9002827609,12533417,40,425942,96325,50,2010120854,398140,93258343,186138059,480097438,396552389,157873047,559459310,136323898,209164329,3940009568,16293619,6,3,4,0,1,4565,1216,61,0,0,0,0,5,76079785,2698565762,13647934,1,133084544,1241443806,2645685,1362666011,1836078067,165781075,179362608,87440414,207138836,6055698,33264850,291533417,324466250,0,0,0,0,5eb7747ecbde451de49ea2bb0b40c31b43aa1915d4f074ed405d0301b7d991a6
10521,127,9015885494,9002829330,12530927,40,426012,99045,140,2010286683,427709,93159028,185908695,480372973,397060610,157375816,559247173,136712458,209244295,3940087272,16276128,6,3,4,0,1,4565,1216,61,0,0,0,0,5,76137670,2698597563,13657115,1,133106625,1241489709,2619013,1329803967,1840878748,172756269,191449696,87188628,207203609,5989664,33258071,320927617,348546450,0,0,0,0,5eb7747ecbde451de49ea2bb0b40c31b43aa1915d4f074ed405d0301b7d991a6
10522,0,8664420902,8652882105,11069683,60,368758,100216,80,1895394872,345024,84661595,178513750,435814543,377175233,145444360,543530246,129888548,207006768,3678461274,16118869,6,2,4,0,0,4464,1204,58,0,0,0,0,5,74105584,2662281248,13539258,1,132901184,1016180026,2579611,1263098974,1765868495,157580701,141079373,82255279,204043017,4527050,33179546,285968194,309748321,0,0,0,0,5eb7747ecbde451de49ea2bb0b40c31b43aa1915d4f074ed405d0301b7d991a6
10522,1,8664423533,8652814833,11141846,50,366488,100265,51,1894142268,363239,84626151,176316108,438022093,376892158,145720805,543315286,128868275,207027119,3678507985,16225604,6,2,4,0,0,4464,1204,58,0,0,0,0,5,74122526,2662303227,13612502,1,132904593,1016204758,2613102,1256638815,1767455147,153453777,153777906,86232230,204076408,4490739,33184886,260564168,287219965,0,0,0,0,5eb7747ecbde451de49ea2bb0b40c31b43aa1915d4f074ed405d0301b7d991a6
10522,2,8664423513,8652895727,11060512,60,367889,99274,51,1894591832,377838,84705705,176261436,438062766,376724993,145828057,543571510,129037775,206964137,3678523147,16097848,6,2,4,0,0,4464,1204,58,0,0,0,0,5,74077814,2662320790,13524167,1,132886323,1016202357,2573681,1268720450,1766393052,149818698,141481189,82747448,204043137,4523169,33185137,247810185,297908158,0,0,0,0,5eb7747ecbde451de49ea2bb0b40c31b43aa1915d4f074ed405d0301b7d991a6
10522,3,8664423632,8652818743,11138936,40,365579,100285,49,1894789080,352836,84650962,177443019,436886923,377342230,145190009,543408941,129491628,207018717,3678524318,16180143,6,2,4,0,0,4464,1204,58,0,0,0,0,5,74118194,2662300280,13595201,1,132900523,1016224038,2584942,1237105459,1769232321,151745473,163737372,85885983,204076468,4494819,33188306,273429451,290092416,0,0,0,0,5eb7747ecbde451de49ea2bb0b40c31b43aa1915d4f074ed405d0301b7d991a6
10522,4,8664423552,8652823853,11129075,51,370988,99536,49,1895464885,361899,84630119,176654027,437713129,376658475,145919756,543570459,129934772,206975708,3678476123,16128351,6,2,4,0,0,4464,1204,58,0,0,0,0,5,74081384,2662280227,13556580,1,132894324,1016195896,2571771,1265886754,1763844099,148703924,148310529,85618616,204044967,4535770,33171846,230181529,275670334,0,0,0,0,5eb7747ecbde451de49ea2bb0b40c31b43aa1915d4f074ed405d0301b7d991a6
10522,5,8664420051,8652822142,11130616,40,366968,100236,49,1895311281,328218,84662922,176649175,437678805,377145322,145494273,543312326,130020027,207019058,3678492916,16212373,6,2,4,0,0,4464,1204,58,0,0,0,0,5,74131635,2662277928,13611731,1,132887423,1016214988,2600642,1254891853,1768348876,150189855,153247354,83365586,204075828,4491508,33192257,301478013,278531212,0,0,0,0,5eb7747ecbde451de49ea2bb0b40c31b43aa1915d4f074ed405d0301b7d991a6
10522,6,8664422902,8652894707,11056971,51,372228,98896,49,1895102809,335697,84652465,175269033,439119751,376752920,145811351,543538408,129600263,206987639,3678480455,16129120,6,2,4,0,0,4464,1204,58,0,0,0,0,5,74104706,2662295408,13539739,1,132882933,1016185047,2589381,1258627593,1766462449,148365789,151759776,83645438,204045457,4523359,33185817,230763161,295094561,0,0,0,0,5eb7747ecbde451de49ea2bb0b40c31b43aa1915d4f074ed405d0301b7d991a6
10522,7,8664423002,8652809503,11142286,49,370810,100245,109,1895294538,341749,84634892,177348810,436983960,377029775,145605940,543320656,130012066,206976945,3678469715,16234745,6,2,4,0,0,4464,1204,58,0,0,0,0,5,74117284,2662240126,13658444,1,132859661,1016229589,2576301,1262817402,1769500405,151476306,146551922,84070819,204071928,4496699,33186866,244765437,274673558,0,0,0,0,5eb7747ecbde451de49ea2bb0b40c31b43aa1915d4f074ed405d0301b7d991a6
10522,8,8664420142,8652822072,11131236,40,367209,99505,80,1892099983,322169,84659361,173667823,440674970,377545264,145060279,543502795,126640103,206982058,3678314167,16282077,6,2,4,0,0,4464,1204,58,0,0,0,0,5,74087784,2662156303,13674054,1,132894274,1016157864,2608023,1227867888,1761927287,157255021,169359645,82411733,204048287,4525810,33177066,309124685,310187828,0,0,0,0,5eb7747ecbde451de49ea2bb0b40c31b43aa1915d4f074ed405d0301b7d991a6
10522,9,8664423893,8652820043,11135416,400,366998,100976,60,1892697655,327328,84676001,174364181,439947041,377630779,145008937,543292796,127428123,207013837,3678405442,16325838,6,2,4,0,0,4464,1204,58,0,0,0,0,5,74104513,2662195324,13725506,1,132909324,1016210118,2600332,1222026760,1766932036,154149224,173826718,84712516,204078839,4496178,33178296,303088082,309951899,0,0,0,0,5eb7747ecbde451de49ea2bb0b40c31b43aa1915d4f074ed405d0301b7d991a6
10522,10,8664421952,8652823173,11131676,40,367649,99354,60,1892558451,298224,84709258,175092596,439252206,377859097,144708453,543545969,127068694,206966277,3678395760,16218605,6,2,4,0,0,4464,1204,58,0,0,0,0,5,74071593,2662197703,13649215,1,132894684,1016198057,2569390,1219924007,1767602349,153829019,177228395,86161432,204049277,4528830,33166985,267275703,315625456,0,0,0,0,5eb7747ecbde451de49ea2bb0b40c31b43aa1915d4f074ed405d0301b7d991a6
10522,11,8664421873,8652818683,11132226,40,370539,100334,51,1892498894,357627,84628511,174623383,439716690,377473220,145159735,543317606,127199871,206981846,3678344477,16356901,6,2,4,0,0,4464,1204,58,0,0,0,0,5,74091892,2662150111,13749169,1,132889954,1016194366,2607732,1236369777,1770210357,154410103,161243441,81814067,204094479,4479388,33171445,278880911,320266190,0,0,0,0,5eb7747ecbde451de49ea2bb0b40c31b43aa1915d4f074ed405d0301b7d991a6
10522,12,8664420482,8652813682,11139586,40,367549,99574,51,1892595840,338386,84619589,175722071,438654485,377522422,145066812,543536908,127118546,206924965,3678355268,16267877,6,2,4,0,0,4464,1204,58,0,0,0,0,5,74036861,2662174183,13677605,1,132888104,1016181085,2590272,1326134728,1768620094,146192670,80784987,85152089,204048817,4530930,33175626,254333588,313789605,0,0,0,0,5eb7747ecbde451de49ea2bb0b40c31b43aa1915d4f074ed405d0301b7d991a6
10522,13,8664422962,8652805542,11146576,51,370768,99976,49,1892849093,303466,84659192,175709909,438636444,377753023,144882702,543300045,127581122,207008397,3678290435,16434343,6,2,4,0,0,4464,1204,58,0,0,0,0,5,74110083,2662131600,13781869,1,132898314,1016158835,2652474,1225956817,1767785675,148821154,174061891,85628831,204071488,4501869,33173305,275049472,308569765,0,0,0,0,5eb7747ecbde451de49ea2bb0b40c31b43aa1915d4f074ed405d0301b7d991a6
10522,14,8664422272,8652808753,11146736,130,366648,99956,49,1892639473,309597,84640379,174134229,440249148,377459338,145130684,543528196,127166621,206977588,3678279604,16335320,6,2,4,0,0,4464,1204,58,0,0,0,0,5,74084424,2662145231,13702686,1,132893164,1016134373,2632634,1229624056,1768924914,157009676,164994139,83036821,204048397,4524820,33183686,227964846,317176433,0,0,0,0,5eb7747ecbde451de49ea2bb0b40c31b43aa1915d4f074ed405d0301b7d991a6
10522,15,8664407731,8652886416,11050822,40,370348,99956,149,1892658413,330885,84651340,175233776,439088356,377388415,145223388,543350969,127373620,207012557,3678362219,16341670,6,2,4,0,0,4464,1204,58,0,0,0,0,5,74118953,2662184654,13707216,1,132893604,1016177565,2634454,1197024746,1770795178,151828772,192199574,86260557,204091309,4483808,33181756,255134653,340710397,0,0,0,0,5eb7747ecbde451de49ea2bb0b40c31b43aa1915d4f074ed405d0301b7d991a6
10522,16,8664416281,8652855104,11094624,50,366438,99925,140,1895086596,352899,84600241,177043965,437359797,376507342,146050033,543597948,129556372,206975509,3678404099,16197894,6,2,4,0,0,4464,1204,58,0,0,0,0,5,74083705,2662243164,13592282,1,132891804,1016160935,2605612,1238787126,1769384690,155024090,162055634,83766301,204040097,4536700,33173516,328783002,296411738,0,0,0,0,5eb7747ecbde451de49ea2bb0b40c31b43aa1915d4f074ed405d0301b7d991a6
10522,17,8664423642,8652802262,11156017,40,365138,100125,60,1894789580,437342,84589128,178041559,436309025,376623917,145966867,543356399,129447034,207055399,3678440693,16241354,6,2,4,0,0,4464,1204,58,0,0,0,0,5,74152245,2662236076,13647393,1,132903154,1016204617,2593961,1248978991,1765759057,150664576,163479059,80843531,204077859,4496228,33175275,336227432,274650677,0,0,0,0,5eb7747ecbde451de49ea2bb0b40c31b43aa1915d4f074ed405d0301b7d991a6
10522,18,8664423483,8652794982,11158197,50,370938,99156,160,1894774440,358730,84615472,176572819,437844736,376770424,145748515,543618851,129229845,206984659,3678395180,16204043,6,2,4,0,0,4464,1204,58,0,0,0,0,5,74090925,2662229905,13601461,1,132893734,1016165275,2602582,1270649507,1765791874,154871878,142014371,81772378,204047737,4527890,33173125,278437990,261656929,0,0,0,0,5eb7747ecbde451de49ea2bb0b40c31b43aa1915d4f074ed405d0301b7d991a6
10522,19,8664423872,8652804712,11148647,50,369869,100545,49,1895076793,380670,84620999,177044448,437298305,377084310,145509523,543363020,129750979,207035749,3678413521,16268748,6,2,4,0,0,4464,1204,58,0,0,0,0,5,74130395,2662234015,13651225,1,132905354,1016179506,2617523,1244740606,1771124320,158279308,158901090,83183127,204081019,4494588,33174135,356300888,259922906,0,0,0,0,5eb7747ecbde451de49ea2bb0b40c31b43aa1915d4f074ed405d0301b7d991a6
10522,20,8664422032,8652793322,11161407,60,367578,99605,60,1894817182,358417,84612650,175382161,439021775,376630497,145931834,543587050,129274997,206986077,3678409011,16204954,6,2,4,0,0,4464,1204,58,0,0,0,0,5,74098024,2662216524,13625003,1,132888053,1016192487,2579951,1250842501,1769961612,155252380,152190883,85646226,204040486,4538641,33169406,319122452,259218761,0,0,0,0,5eb7747ecbde451de49ea2bb0b40c31b43aa1915d4f074ed405d0301b7d991a6
10522,21,8664421963,8652811333,11139475,40,371279,99796,40,1895139987,367630,84629748,177772433,436576832,377140941,145419290,543394161,129820814,207037079,3678524186,16160482,6,2,4,0,0,4464,1204,58,0,0,0,0,5,74132765,2662313049,13573051,1,132904314,1016211137,2587431,1273927883,1763370097,142933069,144571519,82068992,204068848,4505889,33175206,328507807,262691721,0,0,0,0,5eb7747ecbde451de49ea2bb0b40c31b43aa1915d4f074ed405d0301b7d991a6
10522,22,8664420662,8652807892,11146637,40,366488,99556,49,1894895298,338726,84627832,177119988,437298728,376396443,146142708,543581578,129317199,206973937,3678413613,16202103,6,2,4,0,0,4464,1204,58,0,0,0,0,5,74089504,2662240247,13599751,1,132884433,1016173366,2602352,1264918196,1760906615,143737898,157457578,83768616,204041087,4535530,33172535,335036547,273789990,0,0,0,0,5eb7747ecbde451de49ea2bb0b40c31b43aa1915d4f074ed405d0301b7d991a6
10522,23,8664423533,8652817883,11134635,51,370759,100165,40,1895334948,361670,84643231,177868128,436472532,376537893,146033150,543390209,130005613,207033157,3678421702,16262906,6,2,4,0,0,4464,1204,58,0,0,0,0,5,74130274,2662240866,13646483,1,132902883,1016180836,2616423,1261210933,1765975448,148903763,152952159,87968237,204081709,4493118,33173525,303965833,267441425,0,0,0,0,5eb7747ecbde451de49ea2bb0b40c31b43aa1915d4f074ed405d0301b7d991a6
10522,24,8664422463,8652804922,11148967,40,368798,99685,51,1892283073,371699,84604270,173881134,440509992,376919448,145613899,543601941,126757810,206949545,3678276946,16334880,6,2,4,0,0,4464,1204,58,0,0,0,0,5,74085753,2662111210,13725218,1,132863792,1016165736,2609662,1240048884,1769306020,151822429,160531243,85005930,204048177,4523190,33178866,291080072,291992759,0,0,0,0,5eb7747ecbde451de49ea2bb0b40c31b43aa1915d4f074ed405d0301b7d991a6
10522,25,8664422033,8652806712,11148567,50,366379,100274,51,1893154630,363807,84607798,174897509,439473318,377520300,145089644,543308615,127866324,207052100,3678372980,16330300,6,2,4,0,0,4464,1204,58,0,0,0,0,5,74144906,2662176193,13717677,1,132907194,1016196787,2612623,1231237232,1769603922,150360422,170677817,83205652,204089309,4482227,33180626,308835354,297992858,0,0,0,0,5eb7747ecbde451de49ea2bb0b40c31b43aa1915d4f074ed405d0301b7d991a6
10522,26,8664422432,8652806582,11145957,50,370458,99325,60,1892721428,365229,84642870,175303508,439093559,377245689,145276640,543600461,127176750,206968966,3678274805,16332640,6,2,4,0,0,4464,1204,58,0,0,0,0,5,74085413,2662111770,13719707,1,132883553,1016163035,2612933,1245016619,1766309545,148653641,163797279,83871124,204047857,4523810,33178186,292264338,296947201,0,0,0,0,5eb7747ecbde451de49ea2bb0b40c31b43aa1915d4f074ed405d0301b7d991a6
10522,27,8664422202,8652797592,11155717,2300,366319,100214,60,1893010301,342168,84617979,174962230,439405095,377466278,145093152,543378491,127721988,207012707,3678384420,16307778,6,2,4,0,0,4464,1204,58,0,0,0,0,5,74110904,2662196413,13698906,1,132901803,1016188007,2608872,1240313460,1773816824,154434539,156256207,83670002,204093879,4476878,33178975,319276992,280071861,0,0,0,0,5eb7747ecbde451de49ea2bb0b40c31b43aa1915d4f074ed405d0301b7d991a6
10522,28,8664421262,8652811333,11142876,590,366458,99965,40,1893067545,372408,84586308,173445124,440963611,377732563,144733396,543662644,127546558,206972506,3678247554,16373422,6,2,4,0,0,4464,1204,58,0,0,0,0,5,74081303,2662113250,13738678,1,132891203,1016134304,2634744,1242378987,1768441030,153900458,159681420,85962187,204047867,4523170,33178835,301677917,272627128,0,0,0,0,5eb7747ecbde451de49ea2bb0b40c31b43aa1915d4f074ed405d0301b7d991a6
10522,29,8664422973,8652800782,11151927,690,369169,100365,40,1893295003,322446,84652513,174052744,440311239,377611646,144898553,543419183,128002970,207034020,3678206931,16498397,6,2,4,0,0,4464,1204,58,0,0,0,0,5,74132106,2662069768,13828051,1,132901914,1016137163,2670346,1280355758,1767117995,144983904,136958492,83991578,204073438,4497499,33178855,293425653,275957121,0,0,0,0,5eb7747ecbde451de49ea2bb0b40c31b43aa1915d4f074ed405d0301b7d991a6
10522,30,8664422053,8652795052,11155486,40,371739,99685,51,1893297986,329749,84651351,175663577,438739420,377497607,144967219,543670914,127761148,206970537,3678274733,16343882,6,2,4,0,0,4464,1204,58,0,0,0,0,5,74078104,2662130619,13718448,1,132892433,1016144114,2625434,1245530145,1767102642,150103214,160969286,84159196,204047167,4523190,33178775,301026254,279833050,0,0,0,0,5eb7747ecbde451de49ea2bb0b40c31b43aa1915d4f074ed405d0301b7d991a6
10522,31,8664421042,8652856235,11093254,60,371488,99956,49,1892811622,338599,84639629,175289468,439064346,377709272,144852339,543386660,127505807,207050988,3678260953,16417136,6,2,4,0,0,4464,1204,58,0,0,0,0,5,74145005,2662066156,13812353,1,132905983,1016194797,2604783,1217711278,1766055941,157230361,176794786,80166778,204090289,4480127,33178917,188612145,325140895,0,0,0,0,5eb7747ecbde451de49ea2bb0b40c31b43aa1915d4f074ed405d0301b7d991a6
10522,32,8664421471,8652887176,11065042,40,368679,100265,269,1895038506,281523,84628240,176952183,437478426,376438746,146109094,543568719,129560373,206981437,3678427172,16170133,6,2,4,0,0,4464,1204,58,0,0,0,0,5,74096104,2662227835,13595102,1,132885333,1016199337,2575031,1258555089,1767307401,148606179,151624786,81034781,204041027,4533790,33170425,323101331,296905395,0,0,0,0,5eb7747ecbde451de49ea2bb0b40c31b43aa1915d4f074ed405d0301b7d991a6
10522,33,8664423013,8652875046,11078683,40,368888,100305,51,1895028936,321920,84611447,178634857,435743818,376471939,146124844,543319249,129786001,207015357,3678455783,16255076,6,2,4,0,0,4464,1204,58,0,0,0,0,5,74113034,2662272927,13621702,1,132902323,1016182856,2633374,1238967690,1770172552,144444010,169367005,87744203,204079178,4493849,33177936,342619864,266727186,0,0,0,0,5eb7747ecbde451de49ea2bb0b40c31b43aa1915d4f074ed405d0301b7d991a6
10522,34,8664422542,8652888776,11067063,40,367118,99496,49,1895062385,324888,84607419,177530982,436916276,376472427,146058072,543577501,129556619,206965936,3678392120,16225235,6,2,4,0,0,4464,1204,58,0,0,0,0,5,74075453,2662240955,13603432,1,132890483,1016151165,2621803,1261116771,1764735257,153599216,148329270,81829880,204044617,4528730,33173745,344188372,264100951,0,0,0,0,5eb7747ecbde451de49ea2bb0b40c31b43aa1915d4f074ed405d0301b7d991a6
10522,35,8664422123,8652869725,11085434,50,366429,100345,140,1895286017,333948,84595458,177476337,436893059,376307479,146297314,543332877,130035785,207018356,3678450554,16251256,6,2,4,0,0,4464,1204,58,0,0,0,0,5,74128253,2662248327,13634653,1,132890103,1016202227,2616603,1267058621,1766950323,146634376,151748728,86368403,204079609,4493508,33176955,341395595,262236279,0,0,0,0,5eb7747ecbde451de49ea2bb0b40c31b43aa1915d4f074ed405d0301b7d991a6
10522,36,8664422782,8652894377,11058212,50,370569,99534,40,1895588263,305225,84598510,177289738,437148880,376290778,146270701,543568341,130098148,206993378,3678363098,16232935,6,2,4,0,0,4464,1204,58,0,0,0,0,5,74106035,2662247295,13576680,1,132887343,1016115803,2656255,1290978251,1769552261,155210695,147483272,84263208,204042597,4535570,33168895,343708898,254338140,0,0,0,0,5eb7747ecbde451de49ea2bb0b40c31b43aa1915d4f074ed405d0301b7d991a6
10522,37,8664421423,8652879396,11073873,50,367939,100105,60,1895060165,272073,84674694,176707308,437657394,376648058,145967128,543312357,129797380,207004837,3678544399,16163521,6,2,4,0,0,4464,1204,58,0,0,0,0,5,74112884,2662254717,13635743,1,132891953,1016289682,2527778,1243118965,1769419378,156094557,153113619,81527948,204074278,4499679,33176275,352393329,257088718,0,0,0,0,5eb7747ecbde451de49ea2bb0b40c31b43aa1915d4f074ed405d0301b7d991a6
10522,38,8664420611,8652916657,11032790,40,372430,98645,49,1894568319,320476,84588908,176925861,437514478,376408273,146141248,543556987,129099597,206990266,3678443524,16149562,6,2,4,0,0,4464,1204,58,0,0,0,0,5,74105213,2662257008,13563590,1,132885053,1016186516,2585972,1269197995,1767107011,147420571,143713171,86328984,204041047,4532300,33177096,331746726,267657210,0,0,0,0,5eb7747ecbde451de49ea2bb0b40c31b43aa1915d4f074ed405d0301b7d991a6
10522,39,8664422773,8652915528,11036101,49,370959,100096,40,1894784313,299566,84626919,178154722,436206322,376113500,146503164,543327518,129530397,207010505,3678447265,16247306,6,2,4,0,0,4464,1204,58,0,0,0,0,5,74108232,2662246247,13642864,1,132902273,1016201018,2604442,1275293862,1764686688,144738594,147486483,84804702,204074858,4498529,33176906,355570922,255436577,0,0,0,0,5eb7747ecbde451de49ea2bb0b40c31b43aa1915d4f074ed405d0301b7d991a6
10522,40,8664421503,8652895277,11058232,40,368158,99745,51,1892894155,311618,84622929,174094576,440304409,377179075,145381175,543532137,127449465,206989246,3678241383,16356902,6,2,4,0,0,4464,1204,58,0,0,0,0,5,74099793,2662088338,13736849,1,132889453,1016153045,2620053,1249403524,1768620388,148584823,161814232,82557167,204048987,4516909,33180356,325123905,281484276,0,0,0,0,5eb7747ecbde451de49ea2bb0b40c31b43aa1915d4f074ed405d0301b7d991a6
10522,41,8664422343,8652914778,11035610,40,371030,100825,60,1893087314,286145,84640700,176418434,437947560,377657417,144955547,543307006,127855152,207009167,3678354350,16376720,6,2,4,0,0,4464,1204,58,0,0,0,0,5,74100583,2662170514,13756647,1,132908584,1016183836,2620073,1246294470,1768215297,151543154,161647857,82480490,204081769,4492238,33173025,332067942,275053334,0,0,0,0,5eb7747ecbde451de49ea2bb0b40c31b43aa1915d4f074ed405d0301b7d991a6
10522,42,8664421432,8652890987,11062392,440,368279,99274,60,1892505405,238694,84682103,173465943,440939332,377194063,145334947,543567897,127056695,206976926,3678294966,16317370,6,2,4,0,0,4464,1204,58,0,0,0,0,5,74088983,2662139601,13696867,1,132887943,1016155365,2620503,1236214136,1765447632,158679630,161188847,82798246,204048887,4533920,33169086,324752432,286566378,0,0,0,0,5eb7747ecbde451de49ea2bb0b40c31b43aa1915d4f074ed405d0301b7d991a6
10522,43,8664421982,8652883786,11067743,40,370179,100185,49,1893113234,254192,84669732,175448928,438910748,377744063,144837628,543351980,127871194,206999967,3678353297,16338081,6,2,4,0,0,4464,1204,58,0,0,0,0,5,74100863,2662149070,13742799,1,132899104,1016204227,2595282,1249463902,1769855230,144215058,164198380,87195243,204094959,4478738,33170965,301104462,279408178,0,0,0,0,5eb7747ecbde451de49ea2bb0b40c31b43aa1915d4f074ed405d0301b7d991a6
10522,44,8664421642,8652858955,11094044,40,369038,99485,80,1893006111,302594,84626902,174628842,439774914,377491450,145059729,543567150,127531568,206960475,3678286605,16337070,6,2,4,0,0,4464,1204,58,0,0,0,0,5,74079263,2662125680,13720617,1,132881212,1016160925,2616453,1239541131,1769629605,149262502,163072149,82136799,204047837,4522960,33176256,317292677,286668239,0,0,0,0,5eb7747ecbde451de49ea2bb0b40c31b43aa1915d4f074ed405d0301b7d991a6
10522,45,8664421753,8652859295,11094194,40,367988,100176,60,1893358797,280045,84648501,175081937,439281987,377545731,145053894,543326526,128116888,207005307,3678372980,16362861,6,2,4,0,0,4464,1204,58,0,0,0,0,5,74103774,2662183093,13739558,1,132901533,1016189887,2623303,1239724335,1770763784,142982184,170500502,83455556,204069928,4497078,33184327,325475065,284393118,0,0,0,0,5eb7747ecbde451de49ea2bb0b40c31b43aa1915d4f074ed405d0301b7d991a6
10522,46,8664422013,8652893217,11057241,40,371590,99865,60,1893317446,287863,84634603,176085436,438331631,377766593,144773606,543552717,127856258,206981997,3678312606,16295069,6,2,4,0,0,4464,1204,58,0,0,0,0,5,74093074,2662123919,13711098,1,132888923,1016188687,2583971,1254151479,1766560736,148013242,156509936,84768740,204047807,4518990,33183895,304792326,282118741,0,0,0,0,5eb7747ecbde451de49ea2bb0b40c31b43aa1915d4f074ed405d0301b7d991a6
10522,47,8664421502,8652916667,11036631,40,368088,100025,51,1893080834,279834,84665303,176069856,438286436,377524932,145051963,543367418,127811092,207033468,3678346918,16361082,6,2,4,0,0,4464,1204,58,0,0,0,0,5,74124065,2662139060,13756260,1,132909403,1016207858,2604822,1203524464,1769229103,156788091,187762571,86805104,204095999,4474488,33181335,336128605,334786892,0,0,0,0,5eb7747ecbde451de49ea2bb0b40c31b43aa1915d4f074ed405d0301b7d991a6
10522,48,8664419773,8652837984,11113555,40,368438,99705,51,1895185573,321528,84622820,176948330,437460574,376557284,146012450,543567299,129678817,206990669,3678366668,16234615,6,2,4,0,0,4464,1204,58,0,0,0,0,5,74102646,2662209553,13617202,1,132888023,1016157115,2617413,1239944179,1767819281,153321590,159113593,83947797,204039906,4541491,33163445,360298554,306476691,0,0,0,0,5eb7747ecbde451de49ea2bb0b40c31b43aa1915d4f074ed405d0301b7d991a6
10522,49,8664421662,8652900367,11053102,50,367878,100216,49,1895234993,364758,84632199,177646178,436713457,376815976,145763427,543339258,129946090,207056821,3678457192,16242206,6,2,4,0,0,4464,1204,58,0,0,0,0,5,74144557,2662264935,13629763,1,132912264,1016192257,2612443,1250969854,1767594165,148329325,159537867,86884533,204074348,4497309,33175365,350977396,282375396,0,0,0,0,5eb7747ecbde451de49ea2bb0b40c31b43aa1915d4f074ed405d0301b7d991a6
10522,50,8664423313,8652849385,11102844,40,372099,98874,71,1894512118,317808,84638559,177157482,437271687,376619446,145901262,543613262,128972141,206988528,3678433092,16161820,6,2,4,0,0,4464,1204,58,0,0,0,0,5,74095544,2662260137,13567878,1,132892984,1016172955,2593942,1248490059,1767214300,154332847,160366879,82490001,204045977,4526440,33173725,344489073,270667730,0,0,0,0,5eb7747ecbde451de49ea2bb0b40c31b43aa1915d4f074ed405d0301b7d991a6
10522,51,8664423592,8652853065,11100444,40,369638,100345,60,1894874544,344487,84635171,177835818,436527337,376473930,146112613,543353507,129577950,207046619,3678485297,16189311,6,2,4,0,0,4464,1204,58,0,0,0,0,5,74147756,2662276019,13598310,1,132898863,1016209278,2591001,1054879796,1774275431,140073886,318408201,82945849,204084059,4488198,33178245,355365239,346328281,0,0,0,0,5eb7747ecbde451de49ea2bb0b40c31b43aa1915d4f074ed405d0301b7d991a6
10522,52,8664422702,8652849625,11102524,50,370918,99536,49,1894653155,304747,84628579,176196212,438221096,376150752,146319894,543685673,129126941,206994347,3678466464,16135451,6,2,4,0,0,4464,1204,58,0,0,0,0,5,74110194,2662280438,13545859,1,132884153,1016186026,2589592,1274056202,1765454844,151221496,143222399,78695945,204041257,4533470,33170915,354337043,254100470,0,0,0,0,5eb7747ecbde451de49ea2bb0b40c31b43aa1915d4f074ed405d0301b7d991a6
10522,53,8664421862,8652849905,11100564,40,371508,99785,60,1895103706,327915,84655634,178138652,436226762,376725429,145843523,543373549,129800012,207034311,3678427641,16275078,6,2,4,0,0,4464,1204,58,0,0,0,0,5,74130707,2662265196,13632773,1,132903604,1016162445,2642305,1263422214,1766342901,145577407,157749444,87231373,204068478,4504439,33177455,351156725,251803720,0,0,0,0,5eb7747ecbde451de49ea2bb0b40c31b43aa1915d4f074ed405d0301b7d991a6
10522,54,8664423352,8652828003,11126246,40,369429,99585,49,1895038166,329586,84608439,176331719,438097269,376486610,146059440,543564950,129541581,206996437,3678424033,16177083,6,2,4,0,0,4464,1204,58,0,0,0,0,5,74112404,2662254828,13571140,1,132884033,1016169205,2605943,1255763854,1763195027,150105550,158118448,88678804,204041897,4529160,33178316,339282863,266448154,0,0,0,0,5eb7747ecbde451de49ea2bb0b40c31b43aa1915d4f074ed405d0301b7d991a6
10522,55,8664422133,8652860435,11089883,51,371588,100125,51,1895084585,342811,84653491,177226245,437128197,376489191,146094953,543364458,129765240,207050069,3678412881,16274259,6,2,4,0,0,4464,1204,58,0,0,0,0,5,74147936,2662252746,13629604,1,132902133,1016160135,2644655,1300328895,1759850126,147591229,152156348,85772707,204088359,4483448,33177755,378089897,261138850,0,0,0,0,5eb7747ecbde451de49ea2bb0b40c31b43aa1915d4f074ed405d0301b7d991a6
10522,56,8664422843,8652832854,11121775,60,368598,99516,40,1892871383,311815,84634771,175212632,439189304,377916210,144640512,543562657,127376400,206991697,3678307708,16283357,6,2,4,0,0,4464,1204,58,0,0,0,0,5,74104434,2662154893,13665374,1,132887263,1016152815,2617983,1259077948,1761390723,148368950,160054928,87753558,204044677,4528600,33173025,352661370,275420060,0,0,0,0,5eb7747ecbde451de49ea2bb0b40c31b43aa1915d4f074ed405d0301b7d991a6
10522,57,8664422993,8652808303,11143576,40,370849,100085,140,1892003311,352456,84614100,175483608,438884528,377923643,144568295,543426451,126721146,207048659,3678381087,16319630,6,2,4,0,0,4464,1204,58,0,0,0,0,5,74143845,2662194131,13698417,1,132904814,1016186956,2621213,1256614228,1769234848,144904805,158654916,85584690,204088179,4486708,33171595,345299828,263829506,0,0,0,0,5eb7747ecbde451de49ea2bb0b40c31b43aa1915d4f074ed405d0301b7d991a6
10522,58,8664422893,8652819163,11134246,40,369979,99414,51,1892919436,300034,84664491,175124060,439296358,377797645,144702294,543598349,127418084,206973776,3678346500,16259515,6,2,4,0,0,4464,1204,58,0,0,0,0,5,74090173,2662168694,13660063,1,132883603,1016177806,2599452,1248348762,1765768256,145608464,163825597,85187761,204045117,4529820,33171585,313250276,272146505,0,0,0,0,5eb7747ecbde451de49ea2bb0b40c31b43aa1915d4f074ed405d0301b7d991a6
10522,59,8664423333,8652803752,11149757,60,369329,100265,170,1892640894,317748,84639178,173804854,440551702,377842515,144743706,543347719,127362498,207042930,3678353218,16316509,6,2,4,0,0,4464,1204,58,0,0,0,0,5,74135905,2662171132,13704207,1,132907025,1016182086,2612302,1246846501,1770365774,152272475,157629991,86517573,204090389,4482828,33170815,347607673,268118016,0,0,0,0,5eb7747ecbde451de49ea2bb0b40c31b43aa1915d4f074ed405d0301b7d991a6
10522,60,8664422453,8652814563,11139176,40,368688,99926,60,1892466344,311557,84636691,175544890,438876657,377614965,144925435,543584318,126949241,206976006,3678306787,16310659,6,2,4,0,0,4464,1204,58,0,0,0,0,5,74088263,2662154522,13689576,1,132887743,1016152265,2621083,1247750130,1769721790,149525469,155225637,85681707,204045177,4529550,33170795,314598406,285872689,0,0,0,0,5eb7747ecbde451de49ea2bb0b40c31b43aa1915d4f074ed405d0301b7d991a6
10522,61,8664423333,8652877146,11075523,40,370128,100446,50,1892904427,337266,84654960,175508781,438848115,378017826,144567678,543345109,127602688,207037099,3678366749,16334760,6,2,4,0,0,4464,1204,58,0,0,0,0,5,74126154,2662185613,13716817,1,132910945,1016181136,2617943,1254919156,1767731730,150266974,154864125,84300690,204084099,4491298,33172885,319986263,283574352,0,0,0,0,5eb7747ecbde451de49ea2bb0b40c31b43aa1915d4f074ed405d0301b7d991a6
10522,62,8664422373,8652875956,11074483,60,372228,99586,60,1892522417,293624,84646563,174125078,440301309,377857758,144597168,543664634,127011812,206971374,3678337148,16284379,6,2,4,0,0,4464,1204,58,0,0,0,0,5,74088861,2662191144,13653055,1,132882513,1016146004,2631324,1248136988,1767293677,155544403,155834786,84036944,204045097,4531930,33172555,302539118,281667092,0,0,0,0,5eb7747ecbde451de49ea2bb0b40c31b43aa1915d4f074ed405d0301b7d991a6
10522,63,8664420373,8652808352,11143677,50,368198,100045,51,1893152408,330717,84649998,175984765,438377531,377964113,144618380,543358338,127849794,207050710,3678337867,16335961,6,2,4,0,0,4464,1204,58,0,0,0,0,5,74145596,2662156101,13717338,1,132905114,1016181766,2618623,1223658991,1767050830,145898872,182152944,89615337,204091609,4485398,33174845,345515519,323547506,0,0,0,0,5eb7747ecbde451de49ea2bb0b40c31b43aa1915d4f074ed405d0301b7d991a6
10522,64,8664423543,8652821813,11130826,40,370178,100626,60,1896313760,431763,84574399,175530247,438863500,376289466,146271714,543552687,130787594,207008968,3678540019,16055005,6,2,4,0,0,4464,1204,58,0,0,0,0,5,74128595,2662341062,13473924,1,132880373,1016198957,2581081,1251741005,1767620233,147571452,155630817,81640491,204046527,4525340,33171535,320572989,304483469,0,0,0,0,5eb7747ecbde451de49ea2bb0b40c31b43aa1915d4f074ed405d0301b7d991a6
10522,65,8664422422,8652820313,11132156,60,369699,100145,49,1895773381,439095,84569369,177182841,437178952,376200505,146388606,543325937,130470747,207022989,3678567037,16168062,6,2,4,0,0,4464,1204,58,0,0,0,0,5,74124886,2662346719,13570470,1,132898103,1016220318,2597592,1254379691,1765151521,152783583,153636736,85577071,204080739,4492028,33180886,320346397,279574232,0,0,0,0,5eb7747ecbde451de49ea2bb0b40c31b43aa1915d4f074ed405d0301b7d991a6
10522,66,8664422412,8652823963,11129386,50,369588,99376,49,1895682798,416542,84598951,177061647,437356281,376013201,146419401,543666876,130136510,206985436,3678535358,16086018,6,2,4,0,0,4464,1204,58,0,0,0,0,5,74101303,2662325611,13511757,1,132884133,1016209747,2574261,1246122720,1763936221,148223893,169512862,80160664,204044047,4525250,33177526,270546342,276595466,0,0,0,0,5eb7747ecbde451de49ea2bb0b40c31b43aa1915d4f074ed405d0301b7d991a6
10522,67,8664422622,8652820543,11134106,60,367628,100225,60,1896112490,405693,84605992,178129510,436230750,376035190,146461701,543430321,130797734,207030087,3678542389,16159841,6,2,4,0,0,4464,1204,58,0,0,0,0,5,74131364,2662315310,13573150,1,132898723,1016227079,2586691,1040314357,1771044937,143985688,328864418,81221410,204082009,4490778,33184636,304358149,353218882,0,0,0,0,5eb7747ecbde451de49ea2bb0b40c31b43aa1915d4f074ed405d0301b7d991a6
10522,68,8664422553,8652822553,11128896,40,371508,99505,51,1895722220,442112,84563750,177025506,437381752,375777122,146768537,543572629,130176623,207003938,3678532047,16074358,6,2,4,0,0,4464,1204,58,0,0,0,0,5,74122935,2662334610,13489717,1,132881003,1016197437,2584641,1270181733,1766247325,150096121,147501035,85898638,204048157,4525520,33172545,292122698,250907668,0,0,0,0,5eb7747ecbde451de49ea2bb0b40c31b43aa1915d4f074ed405d0301b7d991a6
10522,69,8664418782,8652855734,11094894,150,367919,100034,51,1895121320,405872,84606271,177538890,436825142,375996876,146583157,543348237,129801583,207037640,3678548738,16162271,6,2,4,0,0,4464,1204,58,0,0,0,0,5,74140767,2662332840,13556929,1,132896873,1016215898,2605342,1260595638,1765834047,155234871,149007924,85815956,204079978,4492859,33177675,310567666,258750885,0,0,0,0,5eb7747ecbde451de49ea2bb0b40c31b43aa1915d4f074ed405d0301b7d991a6
10522,70,8664422543,8652821343,11129936,49,372239,98925,51,1896018816,400262,84603939,176281407,438137431,375810392,146724518,543543207,130503850,206991657,3678510737,16105998,6,2,4,0,0,4464,1204,58,0,0,0,0,5,74113514,2662332881,13501426,1,132878143,1016177856,2604572,1265812543,1764715378,148223965,154950137,88863563,204048297,4525240,33179556,291535000,247624232,0,0,0,0,5eb7747ecbde451de49ea2bb0b40c31b43aa1915d4f074ed405d0301b7d991a6
10522,71,8664422612,8652817513,11133946,49,370939,100105,60,1896689509,398494,84601539,177478736,436883545,376104401,146497514,543333106,131376404,207019838,3678552789,16146171,6,2,4,0,0,4464,1204,58,0,0,0,0,5,74122275,2662351042,13537668,1,132897563,1016201747,2608503,1268587782,1766854417,142999422,154335220,91164044,204078619,4494238,33178125,298124329,244904248,0,0,0,0,5eb7747ecbde451de49ea2bb0b40c31b43aa1915d4f074ed405d0301b7d991a6
10522,72,8664418693,8652834904,11114895,40,369358,99436,60,1894660524,387270,84621481,174952079,439427055,377676830,144886664,543523874,129168953,206992147,3678400190,16201594,6,2,4,0,0,4464,1204,58,0,0,0,0,5,74111874,2662244305,13576191,1,132880273,1016155885,2625403,1249252588,1762180221,146573128,165382829,85884868,204049877,4520160,33173625,381744665,270569496,0,0,0,0,5eb7747ecbde451de49ea2bb0b40c31b43aa1915d4f074ed405d0301b7d991a6
10522,73,8664422223,8652801882,11149847,180,369128,101126,60,1894072354,396181,84608909,173845832,440514422,377346613,145249160,543307827,128774700,207019687,3678435302,16298799,6,2,4,0,0,4464,1204,58,0,0,0,0,5,74117664,2662228564,13691077,1,132902023,1016206738,2607722,1254844762,1766296144,155625679,148593481,82148348,204087099,4484008,33176956,343549781,277318958,0,0,0,0,5eb7747ecbde451de49ea2bb0b40c31b43aa1915d4f074ed405d0301b7d991a6
10522,74,8664420413,8652839124,11111095,50,370788,99305,51,1894252414,354386,84654472,175762522,438626646,377377952,145172459,543536805,128751360,206980106,3678374779,16242047,6,2,4,0,0,4464,1204,58,0,0,0,0,5,74098233,2662189423,13646575,1,132881873,1016185356,2595472,1252073015,1768825253,146665697,159816327,85117532,204050857,4520550,33172575,311065274,262911175,0,0,0,0,5eb7747ecbde451de49ea2bb0b40c31b43aa1915d4f074ed405d0301b7d991a6
10522,75,8664421193,8652805303,11145106,40,370319,100365,60,1894289526,417553,84591678,177420196,436936729,378005526,144578444,543336710,128977871,207029348,3678420163,16284546,6,2,4,0,0,4464,1204,58,0,0,0,0,5,74127445,2662220676,13676873,1,132901903,1016199487,2607673,1347581361,1772656991,141221186,64717522,85133814,204100500,4470427,33176265,340061364,270599544,0,0,0,0,5eb7747ecbde451de49ea2bb0b40c31b43aa1915d4f074ed405d0301b7d991a6
10522,76,8664420962,8652801952,11148497,220,370788,99456,49,1894218752,437404,84557787,174044253,440355383,377806865,144748295,543546409,128704738,206978036,3678344868,16285048,6,2,4,0,0,4464,1204,58,0,0,0,0,5,74099143,2662183463,13661535,1,132878893,1016161405,2623513,1255846975,1765447978,149627672,151659562,82289038,204050887,4524230,33176956,327643927,271125038,0,0,0,0,5eb7747ecbde451de49ea2bb0b40c31b43aa1915d4f074ed405d0301b7d991a6
10522,77,8664421252,8652804201,11147427,40,369109,100425,50,1894604471,378242,84631748,175903719,438457334,377609447,145000229,543295675,129308555,207037889,3678378169,16354562,6,2,4,0,0,4464,1204,58,0,0,0,0,5,74135796,2662199023,13714378,1,132902093,1016179146,2640184,1251802235,1769809095,150343715,154753831,86127041,204076948,4494319,33178035,306376173,269287011,0,0,0,0,5eb7747ecbde451de49ea2bb0b40c31b43aa1915d4f074ed405d0301b7d991a6
10522,78,8664420522,8652800791,11149047,60,370359,100215,50,1894343301,399422,84594369,173989202,440414965,377821007,144732363,543540687,128834594,206981677,3678318167,16313648,6,2,4,0,0,4464,1204,58,0,0,0,0,5,74103174,2662162442,13685445,1,132878503,1016155725,2628203,1249845034,1766928716,154143855,150712531,83156811,204050067,4521000,33185826,317825965,283780992,0,0,0,0,5eb7747ecbde451de49ea2bb0b40c31b43aa1915d4f074ed405d0301b7d991a6
10522,79,8664421653,8652807143,11143336,70,370708,100346,50,1894140219,395241,84612388,174715658,439642505,377369576,145137143,543432175,128810560,207034758,3678400741,16324269,6,2,4,0,0,4464,1204,58,0,0,0,0,5,74132865,2662192623,13715067,1,132901893,1016208118,2609202,1257027023,1769348567,152341268,140772652,86986381,204098460,4473427,33183336,323870578,306436699,0,0,0,0,5eb7747ecbde451de49ea2bb0b40c31b43aa1915d4f074ed405d0301b7d991a6
10522,80,8664417852,8652816682,11132096,70,368958,99966,80,1895641174,432910,84579471,175924907,438470618,376214883,146364788,543530577,130107920,206981996,3678490906,16117768,6,2,4,0,0,4464,1204,58,0,0,0,0,5,74102143,2662278538,13551528,1,132879853,1016212368,2566240,1238576178,1769043559,160945382,152392767,79989556,204045407,4528540,33176816,400855097,298586938,0,0,0,0,5eb7747ecbde451de49ea2bb0b40c31b43aa1915d4f074ed405d0301b7d991a6
10522,81,8664422853,8652825173,11129226,40,368458,99876,80,1895898229,468106,84552685,177289560,437065994,376910931,145675382,543333468,130582712,207036348,3678495616,16190152,6,2,4,0,0,4464,1204,58,0,0,0,0,5,74139585,2662282048,13595830,1,132896763,1016213568,2594322,1255433841,1765900203,150873167,153916677,85514892,204075818,4498869,33174865,392280305,259027530,0,0,0,0,5eb7747ecbde451de49ea2bb0b40c31b43aa1915d4f074ed405d0301b7d991a6
10522,82,8664421232,8652822573,11127966,60,371548,99025,60,1895950084,411140,84600272,176420864,437990742,376435304,146066474,543603930,130405383,206971317,3678512676,16104019,6,2,4,0,0,4464,1204,58,0,0,0,0,5,74089134,2662300158,13538239,1,132882183,1016212518,2565780,1260019338,1764972698,154976858,147694587,84229209,204047857,4526060,33174745,370416031,265500495,0,0,0,0,5eb7747ecbde451de49ea2bb0b40c31b43aa1915d4f074ed405d0301b7d991a6
10522,83,8664421463,8652824423,11126686,40,369949,100325,40,1894655634,423992,84592799,177904759,436451353,376386586,146156815,543372030,129351897,207021437,3678503607,16192213,6,2,4,0,0,4464,1204,58,0,0,0,0,5,74124794,2662285009,13606282,1,132896643,1016218598,2585931,1262598596,1768367637,146905619,152334187,85692325,204081379,4493518,33175515,387588522,262532808,0,0,0,0,5eb7747ecbde451de49ea2bb0b40c31b43aa1915d4f074ed405d0301b7d991a6
10522,84,8664420082,8652819643,11129806,50,370938,99596,49,1895687828,416950,84590950,177926582,436479895,376339651,146226050,543545277,130146292,206981017,3678617901,16020815,6,2,4,0,0,4464,1204,58,0,0,0,0,5,74100984,2662409874,13446524,1,132880033,1016208027,2574291,1258175893,1768455221,146851134,155026567,88088227,204046057,4529030,33174216,357131677,250322671,0,0,0,0,5eb7747ecbde451de49ea2bb0b40c31b43aa1915d4f074ed405d0301b7d991a6
10522,85,8664419991,8652820012,11129556,60,370389,99914,60,1895885906,414761,84606520,178965684,435390231,376183420,146388170,543351749,130568782,207031319,3678531958,16171201,6,2,4,0,0,4464,1204,58,0,0,0,0,5,74133896,2662299989,13593890,1,132897423,1016231969,2577311,1263666854,1763957139,159352523,141959667,82936855,204070468,4505439,33175125,399111239,252975887,0,0,0,0,5eb7747ecbde451de49ea2bb0b40c31b43aa1915d4f074ed405d0301b7d991a6
10522,86,8664420093,8652819793,11130326,40,370269,99625,40,1895994105,382281,84619768,176441127,437972971,376213543,146291044,543584789,130474970,206983368,3678449814,16178581,6,2,4,0,0,4464,1204,58,0,0,0,0,5,74099575,2662272508,13573719,1,132883793,1016177306,2604862,1267636631,1762516468,147476979,149793962,84891151,204046197,4528520,33174736,369188572,256710970,0,0,0,0,5eb7747ecbde451de49ea2bb0b40c31b43aa1915d4f074ed405d0301b7d991a6
10522,87,8664422243,8652821313,11130636,50,370179,100014,51,1896062805,393391,84627711,178414087,435931846,376100479,146452052,543376740,130750510,207017677,3678533398,16166091,6,2,4,0,0,4464,1204,58,0,0,0,0,5,74121694,2662314330,13579100,1,132895983,1016219068,2586991,1261166531,1764491413,147447802,153996795,85975791,204083689,4491638,33174315,378616363,259852582,0,0,0,0,5eb7747ecbde451de49ea2bb0b40c31b43aa1915d4f074ed405d0301b7d991a6
10522,88,8664419933,8652806612,11143707,50,369968,99536,60,1893540358,426352,84570597,174915046,439498011,377430496,145083774,543581897,128021134,206977947,3678365438,16248967,6,2,4,0,0,4464,1204,58,0,0,0,0,5,74100104,2662160981,13671866,1,132877843,1016204457,2577101,1234743382,1764502526,150466698,168226552,83851866,204049397,4520479,33179446,384227284,290997045,0,0,0,0,5eb7747ecbde451de49ea2bb0b40c31b43aa1915d4f074ed405d0301b7d991a6
10522,89,8664419931,8652812062,11138546,40,369089,100145,49,1892896444,412180,84586186,175935441,438447305,377347762,145180230,543354206,127613281,207018837,3678435404,16278465,6,2,4,0,0,4464,1204,58,0,0,0,0,5,74121954,2662227916,13667643,1,132896883,1016207488,2610822,1234818409,1765406580,152235563,168280115,85629413,204090609,4479908,33181135,366891439,283940344,0,0,0,0,5eb7747ecbde451de49ea2bb0b40c31b43aa1915d4f074ed405d0301b7d991a6
10522,90,8664419842,8652806261,11144837,50,369629,99014,51,1893629045,407621,84592378,175153331,439271907,377393655,145147007,543546706,128103508,206968186,3678378318,16240297,6,2,4,0,0,4464,1204,58,0,0,0,0,5,74089824,2662199232,13636805,1,132878362,1016179086,2603492,1227333699,1767333187,152337437,170771426,84432092,204048657,4522079,33176166,389222359,279605510,0,0,0,0,5eb7747ecbde451de49ea2bb0b40c31b43aa1915d4f074ed405d0301b7d991a6
10522,91,8664420062,8652807852,11141406,50,370378,100325,51,1893116436,396358,84594081,174993132,439387613,377507632,145030818,543357687,127826203,206993385,3678378760,16327951,6,2,4,0,0,4464,1204,58,0,0,0,0,5,74095892,2662177983,13722858,1,132897493,1016200777,2605093,1234104193,1772383509,152007605,164442298,85074726,204096749,4472558,33181635,347973196,270961861,0,0,0,0,5eb7747ecbde451de49ea2bb0b40c31b43aa1915d4f074ed405d0301b7d991a6
10522,92,8664420482,8652803671,11147607,40,369288,99826,50,1893456834,444161,84540958,174166847,440260331,377370823,145086303,543645479,127926700,206969835,3678460554,16175392,6,2,4,0,0,4464,1204,58,0,0,0,0,5,74090383,2662290898,13562430,1,132879452,1016169656,2612962,1246698408,1766690049,145785823,167045488,83692344,204049197,4520530,33176515,327193585,265351535,0,0,0,0,5eb7747ecbde451de49ea2bb0b40c31b43aa1915d4f074ed405d0301b7d991a6
10522,93,8664420403,8652803662,11146727,130,369478,100346,60,1892531727,386980,84613069,174815554,439561450,377282260,145267453,543350668,127233392,207006736,3678339748,16381202,6,2,4,0,0,4464,1204,58,0,0,0,0,5,74109653,2662173692,13733128,1,132897083,1016166056,2648074,1245443932,1769077278,154224767,153350453,82914100,204074288,4496428,33177226,337316874,269340089,0,0,0,0,5eb7747ecbde451de49ea2bb0b40c31b43aa1915d4f074ed405d0301b7d991a6
10522,94,8664420222,8652842463,11106715,60,371388,99526,70,1893085136,371598,84624821,174435786,439990322,376672627,145817431,543606638,127547891,206975267,3678324495,16297170,6,2,4,0,0,4464,1204,58,0,0,0,0,5,74093574,2662173321,13667616,1,132881693,1016151174,2629554,1239518188,1767559535,150149001,162164582,83976425,204048447,4521650,33176845,340630299,296055116,0,0,0,0,5eb7747ecbde451de49ea2bb0b40c31b43aa1915d4f074ed405d0301b7d991a6
10522,95,8664420072,8652805981,11142957,40,370799,100245,50,1893814861,403623,84602306,175352344,439020333,377418826,145141667,543351477,128509946,207028919,3678399492,16287606,6,2,4,0,0,4464,1204,58,0,0,0,0,5,74130756,2662169013,13707815,1,132898163,1016230479,2579791,1220441857,1769209574,155100765,172812677,89675836,204094219,4476498,33181966,364608848,311527257,0,0,0,0,5eb7747ecbde451de49ea2bb0b40c31b43aa1915d4f074ed405d0301b7d991a6
10522,96,8664422163,8652825033,11128456,60,368399,100145,70,1895565014,370351,84649111,177168602,437248105,376167954,146355747,543565255,130028026,206988858,3678471433,16136820,6,2,4,0,0,4464,1204,58,0,0,0,0,5,74106995,2662280247,13546218,1,132881863,1016191186,2590602,1240467957,1770805005,157930324,151554041,80962268,204045707,4534930,33167266,305526715,292783466,0,0,0,0,5eb7747ecbde451de49ea2bb0b40c31b43aa1915d4f074ed405d0301b7d991a6
10522,97,8664422122,8652820423,11133056,40,368389,100165,49,1895691508,415223,84597028,176781563,437597022,376456666,146108416,543323217,130400072,207031079,3678532857,16187172,6,2,4,0,0,4464,1204,58,0,0,0,0,5,74123245,2662319289,13582230,1,132907834,1016213568,2604942,1259815636,1766268140,155236009,145771905,83129874,204083619,4487918,33183576,334317568,259920685,0,0,0,0,5eb7747ecbde451de49ea2bb0b40c31b43aa1915d4f074ed405d0301b7d991a6
10522,98,8664422132,8652818383,11134196,60,370188,99245,60,1895780643,392991,84613572,177140480,437303015,376334722,146173918,543568066,130238379,206969916,3678536246,16086929,6,2,4,0,0,4464,1204,58,0,0,0,0,5,74088813,2662328299,13512028,1,132881103,1016207947,2574901,1253090039,1764440911,158821562,146908843,83850018,204045597,4523599,33181637,302142644,259232039,0,0,0,0,5eb7747ecbde451de49ea2bb0b40c31b43aa1915d4f074ed405d0301b7d991a6
10522,99,8664421473,8652820883,11132346,50,367918,100205,71,1895976433,402503,84596788,177895720,436474434,376330580,146241801,543335070,130683506,207047692,3678522136,16190383,6,2,4,0,0,4464,1204,58,0,0,0,0,5,74143548,2662290367,13596441,1,132904144,1016231769,2593942,1252220898,1771680099,151677143,150607165,82064294,204083499,4492568,33176096,308854845,252087632,0,0,0,0,5eb7747ecbde451de49ea2bb0b40c31b43aa1915d4f074ed405d0301b7d991a6
10522,100,8664422003,8652825343,11125345,51,372179,99025,60,1895870838,382681,84594460,177313478,437125109,376199904,146326856,543572127,130345662,206985497,3678468514,16145571,6,2,4,0,0,4464,1204,58,0,0,0,0,5,74103344,2662273087,13561150,1,132882153,1016195427,2584421,1258350766,1760445220,155722219,148000836,84551660,204047307,4535850,33166375,286452429,255587905,0,0,0,0,5eb7747ecbde451de49ea2bb0b40c31b43aa1915d4f074ed405d0301b7d991a6
10522,101,8664420522,8652851085,11099504,50,369729,100105,49,1895504425,368412,84664851,177090719,437278294,376071707,146496665,543332538,130186950,207031170,3678570110,16145179,6,2,4,0,0,4464,1204,58,0,0,0,0,5,74124226,2662340081,13554708,1,132906944,1016230029,2590471,1261144476,1767082340,154645495,143920860,82371085,204077909,4493057,33180366,296958900,255750075,0,0,0,0,5eb7747ecbde451de49ea2bb0b40c31b43aa1915d4f074ed405d0301b7d991a6
10522,102,8664421173,8652818573,11130885,40,372970,98645,60,1895694808,412191,84576769,177441635,437003762,376169052,146356449,543548757,130172883,206973886,3678481716,16122220,6,2,4,0,0,4464,1204,58,0,0,0,0,5,74095423,2662284359,13536709,1,132878463,1016197357,2585511,1256054559,1767330374,149486559,152460284,83797761,204046027,4524550,33182756,277891475,266120993,0,0,0,0,5eb7747ecbde451de49ea2bb0b40c31b43aa1915d4f074ed405d0301b7d991a6
10522,103,8664422093,8652845824,11105234,51,370928,100005,51,1896323289,405942,84609719,178740323,435627351,375987053,146592830,543336997,131012233,207031882,3678530236,16164461,6,2,4,0,0,4464,1204,58,0,0,0,0,5,74127558,2662317168,13566259,1,132904324,1016213068,2598202,1260762229,1760640174,145468143,156609710,83508959,204077778,4491879,33180746,306881477,265449281,0,0,0,0,5eb7747ecbde451de49ea2bb0b40c31b43aa1915d4f074ed405d0301b7d991a6
10522,104,8664420722,8652816343,11136076,50,368528,99656,69,1893780259,391009,84626262,175652955,438734741,377378124,145160906,543524125,128292477,206996797,3678286735,16317770,6,2,4,0,0,4464,1204,58,0,0,0,0,5,74111114,2662107809,13719698,1,132885683,1016178926,2598072,1229263745,1764053237,151469027,174131185,81816265,204050567,4515609,33181166,320487447,295754121,0,0,0,0,5eb7747ecbde451de49ea2bb0b40c31b43aa1915d4f074ed405d0301b7d991a6
10522,105,8664421623,8652819203,11131086,50,370389,100845,50,1893789269,369340,84630092,174436343,439930311,377162042,145405280,543315096,128520665,207055398,3678421233,16302686,6,2,4,0,0,4464,1204,58,0,0,0,0,5,74141573,2662225247,13691573,1,132913825,1016195986,2611113,1224066255,1768237613,157283277,172043822,81093696,204090539,4483318,33177935,322759610,289994657,0,0,0,0,5eb7747ecbde451de49ea2bb0b40c31b43aa1915d4f074ed405d0301b7d991a6
10522,106,8664420662,8652821112,11132336,40,367938,99185,51,1893518148,317647,84698494,175778584,438613802,377326940,145152468,543591167,128018145,206972316,3678378799,16256597,6,2,4,0,0,4464,1204,58,0,0,0,0,5,74089213,2662201433,13651515,1,132883103,1016177366,2605082,1236753148,1766965484,151633825,167958174,85180046,204050657,4534170,33166696,314507763,290149561,0,0,0,0,5eb7747ecbde451de49ea2bb0b40c31b43aa1915d4f074ed405d0301b7d991a6
10522,107,8664421243,8652848775,11102134,160,370068,100066,40,1893692719,354638,84645292,174690936,439670705,377616749,144880180,543411472,128403470,207047158,3678418193,16273987,6,2,4,0,0,4464,1204,58,0,0,0,0,5,74133214,2662236586,13653954,1,132913944,1016181607,2620033,1242033846,1769822322,153408810,159312436,85043772,204105520,4472127,33167915,286283312,270429425,0,0,0,0,5eb7747ecbde451de49ea2bb0b40c31b43aa1915d4f074ed405d0301b7d991a6
10522,108,8664420863,8652821503,11131136,140,368589,99434,61,1893125089,382753,84619771,174674476,439727059,376737231,145792958,543549437,127619174,206982087,3678298715,16329140,6,2,4,0,0,4464,1204,58,0,0,0,0,5,74103004,2662151681,13691986,1,132879083,1016147034,2637154,1249509380,1769596635,154521933,151456260,87351505,204048857,4522890,33179536,284204577,273877892,0,0,0,0,5eb7747ecbde451de49ea2bb0b40c31b43aa1915d4f074ed405d0301b7d991a6
10522,109,8664420963,8652813593,11138506,50,368779,99985,50,1894000682,359311,84647811,175678114,438685969,377505130,145042702,543342757,128714906,207062410,3678321176,16411483,6,2,4,0,0,4464,1204,58,0,0,0,0,5,74148545,2662158601,13757579,1,132913865,1016162575,2653904,1245328152,1769611240,147848323,162847571,89662947,204070918,4497048,33178826,289683945,275923069,0,0,0,0,5eb7747ecbde451de49ea2bb0b40c31b43aa1915d4f074ed405d0301b7d991a6
10522,110,8664421262,8652814672,11135656,160,370998,99706,70,1893549872,381038,84635073,173172428,441233607,377517710,145010762,543538605,128041567,206986206,3678368909,16246736,6,2,4,0,0,4464,1204,58,0,0,0,0,5,74105713,2662187293,13645204,1,132880493,1016181616,2601532,1238349608,1764445400,155782517,161065900,86726155,204049097,4520540,33180086,279429112,288503462,0,0,0,0,5eb7747ecbde451de49ea2bb0b40c31b43aa1915d4f074ed405d0301b7d991a6
10522,111,8664421232,8652811512,11140676,40,368729,100225,50,1893695617,351516,84656593,176629094,437735398,377641129,144907703,543363060,128380879,207066472,3678341906,16373570,6,2,4,0,0,4464,1204,58,0,0,0,0,5,74152767,2662150650,13748957,1,132913705,1016191256,2624613,1209387174,1769230761,155970571,182055194,84709948,204095029,4477998,33178456,289823962,326917960,0,0,0,0,5eb7747ecbde451de49ea2bb0b40c31b43aa1915d4f074ed405d0301b7d991a6
10522,112,8664418843,8652813353,11134666,40,371338,99396,50,1896018905,373421,84633681,177315529,437088094,376592255,145929899,543593277,130477009,206988038,3678511125,16096408,6,2,4,0,0,4464,1204,58,0,0,0,0,5,74105425,2662312688,13513757,1,132882613,1016198437,2582651,1242187706,1770418890,157951374,155129108,83321791,204042707,4537620,33167175,211798501,317066491,0,0,0,0,5eb7747ecbde451de49ea2bb0b40c31b43aa1915d4f074ed405d0301b7d991a6
10522,113,8664421642,8652845865,11105764,50,369778,100125,60,1895959918,405181,84605930,177691878,436689266,376672317,145869205,543351778,130659055,207062851,3678519036,16177042,6,2,4,0,0,4464,1204,58,0,0,0,0,5,74154447,2662311148,13576020,1,132908404,1016207888,2601022,1230948074,1768925119,158722083,166109396,86650218,204073888,4498709,33175426,324770016,279132110,0,0,0,0,5eb7747ecbde451de49ea2bb0b40c31b43aa1915d4f074ed405d0301b7d991a6
10522,114,8664423222,8652807152,11145367,40,371889,98734,40,1895642366,358247,84651734,177432132,436997314,376170112,146312856,543613439,130093749,206990069,3678492525,16117999,6,2,4,0,0,4464,1204,58,0,0,0,0,5,74103516,2662312639,13520977,1,132886553,1016179886,2597022,1261263084,1764634656,148141022,154387826,82845270,204046787,4525960,33176105,304898004,284742102,0,0,0,0,5eb7747ecbde451de49ea2bb0b40c31b43aa1915d4f074ed405d0301b7d991a6
10522,115,8664423802,8652820783,11131735,51,370928,100256,49,1895549740,376261,84620120,176780943,437600521,376752162,145820123,543336616,130248113,207044670,3678525706,16155891,6,2,4,0,0,4464,1204,58,0,0,0,0,5,74136686,2662342090,13538408,1,132907984,1016183616,2617483,1251467522,1767720504,150506800,158358804,83844856,204080268,4492539,33181286,327468203,287042698,0,0,0,0,5eb7747ecbde451de49ea2bb0b40c31b43aa1915d4f074ed405d0301b7d991a6
10522,116,8664422133,8652798972,11152307,40,371209,99554,51,1895283229,372721,84621690,177540629,436876297,376312370,146152836,543654963,129737292,206988138,3678475114,16143611,6,2,4,0,0,4464,1204,58,0,0,0,0,5,74109145,2662300979,13535518,1,132878993,1016174135,2608093,1252403202,1763345094,156361759,152776220,85154341,204043177,4530840,33173995,291082339,283962836,0,0,0,0,5eb7747ecbde451de49ea2bb0b40c31b43aa1915d4f074ed405d0301b7d991a6
10522,117,8664421271,8652815932,11134366,50,371109,99774,40,1895928919,365511,84634192,178099177,436286416,376315110,146222231,543369659,130622115,207050501,3678555149,16148589,6,2,4,0,0,4464,1204,58,0,0,0,0,5,74142647,2662340971,13554847,1,132907854,1016214178,2593742,1277867073,1764948210,152422517,132192156,88940625,204071218,4501769,33180666,340964549,283074834,0,0,0,0,5eb7747ecbde451de49ea2bb0b40c31b43aa1915d4f074ed405d0301b7d991a6
10522,118,8664423053,8652820933,11133016,50,369608,99386,60,1894954252,379140,84601031,176505797,437941250,376206362,146311087,543563467,129431448,206985878,3678499946,16106579,6,2,4,0,0,4464,1204,58,0,0,0,0,5,74109625,2662307690,13516137,1,132876253,1016192256,2590442,1245813599,1765929443,154591733,157448119,84606223,204043067,4529820,33180286,301271775,287055878,0,0,0,0,5eb7747ecbde451de49ea2bb0b40c31b43aa1915d4f074ed405d0301b7d991a6
10522,119,8664421742,8652808263,11141855,51,371479,100014,80,1895913328,391009,84622094,177334060,437047722,376424218,146148746,543338627,130593093,207054660,3678546979,16134409,6,2,4,0,0,4464,1204,58,0,0,0,0,5,74147076,2662342861,13535937,1,132907584,1016204118,2598472,1248325729,1763656826,151133201,161656792,85878001,204089179,4483658,33176056,327886235,279704487,0,0,0,0,5eb7747ecbde451de49ea2bb0b40c31b43aa1915d4f074ed405d0301b7d991a6
10522,120,8664422293,8652794512,11159407,160,368688,99476,50,1893616723,368410,84632501,173920396,440474718,377091659,145413711,543592677,128108549,207000016,3678313726,16284699,6,2,4,0,0,4464,1204,58,0,0,0,0,5,74120904,2662153201,13666006,1,132879112,1016160525,2618693,1222130052,1760016808,155851835,178790278,84512081,204049727,4517079,33182696,327270273,316142822,0,0,0,0,5eb7747ecbde451de49ea2bb0b40c31b43aa1915d4f074ed405d0301b7d991a6
10522,121,8664422483,8652829524,11121555,140,371018,100096,150,1893509347,400228,84601223,174680495,439689688,376949743,145536145,543401170,128230473,207051581,3678400798,16302459,6,2,4,0,0,4464,1204,58,0,0,0,0,5,74142787,2662222713,13669305,1,132908794,1016178085,2633154,1211969085,1767103027,160200120,178348914,84506948,204087579,4483167,33179486,351736530,315343502,0,0,0,0,5eb7747ecbde451de49ea2bb0b40c31b43aa1915d4f074ed405d0301b7d991a6
10522,122,8664422383,8652828214,11123215,50,371648,99196,60,1893219011,320855,84672853,174520519,439903708,376973253,145503226,543599208,127706828,206991408,3678371418,16243435,6,2,4,0,0,4464,1204,58,0,0,0,0,5,74109335,2662211653,13620942,1,132882073,1016159765,2622493,1216169639,1767696378,159163817,175136635,87002056,204049537,4523970,33176365,328537317,324366583,0,0,0,0,5eb7747ecbde451de49ea2bb0b40c31b43aa1915d4f074ed405d0301b7d991a6
10522,123,8664422663,8652785601,11165658,140,370838,100376,50,1893600729,368840,84635263,176198244,438174249,377385503,145147797,543362929,128310006,207034727,3678392921,16283127,6,2,4,0,0,4464,1204,58,0,0,0,0,5,74125844,2662219555,13660054,1,132908883,1016173366,2623073,1216955052,1769682868,152245694,179107140,87242265,204092389,4475148,33180575,316506790,312433608,0,0,0,0,5eb7747ecbde451de49ea2bb0b40c31b43aa1915d4f074ed405d0301b7d991a6
10522,124,8664422313,8652778671,11172298,40,371489,99765,50,1893290705,353437,84635224,175214933,439211325,376606603,145882214,543607399,127763051,206984317,3678321968,16300258,6,2,4,0,0,4464,1204,58,0,0,0,0,5,74103624,2662178524,13664564,1,132880693,1016143444,2635694,1229290898,1767102127,154553496,172033142,86123551,204050257,4521470,33175645,316506540,324364246,0,0,0,0,5eb7747ecbde451de49ea2bb0b40c31b43aa1915d4f074ed405d0301b7d991a6
10522,125,8664422893,8652826983,11123996,40,370919,100905,50,1893699164,368650,84642162,175691805,438671439,377164642,145373019,543353048,128418393,207033449,3678335617,16368613,6,2,4,0,0,4464,1204,58,0,0,0,0,5,74124415,2662196753,13700837,1,132909034,1016138864,2667776,1217240636,1767365987,154092116,177879371,85772041,204082009,4489467,33178317,282203899,324809444,0,0,0,0,5eb7747ecbde451de49ea2bb0b40c31b43aa1915d4f074ed405d0301b7d991a6
10522,126,8664421983,8652791132,11159167,40,372178,99406,60,1893381921,354289,84638423,175960550,438465108,377147391,145299943,543639991,127861127,206978016,3678398431,16233535,6,2,4,0,0,4464,1204,58,0,0,0,0,5,74099733,2662157982,13690206,1,132878283,1016240449,2543329,1224822986,1769329740,152308017,175637195,84357530,204049917,4524270,33177626,293310389,309644490,0,0,0,0,5eb7747ecbde451de49ea2bb0b40c31b43aa1915d4f074ed405d0301b7d991a6
10522,127,8664420112,8652789431,11159917,40,370869,99805,50,1893912445,385070,84626271,174256256,440118458,377469029,145067292,543365678,128608533,207048260,3678361847,16315290,6,2,4,0,0,4464,1204,58,0,0,0,0,5,74139395,2662183222,13689806,1,132908865,1016178625,2625484,1199494477,1770884172,165174347,179368062,85994615,204091419,4479448,33178606,322838329,339378089,0,0,0,0,5eb7747ecbde451de49ea2bb0b40c31b43aa1915d4f074ed405d0301b7d991a6
10523,0,8888886903,8877239391,11175048,60,350487,121846,71,2064908384,326377,95797446,192668797,503036444,409631460,166005963,561664779,135758516,207553344,3768580253,15810033,6,3,4,0,1,4382,1160,61,0,0,0,0,5,75184689,2519570260,13288005,1,132368655,1249009993,2522028,1370073408,1688973168,168517429,150300648,94079094,202560109,4658756,33176046,277416428,309458369,0,0,0,0,5eb7747ecbde451de49ea2bb0b40c31b43aa1915d4f074ed405d0301b7d991a6
10523,1,8888888103,8877346937,11070992,50,347707,122366,51,2064786566,373290,95768936,191751130,503863856,409655840,166071037,561456679,135829090,207497769,3768503930,15982162,6,3,4,0,1,4382,1160,61,0,0,0,0,5,75179406,2519497427,13412091,1,132318363,1249006503,2570071,1363486316,1691310879,158886576,166750903,96100014,202594731,4629575,33150584,257130115,294512385,0,0,0,0,5eb7747ecbde451de49ea2bb0b40c31b43aa1915d4f074ed405d0301b7d991a6
10523,2,8888890382,8877257801,11156407,49,352889,123196,40,2064350264,303149,95803165,191204161,504537219,409602229,165950710,561702242,135228782,207511002,3768542942,15852493,6,3,4,0,1,4382,1160,61,0,0,0,0,5,75153398,2519542409,13321604,1,132357604,1249000533,2530889,1371777163,1700715548,167657527,142441779,96159813,202559099,4660376,33154024,242562460,293841610,0,0,0,0,5eb7747ecbde451de49ea2bb0b40c31b43aa1915d4f074ed405d0301b7d991a6
10523,3,8888888041,8877268922,11148906,50,347977,122137,49,2064845360,354330,95747945,191858475,503813982,410109885,165568278,561480563,135882201,207532131,3768504439,15923679,6,3,4,0,1,4382,1160,61,0,0,0,0,5,75217989,2519506517,13350328,1,132314142,1248997922,2573351,1344965540,1691419641,162386781,171519063,94752769,202592600,4628735,33151835,275878284,289481943,0,0,0,0,5eb7747ecbde451de49ea2bb0b40c31b43aa1915d4f074ed405d0301b7d991a6
10523,4,8888889112,8877283632,11132636,49,351358,121386,51,2064369618,375361,95693723,192607452,503148579,409238399,166367842,561645070,135264741,207563565,3768554411,15818855,6,3,4,0,1,4382,1160,61,0,0,0,0,5,75196310,2519535437,13311158,1,132367255,1249018974,2507697,1363559502,1687630504,163287477,158564553,96225115,202553978,4664747,33154825,236512091,272048816,0,0,0,0,5eb7747ecbde451de49ea2bb0b40c31b43aa1915d4f074ed405d0301b7d991a6
10523,5,8888888492,8877345917,11070031,40,349848,122607,49,2064642151,328099,95837778,190927297,504674808,409636578,166047865,561488082,135682392,207578285,3768480199,15898277,6,3,4,0,1,4382,1160,61,0,0,0,0,5,75262513,2519452345,13352997,1,132315772,1249027854,2545280,1351928293,1691563322,155296631,178884107,95824911,202580180,4637355,33154954,286038675,285588307,0,0,0,0,5eb7747ecbde451de49ea2bb0b40c31b43aa1915d4f074ed405d0301b7d991a6
10523,6,8888889181,8877244220,11175238,40,347507,122116,60,2064326173,369218,95723934,190016022,505755421,409461709,166132112,561667320,135179207,207601667,3768485137,15853226,6,3,4,0,1,4382,1160,61,0,0,0,0,5,75235072,2519489835,13320027,1,132366595,1248995302,2533199,1348791824,1689684718,166836422,167890481,93585123,202553939,4668366,33158275,218655588,291310233,0,0,0,0,5eb7747ecbde451de49ea2bb0b40c31b43aa1915d4f074ed405d0301b7d991a6
10523,7,8888888572,8877245211,11172458,40,348127,122656,80,2064617138,343097,95785257,192459146,503203421,409250919,166404674,561504141,135649412,207525181,3768487498,15912319,6,3,4,0,1,4382,1160,61,0,0,0,0,5,75211729,2519481315,13355489,1,132313452,1249006183,2556830,1359950524,1690131634,165579851,161304866,89477027,202592410,4644996,33152944,234525382,282560018,0,0,0,0,5eb7747ecbde451de49ea2bb0b40c31b43aa1915d4f074ed405d0301b7d991a6
10523,8,8888889452,8877276582,11139526,40,350567,122647,90,2062272159,335537,95757694,188829533,506912579,410409049,165212102,561620168,133174415,207511450,3768384823,16013416,6,3,4,0,1,4382,1160,61,0,0,0,0,5,75154766,2519448273,13423584,1,132356684,1248936550,2589832,1317141082,1684689228,175812024,184392156,91619937,202560859,4680978,33138263,298104132,316746355,0,0,0,0,5eb7747ecbde451de49ea2bb0b40c31b43aa1915d4f074ed405d0301b7d991a6
10523,9,8888886881,8877268631,11145686,140,350358,122006,60,2061762535,344038,95856140,189635462,505925171,410408989,165294857,561448769,132825219,207534691,3768364623,16069356,6,3,4,0,1,4382,1160,61,0,0,0,0,5,75218609,2519382191,13468984,1,132316082,1248982432,2600372,1308100742,1690883563,166995652,194419387,94250327,202590720,4618615,33164314,289672843,313311265,0,0,0,0,5eb7747ecbde451de49ea2bb0b40c31b43aa1915d4f074ed405d0301b7d991a6
10523,10,8888889353,8877273833,11140466,40,352758,122196,60,2061899041,359010,95801706,190076276,505651246,410779877,164803073,561662301,132742572,207529114,3768514330,15874606,6,3,4,0,1,4382,1160,61,0,0,0,0,5,75176610,2519460774,13401491,1,132352504,1249053556,2473115,1312907388,1692938544,165075845,196724015,97350105,202560439,4655726,33161385,254402349,313975436,0,0,0,0,5eb7747ecbde451de49ea2bb0b40c31b43aa1915d4f074ed405d0301b7d991a6
10523,11,8888886983,8877348017,11065631,40,351648,121596,51,2062064518,364529,95779056,188593181,507054876,410086073,165596721,561478380,133086661,207525243,3768319740,16097358,6,3,4,0,1,4382,1160,61,0,0,0,0,5,75206570,2519372100,13487035,1,132318673,1248947640,2610323,1329471479,1692978971,165793316,179448299,95664689,202598111,4615924,33180276,267412210,323334503,0,0,0,0,5eb7747ecbde451de49ea2bb0b40c31b43aa1915d4f074ed405d0301b7d991a6
10523,12,8888888521,8877264771,11151797,40,350007,121857,49,2062208188,386090,95695471,189661285,506101598,410376336,165229594,561615409,133119933,207570796,3768365030,15991123,6,3,4,0,1,4382,1160,61,0,0,0,0,5,75216412,2519402869,13427013,1,132354384,1248962161,2564110,1427081611,1689951711,158869323,88403897,95755330,202559419,4658026,33157094,243188556,320121083,0,0,0,0,5eb7747ecbde451de49ea2bb0b40c31b43aa1915d4f074ed405d0301b7d991a6
10523,13,8888887241,8877245090,11171738,50,348307,121996,60,2062151802,389822,95735503,190010261,505650907,410713784,164950430,561486411,133193584,207485929,3768332520,16192723,6,3,4,0,1,4382,1160,61,0,0,0,0,5,75167206,2519376970,13565609,1,132318723,1248955550,2627114,1308956478,1690911952,163000696,196231426,98922737,202584860,4642276,33166565,259941825,314094216,0,0,0,0,5eb7747ecbde451de49ea2bb0b40c31b43aa1915d4f074ed405d0301b7d991a6
10523,14,8888888912,8877270462,11146236,40,350308,121815,51,2062339803,368229,95724915,188974079,506770654,410462559,165109027,561658232,133255428,207500083,3768355199,16049207,6,3,4,0,1,4382,1160,61,0,0,0,0,5,75145259,2519419910,13459195,1,132354824,1248935289,2590012,1320192856,1691676637,168389786,185774456,97415969,202560339,4665257,33146293,233100079,319850204,0,0,0,0,5eb7747ecbde451de49ea2bb0b40c31b43aa1915d4f074ed405d0301b7d991a6
10523,15,8888887152,8877271733,11145066,50,348357,121886,60,2062402307,351019,95807926,191052775,504556572,410406088,165242294,561498793,133472468,207560814,3768311988,16074628,6,3,4,0,1,4382,1160,61,0,0,0,0,5,75243902,2519348207,13470666,1,132316912,1248963781,2603962,1283409156,1694019046,165132280,210684664,98376243,202591820,4617165,33183126,261120379,345524358,0,0,0,0,5eb7747ecbde451de49ea2bb0b40c31b43aa1915d4f074ed405d0301b7d991a6
10523,16,8888890533,8877264172,11154347,140,348767,123057,50,2064499895,373758,95701504,191337500,504425433,409021516,166567762,561715315,135341705,207585095,3768494156,15895471,6,3,4,0,1,4382,1160,61,0,0,0,0,5,75223430,2519498184,13361412,1,132361665,1248995972,2534059,1327945109,1693557377,170003274,176714171,92820769,202550418,4657357,33170695,314650479,299417840,0,0,0,0,5eb7747ecbde451de49ea2bb0b40c31b43aa1915d4f074ed405d0301b7d991a6
10523,17,8888887683,8877246621,11168347,51,352938,119666,60,2064615947,419422,95704432,192660007,503000111,409839552,165816533,561521382,135639660,207534332,3768520550,15940681,6,3,4,0,1,4382,1160,61,0,0,0,0,5,75205809,2519497826,13397021,1,132328523,1249022724,2543660,1351503446,1689811211,163300873,169575998,94557927,202590050,4632476,33157494,325549727,275113838,0,0,0,0,5eb7747ecbde451de49ea2bb0b40c31b43aa1915d4f074ed405d0301b7d991a6
10523,18,8888889532,8877313885,11101083,51,351787,122657,69,2064512713,381870,95709063,192330548,503448764,409328443,166249895,561695704,135350955,207574626,3768534211,15851605,6,3,4,0,1,4382,1160,61,0,0,0,0,5,75212381,2519534178,13321627,1,132362245,1249000033,2529978,1373792001,1688854187,163269098,154163540,90824956,202557349,4656336,33162215,276361963,265498531,0,0,0,0,5eb7747ecbde451de49ea2bb0b40c31b43aa1915d4f074ed405d0301b7d991a6
10523,19,8888888752,8877261612,11157067,50,346757,123217,49,2064660861,399119,95714713,192230663,503447986,409341786,166332949,561496392,135681773,207591487,3768379302,15996583,6,3,4,0,1,4382,1160,61,0,0,0,0,5,75264754,2519425262,13393430,1,132326733,1248954040,2603153,1350779222,1693441121,167925326,164367217,95462783,202592481,4630355,33153144,347652708,261208597,0,0,0,0,5eb7747ecbde451de49ea2bb0b40c31b43aa1915d4f074ed405d0301b7d991a6
10523,20,8888888912,8877310355,11104804,49,351118,122526,60,2064918403,404590,95703514,191506115,504238605,409353066,166238114,561702782,135756306,207647639,3768491999,15838056,6,3,4,0,1,4382,1160,61,0,0,0,0,5,75289074,2519477876,13317017,1,132358565,1249014123,2521039,1343637475,1692805391,170746160,165912622,93838880,202551278,4675088,33143953,298795926,259546058,0,0,0,0,5eb7747ecbde451de49ea2bb0b40c31b43aa1915d4f074ed405d0301b7d991a6
10523,21,8888887612,8877260761,11156847,50,347997,121917,40,2064464248,357179,95761865,193368371,502305257,409531934,166092327,561541524,135483992,207575466,3768424524,15975692,6,3,4,0,1,4382,1160,61,0,0,0,0,5,75248263,2519420441,13418522,1,132327203,1249004083,2557170,1362315107,1689321105,158358514,160677627,93988671,202586340,4638116,33151514,309816995,266094940,0,0,0,0,5eb7747ecbde451de49ea2bb0b40c31b43aa1915d4f074ed405d0301b7d991a6
10523,22,8888889052,8877264902,11152337,40,349507,122217,49,2063966883,398698,95729356,192181980,503570941,408954794,166619084,561700054,134799486,207562113,3768495700,15911298,6,3,4,0,1,4382,1160,61,0,0,0,0,5,75209249,2519498497,13370319,1,132352864,1248997203,2540979,1357437891,1686352989,160115439,170248004,92754710,202551198,4671258,33146833,317631995,274568727,0,0,0,0,5eb7747ecbde451de49ea2bb0b40c31b43aa1915d4f074ed405d0301b7d991a6
10523,23,8888887761,8877267771,11150007,50,348047,121837,49,2064655279,381648,95728224,192335683,503351548,409132764,166557592,561475739,135678560,207502803,3768474194,15972883,6,3,4,0,1,4382,1160,61,0,0,0,0,5,75177650,2519463941,13428203,1,132325153,1249010253,2544680,1350593604,1689879938,167404337,166052617,96361745,202590310,4630016,33161804,291203491,269106671,0,0,0,0,5eb7747ecbde451de49ea2bb0b40c31b43aa1915d4f074ed405d0301b7d991a6
10523,24,8888887163,8877251832,11163647,60,349187,122386,51,2062042067,367786,95699814,187772688,507986493,409653952,165931086,561694476,132909640,207631648,3768334980,16019676,6,3,4,0,1,4382,1160,61,0,0,0,0,5,75266604,2519342217,13479266,1,132365044,1248992763,2540410,1329156564,1690498056,164585539,181328623,100018198,202556348,4662057,33156744,278487205,305274465,0,0,0,0,5eb7747ecbde451de49ea2bb0b40c31b43aa1915d4f074ed405d0301b7d991a6
10523,25,8888885792,8877237681,11176247,40,349558,122217,49,2062300579,363127,95733373,190038696,505640784,409852500,165792122,561504254,133349313,207513083,3768349561,16124208,6,3,4,0,1,4382,1160,61,0,0,0,0,5,75182940,2519376699,13531427,1,132330143,1248972862,2592781,1317025235,1693115415,162556585,193947582,98307181,202595121,4622374,33152074,287916728,297908540,0,0,0,0,5eb7747ecbde451de49ea2bb0b40c31b43aa1915d4f074ed405d0301b7d991a6
10523,26,8888887853,8877229361,11183587,51,352547,122257,50,2062198876,355620,95748293,190546081,505206564,409697729,165866536,561719495,133033908,207582055,3768375992,16011443,6,3,4,0,1,4382,1160,61,0,0,0,0,5,75220231,2519400840,13454513,1,132361824,1248975152,2556930,1335349856,1690433347,154971083,188805300,95038110,202561109,4657526,33161945,279365261,297279713,0,0,0,0,5eb7747ecbde451de49ea2bb0b40c31b43aa1915d4f074ed405d0301b7d991a6
10523,27,8888885781,8877237330,11176118,949,349518,121806,60,2062322431,363418,95733971,189916029,505772723,409424916,166239377,561498244,133351612,207513112,3768362553,16098008,6,3,4,0,1,4382,1160,61,0,0,0,0,5,75183789,2519389861,13519567,1,132329323,1248972692,2578441,1335427647,1695368353,166688682,174684897,97128664,202599471,4623564,33161595,299863857,285965403,0,0,0,0,5eb7747ecbde451de49ea2bb0b40c31b43aa1915d4f074ed405d0301b7d991a6
10523,28,8888888373,8877245712,11169817,50,349667,123087,40,2062293588,389978,95686333,188528815,507259648,410225650,165342728,561658901,133176865,207604978,3768331270,16057246,6,3,4,0,1,4382,1160,61,0,0,0,0,5,75237623,2519378840,13477444,1,132367355,1248952430,2579802,1337907802,1692612643,169410817,173149165,93768866,202555729,4662076,33156325,285741839,274448312,0,0,0,0,5eb7747ecbde451de49ea2bb0b40c31b43aa1915d4f074ed405d0301b7d991a6
10523,29,8888885801,8877292273,11123965,160,347427,121927,49,2062131121,365680,95744193,187764338,507909590,410273311,165360170,561528755,133154994,207569256,3768267726,16151580,6,3,4,0,1,4382,1160,61,0,0,0,0,5,75239993,2519311175,13545378,1,132329263,1248956551,2606202,1377564560,1690831347,158161086,148322049,92693136,202589810,4635176,33145893,277250933,280376482,0,0,0,0,5eb7747ecbde451de49ea2bb0b40c31b43aa1915d4f074ed405d0301b7d991a6
10523,30,8888887581,8877290003,11124654,51,350747,122066,60,2062645108,385768,95694611,191212232,504561862,410005047,165581263,561671231,133513662,207564724,3768374404,16018154,6,3,4,0,1,4382,1160,61,0,0,0,0,5,75199850,2519401702,13457254,1,132364874,1248972702,2560900,1339799016,1690549123,156893271,182876398,97444871,202555648,4662187,33156214,285293875,279757087,0,0,0,0,5eb7747ecbde451de49ea2bb0b40c31b43aa1915d4f074ed405d0301b7d991a6
10523,31,8888885823,8877251342,11164827,50,347947,121606,51,2062017676,364060,95728650,189307217,506388504,409877482,165786902,561484260,133056380,207507771,3768349502,16105768,6,3,4,0,1,4382,1160,61,0,0,0,0,5,75178428,2519365350,13536677,1,132329343,1248984152,2569091,1301532492,1691098779,169098864,199243605,91824459,202594841,4632225,33147164,194628962,329412266,0,0,0,0,5eb7747ecbde451de49ea2bb0b40c31b43aa1915d4f074ed405d0301b7d991a6
10523,32,8888889162,8877362196,11052012,49,353629,121216,60,2064721882,293724,95724723,190179693,505592380,409227840,166352181,561715051,135616240,207514642,3768536381,15871965,6,3,4,0,1,4382,1160,61,0,0,0,0,5,75154547,2519553079,13328886,1,132360095,1248983302,2543079,1353717080,1691486544,161890451,167634220,94149103,202554548,4672128,33147273,307929586,302085738,0,0,0,0,5eb7747ecbde451de49ea2bb0b40c31b43aa1915d4f074ed405d0301b7d991a6
10523,33,8888887441,8877337635,11081863,50,345567,122277,49,2063970878,364247,95698633,193756703,501921376,408952426,166709949,561503342,135051910,207608616,3768431576,15968162,6,3,4,0,1,4382,1160,61,0,0,0,0,5,75283304,2519433493,13394741,1,132325312,1248998083,2573421,1336595806,1690421898,156806801,184798969,95546340,202590561,4626914,33157545,324906325,270900319,0,0,0,0,5eb7747ecbde451de49ea2bb0b40c31b43aa1915d4f074ed405d0301b7d991a6
10523,34,8888889642,8877333625,11080503,40,353458,121966,50,2064255032,298295,95750464,190619684,505163172,409142141,166404494,561694743,135166236,207536494,3768538160,15861666,6,3,4,0,1,4382,1160,61,0,0,0,0,5,75180299,2519526437,13342408,1,132356195,1249011723,2519258,1365156177,1690363848,172570516,147457864,93208597,202555769,4666087,33150793,332913648,264161877,0,0,0,0,5eb7747ecbde451de49ea2bb0b40c31b43aa1915d4f074ed405d0301b7d991a6
10523,35,8888887343,8877340976,11078493,40,345747,122027,60,2064541686,335328,95729793,193732354,501934054,409158226,166516578,561481583,135641267,207592077,3768478648,15899958,6,3,4,0,1,4382,1160,61,0,0,0,0,5,75268754,2519468004,13341208,1,132323323,1249010644,2558750,1360395897,1692988727,157412949,169732726,100029824,202592260,4631466,33156064,321210150,260555067,0,0,0,0,5eb7747ecbde451de49ea2bb0b40c31b43aa1915d4f074ed405d0301b7d991a6
10523,36,8888888912,8877341035,11075883,50,350507,121317,120,2064708913,324397,95687282,192872776,502922498,408945374,166622375,561690520,135630232,207645210,3768401424,15902618,6,3,4,0,1,4382,1160,61,0,0,0,0,5,75282365,2519440213,13335737,1,132362845,1248961211,2566881,1406603948,1693388270,170338193,161609192,95626520,202551538,4671467,33161015,318361225,255310682,0,0,0,0,5eb7747ecbde451de49ea2bb0b40c31b43aa1915d4f074ed405d0301b7d991a6
10523,37,8888887323,8877360297,11054591,51,350267,122066,51,2064226941,367119,95722623,193044667,502617731,409089130,166537022,561558234,135270823,207544863,3768506611,15922268,6,3,4,0,1,4382,1160,61,0,0,0,0,5,75228410,2519489017,13367529,1,132316453,1249017594,2554739,1333009461,1692526026,171373206,173683617,92182242,202583740,4660137,33130793,332659756,263373994,0,0,0,0,5eb7747ecbde451de49ea2bb0b40c31b43aa1915d4f074ed405d0301b7d991a6
10523,38,8888889582,8877338515,11081413,40,346807,122767,40,2064418020,325628,95727633,192683367,503124689,409162372,166377335,561717193,135286521,207511293,3768542450,15852136,6,3,4,0,1,4382,1160,61,0,0,0,0,5,75155218,2519528307,13334528,1,132356075,1249014143,2517608,1366467743,1689982960,160202182,160698462,98534975,202551328,4672848,33149134,307324722,268800716,0,0,0,0,5eb7747ecbde451de49ea2bb0b40c31b43aa1915d4f074ed405d0301b7d991a6
10523,39,8888888072,8877341626,11077213,50,346687,122456,40,2064821348,332304,95727723,193859197,501840995,409199945,166423706,561525125,135894291,207533892,3768438296,15965422,6,3,4,0,1,4382,1160,61,0,0,0,0,5,75215390,2519457514,13386091,1,132318502,1248980782,2579331,1368090771,1689426596,157213835,164716886,93688810,202588840,4635866,33158674,332894860,256036245,0,0,0,0,5eb7747ecbde451de49ea2bb0b40c31b43aa1915d4f074ed405d0301b7d991a6
10523,40,8888887223,8877354937,11060982,40,348657,122547,60,2061847048,308678,95737483,188719516,507039516,410318004,165275207,561645629,132773055,207557593,3768315789,16038307,6,3,4,0,1,4382,1160,61,0,0,0,0,5,75206449,2519364899,13456155,1,132351144,1248950890,2582152,1341685110,1689913117,154634967,186780573,97810221,202555479,4671147,33155754,314965293,288227004,0,0,0,0,5eb7747ecbde451de49ea2bb0b40c31b43aa1915d4f074ed405d0301b7d991a6
10523,41,8888885352,8877331795,11084193,40,347267,122006,51,2061748303,261563,95814046,190893487,504760492,410454430,165178972,561495792,132867870,207596594,3768299609,16091928,6,3,4,0,1,4382,1160,61,0,0,0,0,5,75276892,2519313117,13500126,1,132319702,1248986492,2591802,1339879620,1691916156,159405032,182628014,93015400,202597311,4625135,33158724,318666464,281773101,0,0,0,0,5eb7747ecbde451de49ea2bb0b40c31b43aa1915d4f074ed405d0301b7d991a6
10523,42,8888888202,8877318264,11097784,170,349317,122617,50,2061366678,300618,95766627,187172944,508589837,410244420,165312179,561697580,132233839,207522242,3768413375,16002514,6,3,4,0,1,4382,1160,61,0,0,0,0,5,75166938,2519453234,13429853,1,132355304,1248960141,2572661,1333425104,1688570691,166954476,179740551,94038306,202558539,4687898,33123102,314281017,287746509,0,0,0,0,5eb7747ecbde451de49ea2bb0b40c31b43aa1915d4f074ed405d0301b7d991a6
10523,43,8888885581,8877355956,11060042,40,347517,121977,49,2061970035,299256,95782417,188471643,507191425,410773008,164877974,561500873,133048991,207468308,3768421245,16051166,6,3,4,0,1,4382,1160,61,0,0,0,0,5,75145186,2519447324,13468924,1,132323122,1248973921,2582242,1343702220,1692802431,154616140,181990418,97835613,202598461,4623405,33162854,289446301,287316227,0,0,0,0,5eb7747ecbde451de49ea2bb0b40c31b43aa1915d4f074ed405d0301b7d991a6
10523,44,8888887433,8877354387,11061612,40,349318,121986,90,2061978765,332364,95693892,189128019,506669317,410608367,164962172,561640958,132913754,207621288,3768298886,16018427,6,3,4,0,1,4382,1160,61,0,0,0,0,5,75264573,2519344476,13440265,1,132356715,1248954410,2578162,1338392707,1692376911,157738396,181178617,91461764,202553978,4666117,33149904,306987486,290575613,0,0,0,0,5eb7747ecbde451de49ea2bb0b40c31b43aa1915d4f074ed405d0301b7d991a6
10523,45,8888885883,8877325725,11090414,50,347577,122066,51,2061943741,376620,95720154,189923019,505750080,410127663,165492588,561525072,133003397,207498831,3768292170,16227032,6,3,4,0,1,4382,1160,61,0,0,0,0,5,75175368,2519336719,13605499,1,132323463,1248955451,2621533,1335660093,1692700440,149788589,191131193,95670428,202584560,4641276,33161494,314939932,288735680,0,0,0,0,5eb7747ecbde451de49ea2bb0b40c31b43aa1915d4f074ed405d0301b7d991a6
10523,46,8888888263,8877331596,11086183,50,347248,123126,60,2062166655,347539,95677872,190601990,505175493,409979944,165575633,561668171,133114403,207605056,3768300517,16015886,6,3,4,0,1,4382,1160,61,0,0,0,0,5,75247711,2519325506,13460476,1,132357345,1248975011,2555410,1349291650,1690959878,151308766,178949056,99503288,202554718,4638186,33180026,296222438,285985059,0,0,0,0,5eb7747ecbde451de49ea2bb0b40c31b43aa1915d4f074ed405d0301b7d991a6
10523,47,8888885601,8877333235,11082833,40,347657,121787,49,2062221390,313369,95735241,191759520,503923579,410005227,165626524,561507694,133325473,207593554,3768273498,16105949,6,3,4,0,1,4382,1160,61,0,0,0,0,5,75270812,2519285186,13526787,1,132322742,1248988312,2579162,1286252086,1692428487,165961601,213675498,94131995,202597471,4621705,33166784,321517467,331293607,0,0,0,0,5eb7747ecbde451de49ea2bb0b40c31b43aa1915d4f074ed405d0301b7d991a6
10523,48,8888888041,8877277222,11137875,40,350949,121906,49,2064350853,375648,95714583,190851425,504910007,409086191,166492728,561704314,135198817,207548085,3768472468,15912458,6,3,4,0,1,4382,1160,61,0,0,0,0,5,75176839,2519494987,13359628,1,132371246,1248977481,2552830,1327343335,1691903045,161326023,190076577,96582370,202553859,4661526,33159415,339903390,302968878,0,0,0,0,5eb7747ecbde451de49ea2bb0b40c31b43aa1915d4f074ed405d0301b7d991a6
10523,49,8888886432,8877299654,11114005,40,351297,121387,49,2064624067,377112,95716592,193745072,501932897,409268318,166360921,561529884,135679374,207513844,3768535250,15935199,6,3,4,0,1,4382,1160,61,0,0,0,0,5,75181871,2519529057,13376489,1,132331973,1249006193,2558710,1356961159,1690562003,158932688,167322741,100237611,202589210,4625715,33159515,341168265,281893156,0,0,0,0,5eb7747ecbde451de49ea2bb0b40c31b43aa1915d4f074ed405d0301b7d991a6
10523,50,8888887832,8877337705,11074892,60,353198,121777,200,2064645900,353579,95740834,191705294,504066737,408683782,166873846,561713554,135491162,207572365,3768519370,15875257,6,3,4,0,1,4382,1160,61,0,0,0,0,5,75205690,2519522938,13342168,1,132366675,1248996432,2533089,1340195880,1690507835,158894061,181480380,90094704,202558859,4659476,33156714,340705357,274967287,0,0,0,0,5eb7747ecbde451de49ea2bb0b40c31b43aa1915d4f074ed405d0301b7d991a6
10523,51,8888887163,8877336276,11076612,51,351367,122797,60,2064529444,354209,95736092,193032886,502654044,408718622,166927990,561519254,135563527,207511221,3768533012,15914948,6,3,4,0,1,4382,1160,61,0,0,0,0,5,75181818,2519502508,13390339,1,132329403,1249030504,2524609,1097082229,1697319040,155402324,347297876,91297357,202593161,4625724,33159055,344916122,353362499,0,0,0,0,5eb7747ecbde451de49ea2bb0b40c31b43aa1915d4f074ed405d0301b7d991a6
10523,52,8888887792,8877297703,11116314,40,351478,122206,51,2064780437,383151,95678453,190383448,505401562,408875021,166680948,561745845,135612389,207637459,3768460455,15882529,6,3,4,0,1,4382,1160,61,0,0,0,0,5,75271635,2519463622,13345720,1,132365824,1248996833,2536809,1365188703,1688699959,164135062,161981148,86557863,202550278,4665027,33159314,338295954,255548077,0,0,0,0,5eb7747ecbde451de49ea2bb0b40c31b43aa1915d4f074ed405d0301b7d991a6
10523,53,8888886292,8877292913,11123285,50,348057,121947,40,2065199761,335817,95761176,193601842,502074776,409436730,166162569,561573736,136240122,207500100,3768518201,15939970,6,3,4,0,1,4382,1160,61,0,0,0,0,5,75173307,2519524549,13365319,1,132326793,1248993652,2574651,1355605326,1692213482,156915106,174306449,97163900,202580340,4666657,33127252,333410966,246387220,0,0,0,0,5eb7747ecbde451de49ea2bb0b40c31b43aa1915d4f074ed405d0301b7d991a6
10523,54,8888888882,8877293243,11122445,40,350218,122876,60,2064353223,364011,95706570,190939800,504854073,408651432,166891575,561825301,135101321,207539694,3768504798,15886998,6,3,4,0,1,4382,1160,61,0,0,0,0,5,75179780,2519521516,13333818,1,132359914,1248983282,2553180,1355486307,1686870934,162112171,174074169,96221235,202550918,4664507,33162965,324397431,270167078,0,0,0,0,5eb7747ecbde451de49ea2bb0b40c31b43aa1915d4f074ed405d0301b7d991a6
10523,55,8888886501,8877296103,11120275,50,348187,121837,49,2064222519,321168,95756314,193475578,502211531,409170176,166460457,561534083,135270661,207497821,3768444526,16003554,6,3,4,0,1,4382,1160,61,0,0,0,0,5,75170038,2519461274,13429613,1,132327783,1248983252,2573941,1390321897,1686556151,160166725,167755774,97251189,202587730,4628905,33162565,360245126,254905683,0,0,0,0,5eb7747ecbde451de49ea2bb0b40c31b43aa1915d4f074ed405d0301b7d991a6
10523,56,8888886502,8877270132,11144196,50,349607,122477,40,2062103520,369607,95715625,190491705,505282526,410435352,165127347,561707103,132951763,207568006,3768445295,15960062,6,3,4,0,1,4382,1160,61,0,0,0,0,5,75199111,2519457543,13416743,1,132368895,1248987752,2543319,1357035339,1685701172,161394467,174492029,104543802,202552178,4666367,33160745,338324231,275820824,0,0,0,0,5eb7747ecbde451de49ea2bb0b40c31b43aa1915d4f074ed405d0301b7d991a6
10523,57,8888885421,8877312594,11101714,40,348117,122896,60,2061607114,382547,95726254,190214883,505461885,410880162,164743109,561524085,132650337,207524302,3768426485,16039138,6,3,4,0,1,4382,1160,61,0,0,0,0,5,75192099,2519437063,13464616,1,132332203,1248989422,2574522,1357488836,1691293765,158940699,171859261,97031584,202593280,4618665,33164705,331862167,268089790,0,0,0,0,5eb7747ecbde451de49ea2bb0b40c31b43aa1915d4f074ed405d0301b7d991a6
10523,58,8888886262,8877270962,11142706,50,350648,121846,50,2062052299,338000,95778564,189404120,506353002,410515044,165030324,561705254,132910512,207571644,3768437556,15961723,6,3,4,0,1,4382,1160,61,0,0,0,0,5,75209250,2519450183,13415824,1,132362394,1248987373,2545899,1347884385,1689245856,150806148,185336780,91943750,202553409,4660616,33155814,304368546,274517597,0,0,0,0,5eb7747ecbde451de49ea2bb0b40c31b43aa1915d4f074ed405d0301b7d991a6
10523,59,8888884671,8877313934,11099844,50,349097,121677,69,2061791335,354918,95749383,188833134,506857526,410431909,165204252,561516794,132816888,207513384,3768447955,16013873,6,3,4,0,1,4382,1160,61,0,0,0,0,5,75185671,2519445932,13464963,1,132327713,1249002023,2548910,1343795309,1693154723,166604268,171823434,99758085,202599251,4611924,33177005,329774418,274139148,0,0,0,0,5eb7747ecbde451de49ea2bb0b40c31b43aa1915d4f074ed405d0301b7d991a6
10523,60,8888886222,8877264651,11149227,40,349827,122437,40,2061883029,379618,95711383,190319438,505480466,410484063,165059706,561661350,132763594,207632179,3768384423,15964781,6,3,4,0,1,4382,1160,61,0,0,0,0,5,75264764,2519400531,13414671,1,132367415,1248983892,2550110,1343159652,1693917585,162725266,171708815,94954657,202551888,4658117,33170255,300806998,286266863,0,0,0,0,5eb7747ecbde451de49ea2bb0b40c31b43aa1915d4f074ed405d0301b7d991a6
10523,61,8888884931,8877255151,11158447,60,349767,121457,49,2061882359,357809,95776583,191485469,504184621,410138384,165467287,561552575,132900299,207513861,3768398815,16077246,6,3,4,0,1,4382,1160,61,0,0,0,0,5,75183748,2519394012,13517955,1,132330113,1249004803,2559291,1349198561,1690723026,157649479,178587271,96396927,202590940,4619695,33169535,308630914,291289877,0,0,0,0,5eb7747ecbde451de49ea2bb0b40c31b43aa1915d4f074ed405d0301b7d991a6
10523,62,8888886522,8877257681,11154357,60,353058,121306,60,2061471438,364486,95731984,188344577,507427707,409876921,165682976,561679361,132337572,207612189,3768322979,16005424,6,3,4,0,1,4382,1160,61,0,0,0,0,5,75251265,2519344237,13448734,1,132360924,1248978742,2556690,1346392745,1690461304,169338654,170252743,92965183,202551818,4663687,33164255,296753859,286259027,0,0,0,0,5eb7747ecbde451de49ea2bb0b40c31b43aa1915d4f074ed405d0301b7d991a6
10523,63,8888884981,8877264071,11147606,40,351278,121937,49,2062196585,350389,95730564,190016320,505681378,410627921,164986560,561522344,133264889,207514292,3768413685,16030455,6,3,4,0,1,4382,1160,61,0,0,0,0,5,75182039,2519415482,13473545,1,132332253,1248998203,2556910,1311398927,1692952943,151353983,210198806,99122599,202598081,4611814,33168325,334649717,321130878,0,0,0,0,5eb7747ecbde451de49ea2bb0b40c31b43aa1915d4f074ed405d0301b7d991a6
10523,64,8888890622,8877234530,11181618,40,351138,123246,50,2065737646,410770,95678922,190825483,504954470,408762635,166817384,561712653,136559535,207555504,3768593805,15811193,6,3,4,0,1,4382,1160,61,0,0,0,0,5,75196800,2519593982,13272814,1,132358704,1248999823,2538379,1353984771,1692229316,163073659,161182587,94415522,202562669,4650846,33164915,317710961,306131082,0,0,0,0,5eb7747ecbde451de49ea2bb0b40c31b43aa1915d4f074ed405d0301b7d991a6
10523,65,8888888372,8877271093,11144946,69,349988,122216,60,2065950437,437050,95663093,192997873,502699876,408896562,166743229,561514113,136980860,207547083,3768577573,15922039,6,3,4,0,1,4382,1160,61,0,0,0,0,5,75227980,2519562730,13353398,1,132319103,1249014843,2568641,1365560610,1687328434,165710475,156848874,97255541,202596911,4629685,33147414,322691525,278856261,0,0,0,0,5eb7747ecbde451de49ea2bb0b40c31b43aa1915d4f074ed405d0301b7d991a6
10523,66,8888891663,8877277683,11136165,60,353978,123647,130,2065076781,397102,95679271,192553760,503243333,408670451,166884616,561711845,135920583,207557615,3768617733,15789913,6,3,4,0,1,4382,1160,61,0,0,0,0,5,75198791,2519606799,13261544,1,132358824,1249010934,2528369,1325176145,1697678699,161467326,183519042,94740578,202562609,4652806,33158975,264214805,279014266,0,0,0,0,5eb7747ecbde451de49ea2bb0b40c31b43aa1915d4f074ed405d0301b7d991a6
10523,67,8888887961,8877233150,11183207,51,349767,121717,69,2065848714,450685,95671800,193790742,501913067,408692502,166958771,561488251,136865871,207526093,3768640727,15832892,6,3,4,0,1,4382,1160,61,0,0,0,0,5,75211000,2519610483,13288863,1,132315093,1249030244,2544029,1069877111,1696368459,162404885,358677198,89258804,202594370,4629656,33150123,304503766,350660438,0,0,0,0,5eb7747ecbde451de49ea2bb0b40c31b43aa1915d4f074ed405d0301b7d991a6
10523,68,8888890902,8877275512,11140105,51,352058,123046,130,2065923665,469182,95586336,191412724,504387930,408468022,167106989,561690043,136783848,207597866,3768605565,15785592,6,3,4,0,1,4382,1160,61,0,0,0,0,5,75238372,2519599921,13251783,1,132359494,1249005644,2533809,1372251965,1688162059,161531341,159337033,93806528,202562379,4651336,33162875,290346554,261072069,0,0,0,0,5eb7747ecbde451de49ea2bb0b40c31b43aa1915d4f074ed405d0301b7d991a6
10523,69,8888889561,8877248561,11168027,40,349307,123577,49,2066054802,402764,95715649,191963444,503729547,408864189,166757762,561525224,137077733,207606527,3768486707,15922190,6,3,4,0,1,4382,1160,61,0,0,0,0,5,75286694,2519488135,13345048,1,132319833,1248998572,2577142,1358960996,1688488386,164362520,167698065,95941274,202586370,4625365,33161224,301767000,256732802,0,0,0,0,5eb7747ecbde451de49ea2bb0b40c31b43aa1915d4f074ed405d0301b7d991a6
10523,70,8888889552,8877270422,11147816,40,349088,122136,50,2065534757,435524,95654300,192109319,503694064,408503652,167053758,561701293,136364146,207639117,3768477730,15860705,6,3,4,0,1,4382,1160,61,0,0,0,0,5,75278513,2519506268,13295105,1,132360604,1248971462,2565600,1365862592,1686440262,162806475,168361485,98274788,202562619,4652646,33159105,284068109,252513255,0,0,0,0,5eb7747ecbde451de49ea2bb0b40c31b43aa1915d4f074ed405d0301b7d991a6
10523,71,8888888883,8877273253,11143415,60,349558,122537,60,2066064592,404440,95686874,192577239,503150690,408689081,166929709,561517155,137094053,207530883,3768552212,15907357,6,3,4,0,1,4382,1160,61,0,0,0,0,5,75213711,2519563199,13327076,1,132317172,1248989013,2580281,1366550590,1689553026,159197228,166488582,104404359,202595371,4617994,33165215,285204394,250193338,0,0,0,0,5eb7747ecbde451de49ea2bb0b40c31b43aa1915d4f074ed405d0301b7d991a6
10523,72,8888888942,8877233020,11180677,40,351478,123567,160,2063219557,403549,95672581,189530777,506255186,409602587,165975622,561668992,134086881,207558774,3768427994,15989923,6,3,4,0,1,4382,1160,61,0,0,0,0,5,75194530,2519473813,13402412,1,132364244,1248954181,2587511,1347093576,1684037921,157061451,182255524,98637751,202562209,4677328,33139513,360759833,283770744,0,0,0,0,5eb7747ecbde451de49ea2bb0b40c31b43aa1915d4f074ed405d0301b7d991a6
10523,73,8888885352,8877227049,11185939,49,350228,122036,51,2063064359,414011,95728165,190209211,505455725,410359976,165287086,561481852,134096552,207537593,3768448326,16037615,6,3,4,0,1,4382,1160,61,0,0,0,0,5,75216060,2519463404,13442793,1,132321533,1248984922,2594822,1350645724,1691043107,171912149,163531799,91387688,202597851,4601363,33179436,326388625,276853752,0,0,0,0,5eb7747ecbde451de49ea2bb0b40c31b43aa1915d4f074ed405d0301b7d991a6
10523,74,8888888902,8877227289,11185699,40,352258,123476,140,2063204337,395740,95721964,190187712,505591990,409872342,165678587,561687162,134048709,207569104,3768463957,15945341,6,3,4,0,1,4382,1160,61,0,0,0,0,5,75205650,2519486765,13382960,1,132363454,1248977192,2562381,1351471623,1690850822,159935650,174252614,93737074,202561219,4647706,33169095,298854872,273172605,0,0,0,0,5eb7747ecbde451de49ea2bb0b40c31b43aa1915d4f074ed405d0301b7d991a6
10523,75,8888885642,8877272092,11140915,40,350288,122156,151,2063528901,417973,95683851,190783520,504927040,410645159,164992012,561496453,134562264,207615488,3768375892,16014933,6,3,4,0,1,4382,1160,61,0,0,0,0,5,75292936,2519411331,13420851,1,132322552,1248964561,2594082,1460291312,1692477741,155179361,66992045,99985168,202601651,4597514,33182095,323794150,277868331,0,0,0,0,5eb7747ecbde451de49ea2bb0b40c31b43aa1915d4f074ed405d0301b7d991a6
10523,76,8888887112,8877227639,11186359,150,351028,121876,60,2063260528,462574,95598509,189111025,506702669,410476402,165079106,561661993,134145982,207577185,3768425694,15979533,6,3,4,0,1,4382,1160,61,0,0,0,0,5,75212921,2519469563,13395291,1,132364264,1248956131,2584242,1349767818,1689718440,163619635,167121484,96451290,202560859,4652916,33163915,318906051,272782082,0,0,0,0,5eb7747ecbde451de49ea2bb0b40c31b43aa1915d4f074ed405d0301b7d991a6
10523,77,8888885781,8877265871,11147717,49,349788,122307,49,2063544685,443934,95685100,191712987,503977361,410027819,165603242,561495983,134574956,207543402,3768408026,16117808,6,3,4,0,1,4382,1160,61,0,0,0,0,5,75220549,2519450975,13493645,1,132322853,1248957051,2624163,1346368714,1691104510,164018052,173742100,93976388,202590630,4607565,33178485,299994183,280960529,0,0,0,0,5eb7747ecbde451de49ea2bb0b40c31b43aa1915d4f074ed405d0301b7d991a6
10523,78,8888887422,8877234970,11178018,60,352278,122036,60,2062911322,441991,95640068,188201990,507576274,409986036,165574851,561667122,133797264,207551575,3768411103,16007665,6,3,4,0,1,4382,1160,61,0,0,0,0,5,75187351,2519443542,13435343,1,132364224,1248967561,2572322,1343097205,1688419548,164346959,171716251,95289314,202561609,4637305,33179486,306331280,292623666,0,0,0,0,5eb7747ecbde451de49ea2bb0b40c31b43aa1915d4f074ed405d0301b7d991a6
10523,79,8888885721,8877269172,11144605,160,349458,122266,60,2062996774,417060,95678231,189082734,506613744,409935994,165704569,561487362,134050729,207546364,3768445405,16016156,6,3,4,0,1,4382,1160,61,0,0,0,0,5,75223601,2519460503,13435264,1,132322763,1248984902,2580892,1352173033,1690853897,159289069,159951026,100582548,202612272,4587713,33184005,311838152,314765421,0,0,0,0,5eb7747ecbde451de49ea2bb0b40c31b43aa1915d4f074ed405d0301b7d991a6
10523,80,8888889743,8877267913,11146755,71,351738,123096,170,2065432229,415340,95639681,191889264,503895478,409014489,166571799,561695523,136296744,207587586,3768541901,15845386,6,3,4,0,1,4382,1160,61,0,0,0,0,5,75226072,2519530677,13319357,1,132361514,1249011224,2526029,1330451951,1691119475,170187190,179289420,90933750,202558189,4653326,33164905,382905278,307618739,0,0,0,0,5eb7747ecbde451de49ea2bb0b40c31b43aa1915d4f074ed405d0301b7d991a6
10523,81,8888886023,8877271273,11143095,51,352447,119086,71,2065309755,477934,95614527,192703941,502985471,409077539,166559383,561517441,136356137,207544043,3768558012,15922418,6,3,4,0,1,4382,1160,61,0,0,0,0,5,75214590,2519528418,13378208,1,132329453,1249029594,2544210,1357862947,1688299761,169310435,158562590,95551976,202587020,4638736,33155124,389270829,265997716,0,0,0,0,5eb7747ecbde451de49ea2bb0b40c31b43aa1915d4f074ed405d0301b7d991a6
10523,82,8888888893,8877265293,11148086,49,352118,123297,50,2065301162,431392,95629528,190976512,504821382,409024720,166550950,561691033,136159546,207574306,3768595724,15801172,6,3,4,0,1,4382,1160,61,0,0,0,0,5,75214541,2519581521,13280444,1,132359765,1249014203,2520728,1363192375,1687769097,169596539,157000181,94746763,202559229,4651646,33161874,370368703,270706303,0,0,0,0,5eb7747ecbde451de49ea2bb0b40c31b43aa1915d4f074ed405d0301b7d991a6
10523,83,8888887463,8877266853,11148856,50,348347,123306,51,2065853531,465745,95625736,194375572,501327459,409316272,166343011,561492962,136890244,207601296,3768537690,15861006,6,3,4,0,1,4382,1160,61,0,0,0,0,5,75275863,2519520377,13311716,1,132325433,1249017313,2549290,1370815000,1690994858,162468986,155541195,94049748,202592820,4614105,33167425,378335604,260121106,0,0,0,0,5eb7747ecbde451de49ea2bb0b40c31b43aa1915d4f074ed405d0301b7d991a6
10523,84,8888887501,8877233100,11180868,40,351097,122356,40,2065374046,449973,95601797,192906198,502896025,408813329,166762062,561698992,136231520,207576645,3768605064,15811694,6,3,4,0,1,4382,1160,61,0,0,0,0,5,75218461,2519581470,13294696,1,132358184,1249023594,2516998,1354395513,1689222291,153469307,178619236,98469934,202558719,4651806,33162295,341368959,254956053,0,0,0,0,5eb7747ecbde451de49ea2bb0b40c31b43aa1915d4f074ed405d0301b7d991a6
10523,85,8888886361,8877230750,11183798,169,349758,121817,69,2066006159,433300,95671140,193655966,502040164,408967635,166652186,561527195,137042829,207545423,3768581181,15877248,6,3,4,0,1,4382,1160,61,0,0,0,0,5,75212950,2519553877,13337799,1,132332473,1249027304,2539449,1354436128,1689741643,165369069,167362612,94662556,202582910,4623295,33165204,378309294,255519329,0,0,0,0,5eb7747ecbde451de49ea2bb0b40c31b43aa1915d4f074ed405d0301b7d991a6
10523,86,8888888212,8877264922,11148955,51,351507,122727,50,2065244463,421932,95650718,192048236,503745018,408835552,166729068,561693542,136106394,207576395,3768541782,15870775,6,3,4,0,1,4382,1160,61,0,0,0,0,5,75220931,2519529698,13341917,1,132355464,1249012084,2528858,1363945057,1684991197,160688966,167804373,93981765,202559249,4648406,33165175,354546923,265289448,0,0,0,0,5eb7747ecbde451de49ea2bb0b40c31b43aa1915d4f074ed405d0301b7d991a6
10523,87,8888886083,8877238171,11176117,40,350078,121617,60,2065903283,424349,95679362,193822664,501887546,408870881,166773231,561508674,136920334,207526593,3768586642,15869997,6,3,4,0,1,4382,1160,61,0,0,0,0,5,75200930,2519557878,13336988,1,132325663,1249028764,2533009,1351654791,1689450779,163633332,170276109,98761552,202589330,4632106,33160934,359263581,253790295,0,0,0,0,5eb7747ecbde451de49ea2bb0b40c31b43aa1915d4f074ed405d0301b7d991a6
10523,88,8888887072,8877262361,11152007,50,350207,122397,50,2063222396,438004,95653059,190180060,505588393,410179586,165404522,561668711,134090752,207583437,3768439705,15972792,6,3,4,0,1,4382,1160,61,0,0,0,0,5,75223492,2519454884,13418771,1,132359945,1248984821,2554021,1321955695,1687086821,161737490,191868155,97081569,202562799,4639506,33172434,369917819,293489070,0,0,0,0,5eb7747ecbde451de49ea2bb0b40c31b43aa1915d4f074ed405d0301b7d991a6
10523,89,8888884861,8877266582,11147826,40,348687,121677,49,2062375237,418771,95693771,190290729,505407992,410109893,165523238,561492863,133407367,207535903,3768463325,16016916,6,3,4,0,1,4382,1160,61,0,0,0,0,5,75203360,2519478623,13430934,1,132332543,1248984702,2585982,1326180369,1688079847,172720864,179954275,93159315,202598361,4603803,33170205,354572128,292142084,0,0,0,0,5eb7747ecbde451de49ea2bb0b40c31b43aa1915d4f074ed405d0301b7d991a6
10523,90,8888888022,8877228530,11185728,50,350648,123016,50,2063302581,408339,95701862,190454964,505308458,410165848,165400250,561689263,134153433,207599135,3768442467,15954150,6,3,4,0,1,4382,1160,61,0,0,0,0,5,75239701,2519468555,13391000,1,132359434,1248973912,2563150,1323300618,1692033727,161576940,190592970,97448680,202562899,4639015,33175216,373881455,284284171,0,0,0,0,5eb7747ecbde451de49ea2bb0b40c31b43aa1915d4f074ed405d0301b7d991a6
10523,91,8888885501,8877234620,11179748,70,349127,121796,140,2062928563,437743,95672451,189663034,506044435,410601797,165030024,561495234,133959954,207534162,3768407144,16061708,6,3,4,0,1,4382,1160,61,0,0,0,0,5,75206749,2519462364,13450955,1,132327413,1248944780,2610753,1329003963,1692751440,166792505,180125152,95926975,202604031,4618355,33160804,338667098,275006024,0,0,0,0,5eb7747ecbde451de49ea2bb0b40c31b43aa1915d4f074ed405d0301b7d991a6
10523,92,8888888142,8877227290,11187038,40,350428,123296,50,2063112270,467801,95612597,190050955,505753131,409898294,165657993,561650531,133999847,207654019,3768384161,15971484,6,3,4,0,1,4382,1160,61,0,0,0,0,5,75294084,2519410530,13405013,1,132359935,1248973631,2566471,1342052763,1687893815,159619349,185232208,97358818,202562209,4654446,33157795,319714505,274052971,0,0,0,0,5eb7747ecbde451de49ea2bb0b40c31b43aa1915d4f074ed405d0301b7d991a6
10523,93,8888885531,8877262151,11152297,60,348787,122176,60,2062239569,454415,95674589,189686915,506002845,410033529,165594162,561509224,133251859,207538313,3768358501,16122651,6,3,4,0,1,4382,1160,61,0,0,0,0,5,75209330,2519413731,13499657,1,132328983,1248944770,2622994,1339404243,1691062451,167707715,171998108,92949717,202589360,4634156,33150344,321861240,276604145,0,0,0,0,5eb7747ecbde451de49ea2bb0b40c31b43aa1915d4f074ed405d0301b7d991a6
10523,94,8888887202,8877235260,11179098,60,350537,122197,50,2062560686,452191,95647870,188390100,507392863,409250491,166309120,561670919,133423969,207574725,3768412013,15986734,6,3,4,0,1,4382,1160,61,0,0,0,0,5,75217131,2519426591,13432844,1,132357594,1248985422,2553890,1332260258,1690069942,156897133,188678268,93236909,202561889,4635925,33175845,326946809,301355398,0,0,0,0,5eb7747ecbde451de49ea2bb0b40c31b43aa1915d4f074ed405d0301b7d991a6
10523,95,8888885041,8877272412,11142056,40,348937,121536,60,2063251437,416082,95688160,190560207,505151462,409945887,165684315,561491713,134295221,207537183,3768460168,15995411,6,3,4,0,1,4382,1160,61,0,0,0,0,5,75206550,2519462115,13435021,1,132330633,1248998053,2560390,1307889965,1691367346,167256247,195709160,99032799,202599641,4623745,33151804,349726465,320136695,0,0,0,0,5eb7747ecbde451de49ea2bb0b40c31b43aa1915d4f074ed405d0301b7d991a6
10523,96,8888887652,8877256921,11154816,431,354078,121246,160,2065273552,368009,95705852,191687158,504097447,408694921,166883296,561695784,136123194,207567314,3768535280,15861407,6,3,4,0,1,4382,1160,61,0,0,0,0,5,75198659,2519539898,13325408,1,132368655,1248995382,2535999,1344103495,1692330852,168264734,165617649,86051684,202557509,4650956,33168645,297002572,298689840,0,0,0,0,5eb7747ecbde451de49ea2bb0b40c31b43aa1915d4f074ed405d0301b7d991a6
10523,97,8888885672,8877256252,11161147,40,345947,122237,49,2065419430,411030,95692450,191991906,503684975,408892690,166764480,561491293,136468492,207552444,3768537950,15937581,6,3,4,0,1,4382,1160,61,0,0,0,0,5,75227541,2519528277,13375730,1,132324903,1249009673,2561851,1353453733,1690919093,165940714,165187010,96874156,202593731,4613534,33169055,318076860,262526143,0,0,0,0,5eb7747ecbde451de49ea2bb0b40c31b43aa1915d4f074ed405d0301b7d991a6
10523,98,8888887753,8877248982,11162886,40,354258,121547,40,2065708212,360778,95734543,192261477,503532896,408660280,166896350,561674921,136564397,207574453,3768606764,15798203,6,3,4,0,1,4382,1160,61,0,0,0,0,5,75210189,2519605661,13263904,1,132364264,1249001103,2534299,1354485517,1689673573,173297782,155593604,92276551,202556449,4663706,33155835,296194357,260401481,0,0,0,0,5eb7747ecbde451de49ea2bb0b40c31b43aa1915d4f074ed405d0301b7d991a6
10523,99,8888885112,8877257071,11160327,40,345727,121896,51,2066136776,405841,95708141,192683736,502994853,408887871,166778552,561472481,137184481,207539582,3768641606,15822904,6,3,4,0,1,4382,1160,61,0,0,0,0,5,75217390,2519632323,13259643,1,132322192,1249009283,2563261,1348603732,1694507588,158645735,170857524,95938783,202593791,4630355,33152564,292414105,260704792,0,0,0,0,5eb7747ecbde451de49ea2bb0b40c31b43aa1915d4f074ed405d0301b7d991a6
10523,100,8888886812,8877289083,11126195,40,350688,120755,51,2065759755,402682,95660490,192172841,503637124,408786697,166778812,561676151,136623600,207594517,3768559559,15832177,6,3,4,0,1,4382,1160,61,0,0,0,0,5,75228192,2519558017,13299277,1,132366325,1249001542,2532900,1353398109,1683358382,173095209,161488717,98554212,202556889,4654236,33170715,271957423,257144585,0,0,0,0,5eb7747ecbde451de49ea2bb0b40c31b43aa1915d4f074ed405d0301b7d991a6
10523,101,8888885432,8877249701,11163807,49,350018,121806,51,2065219011,423498,95702302,193413715,502265523,409225640,166409042,561531304,136228900,207533524,3768586491,15891279,6,3,4,0,1,4382,1160,61,0,0,0,0,5,75210801,2519561627,13343269,1,132322723,1249024864,2548010,1357620541,1688903163,171636327,155612298,98087420,202589620,4654117,33132233,299626943,261959835,0,0,0,0,5eb7747ecbde451de49ea2bb0b40c31b43aa1915d4f074ed405d0301b7d991a6
10523,102,8888888243,8877242551,11174218,50,348107,123007,310,2065863979,394442,95684459,191853717,503955829,408647100,166910708,561681091,136716875,207560904,3768567692,15829997,6,3,4,0,1,4382,1160,61,0,0,0,0,5,75196410,2519551748,13309888,1,132364494,1249015944,2520109,1349018296,1689279803,164930465,169523164,95834236,202556799,4647316,33172365,264842548,272889681,0,0,0,0,5eb7747ecbde451de49ea2bb0b40c31b43aa1915d4f074ed405d0301b7d991a6
10523,103,8888886161,8877250941,11165647,50,347187,122287,49,2065749446,411522,95695013,193551051,502160088,408639229,166987901,561551596,136737275,207519451,3768566113,15882047,6,3,4,0,1,4382,1160,61,0,0,0,0,5,75199929,2519554400,13331877,1,132319522,1249011713,2550170,1358364869,1683765979,161561336,168754207,95672979,202594300,4631526,33160264,295699448,266069243,0,0,0,0,5eb7747ecbde451de49ea2bb0b40c31b43aa1915d4f074ed405d0301b7d991a6
10523,104,8888886372,8877228040,11184167,31,351658,122416,60,2063096463,407203,95693142,190293596,505487196,410137536,165445113,561637722,133978094,207567034,3768379372,16041296,6,3,4,0,1,4382,1160,61,0,0,0,0,5,75197240,2519432722,13450833,1,132369794,1248946650,2590463,1319874494,1687083845,163111133,195242085,94819712,202561269,4654676,33165255,301465577,298198873,0,0,0,0,5eb7747ecbde451de49ea2bb0b40c31b43aa1915d4f074ed405d0301b7d991a6
10523,105,8888884471,8877261391,11149356,160,351588,121916,60,2063085473,360358,95782485,188848553,506824787,410053109,165576463,561480421,134139253,207530135,3768469806,16016564,6,3,4,0,1,4382,1160,61,0,0,0,0,5,75209332,2519474444,13432772,1,132320803,1248995362,2583792,1321725178,1689546025,168541835,186060692,94527347,202607221,4608794,33159405,301356669,289674272,0,0,0,0,5eb7747ecbde451de49ea2bb0b40c31b43aa1915d4f074ed405d0301b7d991a6
10523,106,8888887322,8877223369,11188099,49,353278,122147,380,2062992216,370770,95745093,189518547,506275498,410145525,165406524,561675330,133834808,207573605,3768479129,15935710,6,3,4,0,1,4382,1160,61,0,0,0,0,5,75204620,2519497607,13381150,1,132368985,1248981522,2554560,1329025814,1689500649,165403139,183122029,97509661,202561899,4683218,33125512,299822059,292599124,0,0,0,0,5eb7747ecbde451de49ea2bb0b40c31b43aa1915d4f074ed405d0301b7d991a6
10523,107,8888884782,8877224399,11186359,129,352008,121827,60,2063195207,391670,95739863,190935858,504751351,410468331,165183583,561485971,134220338,207499810,3768451287,16024965,6,3,4,0,1,4382,1160,61,0,0,0,0,5,75177268,2519501487,13415252,1,132322542,1248949800,2609713,1338696087,1692163624,163341682,177170152,93830036,202604101,4611674,33159594,275144505,273494150,0,0,0,0,5eb7747ecbde451de49ea2bb0b40c31b43aa1915d4f074ed405d0301b7d991a6
10523,108,8888886452,8877263862,11148366,49,352238,121877,60,2063049612,424460,95660029,188702286,507108301,409939255,165621983,561637151,133935233,207587715,3768392583,16018894,6,3,4,0,1,4382,1160,61,0,0,0,0,5,75218641,2519427821,13445863,1,132369074,1248964762,2573031,1344344638,1691483172,170882827,163734336,96571118,202560479,4662127,33150794,272006068,279677126,0,0,0,0,5eb7747ecbde451de49ea2bb0b40c31b43aa1915d4f074ed405d0301b7d991a6
10523,109,8888884961,8877233350,11181028,40,348427,122067,49,2063256538,449745,95696969,191014763,504674748,410218580,165424872,561474872,134283161,207536044,3768333840,16176631,6,3,4,0,1,4382,1160,61,0,0,0,0,5,75214401,2519387450,13542187,1,132321643,1248946390,2634444,1343380159,1691645794,159916175,178053291,96865287,202589370,4624985,33171105,275985947,282114627,0,0,0,0,5eb7747ecbde451de49ea2bb0b40c31b43aa1915d4f074ed405d0301b7d991a6
10523,110,8888887192,8877230060,11187378,60,346898,122626,170,2062838636,456883,95636908,187915489,507895117,410256002,165293435,561646771,133715981,207533004,3768414492,15999645,6,3,4,0,1,4382,1160,61,0,0,0,0,5,75165939,2519452531,13423693,1,132367065,1248961961,2575952,1326390133,1689015250,171555342,175345797,95169669,202560959,4656306,33156735,267620037,293522808,0,0,0,0,5eb7747ecbde451de49ea2bb0b40c31b43aa1915d4f074ed405d0301b7d991a6
10523,111,8888884432,8877258961,11155677,40,348147,121556,51,2063074170,399599,95700520,191056344,504639027,410687111,164957579,561475183,134142745,207546244,3768340321,16124519,6,3,4,0,1,4382,1160,61,0,0,0,0,5,75222911,2519372940,13520106,1,132323333,1248967381,2604413,1297987627,1691846437,168346816,201691011,98209455,202597021,4621035,33163894,281101528,332722856,0,0,0,0,5eb7747ecbde451de49ea2bb0b40c31b43aa1915d4f074ed405d0301b7d991a6
10523,112,8888885742,8877249741,11163467,40,350947,121417,130,2065402958,404142,95680230,192989091,502796883,408877381,166695698,561710221,136229200,207573534,3768639067,15750349,6,3,4,0,1,4382,1160,61,0,0,0,0,5,75205370,2519567170,13288044,1,132368164,1249071897,2462305,1329106793,1695125988,172132579,175588257,95692906,202560149,4642366,33169865,200588810,314046481,0,0,0,0,5eb7747ecbde451de49ea2bb0b40c31b43aa1915d4f074ed405d0301b7d991a6
10523,113,8888884052,8877242810,11167627,40,352268,121247,60,2065613290,423203,95683128,192817746,502883436,409149664,166485647,561509532,136637413,207542693,3768563483,15913787,6,3,4,0,1,4382,1160,61,0,0,0,0,5,75208960,2519565960,13343786,1,132333733,1248997523,2570001,1323224704,1691369743,176669912,177815568,99842242,202588900,4613475,33175055,315606493,278071659,0,0,0,0,5eb7747ecbde451de49ea2bb0b40c31b43aa1915d4f074ed405d0301b7d991a6
10523,114,8888885401,8877276362,11133586,40,353407,121866,140,2065500025,376932,95747694,192399533,503368498,408494523,167065475,561689524,136340176,207574833,3768580454,15815994,6,3,4,0,1,4382,1160,61,0,0,0,0,5,75206609,2519595922,13266774,1,132368224,1248984532,2549220,1354482175,1686395328,161588923,173811987,90984511,202560779,4655946,33153274,294374391,291720546,0,0,0,0,5eb7747ecbde451de49ea2bb0b40c31b43aa1915d4f074ed405d0301b7d991a6
10523,115,8888885132,8877249791,11160186,51,352217,122836,51,2066140198,408861,95703382,192324168,503382733,409289702,166352011,561507481,137149278,207538903,3768530210,15905899,6,3,4,0,1,4382,1160,61,0,0,0,0,5,75210220,2519561679,13319727,1,132328683,1248968531,2586172,1345523435,1689350248,162945086,177520477,96570345,202592440,4627655,33160115,315801708,292401780,0,0,0,0,5eb7747ecbde451de49ea2bb0b40c31b43aa1915d4f074ed405d0301b7d991a6
10523,116,8888885421,8877279692,11131916,40,351658,122066,49,2065376326,437311,95626121,192705256,503111746,408723585,166831306,561702853,136224338,207573285,3768553682,15851274,6,3,4,0,1,4382,1160,61,0,0,0,0,5,75208251,2519562759,13304045,1,132365034,1248990923,2547229,1350525694,1685331141,167783487,170537676,97679922,202559679,4654446,33155334,275506812,288323328,0,0,0,0,5eb7747ecbde451de49ea2bb0b40c31b43aa1915d4f074ed405d0301b7d991a6
10523,117,8888884002,8877243151,11169247,49,349778,121646,131,2065453119,388921,95715234,192283965,503423713,408729834,166880955,561541817,136470992,207537802,3768524760,15933320,6,3,4,0,1,4382,1160,61,0,0,0,0,5,75202899,2519516157,13378170,1,132334903,1249008603,2555150,1373609287,1686470290,161577949,150983982,100601008,202580360,4665027,33131713,318353404,288282544,0,0,0,0,5eb7747ecbde451de49ea2bb0b40c31b43aa1915d4f074ed405d0301b7d991a6
10523,118,8888886922,8877247471,11164546,40,351869,122936,60,2066138946,414021,95664130,191430043,504384023,408972594,166577363,561680081,136998379,207552213,3768510370,15887088,6,3,4,0,1,4382,1160,61,0,0,0,0,5,75189258,2519522548,13335068,1,132362955,1248987822,2552020,1340704551,1687690231,171382529,171391467,97365500,202561079,4656006,33162035,287313792,290976688,0,0,0,0,5eb7747ecbde451de49ea2bb0b40c31b43aa1915d4f074ed405d0301b7d991a6
10523,119,8888884171,8877242940,11169958,40,349047,122106,80,2066138364,398961,95709181,192705250,503009301,408908043,166726438,561509704,137154476,207517983,3768565041,15870267,6,3,4,0,1,4382,1160,61,0,0,0,0,5,75206191,2519563858,13315867,1,132311792,1249001183,2554400,1341851315,1690555177,167397622,172720687,94705318,202585210,4631105,33164835,313426136,278803997,0,0,0,0,5eb7747ecbde451de49ea2bb0b40c31b43aa1915d4f074ed405d0301b7d991a6
10523,120,8888886162,8877249581,11164727,90,349228,122496,40,2063065271,421961,95680211,188544520,507239747,409784784,165784603,561683873,133906311,207598207,3768391242,16009515,6,3,4,0,1,4382,1160,61,0,0,0,0,5,75224672,2519394489,13470386,1,132373535,1248996753,2539129,1305369729,1683247879,166589750,203097263,97449500,202561389,4658266,33159995,315847257,321267485,0,0,0,0,5eb7747ecbde451de49ea2bb0b40c31b43aa1915d4f074ed405d0301b7d991a6
10523,121,8888885342,8877250731,11163757,120,347457,123217,60,2062828899,422074,95690610,190250641,505446179,409513664,166108007,561499522,133865419,207545483,3768400944,16075218,6,3,4,0,1,4382,1160,61,0,0,0,0,5,75215910,2519409072,13495976,1,132329573,1248991872,2579242,1311713816,1690010461,170331246,191715966,96416864,202591480,4604644,33179556,332378583,321521062,0,0,0,0,5eb7747ecbde451de49ea2bb0b40c31b43aa1915d4f074ed405d0301b7d991a6
10523,122,8888885722,8877243610,11170748,40,349708,121476,140,2062548863,375160,95749114,189386510,506393043,409747725,165786711,561691304,133396335,207623029,3768427366,15966372,6,3,4,0,1,4382,1160,61,0,0,0,0,5,75250094,2519441533,13416133,1,132372935,1248985833,2550239,1311475167,1689842953,173249758,188932126,96397607,202561509,4636295,33172205,316001933,332862411,0,0,0,0,5eb7747ecbde451de49ea2bb0b40c31b43aa1915d4f074ed405d0301b7d991a6
10523,123,8888884242,8877248611,11165867,40,347997,121676,51,2062789573,414012,95716692,191037052,504673009,409907082,165722177,561494124,133800436,207542014,3768549411,15906358,6,3,4,0,1,4382,1160,61,0,0,0,0,5,75217481,2519541058,13356138,1,132324533,1249008353,2550220,1309051124,1693437948,167007425,191746392,100938566,202597511,4610304,33176045,304990577,315635227,0,0,0,0,5eb7747ecbde451de49ea2bb0b40c31b43aa1915d4f074ed405d0301b7d991a6
10523,124,8888885872,8877242040,11172288,40,349107,122347,50,2063349924,432512,95682330,189700318,506110508,409467109,166071399,561645191,134224075,207626498,3768396394,16000245,6,3,4,0,1,4382,1160,61,0,0,0,0,5,75253223,2519411561,13446295,1,132373275,1248984833,2553950,1318132711,1691276826,170649981,186715533,101298449,202560969,4638605,33183586,305651198,326694846,0,0,0,0,5eb7747ecbde451de49ea2bb0b40c31b43aa1915d4f074ed405d0301b7d991a6
10523,125,8888884721,8877246231,11168037,40,348778,121586,49,2063252440,413774,95731712,191592612,504104059,409706402,165908507,561512105,134261189,207535504,3768326500,16159402,6,3,4,0,1,4382,1160,61,0,0,0,0,5,75209461,2519361989,13553259,1,132326043,1248964511,2606143,1309041605,1689663753,169434956,192125149,97273868,202588410,4617555,33179025,272976324,329662494,0,0,0,0,5eb7747ecbde451de49ea2bb0b40c31b43aa1915d4f074ed405d0301b7d991a6
10523,126,8888886182,8877246011,11168347,50,350537,121177,60,2062947743,412171,95709885,189946557,505828704,409556966,165997413,561662722,133808656,207573996,3768334659,16073359,6,3,4,0,1,4382,1160,61,0,0,0,0,5,75202901,2519370348,13499338,1,132371095,1248964311,2574021,1315685539,1689699994,168510323,190643294,94867738,202560659,4636275,33190236,284841750,321127517,0,0,0,0,5eb7747ecbde451de49ea2bb0b40c31b43aa1915d4f074ed405d0301b7d991a6
10523,127,8888884832,8877282323,11131975,40,348307,122136,51,2063222459,420261,95676802,189260833,506459586,409877772,165746439,561495233,134263679,207544464,3768404095,16061846,6,3,4,0,1,4382,1160,61,0,0,0,0,5,75218971,2519399072,13500516,1,132325493,1249005023,2561330,1291434000,1692641302,180492832,190906312,96544600,202596721,4608784,33171815,309732071,347614715,0,0,0,0,5eb7747ecbde451de49ea2bb0b40c31b43aa1915d4f074ed405d0301b7d991a6
