accepted_product_head	accepted_product_tree	governance_layout_commit	product_initial_commit	old_path	new_path	old_sha256	new_sha256	change_kind
66080e324089599711fdb26082af9b330bfdb5ce	ab071a61f00eba9ec973beb0fe600066a33ef74f	PENDING_APPROVAL	PENDING_APPROVAL	applications/hundun/case_config_broadcast.cpp	src/app_case_config_broadcast.cpp	f73dc6aa8c9991c8417a641ba0ace51ff42dd191f56dd68181d1c2ad88e2aac1	3a0fda905ab0792e66f2a186b6cb1b2f2b3c6795b832de23642acd56ed66e30d	private_boundary_extraction
66080e324089599711fdb26082af9b330bfdb5ce	ab071a61f00eba9ec973beb0fe600066a33ef74f	PENDING_APPROVAL	PENDING_APPROVAL	applications/hundun/case_config_broadcast.hpp	src/app_case_config_broadcast_detail.hpp	d32d866b10d749358bb1bac1cc4e4ab28c9bdf6b922c6c6a289510411f67ef81	c554232e3f207ff2c6d8afaf7195b97c42e15f567f1ac576a25db5155aeaec32	include_path_only
66080e324089599711fdb26082af9b330bfdb5ce	ab071a61f00eba9ec973beb0fe600066a33ef74f	PENDING_APPROVAL	PENDING_APPROVAL	applications/hundun/cli_options.cpp	src/app_cli_options.cpp	eb0fa0fc930160c1798de404727b12a05820ca975daf0a49358a821c418cfae2	e510e5f05f108beafc598c96b66eeb7b94581572092c4fc9213b4c3f7edc628f	include_path_only
66080e324089599711fdb26082af9b330bfdb5ce	ab071a61f00eba9ec973beb0fe600066a33ef74f	PENDING_APPROVAL	PENDING_APPROVAL	applications/hundun/cli_options.hpp	src/app_cli_options_detail.hpp	4b9e86fb309bba8a00328c27f27bcbfe279344270e7413510ac053e6fecbf72c	4b9e86fb309bba8a00328c27f27bcbfe279344270e7413510ac053e6fecbf72c	identical_move
66080e324089599711fdb26082af9b330bfdb5ce	ab071a61f00eba9ec973beb0fe600066a33ef74f	PENDING_APPROVAL	PENDING_APPROVAL	applications/hundun/detail/case_config_broadcast_test.hpp	tests/support/app_case_config_broadcast_test.hpp	bfc22abe1d7d1c561bc09a56ea7b2f1b8195ebb9cefeabd0c54f1e795f0829b8	365a8b7481f289ab429bd472a03d572ee38af8f6e8ae81f9c6fd11b38ef948a2	private_boundary_test_adapter
66080e324089599711fdb26082af9b330bfdb5ce	ab071a61f00eba9ec973beb0fe600066a33ef74f	PENDING_APPROVAL	PENDING_APPROVAL	applications/hundun/detail/dispatch_order.hpp	src/app_dispatch_order_detail.hpp	2f60c0493b0b27722294597431fe3233dceb685d40c4322d3c3d5f89d72a53f3	5416a1ea7a2dc94c1f34c8349d3adb4d36e10acafdc2871d63a55beacd20ce78	include_path_only
66080e324089599711fdb26082af9b330bfdb5ce	ab071a61f00eba9ec973beb0fe600066a33ef74f	PENDING_APPROVAL	PENDING_APPROVAL	applications/hundun/main.cpp	src/app_main.cpp	34f1028737de040134d030a9d86c51de16385f65d0268cad1d276f2c687dd62b	c413f41b16d9a97e485762455db7a7ffc3817d20bc3e0b4e34a0d3d6bf2a3c93	include_path_only
66080e324089599711fdb26082af9b330bfdb5ce	ab071a61f00eba9ec973beb0fe600066a33ef74f	PENDING_APPROVAL	PENDING_APPROVAL	applications/hundun/resolved_case_v3_broadcast.cpp	src/app_resolved_case_v3_broadcast.cpp	fdfb04d78afb980ee3be3176da270a73bb1faec8a7fa3e4f3744d223cb5919f5	949b6fd96d2c39474ed25a3b2b0b53d7b5823296fadf7810b9d26842dc6cb4ee	include_path_only
66080e324089599711fdb26082af9b330bfdb5ce	ab071a61f00eba9ec973beb0fe600066a33ef74f	PENDING_APPROVAL	PENDING_APPROVAL	applications/hundun/resolved_case_v3_broadcast.hpp	src/app_resolved_case_v3_broadcast_detail.hpp	ff0f36712626e22039738d5b94b0e20965de954b9601303aa331344f08c6184a	2679d409cc3625f25a5d6af5ba05fa5ba5947b41014cd5ae8dfef7e36ad82098	include_path_only
66080e324089599711fdb26082af9b330bfdb5ce	ab071a61f00eba9ec973beb0fe600066a33ef74f	PENDING_APPROVAL	PENDING_APPROVAL	applications/hundun/stage1_driver.cpp	src/app_passive_scalar_driver.cpp	61c211ec6e999fdd182ce4e9cf2df448f0be286b3b213f1a1cb8a88e2971a5b2	a8d324fd47e8facbb28ee5cd897c71ca9502b3714c3263fe41dd5f769eef9915	include_path_only
66080e324089599711fdb26082af9b330bfdb5ce	ab071a61f00eba9ec973beb0fe600066a33ef74f	PENDING_APPROVAL	PENDING_APPROVAL	applications/hundun/stage1_driver.hpp	src/app_passive_scalar_driver_detail.hpp	89e62b7421ee9ce05dbb116f817313a089f77c16c7b28c628e569256cf162bab	0f61dce32c85032fdede769fdfcaf8e00302136c63a4270cf06c21688ae59c05	include_path_only
66080e324089599711fdb26082af9b330bfdb5ce	ab071a61f00eba9ec973beb0fe600066a33ef74f	PENDING_APPROVAL	PENDING_APPROVAL	applications/hundun/stage2_driver.cpp	src/app_flow_driver.cpp	2f582b19386aa9b876e5d0ccd09038ac9af57306d434eebbb420f38a6e898a30	16ccc33231dfc21a561d674c40898296e885fc40ed813c107ee63161c149719f	include_path_only
66080e324089599711fdb26082af9b330bfdb5ce	ab071a61f00eba9ec973beb0fe600066a33ef74f	PENDING_APPROVAL	PENDING_APPROVAL	applications/hundun/stage2_driver.hpp	src/app_flow_driver_detail.hpp	e6761af17c3db54f987299083f8bcb4ce7c486aa090086d4c530641b385d9c87	6e9b33769432245a655481c3a327614053b240ff57920c8105a553413f88bbc6	include_path_only
66080e324089599711fdb26082af9b330bfdb5ce	ab071a61f00eba9ec973beb0fe600066a33ef74f	PENDING_APPROVAL	PENDING_APPROVAL	applications/hundun/stage2_performance_build.hpp.in	src/app_performance_build.hpp.in	cebb0c80a88ab2d5e5873d8ba8b609bd07a7e8768a86bbcddd3a5a2a38344e39	cebb0c80a88ab2d5e5873d8ba8b609bd07a7e8768a86bbcddd3a5a2a38344e39	identical_move
66080e324089599711fdb26082af9b330bfdb5ce	ab071a61f00eba9ec973beb0fe600066a33ef74f	PENDING_APPROVAL	PENDING_APPROVAL	applications/hundun/stage2_performance_crc64.hpp	src/app_performance_crc64_detail.hpp	c45c95d28b07378edc3690086911f55c5975e96020cbd096c3f5fd319fe93780	c45c95d28b07378edc3690086911f55c5975e96020cbd096c3f5fd319fe93780	identical_move
66080e324089599711fdb26082af9b330bfdb5ce	ab071a61f00eba9ec973beb0fe600066a33ef74f	PENDING_APPROVAL	PENDING_APPROVAL	applications/hundun/stage2_performance_diagnostic.hpp	src/app_performance_diagnostic_detail.hpp	46dd5ccbd6f8841df3d86a6ad5501647838aa77215f46a2e2d382d606ecf2be7	46dd5ccbd6f8841df3d86a6ad5501647838aa77215f46a2e2d382d606ecf2be7	identical_move
66080e324089599711fdb26082af9b330bfdb5ce	ab071a61f00eba9ec973beb0fe600066a33ef74f	PENDING_APPROVAL	PENDING_APPROVAL	applications/hundun/stage2_performance_fingerprint.hpp	src/app_performance_fingerprint_detail.hpp	670e3d4da0f24bce5d842e02df3991584265f4c05c6ae5c555b5ca51f241cfe0	f40ee80ae68700f041ac1b693a006317caa5799e25c3d140b96d8b95a826072a	include_path_only
66080e324089599711fdb26082af9b330bfdb5ce	ab071a61f00eba9ec973beb0fe600066a33ef74f	PENDING_APPROVAL	PENDING_APPROVAL	applications/hundun/stage2_performance_source_metadata.cmake	cmake/HundunPerformanceSourceMetadata.cmake	bb2cacfe9a3153d38f17541022bca4dcaac218357fb14b4c033e3f37bb0e8379	bb2cacfe9a3153d38f17541022bca4dcaac218357fb14b4c033e3f37bb0e8379	identical_move
66080e324089599711fdb26082af9b330bfdb5ce	ab071a61f00eba9ec973beb0fe600066a33ef74f	PENDING_APPROVAL	PENDING_APPROVAL	applications/hundun/stage2_performance_timing.hpp	src/app_performance_timing_detail.hpp	cba84d7cf267c47e75b777acd35d11aa7c058b46acd60de070fc4442e9374fe5	cba84d7cf267c47e75b777acd35d11aa7c058b46acd60de070fc4442e9374fe5	identical_move
66080e324089599711fdb26082af9b330bfdb5ce	ab071a61f00eba9ec973beb0fe600066a33ef74f	PENDING_APPROVAL	PENDING_APPROVAL	boundary/include/hundun/boundary/basic_boundary.hpp	include/hundun/bc_basic_boundary.hpp	d72cf05b533b5d18533095d3222e6a5a5bd2175f730a74b9631edebb3c36f926	aba5de8090eccdc756cb8e59132d0b35727c08a2a5481a9d6a47533946e5d211	include_path_only
66080e324089599711fdb26082af9b330bfdb5ce	ab071a61f00eba9ec973beb0fe600066a33ef74f	PENDING_APPROVAL	PENDING_APPROVAL	boundary/src/basic_boundary.cpp	src/bc_basic_boundary.cpp	4b085747f40c452256c19b796648af81cc079c08684ca5859cfe9adc27e6fb92	70fb42018a80415cbd4d387ddf5e0035b9cde6f63a26b1d7f64ed5e10d511067	private_boundary_extraction
66080e324089599711fdb26082af9b330bfdb5ce	ab071a61f00eba9ec973beb0fe600066a33ef74f	PENDING_APPROVAL	PENDING_APPROVAL	boundary/src/basic_boundary_test_seam.hpp	tests/support/bc_basic_boundary_test_seam.hpp	f0b8ed41842d4fd5bd70808286cea22da4797d53d1bf73bd461fd304119bffa3	9297b2cb6e925717ffd43b35007c5dffcd4cb3d21138212543a6d866c9057564	private_boundary_test_adapter
66080e324089599711fdb26082af9b330bfdb5ce	ab071a61f00eba9ec973beb0fe600066a33ef74f	PENDING_APPROVAL	PENDING_APPROVAL	config/include/hundun/config/case_config.hpp	include/hundun/cfg_case_config.hpp	ee0902227d33f500b548b99ba0c03f2e33cd6348255d49bc2b3e6db7467c6e12	f2e0d5dc3b4fa257d0e2eb441b2236958fa4a50e6215117b382cb0d5939aac04	include_path_only
66080e324089599711fdb26082af9b330bfdb5ce	ab071a61f00eba9ec973beb0fe600066a33ef74f	PENDING_APPROVAL	PENDING_APPROVAL	config/include/hundun/config/case_config_loader.hpp	include/hundun/cfg_case_config_loader.hpp	c1acdfa7d7343cb90cd70037d70298bc8f18a2e5a1d5bb17b4e50924df97a198	8f67ed31833f17e996e385197a1fead598506210164e5756d3f2baad246005d5	include_path_only
66080e324089599711fdb26082af9b330bfdb5ce	ab071a61f00eba9ec973beb0fe600066a33ef74f	PENDING_APPROVAL	PENDING_APPROVAL	config/include/hundun/config/resolved_case.hpp	include/hundun/cfg_resolved_case.hpp	f1f8532cff21befdd50c82529e50c0d759319211ff08a239e465c83e7e75e0ae	51d82e878b17eb38a32b5268793ecfb76fcc2448ec9b3ce8218f168bc8004bf1	include_path_only
66080e324089599711fdb26082af9b330bfdb5ce	ab071a61f00eba9ec973beb0fe600066a33ef74f	PENDING_APPROVAL	PENDING_APPROVAL	config/include/hundun/config/resolved_case_loader.hpp	include/hundun/cfg_resolved_case_loader.hpp	3fc120835938a735820a8420dc545e9601325c688c244ddb9a208d9cc13892e1	63f5b1d3f1cf091a66243bb23e59af1d6f95cd5e57a2e213d61867b50828352f	include_path_only
66080e324089599711fdb26082af9b330bfdb5ce	ab071a61f00eba9ec973beb0fe600066a33ef74f	PENDING_APPROVAL	PENDING_APPROVAL	config/include/hundun/config/resolved_case_v3.hpp	include/hundun/cfg_resolved_case_v3.hpp	0f0bab38aed0296b7bce296b6e0a42836375bc5cd9527c3c28d451494a95a382	75fe14d7f4e974ec75e7ff375b59f7987fc7a4f22d93c57b321b4bd83f852757	include_path_only
66080e324089599711fdb26082af9b330bfdb5ce	ab071a61f00eba9ec973beb0fe600066a33ef74f	PENDING_APPROVAL	PENDING_APPROVAL	config/include/hundun/config/resolved_case_v3_loader.hpp	include/hundun/cfg_resolved_case_v3_loader.hpp	5bb6c7bf3221ede526a3fa0274037a1ab408222fe0cd628cd881d16baece052c	621cbdbd37450818eb9304a3e5712a0d69e59d87f23fcbe7f48ce4f70edf1d09	include_path_only
66080e324089599711fdb26082af9b330bfdb5ce	ab071a61f00eba9ec973beb0fe600066a33ef74f	PENDING_APPROVAL	PENDING_APPROVAL	config/src/case_config_loader.cpp	src/cfg_case_config_loader.cpp	1f1c2a01b07334739e9721a9cb9df1d64cdf5de91548dd7d3a15355031908a7d	b4b591934dfdfa84de92e7e9c6bb32f6f3c52bffa2c0ac8f108826bcfaa2e021	include_path_only
66080e324089599711fdb26082af9b330bfdb5ce	ab071a61f00eba9ec973beb0fe600066a33ef74f	PENDING_APPROVAL	PENDING_APPROVAL	config/src/case_config_loader_detail.hpp	src/cfg_case_config_loader_detail.hpp	ece91eca08ab3d66d586b43cd76bcc9c4be8c7c4e3410e2bebe42fa4b59b9e2b	2a87eee3da5d0f82f4845d05bee27514bd5baf16e5991d5b102ec1c3ec1002f6	include_path_only
66080e324089599711fdb26082af9b330bfdb5ce	ab071a61f00eba9ec973beb0fe600066a33ef74f	PENDING_APPROVAL	PENDING_APPROVAL	config/src/resolved_case_loader.cpp	src/cfg_resolved_case_loader.cpp	f96a7e5f85253a7342ddf30130dc0f23c698bdeaff78a465d7d48168a5812027	4a783b3120b8b7d9e3d717399ed6aece85f8a184eff987c12c8d34f4dd49b186	include_path_only
66080e324089599711fdb26082af9b330bfdb5ce	ab071a61f00eba9ec973beb0fe600066a33ef74f	PENDING_APPROVAL	PENDING_APPROVAL	config/src/resolved_case_v3_loader.cpp	src/cfg_resolved_case_v3_loader.cpp	7cc0b4d0052146680946a993001c2b211ee5ab04e7a8d6911cde08645d1df1e1	0bd7e21dbc031bb422079d9320d61ae947cfea3efe28a174b6f9769725fb66eb	include_path_only
66080e324089599711fdb26082af9b330bfdb5ce	ab071a61f00eba9ec973beb0fe600066a33ef74f	PENDING_APPROVAL	PENDING_APPROVAL	config/src/resolved_case_v3_loader_detail.hpp	src/cfg_resolved_case_v3_loader_detail.hpp	425f52fb7204ceb2d3069c60785ec68f049eed6c3045d11584fa8fbaec4f2a2d	f22003599edf46e4ef1e893a66606e1d4fbad5db0be8b5a496d09f3f2ee18dcf	include_path_only
66080e324089599711fdb26082af9b330bfdb5ce	ab071a61f00eba9ec973beb0fe600066a33ef74f	PENDING_APPROVAL	PENDING_APPROVAL	diagnostics/include/hundun/diagnostics/checkpoint_v2_diagnostics.hpp	include/hundun/diag_checkpoint_v2.hpp	f31642715601ab4f6ff7b42011c133a9e67e9d8d4c709c474c6ec7364e03139e	d2444bc009d21a60ccea34fe57258c33562bd91d9b307287b0d5293027114471	include_path_only
66080e324089599711fdb26082af9b330bfdb5ce	ab071a61f00eba9ec973beb0fe600066a33ef74f	PENDING_APPROVAL	PENDING_APPROVAL	diagnostics/include/hundun/diagnostics/diagnostic_session.hpp	include/hundun/diag_session.hpp	be8d34a40c40d47a3c712eecba0ca452b7782283150fe5da8b69ea16c4cd2d67	abc376a50577ade9f2695241cf6c451eda32e73b6744f3cced1b020a5f2733d8	include_path_only
66080e324089599711fdb26082af9b330bfdb5ce	ab071a61f00eba9ec973beb0fe600066a33ef74f	PENDING_APPROVAL	PENDING_APPROVAL	diagnostics/include/hundun/diagnostics/ideal_gas_closure_diagnostics.hpp	include/hundun/diag_ideal_gas_closure.hpp	1fccb8a624a2bf920b46d4ccf77e9f8e11742bf0cc2964e1f72d9e0f1880f524	7630baeaa092691db82a62de1d261fb2d64724f132b747827ccb0d8a627f8d81	include_path_only
66080e324089599711fdb26082af9b330bfdb5ce	ab071a61f00eba9ec973beb0fe600066a33ef74f	PENDING_APPROVAL	PENDING_APPROVAL	diagnostics/include/hundun/diagnostics/material_density_piso_diagnostics.hpp	include/hundun/diag_material_density_piso.hpp	9781c48eb78e5995afbb0bff9af222edcf4bb7a731d3710bb6c26442b653405d	ccb6a14f7ee221f64ab7f6aff449ea9ab303cca2969c36a3b86c68ae58749730	include_path_only
66080e324089599711fdb26082af9b330bfdb5ce	ab071a61f00eba9ec973beb0fe600066a33ef74f	PENDING_APPROVAL	PENDING_APPROVAL	diagnostics/include/hundun/diagnostics/material_density_transport_diagnostics.hpp	include/hundun/diag_material_density_transport.hpp	8180a3f484305913827dd61a272efa3f176b96179ed044038404797242608446	e2237ef260d218f70c988edc34dc43288b0399364c28f46746cfc14961cf375a	include_path_only
66080e324089599711fdb26082af9b330bfdb5ce	ab071a61f00eba9ec973beb0fe600066a33ef74f	PENDING_APPROVAL	PENDING_APPROVAL	diagnostics/include/hundun/diagnostics/mesh_diagnostic_v2.hpp	include/hundun/diag_mesh_v2.hpp	8f576c1017c52a6627a2b9d888eabd3ffbbb9b066ad45e59378c060319efb172	83b3b7ac4a94826e29c2627ddb53a3fc2cad58b9880edcc7bf2c7a90a472bc53	include_path_only
66080e324089599711fdb26082af9b330bfdb5ce	ab071a61f00eba9ec973beb0fe600066a33ef74f	PENDING_APPROVAL	PENDING_APPROVAL	diagnostics/include/hundun/diagnostics/performance_artifact.hpp	include/hundun/diag_performance_artifact.hpp	5472f46bcd1d6de146109c4c1f1dfb82399397d23af7c67b44310f38d4fd2bd8	5472f46bcd1d6de146109c4c1f1dfb82399397d23af7c67b44310f38d4fd2bd8	identical_move
66080e324089599711fdb26082af9b330bfdb5ce	ab071a61f00eba9ec973beb0fe600066a33ef74f	PENDING_APPROVAL	PENDING_APPROVAL	diagnostics/include/hundun/diagnostics/performance_correctness.hpp	include/hundun/diag_performance_correctness.hpp	2df7a0328941d01a8fe9e359ceeb749ae94537962282d9119fc892317cb145df	2df7a0328941d01a8fe9e359ceeb749ae94537962282d9119fc892317cb145df	identical_move
66080e324089599711fdb26082af9b330bfdb5ce	ab071a61f00eba9ec973beb0fe600066a33ef74f	PENDING_APPROVAL	PENDING_APPROVAL	diagnostics/include/hundun/diagnostics/stage2_module_diagnostics.hpp	include/hundun/diag_module.hpp	88fcd840dbcd35047acbf979ed928959e1f95a19b490a5112945d9564ed7fa44	808381b50984509da4fe5d4f869dd50ce9d2f0dc9e6407125dfcadcd77718f83	include_path_only
66080e324089599711fdb26082af9b330bfdb5ce	ab071a61f00eba9ec973beb0fe600066a33ef74f	PENDING_APPROVAL	PENDING_APPROVAL	diagnostics/include/hundun/diagnostics/structured_diagnostics.hpp	include/hundun/diag_structured.hpp	46f5cdac72f39ea7d6d966c128b26048e582c0dceeccbdfd18f5a1370b06d130	46f5cdac72f39ea7d6d966c128b26048e582c0dceeccbdfd18f5a1370b06d130	identical_move
66080e324089599711fdb26082af9b330bfdb5ce	ab071a61f00eba9ec973beb0fe600066a33ef74f	PENDING_APPROVAL	PENDING_APPROVAL	diagnostics/include/hundun/diagnostics/time_control_diagnostics.hpp	include/hundun/diag_time_control.hpp	6936a67af8f389547351aebdab2965a6d5ff4e71f5cd0d9b2c424c2835f5fb30	15049dd19b61c5ae3b7404b71024db37eb901a96341836e24ca78fe2f45c406b	include_path_only
66080e324089599711fdb26082af9b330bfdb5ce	ab071a61f00eba9ec973beb0fe600066a33ef74f	PENDING_APPROVAL	PENDING_APPROVAL	diagnostics/src/checkpoint_v2_diagnostics.cpp	src/diag_checkpoint_v2.cpp	7fc8fea5c4e7ea2115ef9e0f967958e61b39bde5a7008e2863c3c6a91053095c	f8c9c3846d3735f1aec5d1f48da0909663a6eff35242fa7010ef58da5ab29e13	private_boundary_extraction
66080e324089599711fdb26082af9b330bfdb5ce	ab071a61f00eba9ec973beb0fe600066a33ef74f	PENDING_APPROVAL	PENDING_APPROVAL	diagnostics/src/checkpoint_v2_diagnostics_test_access.hpp	tests/support/diag_checkpoint_v2_test_access.hpp	247f51b17181559282a93c0d87e5e04ffd84f725bdbb84770b76ba8b3efa14bf	2655a2fd1da3614b866f647141d6ac9a0714f6e28d7e7d8ca8d873a3ec63b2bb	private_boundary_test_adapter
66080e324089599711fdb26082af9b330bfdb5ce	ab071a61f00eba9ec973beb0fe600066a33ef74f	PENDING_APPROVAL	PENDING_APPROVAL	diagnostics/src/diagnostic_session.cpp	src/diag_session.cpp	448e0271aef108dff15fbc53a06eef194a4a780d75983d51f2ccfbb1cf6756ce	b555c4c1358b969bf8a777b4ad576450a9e2c4c200071dcb8d1010466ec9bee4	include_path_only
66080e324089599711fdb26082af9b330bfdb5ce	ab071a61f00eba9ec973beb0fe600066a33ef74f	PENDING_APPROVAL	PENDING_APPROVAL	diagnostics/src/ideal_gas_closure_diagnostics.cpp	src/diag_ideal_gas_closure.cpp	56efa3626f1608d2d94f4f5ddb5787a42d16423115f3a0fb745528efa4bd5e2b	e084d94de6750bdf6eca493274929ce26afb02be18767bc710b21e15a7bc1668	private_boundary_extraction
66080e324089599711fdb26082af9b330bfdb5ce	ab071a61f00eba9ec973beb0fe600066a33ef74f	PENDING_APPROVAL	PENDING_APPROVAL	diagnostics/src/ideal_gas_closure_diagnostics_test_access.hpp	tests/support/diag_ideal_gas_closure_test_access.hpp	922f9665c1095584541bf7fb7fed9e7d2135e35d2a8d02f4746785dc4c5ab6e5	fc84b2eb660a8913f4fd9830beacae1d39f3dbd8cfdb85d53c6cbb558def849e	private_boundary_test_adapter
66080e324089599711fdb26082af9b330bfdb5ce	ab071a61f00eba9ec973beb0fe600066a33ef74f	PENDING_APPROVAL	PENDING_APPROVAL	diagnostics/src/material_density_piso_diagnostics.cpp	src/diag_material_density_piso.cpp	5b248d32ab3b9cd1fc47edc38690fa6df3863c201f7d2faca4dfca097b61e6a3	7b669d207534a09d44c9d8dad972dfae13ddd68166bdcd835087b3ab53091bb7	private_boundary_extraction
66080e324089599711fdb26082af9b330bfdb5ce	ab071a61f00eba9ec973beb0fe600066a33ef74f	PENDING_APPROVAL	PENDING_APPROVAL	diagnostics/src/material_density_piso_diagnostics_test_access.hpp	tests/support/diag_material_density_piso_test_access.hpp	c58abf6201b8965e783cd215cab21c363cb3d3ee956834fcc500d5ea7ff6b1bc	d2cf4ef853f135c7775ce5099d79b3f1bf08bbc1ce91e295deeff957bfb5880f	private_boundary_test_adapter
66080e324089599711fdb26082af9b330bfdb5ce	ab071a61f00eba9ec973beb0fe600066a33ef74f	PENDING_APPROVAL	PENDING_APPROVAL	diagnostics/src/material_density_transport_diagnostics.cpp	src/diag_material_density_transport.cpp	8a18049a1c424390256390922065f2197a42bbc9fc39c64dbaca677f66063050	0ba7736d058c8774978b5f08260d9b33b0752a8fde1ae5498e761e46e5391ec8	private_boundary_extraction
66080e324089599711fdb26082af9b330bfdb5ce	ab071a61f00eba9ec973beb0fe600066a33ef74f	PENDING_APPROVAL	PENDING_APPROVAL	diagnostics/src/material_density_transport_diagnostics_test_access.hpp	tests/support/diag_material_density_transport_test_access.hpp	6e69c2ae5e25907494c32f7609cc4c510e9e84fae2254e5177a6c0c23a8af389	6ab2432dabccafcf81bfbc523516b807cc1e506df290dd739d4415c0bfaa161f	private_boundary_test_adapter
66080e324089599711fdb26082af9b330bfdb5ce	ab071a61f00eba9ec973beb0fe600066a33ef74f	PENDING_APPROVAL	PENDING_APPROVAL	diagnostics/src/mesh_diagnostic_v2.cpp	src/diag_mesh_v2.cpp	cbfd39c84648627f4af2ddf332717371aa49c3680f65f22965a36b2b45a2d0a7	2ad9a147412cd6fc965987ea5d048bfb710a105f5ecdea4b339000e11bb0096e	include_path_only
66080e324089599711fdb26082af9b330bfdb5ce	ab071a61f00eba9ec973beb0fe600066a33ef74f	PENDING_APPROVAL	PENDING_APPROVAL	diagnostics/src/performance_artifact.cpp	src/diag_performance_artifact.cpp	939df384f9caf6eb520563509880bd884d92461cb618bcb4d2277e7add8f4eee	621e9b74c580e10bde3633167a0fa7663f36a06eac5d9065d7f7e62d2a2d4249	include_path_only
66080e324089599711fdb26082af9b330bfdb5ce	ab071a61f00eba9ec973beb0fe600066a33ef74f	PENDING_APPROVAL	PENDING_APPROVAL	diagnostics/src/performance_correctness.cpp	src/diag_performance_correctness.cpp	82cbbd88c5afff1727a2ae85d539cce217964ea24bc70db1495985b4589d76af	c0e91f981fe91ebdf47a9532ffd8fd9553d025597cb84c60dd3f102b9827c3c6	include_path_only
66080e324089599711fdb26082af9b330bfdb5ce	ab071a61f00eba9ec973beb0fe600066a33ef74f	PENDING_APPROVAL	PENDING_APPROVAL	diagnostics/src/stage2_module_diagnostics.cpp	src/diag_module.cpp	89699d05f83d66c237d72b37946b49741ec9d389409ef558aaff965add1cee71	32e5c1bc6b30483528d18fc21e6864434b675b6efa297f44ab0deba1da08445f	include_path_only
66080e324089599711fdb26082af9b330bfdb5ce	ab071a61f00eba9ec973beb0fe600066a33ef74f	PENDING_APPROVAL	PENDING_APPROVAL	diagnostics/src/structured_diagnostics.cpp	src/diag_structured.cpp	a884a3ca2605f1e977a24332bfb406feaeb471ca5f0c0198dd86328c48095b29	c57c0aa49f64b434c6e87529caa36428938a1aa32e6c116fbe35a9820de0db81	private_boundary_extraction
66080e324089599711fdb26082af9b330bfdb5ce	ab071a61f00eba9ec973beb0fe600066a33ef74f	PENDING_APPROVAL	PENDING_APPROVAL	diagnostics/src/structured_diagnostics_test_access.hpp	tests/support/diag_structured_test_access.hpp	9e13955545f20c0a8d036d2800526d6db98ddba9fcdf9a342dabadef846abe64	86408ba22e98d8b851ccb6744958f9d4f2ed6d62343261525427860d31d5d43e	private_boundary_test_adapter
66080e324089599711fdb26082af9b330bfdb5ce	ab071a61f00eba9ec973beb0fe600066a33ef74f	PENDING_APPROVAL	PENDING_APPROVAL	diagnostics/src/time_control_diagnostics.cpp	src/diag_time_control.cpp	5714a7c360adba8625c53086c41c4666f68336103b1cdaf9e1af0d2282e92c72	0117d0f0b50dbdcd9d88fbc56a352171cbc467dac76a62aa1102a8afb7dccc0f	private_boundary_extraction
66080e324089599711fdb26082af9b330bfdb5ce	ab071a61f00eba9ec973beb0fe600066a33ef74f	PENDING_APPROVAL	PENDING_APPROVAL	diagnostics/src/time_control_diagnostics_test_access.hpp	tests/support/diag_time_control_test_access.hpp	5c58d3426ec00bd923aed9c9087ce582fddec9759db276262c36b4f940608701	db1cae73c889b20d6177fc1a917083121936bacbe2c8da32767a295a67abcd10	private_boundary_test_adapter
66080e324089599711fdb26082af9b330bfdb5ce	ab071a61f00eba9ec973beb0fe600066a33ef74f	PENDING_APPROVAL	PENDING_APPROVAL	execution/include/hundun/execution/execution.hpp	include/hundun/exec_execution.hpp	ec724b4f203e5366cf2e7c5599458ef2c9b4a159a66ead78bf87f610b5d0343f	7d32afbbaa25fce6cd7a18a4fdef98c9794e016e20a227f0f47e2574437ec21a	include_path_only
66080e324089599711fdb26082af9b330bfdb5ce	ab071a61f00eba9ec973beb0fe600066a33ef74f	PENDING_APPROVAL	PENDING_APPROVAL	execution/src/execution.cpp	src/exec_execution.cpp	cd56f847cbe8de62c18985db793600bbfdc1b24dcc9a93fb4db70213e1ba9e33	935988ec975fe66439f693f8ee25d1c162ac9314da88046dc896d488f4c49fd1	private_boundary_extraction
66080e324089599711fdb26082af9b330bfdb5ce	ab071a61f00eba9ec973beb0fe600066a33ef74f	PENDING_APPROVAL	PENDING_APPROVAL	execution/src/execution_test_access.hpp	tests/support/exec_execution_test_access.hpp	a621100596bde432e879fbfb5961d8348fae6f7de29105dfb969941c0dd0edc4	07ad89aab5a5fd668f5492318bfc73725a0d882a9e8a1ecd7b14e66d1487cd69	private_boundary_test_adapter
66080e324089599711fdb26082af9b330bfdb5ce	ab071a61f00eba9ec973beb0fe600066a33ef74f	PENDING_APPROVAL	PENDING_APPROVAL	finite_volume/include/hundun/finite_volume/cell_centered_fvm.hpp	include/hundun/fvm_cell_centered.hpp	fcd5a49bf6806043bf18b374dad640009042e4c47030e69d40953e4106910a8c	0f904dc72d6335c626f349a17290451dbdcca8be403acc8f5c8194c924734e19	include_path_only
66080e324089599711fdb26082af9b330bfdb5ce	ab071a61f00eba9ec973beb0fe600066a33ef74f	PENDING_APPROVAL	PENDING_APPROVAL	finite_volume/include/hundun/finite_volume/immersed_operator.hpp	include/hundun/fvm_immersed_operator.hpp	e053880c3fa10051225d0fc0da15a2087f94f023d71a6c75ef85450aa2742938	abbcb3e18d4f51c9ad3b1ac2186bd2ab59b3d6e5f8b96f6701c86931cf854379	include_path_only
66080e324089599711fdb26082af9b330bfdb5ce	ab071a61f00eba9ec973beb0fe600066a33ef74f	PENDING_APPROVAL	PENDING_APPROVAL	finite_volume/include/hundun/finite_volume/immersed_reconstruction.hpp	include/hundun/fvm_immersed_reconstruction.hpp	4428f12d4541f8057104badeca7173755d35bfab37b5c65b1aa2c74f9b15034f	4f4491ee79b5feefe74585eede77f77a0aa01eb218e7e36eb689c545f6a7cf6c	include_path_only
66080e324089599711fdb26082af9b330bfdb5ce	ab071a61f00eba9ec973beb0fe600066a33ef74f	PENDING_APPROVAL	PENDING_APPROVAL	finite_volume/include/hundun/finite_volume/matrix_free_poisson.hpp	include/hundun/fvm_matrix_free_poisson.hpp	7aab101d36467e880f75a5d550110ab0445abf61eb471b6d0e685ed33d1b3f50	2d7d8e3c60f9cd478c8282ea6ebb605794bcf7ef203725be79d2efefd631a30e	include_path_only
66080e324089599711fdb26082af9b330bfdb5ce	ab071a61f00eba9ec973beb0fe600066a33ef74f	PENDING_APPROVAL	PENDING_APPROVAL	finite_volume/include/hundun/finite_volume/poisson_boundary_adapter.hpp	include/hundun/fvm_poisson_boundary_adapter.hpp	9a70bf384abf8ae6918761630d800561e1eba4a8c1c6b78eae8ff7dbcd7124b5	0567dd9fc90d1cdea04b5e3262c1ca2ee5eced072855d482313be2af48cfdc47	include_path_only
66080e324089599711fdb26082af9b330bfdb5ce	ab071a61f00eba9ec973beb0fe600066a33ef74f	PENDING_APPROVAL	PENDING_APPROVAL	finite_volume/src/cell_centered_fvm.cpp	src/fvm_cell_centered.cpp	2cfa5d66bcdfa0bba332f27d932123a1f737ba6353dc799a421ede5b088537c4	e099aa5598cb7d3649f292b0de1bdafbd6cd13eb5505864c6eda7933afc2aa20	private_boundary_extraction
66080e324089599711fdb26082af9b330bfdb5ce	ab071a61f00eba9ec973beb0fe600066a33ef74f	PENDING_APPROVAL	PENDING_APPROVAL	finite_volume/src/cell_centered_fvm_test_seam.hpp	tests/support/fvm_cell_centered_test_seam.hpp	ed51a71a4e5f8963d33e71f9db9a11c52c5c4886139ca43c02dbcb2740af1c54	0c48a69e6c1b5c14a2de3bdb7c5053c3e69676dadb50cffc9435a9d0cb16d6cd	private_boundary_test_adapter
66080e324089599711fdb26082af9b330bfdb5ce	ab071a61f00eba9ec973beb0fe600066a33ef74f	PENDING_APPROVAL	PENDING_APPROVAL	finite_volume/src/immersed_boundary_authority_detail.hpp	src/fvm_immersed_boundary_authority_detail.hpp	5c1c6c0a8836ed0a93b2b8e28602490c6c8a96fa3438b05622ff17490a15ebfc	6d69749c12b2aeae4bbd8ad904b50f8f617777b4621a693bcbd03d4221f69463	private_boundary_extraction
66080e324089599711fdb26082af9b330bfdb5ce	ab071a61f00eba9ec973beb0fe600066a33ef74f	PENDING_APPROVAL	PENDING_APPROVAL	finite_volume/src/immersed_operator.cpp	src/fvm_immersed_operator.cpp	005b90eb67dc7fa1783390c872d67780dd5d6a3cc1de562323584a0e4b052d96	a4ac0f8db7ed13757258ce19631c688b6bc7a757f13170991678c0b3f71aef63	private_boundary_extraction
66080e324089599711fdb26082af9b330bfdb5ce	ab071a61f00eba9ec973beb0fe600066a33ef74f	PENDING_APPROVAL	PENDING_APPROVAL	finite_volume/src/immersed_operator_test_access.hpp	tests/support/fvm_immersed_operator_test_access.hpp	5b9dc2f0a9506b69165586ae7663310a7a71c7f4168982e945c5ca631b7d53e8	35d028efdb6c0b2510087ec89f8feee67e7c271ed9ffe7be914e22f95278d58a	private_boundary_test_adapter
66080e324089599711fdb26082af9b330bfdb5ce	ab071a61f00eba9ec973beb0fe600066a33ef74f	PENDING_APPROVAL	PENDING_APPROVAL	finite_volume/src/immersed_reconstruction.cpp	src/fvm_immersed_reconstruction.cpp	ed25d5b9149028956535b832030b8b2fdd6c3ad5942d7a60a6168013d85ee237	fc0f3be1b014e4b068a6bc37c5e7a9bc984fd011d6fd1cf7ebe142a9b5c45ce1	private_boundary_extraction
66080e324089599711fdb26082af9b330bfdb5ce	ab071a61f00eba9ec973beb0fe600066a33ef74f	PENDING_APPROVAL	PENDING_APPROVAL	finite_volume/src/immersed_reconstruction_test_access.hpp	tests/support/fvm_immersed_reconstruction_test_access.hpp	e9ac24d17e26d8ba8803ffe89d034ac59fc7193bf782873d04a393cc0b123535	44a340faf0bb4b7e2b7c79af9eb16656ae36874907178225faca35c7b7f14290	private_boundary_test_adapter
66080e324089599711fdb26082af9b330bfdb5ce	ab071a61f00eba9ec973beb0fe600066a33ef74f	PENDING_APPROVAL	PENDING_APPROVAL	finite_volume/src/matrix_free_poisson.cpp	src/fvm_matrix_free_poisson.cpp	fa9554a481bbaac0ef18422950101548050d30ab0dd3b264c16d410f4b50fb17	0e3aa8cbb6a81554139c68bf61bedd9424db82395fd2c61a3ab14e96a4217d23	include_path_only
66080e324089599711fdb26082af9b330bfdb5ce	ab071a61f00eba9ec973beb0fe600066a33ef74f	PENDING_APPROVAL	PENDING_APPROVAL	finite_volume/src/matrix_free_poisson_detail.hpp	src/fvm_matrix_free_poisson_detail.hpp	215fa4eb9d6142aa47bc015c375860dbafea4119f3c51b326c553db09912619e	215fa4eb9d6142aa47bc015c375860dbafea4119f3c51b326c553db09912619e	identical_move
66080e324089599711fdb26082af9b330bfdb5ce	ab071a61f00eba9ec973beb0fe600066a33ef74f	PENDING_APPROVAL	PENDING_APPROVAL	finite_volume/src/poisson_boundary_adapter.cpp	src/fvm_poisson_boundary_adapter.cpp	9fdac658af507dde995ee6726b70bb08a6a20bfd1682f584454776abf801e39f	e67dd6f375d54e2cbef0ef76383511bdfca0b9b7802f422816f628a9098c1ecf	include_path_only
66080e324089599711fdb26082af9b330bfdb5ce	ab071a61f00eba9ec973beb0fe600066a33ef74f	PENDING_APPROVAL	PENDING_APPROVAL	flow/include/hundun/flow/adaptive_time_control.hpp	include/hundun/flow_adaptive_time_control.hpp	5d623cf89171ecb5edcdb7076a078197b590675d84ae8933420a391ffcdf5796	ca5054cde964984d824b4ff8e49a1fe97cf7bc80fa11347af51a1ffca0168983	include_path_only
66080e324089599711fdb26082af9b330bfdb5ce	ab071a61f00eba9ec973beb0fe600066a33ef74f	PENDING_APPROVAL	PENDING_APPROVAL	flow/include/hundun/flow/checkpoint_v2.hpp	include/hundun/flow_checkpoint_v2.hpp	e2971a7e513936e1768fa6e7a48a4824ec8f9ddb906fa97eda1664e7815671a2	85523861f5639e6d9b2d429fbd9535e4396e072767046216af36d44acbe6611f	include_path_only
66080e324089599711fdb26082af9b330bfdb5ce	ab071a61f00eba9ec973beb0fe600066a33ef74f	PENDING_APPROVAL	PENDING_APPROVAL	flow/include/hundun/flow/constant_density_piso.hpp	include/hundun/flow_constant_density_piso.hpp	afd60d660fbf50af1d2233556db559229bf41b8fd226848d3d3377828caff363	db94c8589325c07f1e42fcef4cb6cf51bc5089b51d95e4e5bde42f3f78e7ac26	private_boundary_extraction
66080e324089599711fdb26082af9b330bfdb5ce	ab071a61f00eba9ec973beb0fe600066a33ef74f	PENDING_APPROVAL	PENDING_APPROVAL	flow/include/hundun/flow/flow_state.hpp	include/hundun/flow_state.hpp	9ab29cfdc7457cc9c3836770348d45d3780e9fc3cee0dbe557d476003ccf74f8	e3e80cefbfda32c49cb341ae1824f29383d0fb1cfa42fecea3b2e0261430a6a5	include_path_only
66080e324089599711fdb26082af9b330bfdb5ce	ab071a61f00eba9ec973beb0fe600066a33ef74f	PENDING_APPROVAL	PENDING_APPROVAL	flow/include/hundun/flow/ideal_gas_closure.hpp	include/hundun/flow_ideal_gas_closure.hpp	56122ef8eb53c4c29136dc625c3f945a9be148a4dab765ac1e3cdd2c23fe4a3b	87c3cae50053845ac1c30a31217bb58105a2e8265e594c3417cee06c80f6096e	include_path_only
66080e324089599711fdb26082af9b330bfdb5ce	ab071a61f00eba9ec973beb0fe600066a33ef74f	PENDING_APPROVAL	PENDING_APPROVAL	flow/include/hundun/flow/ideal_gas_piso.hpp	include/hundun/flow_ideal_gas_piso.hpp	57c16cf6516849239fff2db14d6e36f9d9f9c1a92fa0e7bce6396dd15c0f6f42	f5648f9022f9f45ec9cd9ff2f13130c25a3e0158f1aa633f89d9a038d1437de6	include_path_only
66080e324089599711fdb26082af9b330bfdb5ce	ab071a61f00eba9ec973beb0fe600066a33ef74f	PENDING_APPROVAL	PENDING_APPROVAL	flow/include/hundun/flow/material_density_piso.hpp	include/hundun/flow_material_density_piso.hpp	35688c43ab9559a0f16546203874bd77059732d0a71be13081ce720556e37108	494c7cecafd0b8cf3e308addc137e5584551a94c6deb2b3845246a1a78eed5ee	include_path_only
66080e324089599711fdb26082af9b330bfdb5ce	ab071a61f00eba9ec973beb0fe600066a33ef74f	PENDING_APPROVAL	PENDING_APPROVAL	flow/include/hundun/flow/material_density_transport.hpp	include/hundun/flow_material_density_transport.hpp	e35e226f4bbfec0eeff5127604bf90c3dc8a94c6004c651817c27773d852a264	dc9460e727391f684418809efd7077c979000ec437bcb038310729562006708d	include_path_only
66080e324089599711fdb26082af9b330bfdb5ce	ab071a61f00eba9ec973beb0fe600066a33ef74f	PENDING_APPROVAL	PENDING_APPROVAL	flow/include/hundun/flow/momentum_predictor.hpp	include/hundun/flow_momentum_predictor.hpp	de238098211e6fe44c3fb60814de74bf820d91a8d9495cda59209bbbbdee6f9c	d63de66e9ad01991214e5af6f2c236021b20a3ab9d5db37927c1d416923a1f89	include_path_only
66080e324089599711fdb26082af9b330bfdb5ce	ab071a61f00eba9ec973beb0fe600066a33ef74f	PENDING_APPROVAL	PENDING_APPROVAL	flow/include/hundun/flow/stage3_flow.hpp	include/hundun/flow_immersed.hpp	0032c3d8b28412d171c464061e45b9ed63d4fa7ce61a297607c3d61e99ad8906	851c607be9f003a8f0633ed71614b4319b06f3caad87c70945ca5fe44c6b6030	private_boundary_extraction
66080e324089599711fdb26082af9b330bfdb5ce	ab071a61f00eba9ec973beb0fe600066a33ef74f	PENDING_APPROVAL	PENDING_APPROVAL	flow/src/adaptive_time_control.cpp	src/flow_adaptive_time_control.cpp	0d15266210e2b1c048c440db4e06e73dbe7d3b897edf5a3659c8ff2183c8f288	e88bfe0e2ce33f943f14eeb55c885bdca37d88a5cf3d0c008ab8db9aab6eae4b	private_boundary_extraction
66080e324089599711fdb26082af9b330bfdb5ce	ab071a61f00eba9ec973beb0fe600066a33ef74f	PENDING_APPROVAL	PENDING_APPROVAL	flow/src/adaptive_time_control_detail.hpp	src/flow_adaptive_time_control_detail.hpp	f9fa28c4e847c5edab9015667af48d2c038bbc4a3b3db789c5e8c986fb871dad	9fbbf0e2d57682f695fa28fcd8d016bde676f7989f0dc31488da8f49a0cee23f	private_boundary_extraction
66080e324089599711fdb26082af9b330bfdb5ce	ab071a61f00eba9ec973beb0fe600066a33ef74f	PENDING_APPROVAL	PENDING_APPROVAL	flow/src/adaptive_time_control_test_access.hpp	tests/support/flow_adaptive_time_control_test_access.hpp	46a442e6e1d0a945489f5d0f9d4d7dab0906188402bf4a7d67f2891ec36a1b70	5468f10d04f626ee7ceeb53ea0cffcaf997f044ffcbe3c87e4bbf8dda3c910cd	private_boundary_test_adapter
66080e324089599711fdb26082af9b330bfdb5ce	ab071a61f00eba9ec973beb0fe600066a33ef74f	PENDING_APPROVAL	PENDING_APPROVAL	flow/src/checkpoint_v2.cpp	src/flow_checkpoint_v2.cpp	7e289c35ff161ddbf07e2c35fecca1db229cb0b3a8804fde534a42c523d959c5	1b3f800628c294f87a62188ae54b7befc7f3e61261628d1867c70a3bff0808b8	private_boundary_extraction
66080e324089599711fdb26082af9b330bfdb5ce	ab071a61f00eba9ec973beb0fe600066a33ef74f	PENDING_APPROVAL	PENDING_APPROVAL	flow/src/checkpoint_v2_detail.hpp	src/flow_checkpoint_v2_detail.hpp	fc796153f51344b7b06c31636d6751cd4f5b4a41ca3412e638a11e21598699ea	4998443a89b8e75a212344c152e2d98db15fb89121c3f7c03d5e4e323a9c86de	include_path_only
66080e324089599711fdb26082af9b330bfdb5ce	ab071a61f00eba9ec973beb0fe600066a33ef74f	PENDING_APPROVAL	PENDING_APPROVAL	flow/src/checkpoint_v2_test_access.hpp	tests/support/flow_checkpoint_v2_test_access.hpp	6fa2a857c474fd4cf2a6723222ebfc650f8329aab46704eb4d1d6af4743961f3	ec6ccadcb40122974891e5e7b4a3fa3fda5810c4fc9fb15ac10858d60e7f65db	private_boundary_test_adapter
66080e324089599711fdb26082af9b330bfdb5ce	ab071a61f00eba9ec973beb0fe600066a33ef74f	PENDING_APPROVAL	PENDING_APPROVAL	flow/src/constant_density_piso.cpp	src/flow_constant_density_piso.cpp	47bf9f3066fc2640569d467f0f23017575019a7b4284ac9d6196c9ca145577ff	1856e9de669f2b3329ce36de1369eeb7014287683449e299e4581a6115ddef97	private_boundary_extraction
66080e324089599711fdb26082af9b330bfdb5ce	ab071a61f00eba9ec973beb0fe600066a33ef74f	PENDING_APPROVAL	PENDING_APPROVAL	flow/src/constant_density_piso_test_access.hpp	tests/support/flow_constant_density_piso_test_access.hpp	78acfa393fad7d4615426f04ec8547aec1cb19b90921fc04219e558795f99ae0	86b3863f8cb35dfdedaa2980f8c3b5589815d4069d9264cf4eda29614920fbc9	private_boundary_test_adapter
66080e324089599711fdb26082af9b330bfdb5ce	ab071a61f00eba9ec973beb0fe600066a33ef74f	PENDING_APPROVAL	PENDING_APPROVAL	flow/src/density_closure_detail.hpp	src/flow_density_closure_detail.hpp	9360e1be66db260bb6a20742c70fab6f925b7b01b897258179b0ae8a77b39854	36bae89e8f0f27b88063fe088c9bc71b9d4115c26398a00b10442e3edb71b1b5	private_boundary_extraction
66080e324089599711fdb26082af9b330bfdb5ce	ab071a61f00eba9ec973beb0fe600066a33ef74f	PENDING_APPROVAL	PENDING_APPROVAL	flow/src/fixed_step_flow_detail.hpp	src/flow_fixed_step_detail.hpp	5277f7dd1e7d2f8b0ea72be8eaf3319a399e469ff4e815e0068d07d4829240f4	643398a2a5b8828b4e5e18a34450c03efe8fb001704dfa06913cdbb2f8b497e9	include_path_only
66080e324089599711fdb26082af9b330bfdb5ce	ab071a61f00eba9ec973beb0fe600066a33ef74f	PENDING_APPROVAL	PENDING_APPROVAL	flow/src/flow_state.cpp	src/flow_state.cpp	381b6729ee4209952678fd18516ad906b87ddc1f5ef200542bb110a691fd79c3	710ed8c5f322840a8e13ba917ccbf42a7fd0460e6f9a76f80278d9847dac2beb	private_boundary_extraction
66080e324089599711fdb26082af9b330bfdb5ce	ab071a61f00eba9ec973beb0fe600066a33ef74f	PENDING_APPROVAL	PENDING_APPROVAL	flow/src/ideal_gas_closure.cpp	src/flow_ideal_gas_closure.cpp	291fb35f6a94908a6c1683f5ec48865caf82aa16586c48193d9edb00aebb534d	61ea571dce8103e67567a7aeab89fb7c9b2dd0496c0b56d0221a625f6b5e457e	private_boundary_extraction
66080e324089599711fdb26082af9b330bfdb5ce	ab071a61f00eba9ec973beb0fe600066a33ef74f	PENDING_APPROVAL	PENDING_APPROVAL	flow/src/ideal_gas_closure_test_access.hpp	tests/support/flow_ideal_gas_closure_test_access.hpp	4a3d535fe93d10110e008786a3b54ac661e4f51987cbcdb2f0931591415351ed	26aa53c7ab207f853fa7d4f8a14cd2c741827c3651a162d74d8a0e6c5a27011a	private_boundary_test_adapter
66080e324089599711fdb26082af9b330bfdb5ce	ab071a61f00eba9ec973beb0fe600066a33ef74f	PENDING_APPROVAL	PENDING_APPROVAL	flow/src/ideal_gas_piso.cpp	src/flow_ideal_gas_piso.cpp	cb67cabebbce32a726356983d66704868b71922c1e8280c8d110a858c5ffa15c	a8508adb9dfd9d5cb1043a5f733965ba04f4d184a98d41042e0d60253e910d2f	private_boundary_extraction
66080e324089599711fdb26082af9b330bfdb5ce	ab071a61f00eba9ec973beb0fe600066a33ef74f	PENDING_APPROVAL	PENDING_APPROVAL	flow/src/material_density_piso.cpp	src/flow_material_density_piso.cpp	c2bb1656c08dfa1a202fa3ed875335930a74b4aba4e28fc31ae41a6b87afd6fd	a62d38c5e6a44c6e28453d38f58676250fba60a35e5abc06a250b7595d51104e	private_boundary_extraction
66080e324089599711fdb26082af9b330bfdb5ce	ab071a61f00eba9ec973beb0fe600066a33ef74f	PENDING_APPROVAL	PENDING_APPROVAL	flow/src/material_density_piso_test_access.hpp	tests/support/flow_material_density_piso_test_access.hpp	55fb28d65589382223e961d481b2a7bab729e665742fe304ed80559683c4e25a	d5b64c16a54e87a5589e2e502c3c28184241c7d332b7a97eb872f3fd7427f6de	private_boundary_test_adapter
66080e324089599711fdb26082af9b330bfdb5ce	ab071a61f00eba9ec973beb0fe600066a33ef74f	PENDING_APPROVAL	PENDING_APPROVAL	flow/src/material_density_transport.cpp	src/flow_material_density_transport.cpp	941f0b168fa343ef9f8c4866e1c5afed4253a357176307acaf441138b4d6ba5a	2b1a93ccdbb26a8670b41cf991461ac7352847910d3eee44baf5d6145f238081	private_boundary_extraction
66080e324089599711fdb26082af9b330bfdb5ce	ab071a61f00eba9ec973beb0fe600066a33ef74f	PENDING_APPROVAL	PENDING_APPROVAL	flow/src/material_density_transport_test_access.hpp	tests/support/flow_material_density_transport_test_access.hpp	e55ed045da97a7f5939dfd257fbd018ab4e07d7f1905275d8973d49b3989b219	1d67554e467f9c87ba9fb7a461326d48acb19fc2da030344428d350b5fa11cb6	private_boundary_test_adapter
66080e324089599711fdb26082af9b330bfdb5ce	ab071a61f00eba9ec973beb0fe600066a33ef74f	PENDING_APPROVAL	PENDING_APPROVAL	flow/src/momentum_predictor.cpp	src/flow_momentum_predictor.cpp	dbb7f0542b633741304990980f4cc9cc1fcc84bb58e2f7b1359a212d87396b9c	991f6727a117f5b8bdba96ed83ab005742f5139a48d1d448d40f075ccce73126	private_boundary_extraction
66080e324089599711fdb26082af9b330bfdb5ce	ab071a61f00eba9ec973beb0fe600066a33ef74f	PENDING_APPROVAL	PENDING_APPROVAL	flow/src/momentum_predictor_test_access.hpp	tests/support/flow_momentum_predictor_test_access.hpp	4cf1237bc3225c4a73ebbde859ba124745097ad6512a52df1595e6a53cbb8f1f	a14c707c410ae91f944f862bb8e4008a99c1b859ae5580718956916ffe23cefb	private_boundary_test_adapter
66080e324089599711fdb26082af9b330bfdb5ce	ab071a61f00eba9ec973beb0fe600066a33ef74f	PENDING_APPROVAL	PENDING_APPROVAL	flow/src/stage3_flow.cpp	src/flow_immersed.cpp	f033a91ed18ddec2d2d62c828673f79779c1341cf107839a045e9ade6c675d6d	6c5cb2965f2e7bc976b6de5ecf76c8fb3c872fd5edc9d7eb27f5c1edb8fa54b3	private_boundary_extraction
66080e324089599711fdb26082af9b330bfdb5ce	ab071a61f00eba9ec973beb0fe600066a33ef74f	PENDING_APPROVAL	PENDING_APPROVAL	flow/src/stage3_flow_test_access.hpp	tests/support/flow_immersed_test_access.hpp	eee289ad7e1b01bf0ac3ba37488a1622dc8ab458489cfcc1856ad26251350fed	015f1f7cba87579c0f4983d6a0a577badb8b1c410065f2bcda06d487578844ad	private_boundary_test_adapter
66080e324089599711fdb26082af9b330bfdb5ce	ab071a61f00eba9ec973beb0fe600066a33ef74f	PENDING_APPROVAL	PENDING_APPROVAL	flow/src/stage3_piso_detail.hpp	src/flow_immersed_piso_detail.hpp	70c287a2ccb3369c600c28340da33adeb562ff856b67400942cad6eeb618ec3d	718757e248f2333f35a717fa8f5620986ddd91613bd520d54d8b41d8bf3812fb	include_path_only
66080e324089599711fdb26082af9b330bfdb5ce	ab071a61f00eba9ec973beb0fe600066a33ef74f	PENDING_APPROVAL	PENDING_APPROVAL	immersed/include/hundun/immersed/ghost_stencil_plan.hpp	include/hundun/ib_ghost_stencil_plan.hpp	d1f5f051eefc71edcd59159e14e12e9d041b25a5ddb7c90e50ce78bed1bcdbd9	8acc728318b79684cb823a6093b7e30eb1f317c187b79d534fefd12585d32352	include_path_only
66080e324089599711fdb26082af9b330bfdb5ce	ab071a61f00eba9ec973beb0fe600066a33ef74f	PENDING_APPROVAL	PENDING_APPROVAL	immersed/include/hundun/immersed/immersed_domain.hpp	include/hundun/ib_domain.hpp	9609881804a2bb52e3d8fa896dfd3d24f83cbd0e792a53a0f143ac50b687dcfc	a74bddf6f553a708ea07f76ad1bc888ad8b4b8245a6b5654ff79a1a3ed9e099b	include_path_only
66080e324089599711fdb26082af9b330bfdb5ce	ab071a61f00eba9ec973beb0fe600066a33ef74f	PENDING_APPROVAL	PENDING_APPROVAL	immersed/include/hundun/immersed/immersed_surface.hpp	include/hundun/ib_surface.hpp	57609d7952347510b874311c88a77b9e6a6be4b25b691fe2d491f6af9c65b685	c338f9c16917985a2f69dbf7cccd39e5a681803a9526eeb18a5168899bf71f22	include_path_only
66080e324089599711fdb26082af9b330bfdb5ce	ab071a61f00eba9ec973beb0fe600066a33ef74f	PENDING_APPROVAL	PENDING_APPROVAL	immersed/include/hundun/immersed/local_flow_pattern.hpp	include/hundun/ib_local_flow_pattern.hpp	7ad78b5da5b776aa4a7c48cc2dbf676365fbe520538bc89c1309aab313708141	26a1fb8bde10b38c90cea216d1d96f1bd451491757ea06b1e1d43ff92d1c7a77	include_path_only
66080e324089599711fdb26082af9b330bfdb5ce	ab071a61f00eba9ec973beb0fe600066a33ef74f	PENDING_APPROVAL	PENDING_APPROVAL	immersed/include/hundun/immersed/quadratic_reconstruction.hpp	include/hundun/ib_quadratic_reconstruction.hpp	3a3b2f6fc9ec1af3f1ec056da74ebfbeafa9da18b8e5ffeffc834a57327dfc67	5c0095d85f0bc1d699e0d0076a5ecda53a3d3837f193fa16e110e51d43c5bcd1	include_path_only
66080e324089599711fdb26082af9b330bfdb5ce	ab071a61f00eba9ec973beb0fe600066a33ef74f	PENDING_APPROVAL	PENDING_APPROVAL	immersed/include/hundun/immersed/surface_query.hpp	include/hundun/ib_surface_query.hpp	8e15fd36f12e59f61656cb6874e6299830442b91b3831875e83bf3ce9f889d80	3655b63b4ee41c269cd7f08544e9e6f1b512c62dc7a5fef6c0b7a5428516e085	include_path_only
66080e324089599711fdb26082af9b330bfdb5ce	ab071a61f00eba9ec973beb0fe600066a33ef74f	PENDING_APPROVAL	PENDING_APPROVAL	immersed/include/hundun/immersed/wall_force.hpp	include/hundun/ib_wall_force.hpp	6ef4b74755a7cd455b2cb58a5554b2cb902fd6f75bee1ed3ac0fb1a843c49cd2	79ef5cd23102a9c42aa2176aa301fe98dbd57afff9f787de5e820706bd0ff5bd	include_path_only
66080e324089599711fdb26082af9b330bfdb5ce	ab071a61f00eba9ec973beb0fe600066a33ef74f	PENDING_APPROVAL	PENDING_APPROVAL	immersed/src/deterministic_qr_detail.hpp	src/ib_deterministic_qr_detail.hpp	3c5b2dede2facc7142bbd8e544e67e399594cd2e723f7d40793058be6b03ba67	6c780eced090c57d385e7b541444a733ca93c2645f1b343df2e09822e70bb247	include_path_only
66080e324089599711fdb26082af9b330bfdb5ce	ab071a61f00eba9ec973beb0fe600066a33ef74f	PENDING_APPROVAL	PENDING_APPROVAL	immersed/src/ghost_stencil_plan.cpp	src/ib_ghost_stencil_plan.cpp	b112ca1e0c73d662fc470c6fc95cd6ffbeb2b0a6cbe5635f99cb5945849bd6e6	63e6a5d9fd9a6492c6e5cbbb54aaa06abde800ca14ea2c0c4082f2aeebceac0f	include_path_only
66080e324089599711fdb26082af9b330bfdb5ce	ab071a61f00eba9ec973beb0fe600066a33ef74f	PENDING_APPROVAL	PENDING_APPROVAL	immersed/src/ghost_stencil_plan_internal.hpp	src/ib_ghost_stencil_plan_detail.hpp	4cf5adc6793f8e3c0fc4114c668d1e95fbe75af74673e5282c462afc47357da7	77918304c1e0deae8146b43b03bbad54683449cba85c7b69bae817828cc92eca	include_path_only
66080e324089599711fdb26082af9b330bfdb5ce	ab071a61f00eba9ec973beb0fe600066a33ef74f	PENDING_APPROVAL	PENDING_APPROVAL	immersed/src/immersed_domain.cpp	src/ib_domain.cpp	bb08b58d1d42039a71aa019ab078e285095ae6587914417a7beda9eccc8ad5c8	c10202a55bdc5b7e54b3c014b175a2c238092da02aa8e2b317ec227e9dae89d2	include_path_only
66080e324089599711fdb26082af9b330bfdb5ce	ab071a61f00eba9ec973beb0fe600066a33ef74f	PENDING_APPROVAL	PENDING_APPROVAL	immersed/src/immersed_surface.cpp	src/ib_surface.cpp	bff5aa6f92c614f9ae96ec69dbc5c793eb08f5edba9bc6ab939bfe85de021716	200c167640c11253d08d39d4dfd835c0ba7222e2c4cd86c515b927b3259581f3	include_path_only
66080e324089599711fdb26082af9b330bfdb5ce	ab071a61f00eba9ec973beb0fe600066a33ef74f	PENDING_APPROVAL	PENDING_APPROVAL	immersed/src/immersed_test_access.hpp	tests/support/ib_test_access.hpp	dab4834f542af2acf59d25e97d62fcdcbf87fea87ebbd562709f1a57c00f26ed	6d0034eda908c687151a851399e14c34d4ac880e893589d3b33a59387f524772	include_path_only_not_exported
66080e324089599711fdb26082af9b330bfdb5ce	ab071a61f00eba9ec973beb0fe600066a33ef74f	PENDING_APPROVAL	PENDING_APPROVAL	immersed/src/local_flow_pattern.cpp	src/ib_local_flow_pattern.cpp	a02f41ed60637e7cb448b4d705110cc697baf4f4e203157917a9e760f106147a	5334cfcfb6cc683d1e35e3efe47d774d6376d15709eb07f7940d71e06558c671	include_path_only
66080e324089599711fdb26082af9b330bfdb5ce	ab071a61f00eba9ec973beb0fe600066a33ef74f	PENDING_APPROVAL	PENDING_APPROVAL	immersed/src/quadratic_reconstruction.cpp	src/ib_quadratic_reconstruction.cpp	c0aca418c1f5316ec7a7d55adc388dc839f1247ded42bfca7b5bfd1fd7d60da4	f8d03e94eb63a3fa61df3471972c996225df8290b9e8f020d492d8b2d0ba5239	include_path_only
66080e324089599711fdb26082af9b330bfdb5ce	ab071a61f00eba9ec973beb0fe600066a33ef74f	PENDING_APPROVAL	PENDING_APPROVAL	immersed/src/quadratic_reconstruction_internal.hpp	src/ib_quadratic_reconstruction_detail.hpp	c2705964bfc152c3b02c75ccc0f9df58ef4fcf92fcf52be1396cefc781f5283f	2474ba3be7702214c5f688b9589d1e0bd20e6a4078aa03fc86329ad76a5caa96	include_path_only
66080e324089599711fdb26082af9b330bfdb5ce	ab071a61f00eba9ec973beb0fe600066a33ef74f	PENDING_APPROVAL	PENDING_APPROVAL	immersed/src/stl_reader_detail.hpp	src/ib_stl_reader_detail.hpp	535eb477c7ba70d3465cda86cb728e89b8e55ba596e0aa2aadd538b1c1b74b65	8ede0ee72ec1d88c038515ec3389152232919ff10ef80403034cb1d65bad1575	include_path_only
66080e324089599711fdb26082af9b330bfdb5ce	ab071a61f00eba9ec973beb0fe600066a33ef74f	PENDING_APPROVAL	PENDING_APPROVAL	immersed/src/surface_bvh_detail.hpp	src/ib_surface_bvh_detail.hpp	c1113ac4313b850315a05667bdf0d18367b7bd347d78b01e2623b98d94763b20	16b9be9f6afddea9869e3f3c88d586f60f64f4b0e9a3b4a5cb68f78f65ffa232	include_path_only
66080e324089599711fdb26082af9b330bfdb5ce	ab071a61f00eba9ec973beb0fe600066a33ef74f	PENDING_APPROVAL	PENDING_APPROVAL	immersed/src/surface_query.cpp	src/ib_surface_query.cpp	9f4a2cdcdcbb425c2e94e1aa25e7e0cb1ed7f0eb1396eac6a13f6f7d0e020f21	391b5d53c78838681e33eca689b271872e95841e8299c7779095692ca619bd6b	include_path_only
66080e324089599711fdb26082af9b330bfdb5ce	ab071a61f00eba9ec973beb0fe600066a33ef74f	PENDING_APPROVAL	PENDING_APPROVAL	immersed/src/wall_force.cpp	src/ib_wall_force.cpp	a9669a843a1311108a00507185f133ddac2517bd48ea90cbc35db353f9ad62cb	1b3eef74da7282ad195f762a6530551cc91e09ae2c59d3f5ff5d44bd09d4c09a	include_path_only
66080e324089599711fdb26082af9b330bfdb5ce	ab071a61f00eba9ec973beb0fe600066a33ef74f	PENDING_APPROVAL	PENDING_APPROVAL	immersed/src/wall_force_detail.hpp	src/ib_wall_force_detail.hpp	d69d2ef18be19e2c5dd820ca49a5bd7b5d2bf1b2efa51f76e1a22b8a07ea200c	b1113eaa2e0430ce6b35d683a16a9dcebf2119058b1a5876ec0e548a47282d96	include_path_only
66080e324089599711fdb26082af9b330bfdb5ce	ab071a61f00eba9ec973beb0fe600066a33ef74f	PENDING_APPROVAL	PENDING_APPROVAL	linear/include/hundun/linear/bicgstab.hpp	include/hundun/lin_bicgstab.hpp	f207a0f1c2b6a4f3fc95b54f0aca71cc6d5e3b03eda9effe0dad3a42c25ef3d1	cd8f06bb5535ff2f6a31ab3f60eea2a860fb71b8a20fe0ae91da7fdc928cfb6d	include_path_only
66080e324089599711fdb26082af9b330bfdb5ce	ab071a61f00eba9ec973beb0fe600066a33ef74f	PENDING_APPROVAL	PENDING_APPROVAL	linear/include/hundun/linear/conjugate_gradient.hpp	include/hundun/lin_conjugate_gradient.hpp	4503b67832deb37de8391d6fba815cd41576f8bc44a468b22a2922e9eb858aad	b442cea715e679faaab7ca0a6cf5cf348e3176c99c7af0c31f1ac3cc278ca381	include_path_only
66080e324089599711fdb26082af9b330bfdb5ce	ab071a61f00eba9ec973beb0fe600066a33ef74f	PENDING_APPROVAL	PENDING_APPROVAL	linear/include/hundun/linear/ghosted_vector.hpp	include/hundun/lin_ghosted_vector.hpp	59e09105113e9234a05f29e7425958da9be1ff8353a2440235c272c55dad15f7	7da35d10475b16d6b4f4c858bd0744418d1056a1e942142b526e43adb1f40f2a	include_path_only
66080e324089599711fdb26082af9b330bfdb5ce	ab071a61f00eba9ec973beb0fe600066a33ef74f	PENDING_APPROVAL	PENDING_APPROVAL	linear/include/hundun/linear/ghosted_vector_halo.hpp	include/hundun/lin_ghosted_vector_halo.hpp	e01d01196f6d485900a8864f2ead436d1633fbdcbac025b4bdd47fdad687e374	6c20f8cd78f6e3b5c9486cf6afb28b3f694205f1dc1f2934d876227bfb17b8f5	include_path_only
66080e324089599711fdb26082af9b330bfdb5ce	ab071a61f00eba9ec973beb0fe600066a33ef74f	PENDING_APPROVAL	PENDING_APPROVAL	linear/include/hundun/linear/linear_system.hpp	include/hundun/lin_system.hpp	b8c561f1cdf45ba832254e440ad9f81fb19943ebcb6c612883cf9eae062d3917	6bc9fbdeb9ec4a1c73940b2bc1e06ae61160dff471032c068b9733ac1fd55a1a	include_path_only
66080e324089599711fdb26082af9b330bfdb5ce	ab071a61f00eba9ec973beb0fe600066a33ef74f	PENDING_APPROVAL	PENDING_APPROVAL	linear/include/hundun/linear/preconditioners.hpp	include/hundun/lin_preconditioners.hpp	74b3433df59dc1c7fe6b152070f6746aff1a6bcab186568a72ee5564c1c25279	f90b63d2e2a00e4fea7b6947fe20d64dca1c5e343c386d131ca652c1644c503a	include_path_only
66080e324089599711fdb26082af9b330bfdb5ce	ab071a61f00eba9ec973beb0fe600066a33ef74f	PENDING_APPROVAL	PENDING_APPROVAL	linear/include/hundun/linear/vector_ops.hpp	include/hundun/lin_vector_ops.hpp	807bfb17ee679f49e7cd84c48f75746fa50b77185ffc1f56d463a303a6637cc4	f1169d86e313a9822005eb352a779a5ddcda953ba47402e4f5d5e5a9ebb6af17	include_path_only
66080e324089599711fdb26082af9b330bfdb5ce	ab071a61f00eba9ec973beb0fe600066a33ef74f	PENDING_APPROVAL	PENDING_APPROVAL	linear/src/bicgstab.cpp	src/lin_bicgstab.cpp	589fa715f89bda7fa2ccfe90ef567a19b4fdbe14c114beb4f663f92f8b7afbcc	0339f97632d374edc7bc9aeb768452c0105797f2e807616f68ac21af9ece4315	include_path_only
66080e324089599711fdb26082af9b330bfdb5ce	ab071a61f00eba9ec973beb0fe600066a33ef74f	PENDING_APPROVAL	PENDING_APPROVAL	linear/src/bicgstab_detail.hpp	src/lin_bicgstab_detail.hpp	50cac0ee49a03bc603b9b9222a0d9124c73460258e745b42fa6b315053e91c7c	50cac0ee49a03bc603b9b9222a0d9124c73460258e745b42fa6b315053e91c7c	identical_move
66080e324089599711fdb26082af9b330bfdb5ce	ab071a61f00eba9ec973beb0fe600066a33ef74f	PENDING_APPROVAL	PENDING_APPROVAL	linear/src/conjugate_gradient.cpp	src/lin_conjugate_gradient.cpp	3026941041d0fecd45892910b866d8a1627e39b4d490ee9184daeef2f4a95fa3	0be59e9748cbceb9626be3e377928f7bf5f23c6217bec97100d2d7541bf45eff	include_path_only
66080e324089599711fdb26082af9b330bfdb5ce	ab071a61f00eba9ec973beb0fe600066a33ef74f	PENDING_APPROVAL	PENDING_APPROVAL	linear/src/conjugate_gradient_detail.hpp	src/lin_conjugate_gradient_detail.hpp	8ef867ad1cc5da38356212a65db9e50f6d514c3d6833825582a0e80c752a6f0d	8ef867ad1cc5da38356212a65db9e50f6d514c3d6833825582a0e80c752a6f0d	identical_move
66080e324089599711fdb26082af9b330bfdb5ce	ab071a61f00eba9ec973beb0fe600066a33ef74f	PENDING_APPROVAL	PENDING_APPROVAL	linear/src/ghosted_vector.cpp	src/lin_ghosted_vector.cpp	3c2f14a3146b7b1705d23466ad55af6a70364f5738fb5d6a75fea36aecde045f	d0ea84d0ab03687d1412701eaae21dae1de627febfcb9108381018bbe5e0edad	include_path_only
66080e324089599711fdb26082af9b330bfdb5ce	ab071a61f00eba9ec973beb0fe600066a33ef74f	PENDING_APPROVAL	PENDING_APPROVAL	linear/src/ghosted_vector_halo.cpp	src/lin_ghosted_vector_halo.cpp	d6d3b9ffe01fcf5acc89e4010aed31e825784d021aaee2d24148105468c41e71	9e41466af1041ae41cd63f546904b50e0e94e6c3ea34a9a34d3c75955285f69b	include_path_only
66080e324089599711fdb26082af9b330bfdb5ce	ab071a61f00eba9ec973beb0fe600066a33ef74f	PENDING_APPROVAL	PENDING_APPROVAL	linear/src/ghosted_vector_halo_detail.cpp	src/lin_ghosted_vector_halo_detail.cpp	655e36dc970e0a08be6f8e248b3d477c9201e14d495d749dbf46a04e8d86e3eb	f9a69981bb3dbb576eed0575495c1b9e7ba8b9013187601a997e6e3a7b9db5c3	include_path_only
66080e324089599711fdb26082af9b330bfdb5ce	ab071a61f00eba9ec973beb0fe600066a33ef74f	PENDING_APPROVAL	PENDING_APPROVAL	linear/src/ghosted_vector_halo_detail.hpp	src/lin_ghosted_vector_halo_detail.hpp	8cee4aadffdee5f368d6d820cfd429df9ae574589fa45bbb930488f389f1423d	1b764e9ab39cb0da0e4d1453cbc1af88b891c9f950ca49d5f7e9b72f38245725	include_path_only
66080e324089599711fdb26082af9b330bfdb5ce	ab071a61f00eba9ec973beb0fe600066a33ef74f	PENDING_APPROVAL	PENDING_APPROVAL	linear/src/ghosted_vector_halo_test_access.hpp	tests/support/lin_ghosted_vector_halo_test_access.hpp	5d968fcf2b98a7d52c0cdaadfc6c8b88447236ff89ad1e0c81efee435d7dd614	be92e03f33215639a476c494b634f4949b4eca483e6781147b8776df3bd2180a	include_path_only_not_exported
66080e324089599711fdb26082af9b330bfdb5ce	ab071a61f00eba9ec973beb0fe600066a33ef74f	PENDING_APPROVAL	PENDING_APPROVAL	linear/src/preconditioners.cpp	src/lin_preconditioners.cpp	3f5fc037a81ccfe3b19fee8d827aa7151d174cdab649c76a62d5e004e6e4d416	decc61bc5ac60806b2c19f1edc41fdab484a20842de3eb557fb1eee68c12c44f	private_boundary_extraction
66080e324089599711fdb26082af9b330bfdb5ce	ab071a61f00eba9ec973beb0fe600066a33ef74f	PENDING_APPROVAL	PENDING_APPROVAL	linear/src/preconditioners_test_access.hpp	tests/support/lin_preconditioners_test_access.hpp	7d80bea89da69e26a0ad8be144418c8848b2a74d3904c0b4e274c16f8452af56	f830eb571dc3bac30bc8c5c44fab4722982249d4846fd11268a862ebac3bb7df	private_boundary_test_adapter
66080e324089599711fdb26082af9b330bfdb5ce	ab071a61f00eba9ec973beb0fe600066a33ef74f	PENDING_APPROVAL	PENDING_APPROVAL	linear/src/solve_collective_detail.cpp	src/lin_solve_collective_detail.cpp	1ce98ced2465357e4383971ae6fd374d29c71b7b89eae654a0d2c0db65b9d0d0	d80f27571ee8d8a51d927b40cfb8164c655eb6a92c944c215f95ccef30122fbb	include_path_only
66080e324089599711fdb26082af9b330bfdb5ce	ab071a61f00eba9ec973beb0fe600066a33ef74f	PENDING_APPROVAL	PENDING_APPROVAL	linear/src/solve_collective_detail.hpp	src/lin_solve_collective_detail.hpp	b43fdcad93752bcb40aa238ce2ef24765fc4e010c29a136d1714184e6543983e	28fc360ba2aec45743e42f729fe6ec1113caa9e23ad26dd55d2d0a765e12741d	include_path_only
66080e324089599711fdb26082af9b330bfdb5ce	ab071a61f00eba9ec973beb0fe600066a33ef74f	PENDING_APPROVAL	PENDING_APPROVAL	linear/src/vector_ops.cpp	src/lin_vector_ops.cpp	a6d439b5120094e177ccefde2b84402fab591743c397ddb52f787f8352d4f3c5	11f8c2dbb7dd7d455bb6863667351ff9fef64e1960e961f82b2ce091c44630ab	include_path_only
66080e324089599711fdb26082af9b330bfdb5ce	ab071a61f00eba9ec973beb0fe600066a33ef74f	PENDING_APPROVAL	PENDING_APPROVAL	linear/src/vector_ops_detail.hpp	src/lin_vector_ops_detail.hpp	eb5ada8210497b8e77f25a87d7e11975896df83b0d4611495945cd75bde7633c	2518297019611c3e2a9f85b3fd1c86cbde0b5c108a202c799ea2b37d9f874c46	include_path_only
66080e324089599711fdb26082af9b330bfdb5ce	ab071a61f00eba9ec973beb0fe600066a33ef74f	PENDING_APPROVAL	PENDING_APPROVAL	mesh/include/hundun/mesh/mesh_geometry.hpp	include/hundun/mesh_geometry.hpp	902a8bcb8b48654ae802d9d202e2848c84e7ba48d8c691f3eb1dc72744fcea42	f479031aa4eb50294b211be8c4b74d04de6ad1439cb76207e6d6873b7d385423	include_path_only
66080e324089599711fdb26082af9b330bfdb5ce	ab071a61f00eba9ec973beb0fe600066a33ef74f	PENDING_APPROVAL	PENDING_APPROVAL	mesh/include/hundun/mesh/mesh_topology.hpp	include/hundun/mesh_topology.hpp	b72211470862fbf9d0e15922f9af60ea83e62214fc956c97317d591fd018f70d	0a79aee0ab192434512d55004c47502c23c6a8c36711161c043137aa646a10e5	include_path_only
66080e324089599711fdb26082af9b330bfdb5ce	ab071a61f00eba9ec973beb0fe600066a33ef74f	PENDING_APPROVAL	PENDING_APPROVAL	mesh/include/hundun/mesh/uniform_structured_mesh.hpp	include/hundun/mesh_uniform_structured.hpp	200f225a75fe487ea2b25ff9abbc077a2e32fa5a7f692c7c18231ae0886a32cd	73a8a990eb59eee4076e060f05882291b289ce01e9837e2ca54a5206385ff59f	include_path_only
66080e324089599711fdb26082af9b330bfdb5ce	ab071a61f00eba9ec973beb0fe600066a33ef74f	PENDING_APPROVAL	PENDING_APPROVAL	mesh/src/geometry_arithmetic.hpp	src/mesh_geometry_arithmetic_detail.hpp	a356ddc2357d40151054e2698e7189cef4df5ae6b020c9eb7d776ce78562acdd	a5e6a3aeefa0b17e102be8b37267b7b776b8f13907d63c77d4ee70883c0d70b9	include_path_only
66080e324089599711fdb26082af9b330bfdb5ce	ab071a61f00eba9ec973beb0fe600066a33ef74f	PENDING_APPROVAL	PENDING_APPROVAL	mesh/src/mesh_geometry.cpp	src/mesh_geometry.cpp	63922ab09c66fd386a6c74b8562773c9897c8776179467d01c7832711eef07cd	fa13b9461f5c9d4a1c63181f10dc6e22f33f073a0710d97364020b7f879628a4	include_path_only
66080e324089599711fdb26082af9b330bfdb5ce	ab071a61f00eba9ec973beb0fe600066a33ef74f	PENDING_APPROVAL	PENDING_APPROVAL	mesh/src/mesh_topology.cpp	src/mesh_topology.cpp	f1c33d13d50ea21c8f0306b5113caf50641e4d422555b4e8f1cf74b85c724999	891216408ea0babeccabfd1d392ecac886d588c95efbd04637f7f06a509f097c	include_path_only
66080e324089599711fdb26082af9b330bfdb5ce	ab071a61f00eba9ec973beb0fe600066a33ef74f	PENDING_APPROVAL	PENDING_APPROVAL	mesh/src/uniform_structured_mesh.cpp	src/mesh_uniform_structured.cpp	97268703a0ec01768823fa53edb069ec9d22a07bd34ae64396e888057374041d	8133cb7694aafbab929dc33421054073394a462b1c2345fca13c6d8e67fe34ea	include_path_only
66080e324089599711fdb26082af9b330bfdb5ce	ab071a61f00eba9ec973beb0fe600066a33ef74f	PENDING_APPROVAL	PENDING_APPROVAL	runtime/include/hundun/runtime/collective_status.hpp	include/hundun/rt_collective_status.hpp	517b23aa3c7047598497b3390f1a2e30204d3a54fdde022a0d2721b5d4b35698	f0b78487c0204101d397b0f033f4549b41b7ee596c136f189105abc14842457a	include_path_only
66080e324089599711fdb26082af9b330bfdb5ce	ab071a61f00eba9ec973beb0fe600066a33ef74f	PENDING_APPROVAL	PENDING_APPROVAL	runtime/include/hundun/runtime/error.hpp	include/hundun/rt_error.hpp	ab69d7e82e7deaea4db640e04c1b51007b3be7dac357e11845ec3ca78f39f684	ab69d7e82e7deaea4db640e04c1b51007b3be7dac357e11845ec3ca78f39f684	identical_move
66080e324089599711fdb26082af9b330bfdb5ce	ab071a61f00eba9ec973beb0fe600066a33ef74f	PENDING_APPROVAL	PENDING_APPROVAL	runtime/include/hundun/runtime/exchange_plan.hpp	include/hundun/rt_exchange_plan.hpp	e04865e0c0ddeb4f433c42eff3880e129132d90156beb0decf8e066e2b31fad9	0134a26ffc16beaf48679151537e6fbe4a56af4179f49729f582be3554cec17b	include_path_only
66080e324089599711fdb26082af9b330bfdb5ce	ab071a61f00eba9ec973beb0fe600066a33ef74f	PENDING_APPROVAL	PENDING_APPROVAL	runtime/include/hundun/runtime/field_access_plan.hpp	include/hundun/rt_field_access_plan.hpp	0cbb8e46d2439e9b825c34d4ed9322558dd0523529c2910aab03500c0874cd6b	3ec020f78c2e45cc39af244e191cf5d073bb9442baf592999cc57c4de34cf025	include_path_only
66080e324089599711fdb26082af9b330bfdb5ce	ab071a61f00eba9ec973beb0fe600066a33ef74f	PENDING_APPROVAL	PENDING_APPROVAL	runtime/include/hundun/runtime/field_descriptor.hpp	include/hundun/rt_field_descriptor.hpp	3437730cb8656fd5139f3879cbbcc3dbabc1bbdbfd8d18e2113a6ceae33217c2	3437730cb8656fd5139f3879cbbcc3dbabc1bbdbfd8d18e2113a6ceae33217c2	identical_move
66080e324089599711fdb26082af9b330bfdb5ce	ab071a61f00eba9ec973beb0fe600066a33ef74f	PENDING_APPROVAL	PENDING_APPROVAL	runtime/include/hundun/runtime/field_registry.hpp	include/hundun/rt_field_registry.hpp	ea3cbdbf5398ef46f61a9a8a12c5e2f2847bc4a27b7a14863651e4ac3405390b	c37a68d83f5b69cc30419607960c0a57eeb081442ba2f536e0a36cc7fcce21a0	include_path_only
66080e324089599711fdb26082af9b330bfdb5ce	ab071a61f00eba9ec973beb0fe600066a33ef74f	PENDING_APPROVAL	PENDING_APPROVAL	runtime/include/hundun/runtime/field_storage.hpp	include/hundun/rt_field_storage.hpp	d713dc388613c5abbd33e7c881165073aa2dff6541b50ba15f2820ff2975b260	469148749d3f8fe223896c5e7bf191ea1b140defae267f635ad324ecde2b4ff5	include_path_only
66080e324089599711fdb26082af9b330bfdb5ce	ab071a61f00eba9ec973beb0fe600066a33ef74f	PENDING_APPROVAL	PENDING_APPROVAL	runtime/include/hundun/runtime/field_view.hpp	include/hundun/rt_field_view.hpp	0d9a3f94eab635b0179d10cad114dff3140f81d36b1f26050305755f03538949	93ed3ccaab226d0441fc019174a042963779af00088f5901de7c8b44baec55ff	include_path_only
66080e324089599711fdb26082af9b330bfdb5ce	ab071a61f00eba9ec973beb0fe600066a33ef74f	PENDING_APPROVAL	PENDING_APPROVAL	runtime/include/hundun/runtime/halo_exchange.hpp	include/hundun/rt_halo_exchange.hpp	0307b11bdcee93735d573f747fbda74847ae7909cba8d354e82e46791aa86769	cbe4ee7b3edb8e42d16d6f2480de388e07015644ded4bd8299309b91549846d4	include_path_only
66080e324089599711fdb26082af9b330bfdb5ce	ab071a61f00eba9ec973beb0fe600066a33ef74f	PENDING_APPROVAL	PENDING_APPROVAL	runtime/include/hundun/runtime/halo_performance_counters.hpp	include/hundun/rt_halo_performance_counters.hpp	867b00b9b3be48703f2d726c28ad71f8b7bd90c8a791e0bf10c68ad249f2bbe6	867b00b9b3be48703f2d726c28ad71f8b7bd90c8a791e0bf10c68ad249f2bbe6	identical_move
66080e324089599711fdb26082af9b330bfdb5ce	ab071a61f00eba9ec973beb0fe600066a33ef74f	PENDING_APPROVAL	PENDING_APPROVAL	runtime/include/hundun/runtime/kernel_field_view.hpp	include/hundun/rt_kernel_field_view.hpp	cead159aba8324e1644fcffa3cf622f4cffcb9d20c8258d77393cb256efdee31	76e7c6108f49b57a2bc652b9546894c3251d25c095949cd09bee3ac9661c1102	include_path_only
66080e324089599711fdb26082af9b330bfdb5ce	ab071a61f00eba9ec973beb0fe600066a33ef74f	PENDING_APPROVAL	PENDING_APPROVAL	runtime/include/hundun/runtime/mpi_context.hpp	include/hundun/rt_mpi_context.hpp	06d5b5243581f9ff5607dfb41e14f19db569eb3a0b3699cc179069b66b9eab42	06d5b5243581f9ff5607dfb41e14f19db569eb3a0b3699cc179069b66b9eab42	identical_move
66080e324089599711fdb26082af9b330bfdb5ce	ab071a61f00eba9ec973beb0fe600066a33ef74f	PENDING_APPROVAL	PENDING_APPROVAL	runtime/include/hundun/runtime/mpi_environment.hpp	include/hundun/rt_mpi_environment.hpp	b80e84dd154ea29e9cf36be685616ecfbbc388a233e7953438d531bddb52837d	b80e84dd154ea29e9cf36be685616ecfbbc388a233e7953438d531bddb52837d	identical_move
66080e324089599711fdb26082af9b330bfdb5ce	ab071a61f00eba9ec973beb0fe600066a33ef74f	PENDING_APPROVAL	PENDING_APPROVAL	runtime/include/hundun/runtime/mpi_operation_error.hpp	include/hundun/rt_mpi_operation_error.hpp	cbd90881d61c31b5d4d790573e357d39b4127a2c8b6360dfab26914d0d693c2a	3fe4122e806e4382335b8e74c41a37213a377cbf5bc78cc410a34c59c64f59b6	include_path_only
66080e324089599711fdb26082af9b330bfdb5ce	ab071a61f00eba9ec973beb0fe600066a33ef74f	PENDING_APPROVAL	PENDING_APPROVAL	runtime/include/hundun/runtime/restart_binary.hpp	include/hundun/rt_restart_binary.hpp	9f4a9aa224ba4af1ad92ed2cb88e3b15720f429e86cb3af65f4fc5d27ac9ac9c	9f4a9aa224ba4af1ad92ed2cb88e3b15720f429e86cb3af65f4fc5d27ac9ac9c	identical_move
66080e324089599711fdb26082af9b330bfdb5ce	ab071a61f00eba9ec973beb0fe600066a33ef74f	PENDING_APPROVAL	PENDING_APPROVAL	runtime/include/hundun/runtime/structured_decomposition.hpp	include/hundun/rt_structured_decomposition.hpp	c1540c348b5e080011eab186a47308b4f6421e19621ab7f3651d16046e0b3030	4d6889e227f039837bf4b87659ea8d356d67221d8daa5cef1ab7f6e597084206	include_path_only
66080e324089599711fdb26082af9b330bfdb5ce	ab071a61f00eba9ec973beb0fe600066a33ef74f	PENDING_APPROVAL	PENDING_APPROVAL	runtime/include/hundun/runtime/types.hpp	include/hundun/rt_types.hpp	1b75e889d42153e4f4d8f271e6d091dfa1eac381ebceddbdd678cdfbc41408c1	1b75e889d42153e4f4d8f271e6d091dfa1eac381ebceddbdd678cdfbc41408c1	identical_move
66080e324089599711fdb26082af9b330bfdb5ce	ab071a61f00eba9ec973beb0fe600066a33ef74f	PENDING_APPROVAL	PENDING_APPROVAL	runtime/include/hundun/runtime/vtk_legacy.hpp	include/hundun/rt_vtk_legacy.hpp	20e251180454dca54dade2c95d8e98b9e404cbb0d9aefb8d80a7ba13173ddd3b	720776758834d6cb59b69f24dd760e459e4cf6e409b4ffe04918def5b9daea14	include_path_only
66080e324089599711fdb26082af9b330bfdb5ce	ab071a61f00eba9ec973beb0fe600066a33ef74f	PENDING_APPROVAL	PENDING_APPROVAL	runtime/src/checkpoint_v2_protocol.cpp	src/rt_checkpoint_v2_protocol.cpp	0dc34caf345e5da38ef0b08eaeaa992103e62c3c596000125915c345c2b77d63	34f0c42e4060e373a9719bb2f96148d1e8a9de82b6bed52cb0998cdde883065c	include_path_only
66080e324089599711fdb26082af9b330bfdb5ce	ab071a61f00eba9ec973beb0fe600066a33ef74f	PENDING_APPROVAL	PENDING_APPROVAL	runtime/src/checkpoint_v2_protocol.hpp	src/rt_checkpoint_v2_protocol_detail.hpp	50e019d85ccae50dcbacda79ffac8404afe0285f34c58bdfa983f3d5efedcfbd	2ec2e14de8dd5308e171ed7c7d4acfe060545e0afb129e2d1e1701dcd5db45c5	include_path_only
66080e324089599711fdb26082af9b330bfdb5ce	ab071a61f00eba9ec973beb0fe600066a33ef74f	PENDING_APPROVAL	PENDING_APPROVAL	runtime/src/collective_status.cpp	src/rt_collective_status.cpp	b9743f7f278550c4e165c3bf90ac347012e616eb046098ebe9a4d24d65cc755f	b2d9837a65f1b8dd64f90b00c000af5f0f46fa634ebcf4b0dec16807c00aae62	include_path_only
66080e324089599711fdb26082af9b330bfdb5ce	ab071a61f00eba9ec973beb0fe600066a33ef74f	PENDING_APPROVAL	PENDING_APPROVAL	runtime/src/exchange_plan.cpp	src/rt_exchange_plan.cpp	ea7436f99520dbaac9e263fc8bf7ab7fa68ec09f3dd4291a69a93fa9a50e1f7b	fb254e80e28790a0ea7db48aa192fc365d138a800c92dcbcde47d3f0c52fa171	include_path_only
66080e324089599711fdb26082af9b330bfdb5ce	ab071a61f00eba9ec973beb0fe600066a33ef74f	PENDING_APPROVAL	PENDING_APPROVAL	runtime/src/field_access_plan.cpp	src/rt_field_access_plan.cpp	97c068bba93093b3897670bb3e1f206f590b68ec898d4a134f22040da31fb5d8	3a2118370f1868904eac6519f3ac9819fad60d761e85edce067e04beb2bcd278	include_path_only
66080e324089599711fdb26082af9b330bfdb5ce	ab071a61f00eba9ec973beb0fe600066a33ef74f	PENDING_APPROVAL	PENDING_APPROVAL	runtime/src/field_epoch_test_access.hpp	tests/support/rt_field_epoch_test_access.hpp	0b75a3056dbb7ee97891d425976885dd9518bc4359319a55f5096f7345e18cd8	a1fffa635e54a342b0c1a36f19f58a7eae86aa114a2c43734dccf63dd9a1aa5a	private_boundary_test_adapter
66080e324089599711fdb26082af9b330bfdb5ce	ab071a61f00eba9ec973beb0fe600066a33ef74f	PENDING_APPROVAL	PENDING_APPROVAL	runtime/src/field_registry.cpp	src/rt_field_registry.cpp	b1dfb088ef6313290671b2bdd15ff36ea3a5536a762ddf738367867fc9dc5f79	51810e0d1c3109af5e968e7bc620efdbd2ee7cbef89b46f6748694e7ae78552e	include_path_only
66080e324089599711fdb26082af9b330bfdb5ce	ab071a61f00eba9ec973beb0fe600066a33ef74f	PENDING_APPROVAL	PENDING_APPROVAL	runtime/src/field_storage.cpp	src/rt_field_storage.cpp	22ca330da3ab8cd274319e063c49333d7d2e80d05c99ad6a16b3cf152f14d6cf	e0ad22c63911ea12f70a3a4c272dd0ab9400acf55fe2ea7a1ff37240928cc301	private_boundary_extraction
66080e324089599711fdb26082af9b330bfdb5ce	ab071a61f00eba9ec973beb0fe600066a33ef74f	PENDING_APPROVAL	PENDING_APPROVAL	runtime/src/halo_detail.cpp	src/rt_halo_detail.cpp	933d1cbb754b654746fcfb272eeaa1335922707e693147a778508478cd8c7bd0	f029f3560337627b7a25d7bcd731172dbd11298bd1efcaf645b9dbdaa52bc308	include_path_only
66080e324089599711fdb26082af9b330bfdb5ce	ab071a61f00eba9ec973beb0fe600066a33ef74f	PENDING_APPROVAL	PENDING_APPROVAL	runtime/src/halo_detail.hpp	src/rt_halo_detail.hpp	3928c5c4b1455ea226b16145a20cdf8f4c0550c9d2377ee6ba8e1bd43b432626	725da1378bc88a5f3321ba069bf871cec4052d2aa870bf600f638698b607d4f7	include_path_only
66080e324089599711fdb26082af9b330bfdb5ce	ab071a61f00eba9ec973beb0fe600066a33ef74f	PENDING_APPROVAL	PENDING_APPROVAL	runtime/src/halo_exchange.cpp	src/rt_halo_exchange.cpp	b9ca1ea322550926f6547a7da31bfbb4e8eb26c8380e187ca653e4759c15c3b7	27d7cb310c0b550b7f064540fb187ea25cc4d1a1290da833921c0748e6519083	private_boundary_extraction
66080e324089599711fdb26082af9b330bfdb5ce	ab071a61f00eba9ec973beb0fe600066a33ef74f	PENDING_APPROVAL	PENDING_APPROVAL	runtime/src/halo_test_access.hpp	tests/support/rt_halo_test_access.hpp	f7693195db9e35f000598302e51f4a499bfcce2c7300dfa081c57b4414906576	e73237f940f50f6fb4228fbc318c8ae2335649843b4d2b2792cd97525cd824c8	private_boundary_test_adapter
66080e324089599711fdb26082af9b330bfdb5ce	ab071a61f00eba9ec973beb0fe600066a33ef74f	PENDING_APPROVAL	PENDING_APPROVAL	runtime/src/mpi_context.cpp	src/rt_mpi_context.cpp	b5e975827d0830766bd6f8254f21a1295343108ea59a94184f3304315f6803db	489e3a9ba8f5face99971ca31d29cd897b75fa1d94cc76539050c919f3fddd6b	private_boundary_extraction
66080e324089599711fdb26082af9b330bfdb5ce	ab071a61f00eba9ec973beb0fe600066a33ef74f	PENDING_APPROVAL	PENDING_APPROVAL	runtime/src/mpi_context_test_seam.hpp	tests/support/rt_mpi_context_test_seam.hpp	e22c987b8262a7e026409181b6dcbd659946d55ed4e41bad08ccdb80f2ba365b	d1e9f188bdd2c0fa4a5da842481862324b865200ac8263be8cc329118478b94f	private_boundary_test_adapter
66080e324089599711fdb26082af9b330bfdb5ce	ab071a61f00eba9ec973beb0fe600066a33ef74f	PENDING_APPROVAL	PENDING_APPROVAL	runtime/src/mpi_environment.cpp	src/rt_mpi_environment.cpp	5cde3cb14db36843d48d669a4092b4ef19c793b01a670f1df0aeaf58a7bbcde8	b977d7a26069a08110724758775be127cbb177a1e23f9be61e6507380c66f6e6	include_path_only
66080e324089599711fdb26082af9b330bfdb5ce	ab071a61f00eba9ec973beb0fe600066a33ef74f	PENDING_APPROVAL	PENDING_APPROVAL	runtime/src/mpi_error.cpp	src/rt_mpi_error.cpp	e11d12fdb4c7a0c7f0dcfd7a0e6070d9631ef8f2c11797e59b585e5494ec989f	3c0fa5984d25f9c4326e65af80c55e7ec0cecf4e0b5b94aaf5978c36dc4208f5	include_path_only
66080e324089599711fdb26082af9b330bfdb5ce	ab071a61f00eba9ec973beb0fe600066a33ef74f	PENDING_APPROVAL	PENDING_APPROVAL	runtime/src/mpi_error.hpp	src/rt_mpi_error_detail.hpp	0a0c56b2fd938e15ee5e2f65124653d4fc59bbc39e23233028428ba0e11a10fc	10280b1beb6ced2032dfc15aab8bef2fc3c475a404b0f7fe20b7120a42b97bc5	include_path_only
66080e324089599711fdb26082af9b330bfdb5ce	ab071a61f00eba9ec973beb0fe600066a33ef74f	PENDING_APPROVAL	PENDING_APPROVAL	runtime/src/process_grid.cpp	src/rt_process_grid.cpp	c069c3f72c65ba075e9c006b254470251a36433b8ad7353fec3d1e979cfcc958	d635c829c6533f2804850eb7f2335b0941eac820fde4972c05a2e7ea071eba80	include_path_only
66080e324089599711fdb26082af9b330bfdb5ce	ab071a61f00eba9ec973beb0fe600066a33ef74f	PENDING_APPROVAL	PENDING_APPROVAL	runtime/src/process_grid.hpp	src/rt_process_grid_detail.hpp	87174321c4ea72a4a4d6d0d95bd1433551da16aadb460637d5c082139f6de561	4225d4e0901bd9078cd9d2d9e1ca75be049abe0fbfcdfac87180cfa9600aa6b8	include_path_only
66080e324089599711fdb26082af9b330bfdb5ce	ab071a61f00eba9ec973beb0fe600066a33ef74f	PENDING_APPROVAL	PENDING_APPROVAL	runtime/src/restart_binary.cpp	src/rt_restart_binary.cpp	65a603bc79e869c71d539864f22548abcbd1435ce10d7ee17ba9a5f1af1043ea	c3525adaa700445d31f069519813c574b0516a415634d05c68833c4bf6c69eb0	include_path_only
66080e324089599711fdb26082af9b330bfdb5ce	ab071a61f00eba9ec973beb0fe600066a33ef74f	PENDING_APPROVAL	PENDING_APPROVAL	runtime/src/restart_detail.hpp	src/rt_restart_detail.hpp	115e5325e64c59e414bae40860a11f10cfa5665091bb4afee2a630e1c1aa77f0	eab7527adb846e9d5ab94779bbe683c9b944ff635b9527d9532f7516a2420475	include_path_only
66080e324089599711fdb26082af9b330bfdb5ce	ab071a61f00eba9ec973beb0fe600066a33ef74f	PENDING_APPROVAL	PENDING_APPROVAL	runtime/src/structured_decomposition.cpp	src/rt_structured_decomposition.cpp	25c330fc00875166f47ad3bd8b49e150b8c58cfd74adc7052a249bd441626478	31cf424c48b976d5e33309ba859e25994d13a83aaa69868bc87e822a1b387fca	include_path_only
66080e324089599711fdb26082af9b330bfdb5ce	ab071a61f00eba9ec973beb0fe600066a33ef74f	PENDING_APPROVAL	PENDING_APPROVAL	runtime/src/vtk_legacy.cpp	src/rt_vtk_legacy.cpp	e96c0c26e547ddd284cb17f1a9da225020cc4f17f80176f034994a94b97e95b9	cca3ab9b891b331f8d42d9a688f46dc5927fc3a12d1a447fe24f24ba20df18fa	include_path_only
66080e324089599711fdb26082af9b330bfdb5ce	ab071a61f00eba9ec973beb0fe600066a33ef74f	PENDING_APPROVAL	PENDING_APPROVAL	sdk/include/hundun/sdk/plugin_api.h	include/hundun/sdk_plugin_api.h	8dbdc5ad4bad1d326ba3aa291076b872104b5c0d9b4e8dc2f5446fd5e6afd031	8dbdc5ad4bad1d326ba3aa291076b872104b5c0d9b4e8dc2f5446fd5e6afd031	identical_move
66080e324089599711fdb26082af9b330bfdb5ce	ab071a61f00eba9ec973beb0fe600066a33ef74f	PENDING_APPROVAL	PENDING_APPROVAL	sdk/include/hundun/sdk/plugin_loader.hpp	include/hundun/sdk_plugin_loader.hpp	785230d6936dcd8932f77efba87e215143e8ace26da04fee0e80b70b24b57f68	36cf90671157f825fda4f58e84df04d08f6982cafc5097e05fc3e3186083c471	include_path_only
66080e324089599711fdb26082af9b330bfdb5ce	ab071a61f00eba9ec973beb0fe600066a33ef74f	PENDING_APPROVAL	PENDING_APPROVAL	sdk/src/plugin_loader.cpp	src/sdk_plugin_loader.cpp	b3593fd9ac00e6c951b9df0aa09eafc92c4b9e66b116030ce74d5dfa3206bddd	a2f31981f4cd31cefb40bd8475bcc8c5df18c5c5337c6b24cd937cb15ca3aa2c	include_path_only
66080e324089599711fdb26082af9b330bfdb5ce	ab071a61f00eba9ec973beb0fe600066a33ef74f	PENDING_APPROVAL	PENDING_APPROVAL	solver/include/hundun/solver/passive_scalar.hpp	include/hundun/flow_passive_scalar.hpp	4975ae48ce835652b320c4961ed27b501f0e5f57e6fee0931cae77eca21b492e	9833fd7c64ae4edd41522c75ca00718e03a1b7cceb993312ab30d7d992100ece	include_path_only
66080e324089599711fdb26082af9b330bfdb5ce	ab071a61f00eba9ec973beb0fe600066a33ef74f	PENDING_APPROVAL	PENDING_APPROVAL	solver/src/passive_scalar.cpp	src/flow_passive_scalar.cpp	aa26a59bd03fd2087467ae0f8c4f51b353cb36a459d9cd7bc71e668ae0ed07b6	ae13dd917db2e9430d1974f4a177e9a1559798e85760b81a4107aa01217ba1ae	include_path_only
66080e324089599711fdb26082af9b330bfdb5ce	ab071a61f00eba9ec973beb0fe600066a33ef74f	PENDING_APPROVAL	PENDING_APPROVAL	CMakeLists.txt	CMakeLists.txt	d375343de2b2e2ea9c3d52eb17b2a5ec67012e5e9c9b16da952233a923e4ca20	6067314f2fb7ded13e6ab76fe723986a3d278115e6858926cab637ffc1a4fb33	cmake_registration
66080e324089599711fdb26082af9b330bfdb5ce	ab071a61f00eba9ec973beb0fe600066a33ef74f	PENDING_APPROVAL	PENDING_APPROVAL	CMakeLists.txt	src/CMakeLists.txt	d375343de2b2e2ea9c3d52eb17b2a5ec67012e5e9c9b16da952233a923e4ca20	b704a80ef57cad17ed20646e1db7416d117fcbade7e9e7cc683f292beff09595	cmake_registration_include_authority_and_test_definitions
66080e324089599711fdb26082af9b330bfdb5ce	ab071a61f00eba9ec973beb0fe600066a33ef74f	PENDING_APPROVAL	PENDING_APPROVAL	CMakeLists.txt	tests/CMakeLists.txt	d375343de2b2e2ea9c3d52eb17b2a5ec67012e5e9c9b16da952233a923e4ca20	975a4754bc85a9ad3e76fe4538d09d15d8ea62856df3c41c529b06a7a6e6046a	governance_registration_and_authority
66080e324089599711fdb26082af9b330bfdb5ce	ab071a61f00eba9ec973beb0fe600066a33ef74f	PENDING_APPROVAL	PENDING_APPROVAL	-	docs/development/naming-and-style.md	-	d62f98905f91bd95530b3fc822002094725ac1dd068136e715852d8cfa1d0423	documentation_and_boundary_policy
66080e324089599711fdb26082af9b330bfdb5ce	ab071a61f00eba9ec973beb0fe600066a33ef74f	PENDING_APPROVAL	PENDING_APPROVAL	-	tests/cmake/source_layout_fixture.cmake	-	197be175eda80b78df3621084d0867e5605a66e7fdf20ee58c01145d9426daf2	governance_fixture_not_exported
66080e324089599711fdb26082af9b330bfdb5ce	ab071a61f00eba9ec973beb0fe600066a33ef74f	PENDING_APPROVAL	PENDING_APPROVAL	tests/cmake/stage3_source_policy.cmake	tests/cmake/stage3_source_policy.cmake	d187faa442429b0d8c342d8d62cb3dc65ea9c51fc3698d5619b95e577264c249	7359d6fb65da3c4485ab4275909f19cab8b67b6dd2f5ef111024d167cb1b7396	governance_path_update_not_exported
66080e324089599711fdb26082af9b330bfdb5ce	ab071a61f00eba9ec973beb0fe600066a33ef74f	PENDING_APPROVAL	PENDING_APPROVAL	tests/cmake/task16_source_policy.cmake	tests/cmake/task16_source_policy.cmake	433ac897aa9dbafc1a35cb418fbaa24e2fc55a69f3699ce7b306ed6c9e9cd37a	15659cfb116aad4d4e47a43e8292248da25ecc111c7f10830094ed673da1e8aa	governance_path_update_not_exported
66080e324089599711fdb26082af9b330bfdb5ce	ab071a61f00eba9ec973beb0fe600066a33ef74f	PENDING_APPROVAL	PENDING_APPROVAL	tests/cmake/task17_source_policy.cmake	tests/cmake/task17_source_policy.cmake	11b6df415008f7c6d0befefac0419d2c3d39ec2b44e294047fcf307335b0a092	6f36fce590752dd724053b8e60e7122c1d52b20675f810969f6023255bc7ec9e	governance_path_update_not_exported
66080e324089599711fdb26082af9b330bfdb5ce	ab071a61f00eba9ec973beb0fe600066a33ef74f	PENDING_APPROVAL	PENDING_APPROVAL	tests/cmake/task18_header_preprocess.cpp	tests/cmake/task18_header_preprocess.cpp	1e59dcb2aeb390f15c77dbdcc95ffecdccb70e85dee0f8dba6fc69fc223b40d0	2e87eb8e3f058af4971de4fbdd21518ff9c4dbb646ce81c0c731aa263ecddc6a	test_include_path_update_not_exported
66080e324089599711fdb26082af9b330bfdb5ce	ab071a61f00eba9ec973beb0fe600066a33ef74f	PENDING_APPROVAL	PENDING_APPROVAL	tests/cmake/task18_source_policy.cmake	tests/cmake/task18_source_policy.cmake	b2f0cf8b8021cf9fcc7f49ea3ff97b171038699a249a54bf06ed95a6d21bc46e	f20cbae7788b9be010740f4afa3c5e549bdc53e08fc95e915ccc046835c06834	governance_path_update_not_exported
66080e324089599711fdb26082af9b330bfdb5ce	ab071a61f00eba9ec973beb0fe600066a33ef74f	PENDING_APPROVAL	PENDING_APPROVAL	tests/cmake/task18_test_access_contract.cmake	tests/cmake/task18_test_access_contract.cmake	c415dca2c7982d046e20fd2281f8601b293e08c15a8052f23bdddf9e76ee0b7f	3b5bb036b18e4a45753527a0444f63c95d3308602f97f7284052ba38bc70687b	governance_path_update_not_exported
66080e324089599711fdb26082af9b330bfdb5ce	ab071a61f00eba9ec973beb0fe600066a33ef74f	PENDING_APPROVAL	PENDING_APPROVAL	tests/cmake/task19_header_preprocess.cpp	tests/cmake/task19_header_preprocess.cpp	c2f0a8c3d6b3de240ce47d2f6c3d4026cea3d978f2c96c14b10acc7a48c5b7b1	8a25d4dfd9a23c1ea757faeb7c325844b08d87f315bc6df5e093d5b3d898270c	test_include_path_update_not_exported
66080e324089599711fdb26082af9b330bfdb5ce	ab071a61f00eba9ec973beb0fe600066a33ef74f	PENDING_APPROVAL	PENDING_APPROVAL	tests/cmake/task19_source_policy.cmake	tests/cmake/task19_source_policy.cmake	c3bf7ebd165d9336f0cad83ce194830166f85a348ecfa192dd5d58bcf7ea575d	6b556919c02794b5540e4abed07fe44cf0eb4e3739b807efa341303f243dbd3a	governance_path_update_not_exported
66080e324089599711fdb26082af9b330bfdb5ce	ab071a61f00eba9ec973beb0fe600066a33ef74f	PENDING_APPROVAL	PENDING_APPROVAL	tests/cmake/task19_test_access_contract.cmake	tests/cmake/task19_test_access_contract.cmake	643c2cb9510dbbd3e40ddf66171353e008e4e1c5fc5ec2415f0aaeff9080dc46	a8f102eecc74c4f9f0dad0b331df16fe3e71e2f33c019e2f72c18fc7e8ec5a8a	governance_path_update_not_exported
66080e324089599711fdb26082af9b330bfdb5ce	ab071a61f00eba9ec973beb0fe600066a33ef74f	PENDING_APPROVAL	PENDING_APPROVAL	tests/cmake/task20_header_preprocess.cpp	tests/cmake/task20_header_preprocess.cpp	7b30c7091172f4b0d806e2fbecf70004279694ab8440d41037936336ba5ddc74	d9db0868f599be2b91a09a25ea2b543872b741502606727ad9bb7c6afda43d18	test_include_path_update_not_exported
66080e324089599711fdb26082af9b330bfdb5ce	ab071a61f00eba9ec973beb0fe600066a33ef74f	PENDING_APPROVAL	PENDING_APPROVAL	tests/cmake/task20_source_policy.cmake	tests/cmake/task20_source_policy.cmake	3c4cf46a0bfc61d1793a2383d619796eb2d538dba0bbc3b19b905d5b06a0974d	b0dc2ceafc8238b6d051c01f3bc16ece59070df0fde280e515e9147b4d00e3fc	governance_path_update_not_exported
66080e324089599711fdb26082af9b330bfdb5ce	ab071a61f00eba9ec973beb0fe600066a33ef74f	PENDING_APPROVAL	PENDING_APPROVAL	tests/cmake/task20_test_access_contract.cmake	tests/cmake/task20_test_access_contract.cmake	abbfa3d09c4505326ade8bd3d72848e60ef37c2da8d25bee1c17dbb22d320d85	92fffa20823f3ea4d80d1dc748da79e555faefe49017fd495eaf2f79a13cc702	governance_path_update_not_exported
66080e324089599711fdb26082af9b330bfdb5ce	ab071a61f00eba9ec973beb0fe600066a33ef74f	PENDING_APPROVAL	PENDING_APPROVAL	tests/cmake/task21_header_preprocess.cpp	tests/cmake/task21_header_preprocess.cpp	3a151e27494009bce636d0bf8a39c68f7f9166616ece3a8c64fe9529dd1ee81d	94d5b1c444d15d542736ecdf0ccdf58516afd484b53c85dd252c25ca792538c7	test_include_path_update_not_exported
66080e324089599711fdb26082af9b330bfdb5ce	ab071a61f00eba9ec973beb0fe600066a33ef74f	PENDING_APPROVAL	PENDING_APPROVAL	tests/cmake/task21_source_policy.cmake	tests/cmake/task21_source_policy.cmake	9cf2d05370034b94a3bbaeca4a46db3893d5a2e8383f2914a995c63b802413d9	6323abf2db2fb48900f853c0cb4ad9326bd5e20e4514d1a92b768af13d6b2ebe	governance_path_update_not_exported
66080e324089599711fdb26082af9b330bfdb5ce	ab071a61f00eba9ec973beb0fe600066a33ef74f	PENDING_APPROVAL	PENDING_APPROVAL	tests/cmake/task21_test_access_contract.cmake	tests/cmake/task21_test_access_contract.cmake	56c9787a986976ac98cbc431105eccebf27008b7da60daa05c4eb529e973f7f4	8e700721677a7069b3327dbb823628b76dc193e7307a037f09edcbaea02967ff	governance_path_update_not_exported
66080e324089599711fdb26082af9b330bfdb5ce	ab071a61f00eba9ec973beb0fe600066a33ef74f	PENDING_APPROVAL	PENDING_APPROVAL	tests/cmake/task22_source_policy.cmake	tests/cmake/task22_source_policy.cmake	eb8f4fe43c4996c5e7d242851aecbbb5c67646d40a86fe39747906eedd070007	bb8c62c9f4c6fc40f67ed2e3d56897d0e2ee3939e203a4ececb95617c3d8cf43	governance_path_update_not_exported
66080e324089599711fdb26082af9b330bfdb5ce	ab071a61f00eba9ec973beb0fe600066a33ef74f	PENDING_APPROVAL	PENDING_APPROVAL	tests/cmake/task22_test_access_contract.cmake	tests/cmake/task22_test_access_contract.cmake	3cb02b8148b332e1a2928ddbd03c600a11db608cda4ef7d21ef48c15f3864f83	b8c2d1aea541dbca971aa2e69ee7984879e0012778a33d37bd3f5e62123d7cf3	governance_path_update_not_exported
66080e324089599711fdb26082af9b330bfdb5ce	ab071a61f00eba9ec973beb0fe600066a33ef74f	PENDING_APPROVAL	PENDING_APPROVAL	tests/cmake/task23_r4_oracle_contract.cmake	tests/cmake/task23_r4_oracle_contract.cmake	c5d90ad20b4ad1bfad15c13a01f21dfcb48b0299068bdf72d24bfee87ed0639d	c9f64f55f76733f479132ff30cf04301267eff2a2041c646f67bb32de1021e8a	governance_path_update_not_exported
66080e324089599711fdb26082af9b330bfdb5ce	ab071a61f00eba9ec973beb0fe600066a33ef74f	PENDING_APPROVAL	PENDING_APPROVAL	tests/cmake/task23_source_policy.cmake	tests/cmake/task23_source_policy.cmake	cf2f57043a358a276b1b769dcbf2238395886d665ac06403d9a99c201ef982b8	16e880dd26a81fe55beaa118bdd1df6aad3473b5b559068a21376ce826cd9523	governance_path_update_not_exported
66080e324089599711fdb26082af9b330bfdb5ce	ab071a61f00eba9ec973beb0fe600066a33ef74f	PENDING_APPROVAL	PENDING_APPROVAL	tests/cmake/task23_test_access_contract.cmake	tests/cmake/task23_test_access_contract.cmake	08e675be5a38723f0bd8414e185ccb3a107c1e3d9384e26e33ba95e46af485f8	3877024b4a3226ffef005e1715fba28c0d1ad70e0d4415c2b44cfd61e6358bf2	governance_path_update_not_exported
66080e324089599711fdb26082af9b330bfdb5ce	ab071a61f00eba9ec973beb0fe600066a33ef74f	PENDING_APPROVAL	PENDING_APPROVAL	tests/cmake/task25_source_metadata_contract.cmake	tests/cmake/task25_source_metadata_contract.cmake	53b92603962d467ff5da31a541630903f34cce74aa2f31b3847d403927236b93	f47303d78a5315e286bfbbf7c9300f2f3b1fec016be05de4b657c60087de0f7f	governance_path_update_not_exported
66080e324089599711fdb26082af9b330bfdb5ce	ab071a61f00eba9ec973beb0fe600066a33ef74f	PENDING_APPROVAL	PENDING_APPROVAL	tests/cmake/task25_tests_off_contract.cmake	tests/cmake/task25_tests_off_contract.cmake	fe0acff2239ff027de45656e1543e4f309aa4efdc17fb0cbf3356fbf211e7cfc	a57eafd76a2a284179345f5c0f07f0d198857e129e778c09210fcd67d675fbde	governance_path_update_not_exported
66080e324089599711fdb26082af9b330bfdb5ce	ab071a61f00eba9ec973beb0fe600066a33ef74f	PENDING_APPROVAL	PENDING_APPROVAL	tests/mpi/task25_performance_oracle.cpp	tests/mpi/task25_performance_oracle.cpp	f3cb1ead66ec164f57865bcb3d9d17fd316ca07db3bbf142a37ed9ac4382772e	ef922fbb5c200bbcdd961fa0befcf4e17b5de7d5cef43a487bc0de41f8c23ad1	test_include_path_update_not_exported
66080e324089599711fdb26082af9b330bfdb5ce	ab071a61f00eba9ec973beb0fe600066a33ef74f	PENDING_APPROVAL	PENDING_APPROVAL	tests/mpi/test_active_boundary_layout.cpp	tests/mpi/test_active_boundary_layout.cpp	dfcde8d432c50f55231a7c885eab0d7f011acd0edb37a309d6c87fc7cab6dbb7	e956fbc6e6fb443e23cf6ae3c112e2069ec7decf38ae7d7b77840cb61169dea6	test_include_path_update_not_exported
66080e324089599711fdb26082af9b330bfdb5ce	ab071a61f00eba9ec973beb0fe600066a33ef74f	PENDING_APPROVAL	PENDING_APPROVAL	tests/mpi/test_adaptive_time_control.cpp	tests/mpi/test_adaptive_time_control.cpp	d4ad5ea155021884f6856fc1b20ec1ebe39f92afd14018fab72f7cb058a954af	98e4baa2b79065328ae18b05f0636faf2a9003f637f65675edefb64cd341b085	test_include_path_update_not_exported
66080e324089599711fdb26082af9b330bfdb5ce	ab071a61f00eba9ec973beb0fe600066a33ef74f	PENDING_APPROVAL	PENDING_APPROVAL	tests/mpi/test_adaptive_time_control_diagnostics.cpp	tests/mpi/test_adaptive_time_control_diagnostics.cpp	06738d920d1164bf1a6f815ecfe14d7b16d9fcca88cf36f2c720e45f5a3aab59	3241735b30f1be2926c4ec7044932883cab8fec9ebfcd400bbfc282508833f36	test_include_path_update_not_exported
66080e324089599711fdb26082af9b330bfdb5ce	ab071a61f00eba9ec973beb0fe600066a33ef74f	PENDING_APPROVAL	PENDING_APPROVAL	tests/mpi/test_basic_boundary.cpp	tests/mpi/test_basic_boundary.cpp	314a9664150046a15ea490f4ed75ee78c19884d2f7eda4266874adba45fad7bf	a976fcf95a2e980d7dc6aacdd9b27a6d431a951519f36135b668b4bd8fc1f1cb	test_include_path_update_not_exported
66080e324089599711fdb26082af9b330bfdb5ce	ab071a61f00eba9ec973beb0fe600066a33ef74f	PENDING_APPROVAL	PENDING_APPROVAL	tests/mpi/test_bicgstab.cpp	tests/mpi/test_bicgstab.cpp	dbf1ebe376a95dec57abb13bc4b6a862d3f9ce54787df6a1e07de0fc11ebce79	160f4c7574f9f922b006befa22b6d9734b8884a970588778077a3d84c3bbaabf	test_include_path_update_not_exported
66080e324089599711fdb26082af9b330bfdb5ce	ab071a61f00eba9ec973beb0fe600066a33ef74f	PENDING_APPROVAL	PENDING_APPROVAL	tests/mpi/test_case_config_broadcast.cpp	tests/mpi/test_case_config_broadcast.cpp	555ceb1384ae06daded2a6984c3caef172345ffdef571105e4f7e56efb60bac9	e1529ad9d4c33c159e3ac5e6b6a159b9dbeaeeb5fcde70a5f686eaef4d4a40f3	test_include_path_update_not_exported
66080e324089599711fdb26082af9b330bfdb5ce	ab071a61f00eba9ec973beb0fe600066a33ef74f	PENDING_APPROVAL	PENDING_APPROVAL	tests/mpi/test_cell_centered_fvm.cpp	tests/mpi/test_cell_centered_fvm.cpp	8d17d9967cc14472dfc37aeb031bcf78514f1ca9deebc84dcb266649d439c444	595d16098801a554eff45cf1e9726c76ae57786a92c4a054256fb76b59016566	test_include_path_update_not_exported
66080e324089599711fdb26082af9b330bfdb5ce	ab071a61f00eba9ec973beb0fe600066a33ef74f	PENDING_APPROVAL	PENDING_APPROVAL	tests/mpi/test_checkpoint_v2.cpp	tests/mpi/test_checkpoint_v2.cpp	b6a4de3f650a7285ec1f23a89ad58c17b10840fe722197fe4e673562f9e3a051	e2a307cbbcbac9e2e31fdd990d4fd923fd478804f2ce91112a781a7dd00d8a27	test_include_path_update_not_exported
66080e324089599711fdb26082af9b330bfdb5ce	ab071a61f00eba9ec973beb0fe600066a33ef74f	PENDING_APPROVAL	PENDING_APPROVAL	tests/mpi/test_checkpoint_v2_diagnostics.cpp	tests/mpi/test_checkpoint_v2_diagnostics.cpp	3b42affb8b7e476c7b7bd67d2079cdac8373f357ccca6080d8d1780482369299	ba54e14f1413141c77a5cfa6fa1809b66db210084725bc4320ec931402e4897b	test_include_path_update_not_exported
66080e324089599711fdb26082af9b330bfdb5ce	ab071a61f00eba9ec973beb0fe600066a33ef74f	PENDING_APPROVAL	PENDING_APPROVAL	tests/mpi/test_collective_status.cpp	tests/mpi/test_collective_status.cpp	255494dc4a0ee5eab60f9f7d5d1ea13832b753b25a6cdc2626f30fcc9cb1e757	23e93599f9c1a653797d69826cd642f3b3a2ac27031b560fbbf27808397b8724	test_include_path_update_not_exported
66080e324089599711fdb26082af9b330bfdb5ce	ab071a61f00eba9ec973beb0fe600066a33ef74f	PENDING_APPROVAL	PENDING_APPROVAL	tests/mpi/test_conjugate_gradient.cpp	tests/mpi/test_conjugate_gradient.cpp	ee0e8addbb92c0cdfb270f871182e744702aab961584101d7adc8e70fd5f67d2	4220b046caabfb26a9821e019ae831c1b0bc21da34752befa7ad873a47732ff9	test_include_path_update_not_exported
66080e324089599711fdb26082af9b330bfdb5ce	ab071a61f00eba9ec973beb0fe600066a33ef74f	PENDING_APPROVAL	PENDING_APPROVAL	tests/mpi/test_decomposition.cpp	tests/mpi/test_decomposition.cpp	df0c0c19a7413f4913978989d2056982d12850ea04149ef925eee2a1d632ff0e	74ae59a1338557709739c8745fadb2a2f6cc3bf92fd2d12f11b11cc4e517ef45	test_include_path_update_not_exported
66080e324089599711fdb26082af9b330bfdb5ce	ab071a61f00eba9ec973beb0fe600066a33ef74f	PENDING_APPROVAL	PENDING_APPROVAL	tests/mpi/test_diagnostic_session_mpi.cpp	tests/mpi/test_diagnostic_session_mpi.cpp	1e03303eb425ae0db68e0def543917a149d70cf9ac3c50edf34e8b113db3fd80	2dedc49666a10c46c1ad65f493912e52a19608ee41440117074cdf818045fa1d	test_include_path_update_not_exported
66080e324089599711fdb26082af9b330bfdb5ce	ab071a61f00eba9ec973beb0fe600066a33ef74f	PENDING_APPROVAL	PENDING_APPROVAL	tests/mpi/test_fixed_step_piso.cpp	tests/mpi/test_fixed_step_piso.cpp	0391bdd8e7d028c78a1d3e1385ae2a1ba8a7011b2f93cc8b71b3d42cd8613934	2459f53fdd55fffdaf9bef6e96287df8900c6175e1f71cc2580c6f6b072fc3e0	test_include_path_update_not_exported
66080e324089599711fdb26082af9b330bfdb5ce	ab071a61f00eba9ec973beb0fe600066a33ef74f	PENDING_APPROVAL	PENDING_APPROVAL	tests/mpi/test_ghost_stencil_plan.cpp	tests/mpi/test_ghost_stencil_plan.cpp	3a813cd14bc4c7e4c352f53a5e3981a71170e23fad2069de2e35481b31dc8d3c	ce03bb5bfe564cf3bf4aebe1ba94030f25e60b9fc320cf8596cb1f791980736e	test_include_path_update_not_exported
66080e324089599711fdb26082af9b330bfdb5ce	ab071a61f00eba9ec973beb0fe600066a33ef74f	PENDING_APPROVAL	PENDING_APPROVAL	tests/mpi/test_ghosted_vector_halo.cpp	tests/mpi/test_ghosted_vector_halo.cpp	24b6bf4fb95346033319728f0db41f36542709fa56af94de96c71bff17156b09	315cb9913a8e1663af34042350d664fb0e9030484cda0db40e620451818a69ea	test_include_path_update_not_exported
66080e324089599711fdb26082af9b330bfdb5ce	ab071a61f00eba9ec973beb0fe600066a33ef74f	PENDING_APPROVAL	PENDING_APPROVAL	tests/mpi/test_halo_exchange.cpp	tests/mpi/test_halo_exchange.cpp	16326b85de13e9d35dee1de715d44cce0fe2181ea9a51c5af951d5232840fae3	b247ea352dbbc5edf7501a81ca7bae022cb682e5b3d965beeb456e2e40673720	test_include_path_update_not_exported
66080e324089599711fdb26082af9b330bfdb5ce	ab071a61f00eba9ec973beb0fe600066a33ef74f	PENDING_APPROVAL	PENDING_APPROVAL	tests/mpi/test_ideal_gas_closure.cpp	tests/mpi/test_ideal_gas_closure.cpp	3b8a1bb1e52a87db21b780c568592dfcf0b66b2e9b5c20e790a7ba3e5ad28061	b191456d39fe5ad217dc3b071f14036079917e3a4bdb2f26f7cc342cda4244f4	test_include_path_update_not_exported
66080e324089599711fdb26082af9b330bfdb5ce	ab071a61f00eba9ec973beb0fe600066a33ef74f	PENDING_APPROVAL	PENDING_APPROVAL	tests/mpi/test_ideal_gas_diagnostics.cpp	tests/mpi/test_ideal_gas_diagnostics.cpp	49d8b67e8d3a3549771b7f4759fd9d38d09d44391087fb394a1dd80c9188fe91	5e4a179926023953ac795839dbaf6ffb86e3521e2fd5eb0cd7f99bb93f4414a6	test_include_path_update_not_exported
66080e324089599711fdb26082af9b330bfdb5ce	ab071a61f00eba9ec973beb0fe600066a33ef74f	PENDING_APPROVAL	PENDING_APPROVAL	tests/mpi/test_ideal_gas_piso.cpp	tests/mpi/test_ideal_gas_piso.cpp	5c2f7358f01db6322d2d0ae10dc692bad7f74ecb02cab5eba1ae6f430dcc6bf8	d91c8130f83dcf535ecd33e6ee604ec71fb33acf6a65bcf5c09877ae2a2f4b98	test_include_path_update_not_exported
66080e324089599711fdb26082af9b330bfdb5ce	ab071a61f00eba9ec973beb0fe600066a33ef74f	PENDING_APPROVAL	PENDING_APPROVAL	tests/mpi/test_immersed_closed_transient.cpp	tests/mpi/test_immersed_closed_transient.cpp	fa0cb085f1a70e0e20d28f7ad705c162b048f5ec301545e9a51a59cf2b0cd543	8de0eec57e777b658aea8df9362da2167b5a16761002af0463634349cf32fb17	test_include_path_update_not_exported
66080e324089599711fdb26082af9b330bfdb5ce	ab071a61f00eba9ec973beb0fe600066a33ef74f	PENDING_APPROVAL	PENDING_APPROVAL	tests/mpi/test_immersed_domain.cpp	tests/mpi/test_immersed_domain.cpp	fc8c45a5e47d508a83444b106c5c5e2483e4f2ea604404369a62eb829c837884	b918614500992512be799b96e48f84866aaa909f547846154ba3ad5f4900279a	test_include_path_update_not_exported
66080e324089599711fdb26082af9b330bfdb5ce	ab071a61f00eba9ec973beb0fe600066a33ef74f	PENDING_APPROVAL	PENDING_APPROVAL	tests/mpi/test_immersed_operator.cpp	tests/mpi/test_immersed_operator.cpp	cf31d59e0754d32754db80a8234074f38c259e3ff7b9d5b848e83dab60ba4fd1	b2b6ad3c2907bebcac2bbb376e58e8abb6f7f34155b41c88909ae5844f81ea5c	test_include_path_update_not_exported
66080e324089599711fdb26082af9b330bfdb5ce	ab071a61f00eba9ec973beb0fe600066a33ef74f	PENDING_APPROVAL	PENDING_APPROVAL	tests/mpi/test_immersed_piso.cpp	tests/mpi/test_immersed_piso.cpp	af24f0f246afc293cb75c23b305c46638f09a7177c2614fb5a85e06105fec739	6b795ef86f3e5f949b866d1421c46aec900610d8d91a3af658b453e2be8c66d4	test_include_path_update_not_exported
66080e324089599711fdb26082af9b330bfdb5ce	ab071a61f00eba9ec973beb0fe600066a33ef74f	PENDING_APPROVAL	PENDING_APPROVAL	tests/mpi/test_immersed_pressure_operator.cpp	tests/mpi/test_immersed_pressure_operator.cpp	7b217246bf7e4ab7a4934c2920b2d38ce84d19528fae17957a1ea379b50cf47b	b70cdb266713641c815340f115df2595b89e2444b38c38cea09be062f0d7f87c	test_include_path_update_not_exported
66080e324089599711fdb26082af9b330bfdb5ce	ab071a61f00eba9ec973beb0fe600066a33ef74f	PENDING_APPROVAL	PENDING_APPROVAL	tests/mpi/test_immersed_reconstruction.cpp	tests/mpi/test_immersed_reconstruction.cpp	d91dcc5bb5519c261e6eb3e17e314034ae473d926e22f84343e189060ae63451	475bd489c0d7edbb3f403641e091fb823924f20cd118199a65998db3474397c5	test_include_path_update_not_exported
66080e324089599711fdb26082af9b330bfdb5ce	ab071a61f00eba9ec973beb0fe600066a33ef74f	PENDING_APPROVAL	PENDING_APPROVAL	tests/mpi/test_immersed_surface_mpi.cpp	tests/mpi/test_immersed_surface_mpi.cpp	dc4ca8d2ef8a1d7c2c3560ac15b78fe1dc01c5c240680beb00502d8ef386e826	1e3e1bf9de357e6b20d75f1b907ad82e559f98941f78f9d9bdf47fa8e89ae9f1	test_include_path_update_not_exported
66080e324089599711fdb26082af9b330bfdb5ce	ab071a61f00eba9ec973beb0fe600066a33ef74f	PENDING_APPROVAL	PENDING_APPROVAL	tests/mpi/test_immersed_transaction.cpp	tests/mpi/test_immersed_transaction.cpp	fef71e39c711218fdc77f5fb3aff8b8dfd28e69e1e9cbc76056ee3345b10ee48	6354e18c507f6017d82736d9d4a32279c1d92822d525da25f8a6e41db0c8be5a	test_include_path_update_not_exported
66080e324089599711fdb26082af9b330bfdb5ce	ab071a61f00eba9ec973beb0fe600066a33ef74f	PENDING_APPROVAL	PENDING_APPROVAL	tests/mpi/test_laminar_ibm_decomposition.cpp	tests/mpi/test_laminar_ibm_decomposition.cpp	fa9c29be35ed706df8610c254e26d02602bf7d9c61f44a6eb5bba60a0caf078a	926c5b838358df7d20f179343955e673f1c14a8c04705b4732a71670c053abcc	test_include_path_update_not_exported
66080e324089599711fdb26082af9b330bfdb5ce	ab071a61f00eba9ec973beb0fe600066a33ef74f	PENDING_APPROVAL	PENDING_APPROVAL	tests/mpi/test_local_flow_pattern_mpi.cpp	tests/mpi/test_local_flow_pattern_mpi.cpp	863852dab1fb7fbe08a6a27d508a59bd2ca44f60468ee965afc010f8ae55eda1	ac029b2b78fc7b5779d20de4ac3b49a7e70349119031787d147cb155658f4701	test_include_path_update_not_exported
66080e324089599711fdb26082af9b330bfdb5ce	ab071a61f00eba9ec973beb0fe600066a33ef74f	PENDING_APPROVAL	PENDING_APPROVAL	tests/mpi/test_material_density_diagnostics.cpp	tests/mpi/test_material_density_diagnostics.cpp	8a6c6c705743832f4e35147e1e336d2459a227ba9b3de9b4f9bdb5678962276f	d1f7dc4b88efc509e9e5c2b2d6c3a2c7a3377974c91aebf553f8ce2c0834f8f8	test_include_path_update_not_exported
66080e324089599711fdb26082af9b330bfdb5ce	ab071a61f00eba9ec973beb0fe600066a33ef74f	PENDING_APPROVAL	PENDING_APPROVAL	tests/mpi/test_material_density_piso.cpp	tests/mpi/test_material_density_piso.cpp	407e1f5cab7c6bcaf1fcb107145b2143f948115f1e421ff7fe2c72aac5cd16b3	658f67648e44158131426cf620b31ff3a8929b521c0e75003c12bd8abd27248c	test_include_path_update_not_exported
66080e324089599711fdb26082af9b330bfdb5ce	ab071a61f00eba9ec973beb0fe600066a33ef74f	PENDING_APPROVAL	PENDING_APPROVAL	tests/mpi/test_material_density_piso_diagnostics.cpp	tests/mpi/test_material_density_piso_diagnostics.cpp	c9252d8f6639fafbbea753dd2ea684b0b950f840f91f73757e992a3823b50487	cc4403532158cf4eacb7b1883f7bfeb8b4d57a4d7dd337c46b05e29117e74df4	test_include_path_update_not_exported
66080e324089599711fdb26082af9b330bfdb5ce	ab071a61f00eba9ec973beb0fe600066a33ef74f	PENDING_APPROVAL	PENDING_APPROVAL	tests/mpi/test_material_density_transport.cpp	tests/mpi/test_material_density_transport.cpp	131981aa80bafa91e2c335611415b71053b594360145a972b3c0f111bade9d65	e02b507c142c297cf64ab1c946a1bb8245ddedc6985d2a9bc12d130a876a1220	test_include_path_update_not_exported
66080e324089599711fdb26082af9b330bfdb5ce	ab071a61f00eba9ec973beb0fe600066a33ef74f	PENDING_APPROVAL	PENDING_APPROVAL	tests/mpi/test_material_density_wave.cpp	tests/mpi/test_material_density_wave.cpp	2abf23d0cdc834d676251249472c9c9de2eb3866e51cf5df169e921700de7dc6	d1435cd515e6e73859ed27c7bec157e4d8f9090bc840cd8082c0dcf300ce0399	test_include_path_update_not_exported
66080e324089599711fdb26082af9b330bfdb5ce	ab071a61f00eba9ec973beb0fe600066a33ef74f	PENDING_APPROVAL	PENDING_APPROVAL	tests/mpi/test_matrix_free_poisson.cpp	tests/mpi/test_matrix_free_poisson.cpp	61f0841334b33dbfd0b809fd4e8b9aacd5c4587085dce65f90e9dfc19cdb484a	edb46ccdc6aec8d9d4445ac2250ce4913b7bd11d8176015749d78a060dc0187c	test_include_path_update_not_exported
66080e324089599711fdb26082af9b330bfdb5ce	ab071a61f00eba9ec973beb0fe600066a33ef74f	PENDING_APPROVAL	PENDING_APPROVAL	tests/mpi/test_mesh_geometry.cpp	tests/mpi/test_mesh_geometry.cpp	bba551a65a0e79ba852b6b347c325dc58697498c0b3d92c08e07bde1cf833c71	47330f9120893587978e080797e0fb460340a59dfaa462d828956905ad6d6596	test_include_path_update_not_exported
66080e324089599711fdb26082af9b330bfdb5ce	ab071a61f00eba9ec973beb0fe600066a33ef74f	PENDING_APPROVAL	PENDING_APPROVAL	tests/mpi/test_mesh_topology.cpp	tests/mpi/test_mesh_topology.cpp	93ab31cadd9a7c0f5e23a9c85e188833215021d10b636434983eaab774146fd1	d3a6695acbf425fd54a881a46338aad1487f926ef820e9e806899b90a23c5fc4	test_include_path_update_not_exported
66080e324089599711fdb26082af9b330bfdb5ce	ab071a61f00eba9ec973beb0fe600066a33ef74f	PENDING_APPROVAL	PENDING_APPROVAL	tests/mpi/test_momentum_predictor_collective.cpp	tests/mpi/test_momentum_predictor_collective.cpp	9ac2ba68a704ab922822882f28ba32a0c6bfa40af9e79e56edd8dd367445972f	5406637298ed9678dfa83641e2a508ce524839d1db226f63ee523c07e2dc3e8e	test_include_path_update_not_exported
66080e324089599711fdb26082af9b330bfdb5ce	ab071a61f00eba9ec973beb0fe600066a33ef74f	PENDING_APPROVAL	PENDING_APPROVAL	tests/mpi/test_mpi_context.cpp	tests/mpi/test_mpi_context.cpp	8349ab2ec59e22a9eb4e2730ea459f658b7186fefaf53fceacb1c52cc75d08d8	5fc27636fffaa0b30e34b5bf224c3b3884333f0b96319a2a86cca5f17d91790a	test_include_path_update_not_exported
66080e324089599711fdb26082af9b330bfdb5ce	ab071a61f00eba9ec973beb0fe600066a33ef74f	PENDING_APPROVAL	PENDING_APPROVAL	tests/mpi/test_mpi_external_lifecycle.cpp	tests/mpi/test_mpi_external_lifecycle.cpp	73074e21b0fa6f044b984e21f5d363aeaf4d60771cd1bec9b9a6ecb091388949	8a1c5a4efef356842df738a02b8df5de224d5422a8838c799740f721a2a56b21	test_include_path_update_not_exported
66080e324089599711fdb26082af9b330bfdb5ce	ab071a61f00eba9ec973beb0fe600066a33ef74f	PENDING_APPROVAL	PENDING_APPROVAL	tests/mpi/test_passive_scalar_mpi.cpp	tests/mpi/test_passive_scalar_mpi.cpp	ea04429e97ebcb0057ac5aea5e8e0ed4af8c612a522472c297699cca8d4f7356	2d893bb9f6c986beb27a797e662375b3e805e3f1a5180dd57d0023b112ad66c4	test_include_path_update_not_exported
66080e324089599711fdb26082af9b330bfdb5ce	ab071a61f00eba9ec973beb0fe600066a33ef74f	PENDING_APPROVAL	PENDING_APPROVAL	tests/mpi/test_piso_decomposition.cpp	tests/mpi/test_piso_decomposition.cpp	9ee3f1d5b831f16e0133564f599aa83a29c2b3fae4cb40598a4f4dfc84496815	305c4da7abd4c40f72fb2e41a6769d32179d64878d6c3a177a539175ec5a4ba6	test_include_path_update_not_exported
66080e324089599711fdb26082af9b330bfdb5ce	ab071a61f00eba9ec973beb0fe600066a33ef74f	PENDING_APPROVAL	PENDING_APPROVAL	tests/mpi/test_quadratic_reconstruction_mpi.cpp	tests/mpi/test_quadratic_reconstruction_mpi.cpp	8101781c939a9833b628399f4162283a46f3c0b3447dc61796455c574d763d29	0246ad305e41f0fa2666f2ce8ff4adc209e14dd89551d63e7392d53c5964fc38	test_include_path_update_not_exported
66080e324089599711fdb26082af9b330bfdb5ce	ab071a61f00eba9ec973beb0fe600066a33ef74f	PENDING_APPROVAL	PENDING_APPROVAL	tests/mpi/test_resolved_case_broadcast.cpp	tests/mpi/test_resolved_case_broadcast.cpp	1642b0bab117cff8497beb18f3126d442c295f5b161967de4ecfed7399f0b0eb	4a1d2ad892051e0a8df6b304e8787ce3e1fce05d38885abd543fc7cf30ac6c09	test_include_path_update_not_exported
66080e324089599711fdb26082af9b330bfdb5ce	ab071a61f00eba9ec973beb0fe600066a33ef74f	PENDING_APPROVAL	PENDING_APPROVAL	tests/mpi/test_resolved_case_v3_broadcast.cpp	tests/mpi/test_resolved_case_v3_broadcast.cpp	79816cc08bf0886e52635c2b0e03d66db4c71929d9bca8b1fbefe54e0d975459	f0d8dd3a3899702f6cd8cbe9b7feea81db7b80de323b88f5cbdd44103382d698	test_include_path_update_not_exported
66080e324089599711fdb26082af9b330bfdb5ce	ab071a61f00eba9ec973beb0fe600066a33ef74f	PENDING_APPROVAL	PENDING_APPROVAL	tests/mpi/test_restart_checkpoint.cpp	tests/mpi/test_restart_checkpoint.cpp	0da65c20c5e62a6bd953e804adf58f60afe032de6ffe77959e8e41f37b71c2c0	b65c24d40d0dbd527e558758b2c4eb487c1efb4b952d254b1b187b55db2abef5	test_include_path_update_not_exported
66080e324089599711fdb26082af9b330bfdb5ce	ab071a61f00eba9ec973beb0fe600066a33ef74f	PENDING_APPROVAL	PENDING_APPROVAL	tests/mpi/test_task11_signed_force_authority.cpp	tests/mpi/test_task11_signed_force_authority.cpp	fbc5fd4e61a2b2cf9fbbc37c8822db9fb680366f28f010b5d7434c56394791a0	60c8676ac730073f2921af0ba3c6bda1bf246b6ad858c0ccbbe3f22fd1f0bd23	test_include_path_update_not_exported
66080e324089599711fdb26082af9b330bfdb5ce	ab071a61f00eba9ec973beb0fe600066a33ef74f	PENDING_APPROVAL	PENDING_APPROVAL	tests/mpi/test_taylor_green_piso.cpp	tests/mpi/test_taylor_green_piso.cpp	baefe8af0adc12dbe5a1d8317278df4e0b8b5af8bb228aeac0ab6aca8bd650d1	5bd1d1301c250cd094ecb93db2047ad3806ee15c981202c88469e783b7b7c38e	test_include_path_update_not_exported
66080e324089599711fdb26082af9b330bfdb5ce	ab071a61f00eba9ec973beb0fe600066a33ef74f	PENDING_APPROVAL	PENDING_APPROVAL	tests/mpi/test_time_consistent_face_velocity.cpp	tests/mpi/test_time_consistent_face_velocity.cpp	a98a9910653634634132f2d324fe879b0e1d9c1352a45fda83076ac151d428cc	0f346cbc2ae9dd8a064d570598fadd075d849a7819b8e0d300dbfec15a85c481	test_include_path_update_not_exported
66080e324089599711fdb26082af9b330bfdb5ce	ab071a61f00eba9ec973beb0fe600066a33ef74f	PENDING_APPROVAL	PENDING_APPROVAL	tests/mpi/test_variable_density_vortex.cpp	tests/mpi/test_variable_density_vortex.cpp	38eeae77389a0c0618b5f75780d1bf9dbd9bd1999d786ed18da34ea201bcfdd4	50ddf35c95d8d3fd333b606600ba772cb3ad734ad2ae1dab2172718c9e9b25e4	test_include_path_update_not_exported
66080e324089599711fdb26082af9b330bfdb5ce	ab071a61f00eba9ec973beb0fe600066a33ef74f	PENDING_APPROVAL	PENDING_APPROVAL	tests/mpi/test_vector_ops_mpi.cpp	tests/mpi/test_vector_ops_mpi.cpp	39eeda85cf24897128e801dc7cdb3ca25637ae0e210f1fa9989225222c5ca395	4341322fb83afee4616894e631905c4cdc5e1f305525c7ee6ee73c12b5a9c439	test_include_path_update_not_exported
66080e324089599711fdb26082af9b330bfdb5ce	ab071a61f00eba9ec973beb0fe600066a33ef74f	PENDING_APPROVAL	PENDING_APPROVAL	tests/mpi/test_wall_force.cpp	tests/mpi/test_wall_force.cpp	ac1af53985c19c3c580abb9a78a297a612fdac2fb88dfdbb5bc24d17ec6ab782	f21e20c193d1fdf1c29a584e7d37c29e3a77c1ebe40f91a00a17198a5c95ef58	test_include_path_update_not_exported
66080e324089599711fdb26082af9b330bfdb5ce	ab071a61f00eba9ec973beb0fe600066a33ef74f	PENDING_APPROVAL	PENDING_APPROVAL	tests/mpi/test_wall_quadrature_plan.cpp	tests/mpi/test_wall_quadrature_plan.cpp	ee38b2fb7c7ba7914475c55847ad4d222d8ac47aaa0b35a7689b9415feda69f0	64b83de2ba64e461bff5fa4d54f87c0e2329a126d5994563aa18938a65693141	test_include_path_update_not_exported
66080e324089599711fdb26082af9b330bfdb5ce	ab071a61f00eba9ec973beb0fe600066a33ef74f	PENDING_APPROVAL	PENDING_APPROVAL	tests/numerical/test_laminar_ibm_engineering.cpp	tests/numerical/test_laminar_ibm_engineering.cpp	7324f93430f2ab6f2f45c2cb7e38ca4e9c294b8139ed470bccd41c3e8a31374e	6f9edcafdfb278a892a8c2e33030b65bc64c37ed4366a6a250601fff16bc7925	test_include_path_update_not_exported
66080e324089599711fdb26082af9b330bfdb5ce	ab071a61f00eba9ec973beb0fe600066a33ef74f	PENDING_APPROVAL	PENDING_APPROVAL	tests/numerical/test_laminar_ibm_order.cpp	tests/numerical/test_laminar_ibm_order.cpp	b31c0fe661ae05552a8a7779b3d971de5ab3d7aadb0180f6207243b191607647	efaca33bf1d98b80e3565a79d12a2341c61dc7d17dc8b1e90829b4e24a314804	test_include_path_update_not_exported
66080e324089599711fdb26082af9b330bfdb5ce	ab071a61f00eba9ec973beb0fe600066a33ef74f	PENDING_APPROVAL	PENDING_APPROVAL	tests/numerical/test_poisson_sine.cpp	tests/numerical/test_poisson_sine.cpp	43428731cd42004b2e0db627c6d0513f8ce74b8cb497cffb47e858ad244dd464	22c5ac15eff92c4d470382c4c9aa915fab8a9f28416e16ffe5407fbdf642d672	test_include_path_update_not_exported
66080e324089599711fdb26082af9b330bfdb5ce	ab071a61f00eba9ec973beb0fe600066a33ef74f	PENDING_APPROVAL	PENDING_APPROVAL	tests/plugins/mock_plugin.c	tests/plugins/mock_plugin.c	0bad0620e7a40d34007c11b3c562a495e89a90eaee37c9a1681396255ee473cc	f4e3726206d3cf9005b8c1227a0545e1b3231804436a48a1246c3e65c2f08102	test_include_path_update_not_exported
66080e324089599711fdb26082af9b330bfdb5ce	ab071a61f00eba9ec973beb0fe600066a33ef74f	PENDING_APPROVAL	PENDING_APPROVAL	tests/support/adaptive_time_control_test_support.hpp	tests/support/adaptive_time_control_test_support.hpp	5cae754415aa1c20e5e4e1833f50fbddb3579620beb943b5844373ee18d06cd1	0960e7450961f90145190fe442146b9072f1d6681efafe52e495e37c9814f125	test_include_path_update_not_exported
66080e324089599711fdb26082af9b330bfdb5ce	ab071a61f00eba9ec973beb0fe600066a33ef74f	PENDING_APPROVAL	PENDING_APPROVAL	tests/support/checkpoint_v2_product_oracle.hpp	tests/support/checkpoint_v2_product_oracle.hpp	18f238338ce669f158b917dc5d4f686f47d918321a80befd9fa224c20dff1bdf	6372b3099b041b8ac01e098fb5a6290587a5a0717f9b91895aa57d5f66460cf5	test_include_path_update_not_exported
66080e324089599711fdb26082af9b330bfdb5ce	ab071a61f00eba9ec973beb0fe600066a33ef74f	PENDING_APPROVAL	PENDING_APPROVAL	tests/support/flow_state_equality.hpp	tests/support/flow_state_equality.hpp	9ad4af28cf3a73422ebc74b972f04cb632ed19cd35a5caa583f392196a18ab21	1d19850a2e5186aa0db9d835c9a70ae255fe8d5379859f40c3714011932010b7	test_include_path_update_not_exported
66080e324089599711fdb26082af9b330bfdb5ce	ab071a61f00eba9ec973beb0fe600066a33ef74f	PENDING_APPROVAL	PENDING_APPROVAL	tests/support/stage3_decomposition_equality.hpp	tests/support/stage3_decomposition_equality.hpp	775784c65ee78ba4e47409fe8e541a70976cd6172b938d06e10b0d939b5f24df	569c461e7d7d929d78b9020f213c1b3c9930f4f604d877d92cf1fbc992b87c31	test_include_path_update_not_exported
66080e324089599711fdb26082af9b330bfdb5ce	ab071a61f00eba9ec973beb0fe600066a33ef74f	PENDING_APPROVAL	PENDING_APPROVAL	tests/support/stage3_mms.cpp	tests/support/stage3_mms.cpp	c58d84f2080da3342d24748ad9b22735288fb173ef2063429b8e6213777cd99a	7e91366d45c7f5a9ecd3f6b6b69c4c3f476d16b1a9148f72465b680810d0ebdf	test_include_path_update_not_exported
66080e324089599711fdb26082af9b330bfdb5ce	ab071a61f00eba9ec973beb0fe600066a33ef74f	PENDING_APPROVAL	PENDING_APPROVAL	tests/support/stage3_mms.hpp	tests/support/stage3_mms.hpp	62097604cd59043c272890efd670d96c01f661d4ea0921287992b06e07587b3e	3bdb717ba653fd3f9a9d6433b6b1ad57d03cb94331d56027398f231526d513a3	test_include_path_update_not_exported
66080e324089599711fdb26082af9b330bfdb5ce	ab071a61f00eba9ec973beb0fe600066a33ef74f	PENDING_APPROVAL	PENDING_APPROVAL	tests/support/stage3_state_equality.hpp	tests/support/stage3_state_equality.hpp	77ecb11959355e18edc1121ac750713f32c3b461dac2e797acd9eaf955228930	1771baee15f21dc77a813cf2599c073a977a565efca18052484d4fb5d5678722	test_include_path_update_not_exported
66080e324089599711fdb26082af9b330bfdb5ce	ab071a61f00eba9ec973beb0fe600066a33ef74f	PENDING_APPROVAL	PENDING_APPROVAL	tests/support/stage3_stl_fixture.hpp	tests/support/stage3_stl_fixture.hpp	12b986987ee5b9d5907801500e0b2a879852c37dd6408f10e2e484536f2c4bf1	3da1544205b2243e1d844981596381b676784b140f430c8bd5ca78c7c78d6b71	test_include_path_update_not_exported
66080e324089599711fdb26082af9b330bfdb5ce	ab071a61f00eba9ec973beb0fe600066a33ef74f	PENDING_APPROVAL	PENDING_APPROVAL	tests/support/stage3_test_contracts.hpp	tests/support/stage3_test_contracts.hpp	81b804fc7d11ba5b9dedc403d99184a231e0767d51077d697befd12a45322647	eadfc19ddd95e916e263a1ced981b1b64792f87703193196797fa34fa0551b44	test_include_path_update_not_exported
66080e324089599711fdb26082af9b330bfdb5ce	ab071a61f00eba9ec973beb0fe600066a33ef74f	PENDING_APPROVAL	PENDING_APPROVAL	tests/support/task25_counter_checks.hpp	tests/support/task25_counter_checks.hpp	dfb6acec3406cc85796040cca5ae82fad088f475c61a1d29222755cf147b6086	3fecc8b5ee00254c03ceb7fbed0e4012313453ac31a808d52dd4fb767fd5362f	test_include_path_update_not_exported
66080e324089599711fdb26082af9b330bfdb5ce	ab071a61f00eba9ec973beb0fe600066a33ef74f	PENDING_APPROVAL	PENDING_APPROVAL	tests/support/task25_performance_evidence.cpp	tests/support/task25_performance_evidence.cpp	b24a00926c4e36d475628b7da6e59a0fdd5599a3d08024da8347a0abf2f8430e	7fc40778caee1e3bf6ed127ca30a39d123740da24d4d756bf4220c58e51800c3	test_include_path_update_not_exported
66080e324089599711fdb26082af9b330bfdb5ce	ab071a61f00eba9ec973beb0fe600066a33ef74f	PENDING_APPROVAL	PENDING_APPROVAL	tests/unit/test_adaptive_time_control.cpp	tests/unit/test_adaptive_time_control.cpp	f0c5bd447732761fa170c1c9165ced6b30363e68f852ebecb58ecaadf0c12cda	241675108bac723e8c79ae1a1e8ce3d116890a22823e43ae2dc0b82e3bf5c36a	test_include_path_update_not_exported
66080e324089599711fdb26082af9b330bfdb5ce	ab071a61f00eba9ec973beb0fe600066a33ef74f	PENDING_APPROVAL	PENDING_APPROVAL	tests/unit/test_adaptive_time_control_header_contract.cpp	tests/unit/test_adaptive_time_control_header_contract.cpp	3dcc97cc5cc14bff0a528ab4011c3674daea79967c2659e8f95d1f79dfa220da	7e55e2e2a22e1b131c9cdf78c83a44ca393c555657c014e70cb10266cbe9d331	test_include_path_update_not_exported
66080e324089599711fdb26082af9b330bfdb5ce	ab071a61f00eba9ec973beb0fe600066a33ef74f	PENDING_APPROVAL	PENDING_APPROVAL	tests/unit/test_basic_boundary_header_contract.cpp	tests/unit/test_basic_boundary_header_contract.cpp	168f457fabefc21308ed8a67d8b3195110d7f5576b091f1ecdd2de17a9fe0ccc	1fa1bf9e5bbc98e61e1a3e47fff2fc01ffb9f1c1c06faca5db054a3ff90a6ceb	governance_path_update_not_exported
66080e324089599711fdb26082af9b330bfdb5ce	ab071a61f00eba9ec973beb0fe600066a33ef74f	PENDING_APPROVAL	PENDING_APPROVAL	tests/unit/test_bicgstab_header_contract.cpp	tests/unit/test_bicgstab_header_contract.cpp	f61561312bae21babee9f58b9fa13d95ec0e646f695ccec6b130905d85db69e6	4d046f9e7b21342cf4dd855a020ae842d3b76a849747f39b68dfe9ed574a1e59	test_include_path_update_not_exported
66080e324089599711fdb26082af9b330bfdb5ce	ab071a61f00eba9ec973beb0fe600066a33ef74f	PENDING_APPROVAL	PENDING_APPROVAL	tests/unit/test_case_config.cpp	tests/unit/test_case_config.cpp	6bbddce1d7718aed4569e67d67a14c6a829b7c8ac57a8530ce959d25068d0d52	c12d5e36a77cfff1267ab4076e3e92d5d3cc1daba234c64311dad9148e8e7d93	test_include_path_update_not_exported
66080e324089599711fdb26082af9b330bfdb5ce	ab071a61f00eba9ec973beb0fe600066a33ef74f	PENDING_APPROVAL	PENDING_APPROVAL	tests/unit/test_cell_centered_fvm_header_contract.cpp	tests/unit/test_cell_centered_fvm_header_contract.cpp	906e0dc0bd113f38300eae077ef97671a3d486db7f7698897f5d994f73881af4	827b4f52dab0efe760f9941034fb56fe633f11e06ea6a9500e17d2f23675adc4	test_include_path_update_not_exported
66080e324089599711fdb26082af9b330bfdb5ce	ab071a61f00eba9ec973beb0fe600066a33ef74f	PENDING_APPROVAL	PENDING_APPROVAL	tests/unit/test_checkpoint_v2_epoch.cpp	tests/unit/test_checkpoint_v2_epoch.cpp	4301ac2fdb4b6c96d9eec77382eba8feb401d019e16a26f10f02276ff39fadb6	944fce13f95dcef616f65d7080b2e80bd3ed10ce5d87a779def1283a3a242785	test_include_path_update_not_exported
66080e324089599711fdb26082af9b330bfdb5ce	ab071a61f00eba9ec973beb0fe600066a33ef74f	PENDING_APPROVAL	PENDING_APPROVAL	tests/unit/test_checkpoint_v2_header_contract.cpp	tests/unit/test_checkpoint_v2_header_contract.cpp	5e9ec980702813ca47a3e9badaacebf9d14cf227175c8392ca57a499897dafce	9577e577cbb37f5ebe96c17042528cb1f5130b390c29b29785e2c34f3a5101fc	test_include_path_update_not_exported
66080e324089599711fdb26082af9b330bfdb5ce	ab071a61f00eba9ec973beb0fe600066a33ef74f	PENDING_APPROVAL	PENDING_APPROVAL	tests/unit/test_checkpoint_v2_protocol.cpp	tests/unit/test_checkpoint_v2_protocol.cpp	477fb7fcfd84921e0cb728b4a91be5efc238785097a0a51626b3408d43276151	68def4419ccdc1caf8edc60fb21ce509d818ed1d84c6b07418417f0089fd4ebb	test_include_path_update_not_exported
66080e324089599711fdb26082af9b330bfdb5ce	ab071a61f00eba9ec973beb0fe600066a33ef74f	PENDING_APPROVAL	PENDING_APPROVAL	tests/unit/test_cli_options.cpp	tests/unit/test_cli_options.cpp	ad49f09e6b28d775ed834d41512cea0a4e10a080d345ade7243349041ebfd85e	fa17298ddbf39e155a07feb82932592e78f7bdb3d27aa71364eb85675c85b3b7	test_include_path_update_not_exported
66080e324089599711fdb26082af9b330bfdb5ce	ab071a61f00eba9ec973beb0fe600066a33ef74f	PENDING_APPROVAL	PENDING_APPROVAL	tests/unit/test_conjugate_gradient_header_contract.cpp	tests/unit/test_conjugate_gradient_header_contract.cpp	081f436a6843f3d1984d305536416641fc6160925e78d1e97d55be3cae6e1fb5	39bedf487a113109630b3ba5cedd471a53bcdbc4b37d0052a7aaf9ebce5e140f	test_include_path_update_not_exported
66080e324089599711fdb26082af9b330bfdb5ce	ab071a61f00eba9ec973beb0fe600066a33ef74f	PENDING_APPROVAL	PENDING_APPROVAL	tests/unit/test_diagnostic_session.cpp	tests/unit/test_diagnostic_session.cpp	a71c4bd686799c6e07d0cb88dca8119367f0b2d0f0bd795101d960a0cf09a941	9d5421abdb21d92f47bf24800023906b003aba7fd7d0ad0b78f58bd3565185a2	test_include_path_update_not_exported
66080e324089599711fdb26082af9b330bfdb5ce	ab071a61f00eba9ec973beb0fe600066a33ef74f	PENDING_APPROVAL	PENDING_APPROVAL	tests/unit/test_execution.cpp	tests/unit/test_execution.cpp	16de5231768de3809fcbd0a9fde1d7ae4781124c976929f337d5a920bd7086c8	daead95aa5799c5c41d9ca1b0300881922e867d1a5b63cbbb8e23a9609b27d60	test_include_path_update_not_exported
66080e324089599711fdb26082af9b330bfdb5ce	ab071a61f00eba9ec973beb0fe600066a33ef74f	PENDING_APPROVAL	PENDING_APPROVAL	tests/unit/test_field_access.cpp	tests/unit/test_field_access.cpp	bbd2a0d658faba4a7dce12a5202103a1030bbfc87bf4beb31e4905d486905d1b	647ecae02d1d32e0106ef451496c4ae65df0b5fb61a0c0f09a11444a8b3bea76	test_include_path_update_not_exported
66080e324089599711fdb26082af9b330bfdb5ce	ab071a61f00eba9ec973beb0fe600066a33ef74f	PENDING_APPROVAL	PENDING_APPROVAL	tests/unit/test_field_kernel_view.cpp	tests/unit/test_field_kernel_view.cpp	c2b50702a830313a9d02e14a984424b1725d0bba80d08d2a1513df1cea21d534	2de73239b8dc3feb8d9da5b4b4e88123a46c9753ef6e51697f25f51777a8db3a	test_include_path_update_not_exported
66080e324089599711fdb26082af9b330bfdb5ce	ab071a61f00eba9ec973beb0fe600066a33ef74f	PENDING_APPROVAL	PENDING_APPROVAL	tests/unit/test_field_storage.cpp	tests/unit/test_field_storage.cpp	3ab4a2b7237bb0d164e759cce9152779e40335e54d60486210f8a43972799fd8	50e7743aea1b43f2104eb062f40748a261f398d59ff19f894dc36dec40da0f16	test_include_path_update_not_exported
66080e324089599711fdb26082af9b330bfdb5ce	ab071a61f00eba9ec973beb0fe600066a33ef74f	PENDING_APPROVAL	PENDING_APPROVAL	tests/unit/test_field_view_header_contract.cpp	tests/unit/test_field_view_header_contract.cpp	65ce9a0fa15c0b5fe6df1ef7adc0c81723fb5e1731abc113819e257a130d28c9	0d67d30a18a05ebe86769e9df94614f590e529ce080ad24112b49bb06ea58042	test_include_path_update_not_exported
66080e324089599711fdb26082af9b330bfdb5ce	ab071a61f00eba9ec973beb0fe600066a33ef74f	PENDING_APPROVAL	PENDING_APPROVAL	tests/unit/test_flow_state.cpp	tests/unit/test_flow_state.cpp	7db964b92c1729b2cb5d4260af302364a0f9997f87074ae727b63a6ce1222ece	bc84779c991d05b408afb4d05ea5cd2f90585e725c0540ca0f10468ba12821da	test_include_path_update_not_exported
66080e324089599711fdb26082af9b330bfdb5ce	ab071a61f00eba9ec973beb0fe600066a33ef74f	PENDING_APPROVAL	PENDING_APPROVAL	tests/unit/test_ghost_stencil_header_contract.cpp	tests/unit/test_ghost_stencil_header_contract.cpp	b74099bf9cf309920f1c6fe7d82f5e1f5fa6af8f184bf7cfdaea2f24320c3132	60decc233406b80c3dede464c490ebcf0ec64277e324ea2136f527e92e9295a7	test_include_path_update_not_exported
66080e324089599711fdb26082af9b330bfdb5ce	ab071a61f00eba9ec973beb0fe600066a33ef74f	PENDING_APPROVAL	PENDING_APPROVAL	tests/unit/test_ghosted_vector.cpp	tests/unit/test_ghosted_vector.cpp	e6f1dc68351724df1f237804c00d550a809af489839fff20f40e3bcf119be9a4	9fe58db95def4bcd99ce763bf25ffffc55e3cfd77f3f42316244d5c5b58b1665	test_include_path_update_not_exported
66080e324089599711fdb26082af9b330bfdb5ce	ab071a61f00eba9ec973beb0fe600066a33ef74f	PENDING_APPROVAL	PENDING_APPROVAL	tests/unit/test_ghosted_vector_header_contract.cpp	tests/unit/test_ghosted_vector_header_contract.cpp	5b6984236c21d707ad96982a80dd4ed0dd1d5192ff6dfbe80bf869a3ac71e1e3	6ba8b6814140cc352472478c46481afbab278bc47db81cfdd63c27fedfb93132	test_include_path_update_not_exported
66080e324089599711fdb26082af9b330bfdb5ce	ab071a61f00eba9ec973beb0fe600066a33ef74f	PENDING_APPROVAL	PENDING_APPROVAL	tests/unit/test_halo_helpers.cpp	tests/unit/test_halo_helpers.cpp	6817a4956072c3d95a8a6c101c55abe91239568d8a5f1d1676a6952d4234eb45	151c78f887304aecc963a1475d3ac5824436734d229f7889c5434658a1cf7abe	test_include_path_update_not_exported
66080e324089599711fdb26082af9b330bfdb5ce	ab071a61f00eba9ec973beb0fe600066a33ef74f	PENDING_APPROVAL	PENDING_APPROVAL	tests/unit/test_ideal_gas_header_contract.cpp	tests/unit/test_ideal_gas_header_contract.cpp	a8a44a4acd48a9fd227984cff2a1ea319f8f4ebc797340145f742ce740b95fee	c98ec475223ae0987aba6b240c999c9e9f900f8eece13dd5c417ac5ce9a48504	test_include_path_update_not_exported
66080e324089599711fdb26082af9b330bfdb5ce	ab071a61f00eba9ec973beb0fe600066a33ef74f	PENDING_APPROVAL	PENDING_APPROVAL	tests/unit/test_immersed_domain_header_contract.cpp	tests/unit/test_immersed_domain_header_contract.cpp	a3269f90054e4ac2e5f45d9e3f5204a2b312c7726762b2ad6ce059c6472d5dee	91c4591f7845f8656b5af18f2a7b2524e0596b6bdbd68ffa4ab62e6d5b96167d	test_include_path_update_not_exported
66080e324089599711fdb26082af9b330bfdb5ce	ab071a61f00eba9ec973beb0fe600066a33ef74f	PENDING_APPROVAL	PENDING_APPROVAL	tests/unit/test_immersed_operator_header_contract.cpp	tests/unit/test_immersed_operator_header_contract.cpp	3b7986bfbf506c4deb0a1307f0ddd46076d60651234415e9be99141310e5cbbf	41cdf3b5b611e70992400f7aab529b9c8958b8444b1066b202a33e4709f2730d	test_include_path_update_not_exported
66080e324089599711fdb26082af9b330bfdb5ce	ab071a61f00eba9ec973beb0fe600066a33ef74f	PENDING_APPROVAL	PENDING_APPROVAL	tests/unit/test_immersed_reconstruction_header_contract.cpp	tests/unit/test_immersed_reconstruction_header_contract.cpp	b5e4356079e4b057657a559be606ac859ec3231fce95c260d11982f40ee20e28	14eec27ddf494f8814a0c9fe0ae67702b927d1915e865efea7df9764fe51833a	test_include_path_update_not_exported
66080e324089599711fdb26082af9b330bfdb5ce	ab071a61f00eba9ec973beb0fe600066a33ef74f	PENDING_APPROVAL	PENDING_APPROVAL	tests/unit/test_immersed_surface.cpp	tests/unit/test_immersed_surface.cpp	13615af34080a6eaea0f13acd1ac115fe035da37d08bed6cb9ec479da49d12fc	367d0a5d589f519e7e467d9e223f8f338202ac547449685cc639555dffafec76	test_include_path_update_not_exported
66080e324089599711fdb26082af9b330bfdb5ce	ab071a61f00eba9ec973beb0fe600066a33ef74f	PENDING_APPROVAL	PENDING_APPROVAL	tests/unit/test_immersed_surface_header_contract.cpp	tests/unit/test_immersed_surface_header_contract.cpp	260e4d9b406dceb1b831337b76db163cf41bac148d80bec164be4cbf56d314e1	6807eca68ba4db91b0279fd0abccbc3003aa07acfeb31e990c176a4f21a12648	test_include_path_update_not_exported
66080e324089599711fdb26082af9b330bfdb5ce	ab071a61f00eba9ec973beb0fe600066a33ef74f	PENDING_APPROVAL	PENDING_APPROVAL	tests/unit/test_linear_system_header_contract.cpp	tests/unit/test_linear_system_header_contract.cpp	0c9a1f5a3cc78ba2a3eeadf46cede539c912897e43a989731bc0d12c536efe79	335749e0f834d66416434bae771b33f87254475530fca50346834cc711ba0bbf	test_include_path_update_not_exported
66080e324089599711fdb26082af9b330bfdb5ce	ab071a61f00eba9ec973beb0fe600066a33ef74f	PENDING_APPROVAL	PENDING_APPROVAL	tests/unit/test_local_flow_pattern.cpp	tests/unit/test_local_flow_pattern.cpp	79236900038eb055158c2be662a082d12df8b5bc5a370e4e28d5bfc5173118d2	6fce771a2eb205f28fd25758f39185159977fa68d22640966e90909c84224c38	test_include_path_update_not_exported
66080e324089599711fdb26082af9b330bfdb5ce	ab071a61f00eba9ec973beb0fe600066a33ef74f	PENDING_APPROVAL	PENDING_APPROVAL	tests/unit/test_local_flow_pattern_header_contract.cpp	tests/unit/test_local_flow_pattern_header_contract.cpp	51f5099b552e065d5d5765ea1d93641a09e33a2649147d0842b4778f8c198396	611b5fc8de92d660423435a669a14f9958b4129d68c0eeb97b2003cb413dec4d	test_include_path_update_not_exported
66080e324089599711fdb26082af9b330bfdb5ce	ab071a61f00eba9ec973beb0fe600066a33ef74f	PENDING_APPROVAL	PENDING_APPROVAL	tests/unit/test_material_density_piso_header_contract.cpp	tests/unit/test_material_density_piso_header_contract.cpp	fa82d75c975f2d4b8ae26930447c1fad9d1d2e756bea5103042445c867117124	1a7e057acf079e66ad30613117dc85f0c1a03325a889b1a2c72a1fd63ea74144	test_include_path_update_not_exported
66080e324089599711fdb26082af9b330bfdb5ce	ab071a61f00eba9ec973beb0fe600066a33ef74f	PENDING_APPROVAL	PENDING_APPROVAL	tests/unit/test_material_density_transport_header_contract.cpp	tests/unit/test_material_density_transport_header_contract.cpp	c0d8aed75500505541a5bb68ecac6969af6ee6f839a66ad3dc6487d47903ee49	498208d618eeaacd72036c7b6db3aba38e69b867b97e2436a2829f4a47da1787	test_include_path_update_not_exported
66080e324089599711fdb26082af9b330bfdb5ce	ab071a61f00eba9ec973beb0fe600066a33ef74f	PENDING_APPROVAL	PENDING_APPROVAL	tests/unit/test_matrix_free_poisson_header_contract.cpp	tests/unit/test_matrix_free_poisson_header_contract.cpp	f2e65aa5d6913b02c5ee8ffddc8069f6109ccaae46e67fbf97b903373e6e6f15	314f864d3ebac896cb3d1c20ba8124624372238a8809e3d48650d070e3fc67f3	test_include_path_update_not_exported
66080e324089599711fdb26082af9b330bfdb5ce	ab071a61f00eba9ec973beb0fe600066a33ef74f	PENDING_APPROVAL	PENDING_APPROVAL	tests/unit/test_mesh.cpp	tests/unit/test_mesh.cpp	145b811ca375355fac240f020feef547b071f032ad518a24b9c4440ba36399e2	a0ae78f1933772eefcc0f962385f59c374f00ba504708434a20400daf3091916	test_include_path_update_not_exported
66080e324089599711fdb26082af9b330bfdb5ce	ab071a61f00eba9ec973beb0fe600066a33ef74f	PENDING_APPROVAL	PENDING_APPROVAL	tests/unit/test_mesh_diagnostic_v2.cpp	tests/unit/test_mesh_diagnostic_v2.cpp	c5015faf5e3a37c7cf6b0e1fc79d688e42e67be2208d4b3ec14aad71b2cdde09	c190c8dd1d4dda54e26f6d55f732d054494b0e3401edeeb6830ff875b1810fa9	test_include_path_update_not_exported
66080e324089599711fdb26082af9b330bfdb5ce	ab071a61f00eba9ec973beb0fe600066a33ef74f	PENDING_APPROVAL	PENDING_APPROVAL	tests/unit/test_momentum_predictor.cpp	tests/unit/test_momentum_predictor.cpp	bc1bf52b706be02f938645bb0ba471ad432ebb50806977b323b0aca8d4ef89a9	866341f666984aa90caa235d4ae70d9c1f66ed2988301ffda6305108312a1f0e	test_include_path_update_not_exported
66080e324089599711fdb26082af9b330bfdb5ce	ab071a61f00eba9ec973beb0fe600066a33ef74f	PENDING_APPROVAL	PENDING_APPROVAL	tests/unit/test_momentum_predictor_header_contract.cpp	tests/unit/test_momentum_predictor_header_contract.cpp	9afaed4be6662ad1b896351c9244f65279e036e5abe98c13d76d0acfd9979e22	36fc7ba9895a57a293240affde591620c261e79c60f8df080c04d91edb88bdd2	test_include_path_update_not_exported
66080e324089599711fdb26082af9b330bfdb5ce	ab071a61f00eba9ec973beb0fe600066a33ef74f	PENDING_APPROVAL	PENDING_APPROVAL	tests/unit/test_mpi_operation_error.cpp	tests/unit/test_mpi_operation_error.cpp	c3d51384fcda3a3d7988d98d930506da1f407cff45e0e5be108a66a91515275d	cd006b0c855318c51786ece48437e7f2ad65fcd56b0f53aed55cbcc3ae7129ee	test_include_path_update_not_exported
66080e324089599711fdb26082af9b330bfdb5ce	ab071a61f00eba9ec973beb0fe600066a33ef74f	PENDING_APPROVAL	PENDING_APPROVAL	tests/unit/test_passive_scalar.cpp	tests/unit/test_passive_scalar.cpp	7c26b8ea80c7c317dc19a36f293f7e4b9b52bc32619e624fb1178eeac8f82e50	dd317a9547d62de51c13a9cef0aaed13f8eb1c1e4b255c6a94b7add3ab516588	test_include_path_update_not_exported
66080e324089599711fdb26082af9b330bfdb5ce	ab071a61f00eba9ec973beb0fe600066a33ef74f	PENDING_APPROVAL	PENDING_APPROVAL	tests/unit/test_performance_artifact.cpp	tests/unit/test_performance_artifact.cpp	a7668ceb9cd25b4f61f545f49829fdf8f80fcea3f9318264ff48102b3b6f52e5	7752aa47b9b67e580db5c177b7132dc7d5a644ede5394d73c22264bbd277ba71	test_include_path_update_not_exported
66080e324089599711fdb26082af9b330bfdb5ce	ab071a61f00eba9ec973beb0fe600066a33ef74f	PENDING_APPROVAL	PENDING_APPROVAL	tests/unit/test_plugin_loader.cpp	tests/unit/test_plugin_loader.cpp	299bffabfb87ee7b46e12d0295edaaaaac5f07a8cf39fc2971037e6b240b91a1	80736c92a49ef1c220b33dc18f520b0ada093d92e1f90dd055669732c481cb42	test_include_path_update_not_exported
66080e324089599711fdb26082af9b330bfdb5ce	ab071a61f00eba9ec973beb0fe600066a33ef74f	PENDING_APPROVAL	PENDING_APPROVAL	tests/unit/test_preconditioners.cpp	tests/unit/test_preconditioners.cpp	f3e7307856914c2244a5979a8fb3aeaf77a36de6794033b4a35b72dddb1658b0	c9d162f522a9e44d3b2f86908f261f9ef0806611638d1cb34521de2d370185d7	test_validation_extension_not_exported
66080e324089599711fdb26082af9b330bfdb5ce	ab071a61f00eba9ec973beb0fe600066a33ef74f	PENDING_APPROVAL	PENDING_APPROVAL	tests/unit/test_process_grid.cpp	tests/unit/test_process_grid.cpp	200b190e2c752cdc08c256ae651813cd63467c4c3d2f07b4aa24c963ba9e62dc	ccbb90f838032cece32905cca1af4b1dad4324ac2884a6addebd3a4fe4d67f18	test_include_path_update_not_exported
66080e324089599711fdb26082af9b330bfdb5ce	ab071a61f00eba9ec973beb0fe600066a33ef74f	PENDING_APPROVAL	PENDING_APPROVAL	tests/unit/test_quadratic_reconstruction.cpp	tests/unit/test_quadratic_reconstruction.cpp	fb6f5888ff4ad034888077792667e2e875934e7282967b3bd97d04a46d94c120	162752494af39a29b0409544e9479b5dd10fccb33b690fe354c3765277b46c41	test_include_path_update_not_exported
66080e324089599711fdb26082af9b330bfdb5ce	ab071a61f00eba9ec973beb0fe600066a33ef74f	PENDING_APPROVAL	PENDING_APPROVAL	tests/unit/test_quadratic_reconstruction_header_contract.cpp	tests/unit/test_quadratic_reconstruction_header_contract.cpp	cda8a4afa5b6ec6f2cfdbb7c21ea303f623a1dd2eaf70b5c87200832c9a3ee39	f32d41399d4da80f8e33d3b40e5954270968544f62538dbe1f21acf4c5a78f03	test_include_path_update_not_exported
66080e324089599711fdb26082af9b330bfdb5ce	ab071a61f00eba9ec973beb0fe600066a33ef74f	PENDING_APPROVAL	PENDING_APPROVAL	tests/unit/test_resolved_case.cpp	tests/unit/test_resolved_case.cpp	a79c4055bb87d0d483a0c24e8ac120b6ede6090fb9714533202a1c5eb9a45325	aea16d5b1e8c52ac42e0146924ba40a3f275b1a136f46f71cd71264dcfd182e3	test_include_path_update_not_exported
66080e324089599711fdb26082af9b330bfdb5ce	ab071a61f00eba9ec973beb0fe600066a33ef74f	PENDING_APPROVAL	PENDING_APPROVAL	tests/unit/test_resolved_case_v3.cpp	tests/unit/test_resolved_case_v3.cpp	196bf3765dd358c366c8f1d0910ec3ef433439700506bc8ce1c1ddf751b71a31	925a9374a26fa7fa21995bfa787d10cb10157f3abb882c7f450c0d4c5e8cf97c	test_include_path_update_not_exported
66080e324089599711fdb26082af9b330bfdb5ce	ab071a61f00eba9ec973beb0fe600066a33ef74f	PENDING_APPROVAL	PENDING_APPROVAL	tests/unit/test_resolved_case_v3_header_contract.cpp	tests/unit/test_resolved_case_v3_header_contract.cpp	0ad6b16cfa69df7e6bbcffd5e09f30057c2924f6e68672dbbd5492e06721e128	a7a71a65a019ae523f7a7e9e0c16709de083bfa9990574aec5c62e5c6bf11388	test_include_path_update_not_exported
66080e324089599711fdb26082af9b330bfdb5ce	ab071a61f00eba9ec973beb0fe600066a33ef74f	PENDING_APPROVAL	PENDING_APPROVAL	tests/unit/test_restart.cpp	tests/unit/test_restart.cpp	e512ffbfe03a2623354a188ebce1cbad7713e8d338e14eeb4499a74b5f505fc6	016c93e41666ffc658ae61eea10bdaed8905122d5cd00a747bcedbdd7fe62792	test_include_path_update_not_exported
66080e324089599711fdb26082af9b330bfdb5ce	ab071a61f00eba9ec973beb0fe600066a33ef74f	PENDING_APPROVAL	PENDING_APPROVAL	tests/unit/test_stage1_dispatch_contract.cpp	tests/unit/test_stage1_dispatch_contract.cpp	5316396c3ae625115bc79afebb7f7ee95d45c721bf2959737ec18623b22fa977	df70ed28d3503782dfa8921e8e530a190eb5c88598c28dfe9365ff0b55671fa4	test_include_path_update_not_exported
66080e324089599711fdb26082af9b330bfdb5ce	ab071a61f00eba9ec973beb0fe600066a33ef74f	PENDING_APPROVAL	PENDING_APPROVAL	tests/unit/test_stage2_module_diagnostics.cpp	tests/unit/test_stage2_module_diagnostics.cpp	4b75dd92a965a53525be141b47b1d0e030c94897e268ca3e2c3995435d08aa9b	060f5c6f63832e1a9b2f3c9174af180fba8c1089fe407de03f89c1c5cd867337	test_include_path_update_not_exported
66080e324089599711fdb26082af9b330bfdb5ce	ab071a61f00eba9ec973beb0fe600066a33ef74f	PENDING_APPROVAL	PENDING_APPROVAL	tests/unit/test_stage3_flow_header_contract.cpp	tests/unit/test_stage3_flow_header_contract.cpp	6843f80b65c94f1b218dc3a75bb9e79c988619d1f16e497e00357474cd951c64	b8866bc6e8ec1237e1d280a7343f46aa720925ffe6caecec4b6bfcc83d17c38f	test_include_path_update_not_exported
66080e324089599711fdb26082af9b330bfdb5ce	ab071a61f00eba9ec973beb0fe600066a33ef74f	PENDING_APPROVAL	PENDING_APPROVAL	tests/unit/test_structured_diagnostics.cpp	tests/unit/test_structured_diagnostics.cpp	baf1cbc9e71484af7c90e44b74351d8b397cfa7f15948fd1b8bbaf385cc92ca8	6921a1d40e39b5ea582acdac72e39e89968f1bfc572a01d1f8e797433f585a32	test_include_path_update_not_exported
66080e324089599711fdb26082af9b330bfdb5ce	ab071a61f00eba9ec973beb0fe600066a33ef74f	PENDING_APPROVAL	PENDING_APPROVAL	tests/unit/test_structured_diagnostics_header_contract.cpp	tests/unit/test_structured_diagnostics_header_contract.cpp	06066e8d7236459c58a2603348f7bffa430f5660a458f3b3923d4fd2b3dc83ed	8723562bfdf60b89ac072cef144cac8d79d28b1501d43d62a7ba80dd10dbe3c7	test_include_path_update_not_exported
66080e324089599711fdb26082af9b330bfdb5ce	ab071a61f00eba9ec973beb0fe600066a33ef74f	PENDING_APPROVAL	PENDING_APPROVAL	tests/unit/test_surface_query.cpp	tests/unit/test_surface_query.cpp	600e88484ab901a588b83cb6c9cfd3f0e1d0002c39bac61ca4184c42a729b0b6	e7a473bd76d05087e6c34d7d9c99f39546ec59535e37f091583cf0d3f70529ad	test_include_path_update_not_exported
66080e324089599711fdb26082af9b330bfdb5ce	ab071a61f00eba9ec973beb0fe600066a33ef74f	PENDING_APPROVAL	PENDING_APPROVAL	tests/unit/test_task18_header_contract.cpp	tests/unit/test_task18_header_contract.cpp	ab086fb9672835fba1868c5c6c9e5c76bc826bbbe2d5332b0cce4a125bd4c1d0	d4afb117d2072a399047d3edb13461a43b100d5bd01d4e8fe65694d5e2576f9e	test_include_path_update_not_exported
66080e324089599711fdb26082af9b330bfdb5ce	ab071a61f00eba9ec973beb0fe600066a33ef74f	PENDING_APPROVAL	PENDING_APPROVAL	tests/unit/test_task24_header_contract.cpp	tests/unit/test_task24_header_contract.cpp	2fccc9bd9375690e59a06fe0a3d010b92c0148067b9401430925320d21278ab0	112d72fabc23f3f0937a3c34f8da51920faf9bac51b65995e25af3f78bf77957	test_include_path_update_not_exported
66080e324089599711fdb26082af9b330bfdb5ce	ab071a61f00eba9ec973beb0fe600066a33ef74f	PENDING_APPROVAL	PENDING_APPROVAL	tests/unit/test_task25_correctness_header_contract.cpp	tests/unit/test_task25_correctness_header_contract.cpp	22950b7e6948731c092d8342e1ec74b532b41a3ad33640785bc5e3344e22eef4	098492e27d74ac7a3cba964993380dbda76d5cfa9034880e075960a3f90db35f	test_include_path_update_not_exported
66080e324089599711fdb26082af9b330bfdb5ce	ab071a61f00eba9ec973beb0fe600066a33ef74f	PENDING_APPROVAL	PENDING_APPROVAL	tests/unit/test_task25_diagnostic_branch.cpp	tests/unit/test_task25_diagnostic_branch.cpp	bacfdf5df92ecde747d2b95cf70733161d2b2cffb44fe955265fe4bd3995d234	aa0dd6908140a3429e4ac13420ea47e74088a8aa88f63a2c7ff9659f07890ae0	test_include_path_update_not_exported
66080e324089599711fdb26082af9b330bfdb5ce	ab071a61f00eba9ec973beb0fe600066a33ef74f	PENDING_APPROVAL	PENDING_APPROVAL	tests/unit/test_task25_performance_contract.cpp	tests/unit/test_task25_performance_contract.cpp	b979bce81c7a3b301e4356aadbb6ed742e0b9befa50c41d39011cee17c4fb09c	94f4b2504040cce24b8251283e926c47f566e84888e108527a24badf5bdf73dc	test_include_path_update_not_exported
66080e324089599711fdb26082af9b330bfdb5ce	ab071a61f00eba9ec973beb0fe600066a33ef74f	PENDING_APPROVAL	PENDING_APPROVAL	tests/unit/test_task25_performance_header_contract.cpp	tests/unit/test_task25_performance_header_contract.cpp	df58be3eb55702c6ac15239f378be9bfc8f7a3e96a2ab75c21029969f57d1a82	76a94e28bec846b1ccd202d6459fc204da920efbbf7ea50720dabff0270c965e	test_include_path_update_not_exported
66080e324089599711fdb26082af9b330bfdb5ce	ab071a61f00eba9ec973beb0fe600066a33ef74f	PENDING_APPROVAL	PENDING_APPROVAL	tests/unit/test_task25_state_fingerprint.cpp	tests/unit/test_task25_state_fingerprint.cpp	cd840e6d9df1c8752915f34130caca199645c2ee6826ed18b37edfae28e46389	941c9d9a79663b5d27490a063a3f9b44d6446e14c1a9d1d48bbd0dd24020b493	test_include_path_update_not_exported
66080e324089599711fdb26082af9b330bfdb5ce	ab071a61f00eba9ec973beb0fe600066a33ef74f	PENDING_APPROVAL	PENDING_APPROVAL	tests/unit/test_vector_ops.cpp	tests/unit/test_vector_ops.cpp	bf2cfcc70d57668ad3c742b27b1ab8f2f1146937e211b5ea31a225b811de17d5	95100c29d8ed2011ff294208c6fc18e6991870d3e6f59b704c3f0c24111d27ff	test_include_path_update_not_exported
66080e324089599711fdb26082af9b330bfdb5ce	ab071a61f00eba9ec973beb0fe600066a33ef74f	PENDING_APPROVAL	PENDING_APPROVAL	tests/unit/test_vector_ops_header_contract.cpp	tests/unit/test_vector_ops_header_contract.cpp	3b395553a9512001c3b9bde1d34f10f86556b73971b783bbd723612ba7c6b2fc	415af8aaaab789857fe052cc9cb54531465b0ed248ac663b2e9f794370b11a36	test_include_path_update_not_exported
66080e324089599711fdb26082af9b330bfdb5ce	ab071a61f00eba9ec973beb0fe600066a33ef74f	PENDING_APPROVAL	PENDING_APPROVAL	tests/unit/test_vtk.cpp	tests/unit/test_vtk.cpp	0a3fb5328be8275009c9c06005b17e170502e54600f90295aef267cafabeb80b	6e61f10b21bf8d39cc74b6f890d44a6aa7e2d2b0f7d5bc10ff6e7e44abb3c131	test_include_path_update_not_exported
66080e324089599711fdb26082af9b330bfdb5ce	ab071a61f00eba9ec973beb0fe600066a33ef74f	PENDING_APPROVAL	PENDING_APPROVAL	tests/unit/test_wall_force_header_contract.cpp	tests/unit/test_wall_force_header_contract.cpp	e838f32df57c2ce374c76f3c23d577518b53ad2cfb207929afbd6e081a933d1a	fa6d0da88c0b9fc56f797c5214d29dee29de11219ef3d32cbe9578637f41c6f1	test_include_path_update_not_exported
66080e324089599711fdb26082af9b330bfdb5ce	ab071a61f00eba9ec973beb0fe600066a33ef74f	PENDING_APPROVAL	PENDING_APPROVAL	-	src/flow_immersed_access_detail.hpp	-	2bb8948b9553ae3075c395219c6bb62d6cdc0ab43a22a2522ec9939b7b716d1a	new_private_detail
66080e324089599711fdb26082af9b330bfdb5ce	ab071a61f00eba9ec973beb0fe600066a33ef74f	PENDING_APPROVAL	PENDING_APPROVAL	-	src/lin_preconditioners_detail.hpp	-	52b500b69341936b54376f54603e9ddb0c1a5c077c7091ed4ddc294444b26a40	new_private_detail
66080e324089599711fdb26082af9b330bfdb5ce	ab071a61f00eba9ec973beb0fe600066a33ef74f	PENDING_APPROVAL	PENDING_APPROVAL	-	tests/cmake/cmake_include_authority_fixture.cmake	-	f0aa2a19843bd1208997dd3b1894dddce33443764cbfd092ec94ecee268b3418	governance_fixture_not_exported
66080e324089599711fdb26082af9b330bfdb5ce	ab071a61f00eba9ec973beb0fe600066a33ef74f	PENDING_APPROVAL	PENDING_APPROVAL	-	tests/cmake/cmake_include_authority_mutation_fixture.cmake	-	0500b6f851e7fbd757ed3a327c96750f73e09dd7707228cba4d81833656f6f08	governance_fixture_not_exported
66080e324089599711fdb26082af9b330bfdb5ce	ab071a61f00eba9ec973beb0fe600066a33ef74f	PENDING_APPROVAL	PENDING_APPROVAL	-	tests/cmake/product_projection_fixture.cmake	-	13fc924fc3df2d18012d4c5dbc38585b8cc0be587c046ce928f1080ef79f1c66	governance_fixture_not_exported
66080e324089599711fdb26082af9b330bfdb5ce	ab071a61f00eba9ec973beb0fe600066a33ef74f	PENDING_APPROVAL	PENDING_APPROVAL	-	tests/cmake/source_layout_mutation_fixture.cmake	-	15afa5766047202a440c5b92b97f122854e9d7e62ff0f369e3c2ba276bbdd992	governance_fixture_not_exported
