step,rank,full_step_ns,advance_ns,observables_ns,visit_ns,evidence_resources_ns,csv_ns,checkpoint_ns,candidate_ns,state_copy_ns,velocity_halo_ns,thermo_ns,boundary_derived_ns,flux_ns,certificate_ns,residual_ns,equivalence_hash_ns,schur_prepare_ns,krylov_ns,recovery_ns,baseline_evaluations,extrapolation_evaluations,ladder_evaluations,incomplete_evaluations,rejected_extrapolations,reported_collective_subtotal,structured_control,ibm_control,pressure_calls,pressure_prepare_ns,pressure_solve_ns,pressure_close_ns,diagonal_calls,diagonal_prepare_ns,diagonal_solve_ns,diagonal_close_ns,spatial_calls,spatial_prepare_ns,spatial_solve_ns,spatial_close_ns,A_apply_ns,M_apply_ns,arnoldi_dot_ns,arnoldi_reduce_ns,arnoldi_update_ns,final_momentum_ns,terminal_metrics_ns,boundary_ledger_ns,structured_wait_ns,structured_control_ns,dropped_loops,scalar_remap_ns,scalar_coupling_sweeps,scalar_remap_iterations
1001,0,10621514552,10609880701,11146926,40,403322,83533,30,2492203349,792403,116181140,235370776,600030708,506192018,199383086,658521509,175707125,239799528,4704279171,18974196,7,4,5,0,2,5858,1632,72,0,0,0,0,6,92878614,3492674870,16279233,1,146920914,1211604301,2694963,1722704755,2354632850,95396683,151176549,34623411,198619402,5141760,31305069,319212274,430412538,0,0,0,0
1001,1,10621512292,10609877852,11148475,50,402512,83373,30,2491609686,781082,116213616,233409808,602157884,505395063,200004386,658644220,174979846,239754123,4704340744,18977508,7,4,5,0,2,5858,1632,72,0,0,0,0,6,92866931,3492688622,16303025,1,146887192,1211652122,2674483,1660628770,2347009027,98342788,198976299,34758926,198566051,5195451,31303980,345462940,409466591,0,0,0,0
1001,2,10621515022,10609879801,11148186,50,403072,83803,110,2506519579,840817,116140825,233261902,603205186,504093952,200435892,658514626,189999859,239819287,4704359876,18894323,7,4,5,0,2,5858,1632,72,0,0,0,0,6,92900113,3492622271,16330174,1,146919174,1211737605,2564149,1661124888,2349518342,97334069,202488265,35744908,198645103,5116449,31303379,354128689,411350953,0,0,0,0
1001,3,10621512662,10609878461,11148716,50,401872,83533,30,2492195604,754283,116257818,233034005,602517378,504953507,200416351,658672870,175566684,239744954,4704290921,19023408,7,4,5,0,2,5858,1632,72,0,0,0,0,6,92865292,3492639379,16338425,1,146879662,1211651542,2684983,1667535440,2352266322,97649313,192348863,34842190,198564501,5195551,31303840,396156676,404651682,0,0,0,0
1001,4,10621515392,10609879221,11151566,40,400382,84043,140,2491829972,789004,116177616,231296981,604113745,505780443,199800841,658520870,175325091,239816876,4704263963,19003387,7,4,5,0,2,5858,1632,72,0,0,0,0,6,92898053,3492642881,16322534,1,146918823,1211621082,2680853,1663003795,2350425388,98150824,198045993,35833571,198643913,5115939,31295939,392225582,410568953,0,0,0,0
1001,5,10621506922,10609870001,11149976,50,403422,83423,50,2492957108,852915,116174674,232030137,603517806,505080362,200313145,658671903,176289825,239765954,4704405524,18899345,7,4,5,0,2,5858,1632,72,0,0,0,0,6,92877802,3492640338,16335466,1,146888152,1211765186,2563879,1669380963,2351872764,98110633,194098197,36409468,198562321,5198331,31297709,419429281,407656379,0,0,0,0
1001,6,10621515232,10609881261,11147056,50,403122,83713,30,2492129185,698201,116207598,232564953,602854564,505676781,199873632,658557150,175672154,239810207,4704407064,18847514,7,4,5,0,2,5858,1632,72,0,0,0,0,6,92892613,3492673130,16278004,1,146917594,1211733934,2569510,1693642177,2346101224,94968813,176729936,35758784,198634993,5125359,31304990,388464099,408031214,0,0,0,0
1001,7,10621513012,10609874561,11151986,50,402912,83453,50,2491500515,775373,116242497,232203988,603339853,505231319,200144809,658686442,174850570,239802056,4704389535,18900585,7,4,5,0,2,5858,1632,72,0,0,0,0,6,92910793,3492641400,16310194,1,146891263,1211748135,2590391,1685328101,2351330419,97539454,174522109,36044195,198565751,5195401,31306239,397760411,402492371,0,0,0,0
1001,8,10621513642,10609880321,11148556,50,400842,83823,50,2486863078,761265,116196868,228139462,607247112,506766123,198827051,658517249,170372720,239799584,4704105486,19160733,7,4,5,0,2,5858,1632,72,0,0,0,0,6,92889302,3492543496,16419608,1,146910282,1211561990,2741125,1656637927,2347119189,100293596,191149568,32642286,198620533,5143209,31300150,424573840,440718793,0,0,0,0
1001,9,10621511732,10609878181,11148326,60,401662,83473,30,2486821667,734251,116283770,230524960,605015792,506458765,198927733,658661230,170181646,239742943,4704256771,19075670,7,4,5,0,2,5858,1632,72,0,0,0,0,6,92858861,3492557427,16439049,1,146884082,1211699344,2636621,1661784500,2352982478,98165974,192189721,33531100,198569821,5194191,31296399,415359560,442767639,0,0,0,0
1001,10,10621513732,10609882502,11146185,50,401292,83673,30,2487357155,779981,116184109,230980510,605483699,505915258,198609212,658526709,170845075,239794377,4704243759,19027638,7,4,5,0,2,5858,1632,72,0,0,0,0,6,92875533,3492550236,16420077,1,146918844,1211693523,2607561,1659770165,2351463727,95714753,191190774,34850689,198625193,5136699,31298089,405016815,442283610,0,0,0,0
1001,11,10621512372,10609878781,11150096,50,399902,83503,40,2487350061,755321,116256718,231067524,604482289,506778793,198619494,658678012,170682880,239760054,4704236431,19076218,7,4,5,0,2,5858,1632,72,0,0,0,0,6,92874952,3492507006,16476758,1,146885102,1211729425,2599460,1627675564,2357331472,98705418,210445953,35577919,198570141,5192271,31305810,428502347,452509933,0,0,0,0
1001,12,10621513982,10609914783,11115324,50,399902,83893,30,2486858410,789162,116172327,230853386,604546920,506618330,198969543,658528259,170343790,239801717,4704118287,19142791,7,4,5,0,2,5858,1632,72,0,0,0,0,6,92882624,3492542796,16416227,1,146919093,1211575491,2726564,1645950419,2352530985,96804273,200761739,37020494,198619423,5141109,31302660,401169875,443981647,0,0,0,0
1001,13,10621509072,10609900732,11122805,70,402402,83033,30,2486629722,786765,116235118,229667302,605876540,506291441,199111695,658657412,169967550,239745163,4704184219,19140841,7,4,5,0,2,5858,1632,72,0,0,0,0,6,92866231,3492546167,16446758,1,146878932,1211638052,2694083,1619531639,2351770468,98496884,223677559,36987683,198570481,5191861,31296649,377918637,448756354,0,0,0,0
1001,14,10621513972,10609878612,11150675,40,401122,83493,30,2487213799,722922,116255609,230710693,604692144,506607641,198961852,658541558,170684689,239814927,4704288441,18973286,7,4,5,0,2,5858,1632,72,0,0,0,0,6,92893163,3492602348,16358145,1,146921764,1211686093,2615141,1652948943,2350924674,99488087,193205872,34774034,198637283,5124719,31303690,395745177,450778045,0,0,0,0
1001,15,10621512462,10609879872,11146575,40,402862,83083,30,2487257770,654989,116195675,229155584,606400388,507056351,198338167,658688241,170739364,239752163,4704292691,19030980,7,4,5,0,2,5858,1632,72,0,0,0,0,6,92863471,3492576207,16408838,1,146888692,1211716484,2622142,1624006577,2356261701,97683187,217013772,37240805,198569591,5191931,31303880,440717370,474859931,0,0,0,0
1001,16,10621512952,10609884142,11142535,50,402322,83873,30,2492375383,576851,116250049,232901360,602486234,504934385,200649877,658489159,176058336,239791727,4704340462,18918035,7,4,5,0,2,5858,1632,72,0,0,0,0,6,92870263,3492726591,16233922,1,146921464,1211613871,2684113,1672430209,2357287976,98041311,184802359,35293680,198621213,5141119,31293689,398796258,406109525,0,0,0,0
1001,17,10621513422,10609885852,11143735,50,400432,83323,30,2490784320,710521,116225585,233831681,601718073,504968109,200415148,658647801,174242790,239759823,4704353676,18943023,7,4,5,0,2,5858,1632,72,0,0,0,0,6,92874721,3492684233,16289601,1,146885102,1211669443,2653422,1657284022,2354169564,99901840,192544468,35176581,198571871,5189011,31305229,388513585,384540055,0,0,0,0
1001,18,10621512112,10609883632,11139715,50,404712,83973,30,2492757092,820823,116160617,231958150,604509578,504179474,200339176,658484407,176273143,239827277,4704331823,18929594,7,4,5,0,2,5858,1632,72,0,0,0,0,6,92909353,3492578988,16380405,1,146917924,1211752835,2549189,1688335456,2349064998,94446773,174317682,36788525,198633403,5125859,31308460,369984735,379761666,0,0,0,0
1001,19,10621509572,10609880892,11144515,50,400652,83423,40,2492230233,761225,116255365,233892084,601660360,504947547,200420839,658667353,175602965,239733793,4704400386,18907655,7,4,5,0,2,5858,1632,72,0,0,0,0,6,92856691,3492740423,16242343,1,146877102,1211659963,2665312,1659931347,2352283557,101836813,194452109,36407978,198571921,5189081,31299259,410155565,380354135,0,0,0,0
1001,20,10621516042,10609911383,11117794,50,402862,83923,30,2493070320,823126,116164156,233453177,601938307,505011269,200584815,658487858,176580081,239819688,4704282181,18963337,7,4,5,0,2,5858,1632,72,0,0,0,0,6,92896094,3492634089,16314155,1,146923594,1211648092,2649182,1661306028,2346371399,98877551,199275145,37681367,198641033,5120109,31296339,416422767,392660967,0,0,0,0
1001,21,10621504492,10609906052,11112575,80,402492,83263,30,2492773841,794836,116248955,232121397,603416616,505031030,200345687,658683681,176110648,239765785,4704441155,18871363,7,4,5,0,2,5858,1632,72,0,0,0,0,6,92879803,3492668859,16319404,1,146885982,1211772296,2551959,1663460510,2350233689,99440819,195727707,37715533,198572271,5192441,31306610,440919977,383144897,0,0,0,0
1001,22,10621512422,10609882242,11144405,90,401962,83683,40,2491969258,749382,116247682,233602222,601807364,504673389,200892303,658524038,175444518,239810785,4704300555,18957406,7,4,5,0,2,5858,1632,72,0,0,0,0,6,92892842,3492657622,16296954,1,146917943,1211642933,2660452,1670987559,2344385414,100827457,194319499,36125573,198631233,5132409,31302790,414443031,377390812,0,0,0,0
1001,23,10621510752,10609883432,11141115,40,402662,83473,30,2493034350,833756,116177716,234446700,601111252,504933484,200461813,658650342,176389785,239771812,4704470358,18825402,7,4,5,0,2,5858,1632,72,0,0,0,0,6,92887060,3492710282,16261653,1,146884752,1211760076,2563749,1695392029,2343950806,97161012,173767266,35881497,198571071,5191151,31301869,453950505,383274615,0,0,0,0
1001,24,10621513002,10609889402,11139205,50,400272,84033,40,2487187847,831866,116137785,229348300,606075086,507297779,198274994,658525159,170660966,239806336,4704217189,19048209,7,4,5,0,2,5858,1632,72,0,0,0,0,6,92885432,3492553097,16410757,1,146920904,1211664092,2637452,1696090230,2351417895,97434553,177146897,35046375,198620313,5143789,31301439,412058653,388384836,0,0,0,0
1001,25,10621510302,10609891892,11134565,50,400482,83273,40,2486541856,616547,116278717,229848101,605702494,506946060,198444486,658645672,170028909,239738072,4704297752,19016698,7,4,5,0,2,5858,1632,72,0,0,0,0,6,92849650,3492556067,16430238,1,146888422,1211741685,2586460,1632575392,2353047885,101955092,209507509,35390958,198568561,5197551,31296550,411457629,406219250,0,0,0,0
1001,26,10621513152,10609889822,11136165,50,403142,83933,40,2485982724,786294,116179845,230759215,605730794,504992691,199527031,658497054,169470127,239851997,4704148958,19075671,7,4,5,0,2,5858,1632,72,0,0,0,0,6,92896972,3492547528,16410538,1,146955025,1211601430,2665133,1640862926,2354556522,100139274,198088910,35568646,198626243,5135149,31304689,426527445,418541882,0,0,0,0
1001,27,10621512832,10609890482,11135735,50,402402,83163,1000,2487611572,794123,116237315,230305801,605245522,506937540,198456717,658640222,170964641,239775975,4704364613,18940216,7,4,5,0,2,5858,1632,72,0,0,0,0,6,92886142,3492622108,16356136,1,146889833,1211742505,2584080,1653532091,2353803690,98278703,189448554,34851671,198567741,5198121,31293409,447583452,427281065,0,0,0,0
1001,28,10621512212,10609884472,11142785,40,400842,84043,30,2486978650,829976,116140324,229172094,606243121,507450237,198145217,658496417,170460154,239820188,4704256792,19008547,7,4,5,0,2,5858,1632,72,0,0,0,0,6,92898084,3492619610,16343595,1,146922104,1211637182,2664952,1657957825,2351842639,98690297,188089623,36376595,198626223,5136079,31297959,415524693,429268364,0,0,0,0
1001,29,10621509252,10609883232,11142155,40,400902,82893,30,2486995980,748702,116245687,229382884,606170308,506412604,198975174,658632101,170403039,239711631,4704158569,19152712,7,4,5,0,2,5858,1632,72,0,0,0,0,6,92834119,3492496916,16485860,1,146877512,1211661653,2666852,1611156627,2346654628,97169131,226758473,38220644,198568961,5194801,31295459,408857054,426599795,0,0,0,0
1001,30,10621511502,10609886112,11141005,40,400452,83843,50,2486900292,809463,116169856,230831976,604596541,507358551,198226472,658502509,170368619,239818686,4704277292,18959025,7,4,5,0,2,5858,1632,72,0,0,0,0,6,92863641,3492643510,16323764,1,146955045,1211633782,2635261,1617804795,2348614511,102439239,226580111,39748395,198629093,5134839,31302849,412593097,416646237,0,0,0,0
1001,31,10621511842,10609885352,11143255,50,399832,83313,40,2487334942,845614,116180068,230403024,605151869,507327501,198056156,658675043,170670029,239773383,4704155468,19144542,7,4,5,0,2,5858,1632,72,0,0,0,0,6,92887351,3492501205,16463070,1,146886032,1211654263,2681472,1608071484,2355377597,99292087,229755299,37389698,198568551,5193761,31301459,452771810,436298349,0,0,0,0
1001,32,10621514232,10609885932,11141255,50,403142,83813,40,2493330311,660853,116227195,233245532,602157006,505510284,200071499,658491607,176926865,239807457,4704457916,18809030,7,4,5,0,2,5858,1632,72,0,0,0,0,6,92886123,3492720361,16244961,1,146921334,1211737555,2564069,1697589268,2355132575,97261172,169273156,33336540,198618642,5138420,31304640,390054017,418707268,0,0,0,0
1001,33,10621512762,10609886942,11138275,50,404042,83423,30,2491196892,770167,116195333,233090008,602470755,505765634,199634232,658638302,174606492,239716172,4704400786,18920625,7,4,5,0,2,5858,1632,72,0,0,0,0,6,92830220,3492630280,16367806,1,146885952,1211770506,2552819,1681984652,2354461577,94133295,182560517,34037163,198566081,5191531,31308200,429052529,386098147,0,0,0,0
1001,34,10621514482,10609904962,11120965,40,404642,83843,30,2490945217,730222,116187825,233027366,603445195,504450121,200079951,658501185,174484240,239793527,4704393724,18862173,7,4,5,0,2,5858,1632,72,0,0,0,0,6,92879563,3492701471,16258862,1,146913964,1211692253,2603311,1659399287,2351962388,102685619,196004361,35026040,198625733,5129679,31309720,418833053,378566748,0,0,0,0
1001,35,10621513072,10609886972,11141695,40,401022,83303,40,2491929196,723342,116267648,232829182,602738839,505034171,200338788,658656481,175306891,239719382,4704390785,18923445,7,4,5,0,2,5858,1632,72,0,0,0,0,6,92841810,3492729762,16252633,1,146877572,1211661023,2670812,1694819365,2354835148,94610030,181771233,34723265,198565191,5190451,31308479,440202456,368424790,0,0,0,0
1001,36,10621514742,10609885822,11142865,40,401792,84093,130,2491622888,788463,116172675,232016147,603389008,505000912,200604224,658480776,175123237,239797986,4704304684,18947785,7,4,5,0,2,5858,1632,72,0,0,0,0,6,92889623,3492628891,16321034,1,146908363,1211675793,2626751,1698183788,2343290746,96116349,175960232,35239692,198636923,5121749,31304589,412986426,378017424,0,0,0,0
1001,37,10621507562,10609880922,11138935,60,404242,83373,30,2491536864,782025,116229956,233397269,602156836,505211085,200171490,658651422,174902560,239738645,4704303083,19028207,7,4,5,0,2,5858,1632,72,0,0,0,0,6,92848092,3492667701,16332564,1,146890553,1211635382,2695643,1698178421,2352979986,96569902,173835106,35787407,198566081,5192381,31305950,441556568,379276514,0,0,0,0
1001,38,10621514572,10609886962,11141965,40,401892,83683,30,2493896097,794703,116152745,232793199,602627060,505212054,200362659,658533138,177374128,239802876,4704391984,18870223,7,4,5,0,2,5858,1632,72,0,0,0,0,6,92897483,3492709841,16248562,1,146905393,1211682143,2621661,1653217512,2350455212,101708323,205837554,37450730,198626163,5130679,31307610,435667009,379524741,0,0,0,0
1001,39,10621513152,10609885122,11143155,50,401372,83423,30,2491853623,760861,116249199,233233853,602324329,505186254,200182944,658680060,175200789,239723434,4704332532,18990227,7,4,5,0,2,5858,1632,72,0,0,0,0,6,92834552,3492650569,16331955,1,146888882,1211681963,2658272,1665353557,2342570942,100991794,203791392,35434161,198564401,5192191,31304789,481881724,385030161,0,0,0,0
1001,40,10621515312,10609892222,11136595,50,402322,84083,40,2487330193,588539,116295068,229565810,605832117,507240760,198337234,658506817,170932048,239824046,4704201819,19063891,7,4,5,0,2,5858,1632,72,0,0,0,0,6,92904152,3492556447,16404839,1,146919894,1211645372,2659052,1639400175,2352551581,101927722,206359147,37101797,198621823,5141579,31298219,478662837,412651806,0,0,0,0
1001,41,10621512902,10609898122,11128925,40,402582,83203,30,2486582212,750261,116249608,231478899,604085672,506756036,198642342,658644412,169936979,239741303,4704103116,19231505,7,4,5,0,2,5858,1632,72,0,0,0,0,6,92850211,3492476824,16529432,1,146891092,1211626292,2702073,1656525285,2349696217,97076021,200044992,33716847,198569731,5194021,31309960,484026413,409923729,0,0,0,0
1001,42,10621514292,10609891022,11138195,40,401182,83803,50,2487103425,720520,116218697,229555237,606904892,506571130,197966131,658506267,170618529,239815627,4704280562,18990037,7,4,5,0,2,5858,1632,72,0,0,0,0,6,92894933,3492660361,16307654,1,146920694,1211620201,2682383,1651007170,2354052663,98240603,196906980,35359719,198626263,5135239,31310510,462805257,412542194,0,0,0,0
1001,43,10621513732,10609900152,11126905,50,403222,83363,40,2487393755,740381,116261807,231113148,604452036,506006821,199383665,658657682,170744273,239736501,4704123829,19202402,7,4,5,0,2,5858,1632,72,0,0,0,0,6,92839099,3492481287,16520819,1,146897402,1211642542,2681583,1631127290,2354818187,102550747,212095676,35971403,198569911,5192491,31304470,455548974,419268960,0,0,0,0
1001,44,10621516472,10609899112,11132955,50,400032,84293,30,2487128463,788722,116174645,228186128,607217430,506704702,198900114,658513636,170604637,239818757,4704093075,19155033,7,4,5,0,2,5858,1632,72,0,0,0,0,6,92886793,3492444753,16512051,1,146931964,1211648322,2642982,1630122331,2345595644,101017571,220789546,37738260,198620953,5140259,31307890,444736151,429657557,0,0,0,0
1001,45,10621510062,10609893752,11131435,40,401632,83153,50,2487073914,789317,116222736,230534388,605025915,506630611,198781545,658627612,170424482,239750383,4704301631,19032110,7,4,5,0,2,5858,1632,72,0,0,0,0,6,92862111,3492551456,16447070,1,146888272,1211750175,2585040,1611285153,2354429326,104529231,227986770,37276397,198570081,5192181,31301769,451618522,424993451,0,0,0,0
1001,46,10621516102,10609900342,11128485,40,403272,83933,30,2487510892,733172,116229018,228395681,607003544,507227121,198378234,658514998,170993460,239803426,4704196068,19073519,7,4,5,0,2,5858,1632,72,0,0,0,0,6,92891863,3492560887,16405486,1,146911563,1211635181,2668033,1625330495,2350258644,105925647,218915170,36085349,198628733,5130689,31297049,431959591,424937116,0,0,0,0
1001,47,10621513872,10609896972,11129155,50,404682,82983,30,2487272233,854177,116146701,229582381,605998445,507457982,197967646,658645310,170587229,239733672,4704225721,19107251,7,4,5,0,2,5858,1632,72,0,0,0,0,6,92849800,3492477956,16510820,1,146883872,1211747765,2596431,1627305690,2357740810,101391915,216289066,36231192,198567991,5190781,31309660,506996676,441395246,0,0,0,0
1001,48,10621514202,10609883592,11144105,50,402502,83923,30,2493998252,697703,116223356,232138827,603290611,504966549,200604723,658483497,177566186,239862128,4704353553,18894796,7,4,5,0,2,5858,1632,72,0,0,0,0,6,92933944,3492644399,16308056,1,146928184,1211709154,2586740,1679598670,2356658678,96105308,180454077,33897666,198621463,5143459,31294579,470029393,420412804,0,0,0,0
1001,49,10621512712,10609889852,11135015,40,404722,83053,30,2492283648,749823,116237136,234470171,601099442,504784236,200598612,658642192,175672204,239754304,4704349313,18958226,7,4,5,0,2,5858,1632,72,0,0,0,0,6,92884672,3492740882,16243172,1,146869632,1211608431,2715054,1675205136,2349180449,98560748,194261177,34521870,198571761,5184941,31310160,485292232,392709675,0,0,0,0
1001,50,10621514642,10609881432,11144295,50,404692,84143,30,2492367358,578268,116205926,233262400,603245520,503629825,200873616,658511915,176036919,239824415,4704183059,19054309,7,4,5,0,2,5858,1632,72,0,0,0,0,6,92913772,3492629400,16311134,1,146910643,1211553659,2743175,1704161501,2354942287,90297483,171586833,33375617,198642083,5114409,31310029,482144619,375780744,0,0,0,0
1001,51,10621513012,10609886182,11141845,50,401532,83363,40,2489832030,753155,116255308,235763077,599806553,504517274,200850945,658658552,173198136,239768644,4704268650,19031120,7,4,5,0,2,5858,1632,72,0,0,0,0,6,92880962,3492637168,16333427,1,146887682,1211631482,2697693,1468115403,2360472839,84581942,335953066,34311877,198571421,5186771,31302129,507852424,457168384,0,0,0,0
1001,52,10621514822,10609913062,11114655,50,402692,84323,40,2493124954,602717,116187458,231453397,603985110,505178186,200388078,658499937,176803848,239857606,4704309013,18932646,7,4,5,0,2,5858,1632,72,0,0,0,0,6,92942423,3492732313,16213612,1,146915183,1211576700,2719034,1743354990,2349278605,85768817,152065930,35557608,198633653,5130129,31297880,452359979,363521873,0,0,0,0
1001,53,10621512942,10609890332,11137525,50,401762,83243,30,2493851262,730051,116279299,233398027,602159364,505152985,200226971,658664253,177215572,239752371,4704375206,18929276,7,4,5,0,2,5858,1632,72,0,0,0,0,6,92867639,3492651222,16327065,1,146884732,1211723984,2602211,1727617497,2346669507,94148266,156216867,37707291,198571241,5189641,31305870,473807773,371872879,0,0,0,0
1001,54,10621514682,10609885212,11141185,40,404362,83853,30,2491996646,736350,116200079,232791390,602659967,505217956,200344807,658522979,175500720,239851628,4704470547,18772561,7,4,5,0,2,5858,1632,72,0,0,0,0,6,92926024,3492739983,16207431,1,146925604,1211730564,2565130,1670576929,2346654515,101423069,191877956,35808914,198627363,5128929,31307110,453231560,382858594,0,0,0,0
1001,55,10621513252,10609890712,11135595,50,403292,83553,50,2491104351,702839,116230936,232120019,603444815,504693880,200684226,658658992,174550048,239776394,4704465897,18840083,7,4,5,0,2,5858,1632,72,0,0,0,0,6,92889312,3492714122,16268303,1,146887082,1211751775,2571780,1686120811,2346242156,95239785,180728744,36003898,198571391,5185061,31310890,471628463,386195089,0,0,0,0
1001,56,10621515382,10609896052,11131705,50,403422,84123,30,2487214410,759162,116205867,229018322,606381585,507215888,198368496,658494218,170723631,239815487,4704182119,19084458,7,4,5,0,2,5858,1632,72,0,0,0,0,6,92901153,3492508266,16461037,1,146914334,1211673853,2623421,1670238247,2345038787,95619251,191275362,34679645,198621623,5141569,31295209,482360977,419070976,0,0,0,0
1001,57,10621513292,10609901692,11123535,70,404602,83363,30,2486958935,725171,116285121,229899279,605656941,506650973,198725967,658669160,170311288,239764333,4704337994,18986587,7,4,5,0,2,5858,1632,72,0,0,0,0,6,92878961,3492639760,16354056,1,146885372,1211698234,2632531,1662492527,2354826152,99569028,186231913,34387545,198573301,5191951,31304170,495344914,410462290,0,0,0,0
1001,58,10621515602,10609902932,11123865,40,404752,83983,30,2487125998,648229,116221894,229924052,606556330,505827546,198700556,658503697,170702422,239838716,4704234431,19019658,7,4,5,0,2,5858,1632,72,0,0,0,0,6,92909782,3492556808,16403277,1,146928934,1211677623,2616381,1631238703,2358279806,103912121,210136786,36635390,198625953,5132949,31303999,484748378,411587714,0,0,0,0
1001,59,10621514172,10609896232,11131765,50,402702,83393,30,2486507996,576268,116299697,230082626,605467979,506907598,198478887,658634832,170018749,239773763,4704253582,19066659,7,4,5,0,2,5858,1632,72,0,0,0,0,6,92884461,3492572819,16419187,1,146889302,1211680763,2647472,1661093835,2355159155,99708239,185779655,36771580,198572641,5196581,31297410,480192168,418484419,0,0,0,0
1001,60,10621515792,10609898932,11131085,50,401402,84293,30,2486886120,769003,116190686,230772037,604631778,507793817,197798058,658523527,170361612,239806127,4704195779,19062240,7,4,5,0,2,5858,1632,72,0,0,0,0,6,92884813,3492524036,16436359,1,146921314,1211671743,2625881,1658261392,2350555248,100819122,189416209,35957340,198623783,5135289,31302649,317284715,409432361,0,0,0,0
1001,61,10621510622,10609894772,11130055,40,402492,83153,110,2487477889,700331,116250708,230569247,604983263,507101044,198289493,658618731,170933848,239779463,4704229382,19088988,7,4,5,0,2,5858,1632,72,0,0,0,0,6,92891581,3492537208,16447907,1,146887882,1211692174,2641081,1648758342,2353592752,99525193,191785055,36597568,198573611,5186071,31300019,483962624,415179554,0,0,0,0
1001,62,10621515582,10609903772,11124165,40,403852,83723,30,2486707742,747252,116231837,229724854,605691123,507076766,198498627,658534009,170160974,239798197,4704238680,19026917,7,4,5,0,2,5858,1632,72,0,0,0,0,6,92867173,3492574247,16395036,1,146931024,1211664433,2631881,1665921546,2351793918,97405722,189182070,36519877,198629943,5131009,31304060,460667276,418488712,0,0,0,0
1001,63,10621514042,10609902112,11125795,50,402782,83273,30,2487030254,785571,116224319,231674635,603884808,507628901,197759936,658663621,170373580,239777294,4704329063,18967876,7,4,5,0,2,5858,1632,72,0,0,0,0,6,92895572,3492638299,16322845,1,146881722,1211690764,2645031,1657730292,2354497639,93815486,189378048,35626281,198572611,5188601,31302849,496578399,448425909,0,0,0,0
1001,64,10621515082,10609890702,11139485,50,401072,83733,40,2493184616,552145,116284710,233115937,602294230,505088453,200486350,658538458,176776478,239879988,4704232791,18931304,7,4,5,0,2,5858,1632,72,0,0,0,0,6,92895162,3492650171,16281232,1,146984826,1211582620,2650072,1671748178,2359133238,98569529,184559015,35007448,198619443,5142379,31305159,387375616,417988265,0,0,0,0
1001,65,10621511972,10609883592,11145315,50,399952,83023,40,2492235699,612482,116298337,232496141,603052362,504875974,200520563,658687402,175651776,239752735,4704420647,18899793,7,4,5,0,2,5858,1632,72,0,0,0,0,6,92861153,3492755714,16245191,1,146891582,1211664933,2654602,1687779491,2343906530,98829972,184572673,34318043,198563981,5195051,31328460,458230839,393974846,0,0,0,0
1001,66,10621515142,10609863411,11162776,60,405272,83593,30,2491712420,625189,116225205,235554845,600917056,503856143,200665138,658541638,175286815,239884237,4704332306,18846940,7,4,5,0,2,5858,1632,72,0,0,0,0,6,92903502,3492725234,16216919,1,146980735,1211607072,2630021,1704938325,2352593125,93270495,159673261,33707967,198626753,5131839,31307859,408982540,375977577,0,0,0,0
1001,67,10621513752,10609889792,11139075,50,401412,83373,50,2494466564,550896,116343708,233270164,602249490,505514896,199848101,658695322,177956145,239775554,4704480238,18818392,7,4,5,0,2,5858,1632,72,0,0,0,0,6,92882842,3492702812,16265343,1,146892712,1211777426,2553049,1427626244,2370194747,83433899,353009052,34724422,198563031,5196521,31315270,436980429,458006904,0,0,0,0
1001,68,10621515432,10610004015,11026852,60,400712,83753,40,2492636989,572527,116258202,233099574,602316361,504828605,200760469,658531128,176210472,239842737,4704355054,18836472,7,4,5,0,2,5858,1632,72,0,0,0,0,6,92862581,3492739243,16214361,1,146980156,1211615811,2622111,1728014028,2346812448,92278007,154257955,34755969,198628913,5130109,31298889,410622967,350083765,0,0,0,0
1001,69,10621506452,10609882482,11136335,50,404292,83263,30,2494511804,627507,116300892,233590391,601940198,504722972,200655706,658705804,177931754,239781825,4704237140,19029498,7,4,5,0,2,5858,1632,72,0,0,0,0,6,92892673,3492608858,16329915,1,146889152,1211628282,2699583,1727715150,2345327093,96995202,149618184,35794427,198561111,5199471,31302499,454254128,380319998,0,0,0,0
1001,70,10621515322,10609887482,11141835,50,402382,83533,40,2491548906,584285,116242618,233496690,601926118,504863413,200698479,658567060,175132127,239857457,4704263142,18926714,7,4,5,0,2,5858,1632,72,0,0,0,0,6,92892462,3492653872,16298712,1,146964995,1211609270,2628002,1675135977,2344694904,98626533,186225812,36023354,198624793,5136199,31303360,426370492,382078548,0,0,0,0
1001,71,10621513922,10609887012,11139035,40,404402,83313,120,2492781582,607488,116312171,232083973,603447667,505001048,200382879,658708193,176218771,239804395,4704309892,18964696,7,4,5,0,2,5858,1632,72,0,0,0,0,6,92910973,3492615688,16324885,1,146893422,1211694204,2639811,1672890592,2345728092,100745943,186211589,35935824,198563181,5197911,31325690,427910612,376828512,0,0,0,0
1001,72,10621514172,10609891862,11137335,50,401192,83703,30,2487763620,600911,116254547,229811378,605584448,507045072,198547252,658549290,171318659,239841639,4704145166,19055010,7,4,5,0,2,5858,1632,72,0,0,0,0,6,92876714,3492470323,16475910,1,146964925,1211674843,2579100,1658406843,2340771591,102702201,193404751,35652255,198619953,5148099,31301120,460662767,410950834,0,0,0,0
1001,73,10621511722,10609890822,11135305,40,402132,83393,30,2487832079,545535,116342791,229923189,605624532,506197946,199169692,658704011,171296119,239794755,4704128358,19170383,7,4,5,0,2,5858,1632,72,0,0,0,0,6,92905163,3492538677,16429539,1,146889592,1211589681,2740844,1669923755,2346992552,102227342,187181556,33058477,198564101,5204821,31317530,464950248,402215973,0,0,0,0
1001,74,10621514272,10609889922,11138315,50,402442,83503,40,2487754507,559157,116252279,228928059,607539750,505770973,198756319,658543746,171362152,239851568,4704240792,18975095,7,4,5,0,2,5858,1632,72,0,0,0,0,6,92883423,3492578969,16387715,1,146968145,1211661823,2587380,1687746442,2355825483,97012652,167165687,34439579,198626053,5137269,31298370,440266847,409582468,0,0,0,0
1001,75,10621512982,10609897432,11129195,70,403002,83243,40,2487995098,577082,116328469,229993134,605553709,506823485,198572702,658701771,171412297,239782046,4704385134,18902975,7,4,5,0,2,5858,1632,72,0,0,0,0,6,92892074,3492641429,16323605,1,146889972,1211743705,2579370,1655663559,2351993134,102613904,191957043,35201714,198565061,5201231,31313580,441125677,415422872,0,0,0,0
1001,76,10621514602,10609892522,11137085,50,401012,83903,30,2488000212,571416,116242850,229924711,605478174,507063475,198523899,658565790,171594790,239890678,4704233031,18949756,7,4,5,0,2,5858,1632,72,0,0,0,0,6,92929903,3492533497,16392767,1,146960775,1211699534,2556989,1648140807,2348792254,99644800,188613446,36372068,198619903,5143939,31298200,433273707,420084696,0,0,0,0
1001,77,10621509022,10609888602,11134695,40,402902,82753,30,2487989774,599736,116307193,230909158,604626023,505892986,199500241,658683983,171436161,239742162,4704105235,19210416,7,4,5,0,2,5858,1632,72,0,0,0,0,6,92850029,3492515575,16472941,1,146892133,1211589660,2737475,1666585978,2355737956,101274786,175967720,35926695,198564971,5199671,31292039,451481443,422839794,0,0,0,0
1001,78,10621514472,10609897202,11132225,50,401462,83493,40,2487718594,529867,116290989,230109395,605291100,506344863,199235761,658557088,171313251,239817625,4704118878,19109091,7,4,5,0,2,5858,1632,72,0,0,0,0,6,92869861,3492562048,16394797,1,146947764,1211556830,2714294,1653132678,2356232172,97360733,188672426,36165512,198630243,5133139,31321780,452569400,418271306,0,0,0,0
1001,79,10621513082,10609892342,11135225,40,402192,83253,30,2488044636,615326,116299059,231327215,604216778,506464393,198925194,658723266,171434234,239732966,4704189508,19140802,7,4,5,0,2,5858,1632,72,0,0,0,0,6,92856334,3492560596,16433679,1,146876632,1211628912,2707123,1644427814,2354541855,99303792,201600613,36830437,198563741,5198311,31304179,442265946,447923525,0,0,0,0
1001,80,10621514662,10609880571,11150086,60,399972,83933,40,2494287901,630621,116268238,233699047,601724471,505068140,200502134,658518507,177843842,239819858,4704250050,19001937,7,4,5,0,2,5858,1632,72,0,0,0,0,6,92913775,3492624769,16334044,1,146906083,1211625281,2667893,1677348062,2357841598,99216835,174577214,34066965,198621353,5143589,31289869,519122107,414727489,0,0,0,0
1001,81,10621512752,10609886542,11140865,50,402402,82863,30,2492208017,633410,116308837,233852436,601711372,505352548,200012208,658680550,175626556,239766005,4704539350,18768139,7,4,5,0,2,5858,1632,72,0,0,0,0,6,92879183,3492777744,16208540,1,146886822,1211761606,2559599,1686281044,2351500167,98628977,175035060,33031430,198569391,5193601,31306040,515464297,379168213,0,0,0,0
1001,82,10621513452,10609882882,11142915,40,404052,83533,30,2493005842,652271,116219327,232547779,603954372,504672200,199835870,658515828,176581292,239834119,4704417805,18844673,7,4,5,0,2,5858,1632,72,0,0,0,0,6,92913515,3492775893,16187761,1,146920604,1211641912,2656912,1668324826,2357865572,100445053,185935744,34871413,198639273,5119559,31304390,509631203,361041129,0,0,0,0
1001,83,10621511272,10609878321,11150836,40,398782,83263,30,2493411554,633962,116308376,233596348,601964587,504550065,200814392,658693304,176827459,239767093,4704261353,19042438,7,4,5,0,2,5858,1632,72,0,0,0,0,6,92870721,3492634521,16354215,1,146896372,1211626832,2688223,1713239536,2352112045,99349940,157854055,35255786,198567831,5193101,31297219,545676058,377864430,0,0,0,0
1001,84,10621515842,10609938723,11089844,50,403022,84173,30,2493371923,669974,116220267,233294743,602127924,505022220,200553134,658524618,176931261,239841228,4704476057,18772231,7,4,5,0,2,5858,1632,72,0,0,0,0,6,92916034,3492723682,16231562,1,146925194,1211752375,2540669,1702697200,2352844990,97757781,160169230,34563483,198639543,5123879,31293319,502512006,371103516,0,0,0,0
1001,85,10621504262,10609874972,11143005,40,403152,83063,30,2492147114,663093,116299056,232861244,602690151,505712409,199654837,658701714,175541299,239747873,4704380936,18932965,7,4,5,0,2,5858,1632,72,0,0,0,0,6,92859401,3492628910,16364006,1,146888472,1211752026,2568959,1697093095,2353290936,95229825,166187231,36069940,198569121,5196891,31300320,527598173,369243443,0,0,0,0
1001,86,10621513382,10609878761,11150196,50,400652,83693,30,2494847760,623747,116263459,234498259,600949840,504362460,201195243,658553659,178366037,239838507,4704285553,18969136,7,4,5,0,2,5858,1632,72,0,0,0,0,6,92917813,3492619421,16335204,1,146920694,1211666132,2633932,1660282618,2348967678,100244014,198251394,36096614,198630813,5134599,31296880,515402339,382110701,0,0,0,0
1001,87,10621512202,10609880112,11146005,50,402802,83193,40,2492597369,730625,116266655,234287927,601272918,504323807,201040110,658694511,175955614,239737641,4704346503,18954137,7,4,5,0,2,5858,1632,72,0,0,0,0,6,92859259,3492704481,16277154,1,146878382,1211642022,2676983,1669406945,2348198021,101642877,194045225,34986942,198566781,5196221,31306220,542994861,372865518,0,0,0,0
1001,88,10621513752,10609879092,11149645,50,401182,83753,30,2486971254,646112,116225398,228194536,607225580,506711272,198848432,658562767,170513896,239841458,4704184538,19075909,7,4,5,0,2,5858,1632,72,0,0,0,0,6,92916774,3492568137,16397196,1,146924684,1211616401,2678713,1638306948,2345434119,101959637,214352910,34995999,198619803,5146659,31300270,537748670,403460424,0,0,0,0
1001,89,10621511482,10609880812,11146235,40,401012,83343,40,2487108098,595781,116335710,229541327,606013445,506453315,198912473,658685621,170528255,239732753,4704221570,19089749,7,4,5,0,2,5858,1632,72,0,0,0,0,6,92837961,3492549267,16446717,1,146894792,1211672303,2643032,1643460103,2351622692,100434983,202380110,35208249,198564601,5203251,31296279,510135250,410015608,0,0,0,0
1001,90,10621513802,10609878931,11148946,100,401982,83803,40,2489025757,638191,116242806,229607212,606873790,504791814,199709475,658538860,172583717,239849518,4704199010,19055198,7,4,5,0,2,5858,1632,72,0,0,0,0,6,92922074,3492483646,16477108,1,146927444,1211715364,2578090,1666112613,2353082190,98136077,182953813,33841660,198625373,5136769,31303770,515792672,416411683,0,0,0,0
1001,91,10621512482,10609879191,11148266,40,401762,83183,40,2488170312,633514,116299625,230643783,604910181,506707050,198656318,658688890,171604478,239748534,4704197988,19103632,7,4,5,0,2,5858,1632,72,0,0,0,0,6,92871112,3492542346,16436599,1,146877422,1211655642,2667033,1651433479,2351837366,100006315,195825360,34726333,198565521,5202411,31294709,520046621,416154439,0,0,0,0
1001,92,10621513612,10609879081,11149936,50,400572,83943,30,2488052508,638543,116228998,230324509,605096217,506045649,199531365,658537319,171624568,239828177,4704270981,18997417,7,4,5,0,2,5858,1632,72,0,0,0,0,6,92902483,3492541627,16429847,1,146925694,1211729354,2567570,1624601952,2351930430,101998272,216877328,37246602,198624753,5137669,31294819,512311934,426043857,0,0,0,0
1001,93,10621509212,10609877982,11147325,40,400992,82833,40,2487876082,635002,116306896,230076146,605475819,505642979,199726149,658672129,171309569,239734381,4704193108,19124223,7,4,5,0,2,5858,1632,72,0,0,0,0,6,92856849,3492550116,16441870,1,146877532,1211642992,2682353,1647393559,2353294875,101466141,189851922,35491998,198564551,5199891,31293979,489179666,418002805,0,0,0,0
1001,94,10621513102,10609881872,11145125,60,402362,83653,30,2487575724,654703,116251129,229708334,605713983,505788564,199777019,658556008,171094045,239769925,4704216412,19054358,7,4,5,0,2,5858,1632,72,0,0,0,0,6,92865802,3492547499,16422167,1,146904123,1211668913,2632191,1612339492,2355628868,107828193,216695254,35744100,198628393,5136359,31299480,496047769,420826733,0,0,0,0
1001,95,10621512412,10609946704,11079463,40,402992,83173,40,2487911821,648844,116274116,230600873,604955900,505900339,199465608,658702704,171331721,239760862,4704151738,19159123,7,4,5,0,2,5858,1632,72,0,0,0,0,6,92878040,3492474895,16499711,1,146882822,1211676843,2659412,1611585598,2356553171,102220944,225171894,36310211,198565421,5195621,31301309,527510551,449706729,0,0,0,0
1001,96,10621515962,10609891222,11136545,40,404512,83613,30,2494194786,664902,116267956,232831342,602567526,504826354,200830683,658422745,177755248,239779395,4704419414,18839724,7,4,5,0,2,5858,1632,72,0,0,0,0,6,92867032,3492739511,16227323,1,146912363,1211679903,2612401,1682479403,2357180597,98664005,172822302,33885477,198617043,5141939,31296869,401475884,419537858,0,0,0,0
1001,97,10621512622,10609889772,11134865,40,404962,82953,30,2493293307,758237,116278827,232958212,602566610,504814402,200643036,658599388,176648518,239710863,4704286792,19023557,7,4,5,0,2,5858,1632,72,0,0,0,0,6,92833051,3492651330,16341714,1,146877812,1211635462,2681843,1679736438,2353486589,99059167,175573225,34322064,198562441,5196711,31304530,295563054,370730599,0,0,0,0
1001,98,10621516442,10609887632,11139315,100,405712,83643,40,2493594248,726992,116225348,233335056,603128724,503417639,201173565,658436254,177127709,239853870,4704231548,18965036,7,4,5,0,2,5858,1632,72,0,0,0,0,6,92869084,3492614827,16347215,1,146984786,1211616721,2617821,1678096384,2351106196,97818989,183552223,35487750,198623883,5130039,31308430,368076834,383479978,0,0,0,0
1001,99,10621514462,10609888972,11140325,40,401862,83223,40,2493080285,701271,116327550,233712859,601818535,504998399,200460580,658602851,176429808,239737912,4704409635,18906015,7,4,5,0,2,5858,1632,72,0,0,0,0,6,92859390,3492730142,16258333,1,146878522,1211679493,2647682,1678712794,2352412155,101153700,183366332,34891615,198564681,5193081,31312580,404845963,375097723,0,0,0,0
1001,100,10621516522,10609890982,11138465,50,402892,84103,30,2491956468,738974,116215557,234000567,601405141,504879904,200784322,658425484,175478097,239769735,4704366725,18888352,7,4,5,0,2,5858,1632,72,0,0,0,0,6,92847251,3492619880,16338863,1,146922484,1211746845,2549489,1712673238,2342063240,98073775,164764137,34280455,198631513,5128809,31300979,377889749,386902747,0,0,0,0
1001,101,10621507382,10609886552,11132725,50,404692,83333,30,2494203812,731104,116305870,233458019,602055072,504526415,200926095,658588918,177594587,239746685,4704325572,18974748,7,4,5,0,2,5858,1632,72,0,0,0,0,6,92837191,3492643769,16350597,1,146909494,1211681803,2624151,1681141049,2352024624,96815133,179410269,37054435,198562401,5197611,31304270,404749692,373847136,0,0,0,0
1001,102,10621516482,10609890272,11141495,40,401052,83593,30,2492914188,748944,116193867,234811250,600616347,505127294,200516371,658455797,176418338,239790847,4704532481,18713226,7,4,5,0,2,5858,1632,72,0,0,0,0,6,92863233,3492770975,16180578,1,146927614,1211761506,2532648,1674328174,2353444914,102472246,179929422,36525358,198624253,5134179,31305730,376144944,371117062,0,0,0,0
1001,103,10621515012,10609888482,11139685,50,403402,83363,30,2491190706,713073,116324531,232971074,602538526,504691661,200753920,658622209,174549051,239714153,4704361073,18958857,7,4,5,0,2,5858,1632,72,0,0,0,0,6,92836811,3492673920,16311475,1,146877342,1211687153,2647382,1702120858,2348143147,96409898,161758512,34958194,198561061,5196921,31300559,426418000,373832005,0,0,0,0
1001,104,10621516122,10609886692,11142375,40,403052,83913,50,2488589304,601040,116307618,229715556,605681371,506478794,199175452,658446955,172147736,239754884,4704114276,19152243,7,4,5,0,2,5858,1632,72,0,0,0,0,6,92844831,3492505815,16465170,1,146910053,1211608461,2687073,1663238292,2347305242,101629863,189393658,34807248,198621183,5145259,31296260,467852641,403005065,0,0,0,0
1001,105,10621512802,10609884352,11140705,40,404522,83143,40,2488112922,702694,116312780,229491986,606027944,505597926,199846765,658612737,171486158,239730813,4704137716,19194813,7,4,5,0,2,5858,1632,72,0,0,0,0,6,92844731,3492504824,16498660,1,146886082,1211632892,2696153,1645313617,2351098629,103116974,200802485,35923552,198571051,5195881,31301039,445114702,415506118,0,0,0,0
1001,106,10621515422,10609884512,11143855,50,403342,83623,40,2487128228,642958,116259516,230055595,606388367,505816445,198780868,658456125,170693761,239803635,4704256600,19007979,7,4,5,0,2,5858,1632,72,0,0,0,0,6,92882001,3492508485,16457410,1,146921634,1211748115,2550569,1651782601,2354942256,100786760,194821352,35810434,198625343,5137089,31306790,440695403,408166285,0,0,0,0
1001,107,10621514752,10609884002,11144095,80,403352,83183,40,2487921350,667753,116318266,230948234,604592469,506553409,198898681,658599708,171308451,239752835,4704112256,19206624,7,4,5,0,2,5858,1632,72,0,0,0,0,6,92858763,3492484804,16512911,1,146894072,1211627452,2693713,1662077883,2357443026,101320384,185028398,35703823,198571361,5193151,31301870,441268068,410750028,0,0,0,0
1001,108,10621517282,10609885072,11144845,50,403222,84063,30,2488453889,711543,116221096,229688245,605702234,507022041,198639594,658466355,171975171,239801595,4704186857,19070641,7,4,5,0,2,5858,1632,72,0,0,0,0,6,92875581,3492537815,16425269,1,146926014,1211649042,2645372,1649131208,2342599525,104379842,204753115,34749662,198620333,5142949,31301230,434362171,414441029,0,0,0,0
1001,109,10621510032,10609880452,11143055,50,403362,83003,110,2487818522,675457,116290992,229513718,605990263,506607167,198865353,658578329,171273189,239733363,4704342035,18991255,7,4,5,0,2,5858,1632,72,0,0,0,0,6,92845181,3492577839,16425526,1,146888182,1211764196,2565729,1631863836,2351073350,100183514,210369642,36944670,198571281,5190941,31300679,422171025,420096535,0,0,0,0
1001,110,10621517052,10609885692,11143455,50,404152,83673,30,2488211383,639590,116272027,231253362,604140586,506722034,198941673,658460725,171742074,239838126,4704156347,19056330,7,4,5,0,2,5858,1632,72,0,0,0,0,6,92879011,3492540486,16428259,1,146959115,1211615861,2628071,1636211676,2357520117,102192172,201928842,35485135,198627743,5133239,31300830,419309607,416938074,0,0,0,0
1001,111,10621514952,10609886332,11141135,40,404062,83353,30,2488352318,821525,116187015,231363804,604187268,506060573,199417759,658599740,171685880,239729823,4704024394,19305516,7,4,5,0,2,5858,1632,72,0,0,0,0,6,92858931,3492421463,16569592,1,146870892,1211602931,2735924,1655330366,2358766559,103691507,182571688,35663773,198568081,5190841,31302869,458970525,450142218,0,0,0,0
1001,112,10621516912,10609935863,11093254,50,403782,83853,110,2492815014,648441,116286489,233156270,602257865,504850158,200716488,658501287,176366376,239883679,4704224641,19010206,7,4,5,0,2,5858,1632,72,0,0,0,0,6,92936404,3492573949,16386275,1,146947275,1211650692,2623931,1677688374,2357120640,96509267,178380984,34649383,198619842,5147850,31296090,286093013,445796049,0,0,0,0
1001,113,10621514202,10609853701,11172166,50,404952,83303,30,2492777594,675643,116322650,231785397,603761164,504787504,200580823,658670301,176168941,239765145,4704419076,18888425,7,4,5,0,2,5858,1632,72,0,0,0,0,6,92875793,3492721362,16266674,1,146889352,1211697714,2621751,1660131765,2358642115,100305281,188160111,33768242,198567611,5192281,31305590,421674446,400822080,0,0,0,0
1001,114,10621517232,10609952834,11078933,40,401282,84023,120,2493400643,642770,116291470,233628192,602857270,503896455,200584842,658533468,176944764,239796555,4704339784,18913384,7,4,5,0,2,5858,1632,72,0,0,0,0,6,92889242,3492654271,16305333,1,146907313,1211685513,2608051,1652790005,2354964728,102746503,192747599,35332697,198643093,5115969,31304460,390497706,398385632,0,0,0,0
1001,115,10621515212,10609884692,11146915,50,400062,83373,120,2493947888,692795,116331730,233246884,602296668,505075280,200281057,658683861,177318315,239777416,4704445568,18851773,7,4,5,0,2,5858,1632,72,0,0,0,0,6,92888793,3492671142,16301974,1,146888623,1211774426,2549799,1678551188,2355583983,97411685,175556453,35149293,198566661,5192251,31302170,417734363,402106970,0,0,0,0
1001,116,10621517312,10609884142,11146565,50,402472,84053,30,2494059271,613221,116250338,233620984,601809533,504880554,200676510,658510596,177673515,239813777,4704307133,18944494,7,4,5,0,2,5858,1632,72,0,0,0,0,6,92897963,3492649300,16310603,1,146915814,1211657833,2633891,1690515332,2350611426,96896106,174031222,35633230,198636643,5129559,31296289,428074320,387130984,0,0,0,0
1001,117,10621513252,10609852391,11175306,70,402152,83303,30,2493109564,708241,116355143,234230611,601294220,504371289,200997996,658675655,176455657,239764725,4704360924,18950446,7,4,5,0,2,5858,1632,72,0,0,0,0,6,92878253,3492655680,16333565,1,146886472,1211705244,2616881,1663457087,2348233635,102742510,194781796,36542570,198566821,5193721,31304529,464560035,415875295,0,0,0,0
1001,118,10621517192,10609886682,11142175,60,404472,83773,30,2491499824,659702,116280288,235040179,600388569,505045411,200511313,658532557,175021326,239814567,4704404575,18849123,7,4,5,0,2,5858,1632,72,0,0,0,0,6,92886313,3492711632,16249892,1,146928254,1211692943,2599231,1679402497,2343268092,100575177,184038650,34561001,198625393,5133209,31301589,433624790,409079842,0,0,0,0
1001,119,10621515692,10609883951,11143646,40,404622,83403,30,2494376044,701233,116303700,234021867,601530396,504942807,200420819,658691072,177743208,239745164,4704364415,18946666,7,4,5,0,2,5858,1632,72,0,0,0,0,6,92874412,3492691432,16300124,1,146870752,1211672983,2646542,1680664487,2344245146,99716639,180484698,34004361,198566581,5192071,31307259,447460175,402051691,0,0,0,0
1001,120,10621517242,10609884852,11146405,50,401892,84003,40,2486987524,675112,116240566,230821498,604607700,506287080,199272624,658523830,170518806,239875229,4704067036,19177102,7,4,5,0,2,5858,1632,72,0,0,0,0,6,92920554,3492495296,16480769,1,146954675,1211571740,2696333,1668113613,2339546919,98688549,188887484,33143800,198619983,5144529,31295289,471765312,443080985,0,0,0,0
1001,121,10621513472,10609882292,11143555,50,404192,83333,50,2490023810,660711,116331280,231434748,604118576,505595424,199775360,658691053,173390694,239753044,4704186180,19133012,7,4,5,0,2,5858,1632,72,0,0,0,0,6,92867682,3492548868,16445039,1,146885362,1211637312,2687973,1643059798,2353265984,103450834,204149423,33473131,198570771,5195141,31304720,457786776,435127661,0,0,0,0
1001,122,10621517372,10609886562,11143075,50,403612,83953,120,2486886150,622941,116257847,228745088,607756724,504912177,199593232,658530789,170435383,239836878,4704330713,18937674,7,4,5,0,2,5858,1632,72,0,0,0,0,6,92905214,3492637699,16341444,1,146931664,1211693014,2596230,1661043303,2351365831,101395909,188075448,32646510,198624433,5136939,31298599,452795783,444253793,0,0,0,0
1001,123,10621515382,10609880792,11148665,50,402592,83253,30,2487683935,647911,116359380,230411186,605130857,506466976,198896252,658677949,171070923,239755976,4704343073,18973858,7,4,5,0,2,5858,1632,72,0,0,0,0,6,92863823,3492600528,16395158,1,146892153,1211742545,2578700,1623038229,2357448768,101994822,213419362,34682263,198570291,5198341,31298770,428620485,452679175,0,0,0,0
1001,124,10621517802,10609886282,11146165,50,401122,84143,40,2488780592,674491,116214477,230772769,604658590,506024120,199552641,658542159,172314003,239869049,4704034615,19206522,7,4,5,0,2,5858,1632,72,0,0,0,0,6,92919194,3492469746,16499088,1,146949855,1211564869,2707434,1656156009,2355260625,98982591,196253567,34205462,198623853,5137359,31299559,435756143,439841958,0,0,0,0
1001,125,10621510582,10609876222,11150975,50,400192,83113,30,2487768964,648870,116313668,229563161,605990862,506303960,199068647,658642613,171209426,239760735,4704154288,19157302,7,4,5,0,2,5858,1632,72,0,0,0,0,6,92876163,3492491535,16493280,1,146884572,1211662753,2664022,1627364246,2350233851,101014600,215592741,34393496,198571301,5191081,31299069,436228890,441314787,0,0,0,0
1001,126,10621517472,10609884492,11145495,40,403842,83563,40,2487453539,660502,116261258,229224409,606228819,506180377,199375366,658558348,170921399,239787486,4704261551,19010828,7,4,5,0,2,5858,1632,72,0,0,0,0,6,92877703,3492606859,16366266,1,146909783,1211654692,2644562,1613499258,2348794756,105524362,224905233,36530834,198629713,5132009,31302679,440763259,444109494,0,0,0,0
1001,127,10621515432,10609924243,11105304,50,402522,83283,30,2487509610,701814,116297629,230588241,604951122,506446811,198931325,658684992,170883467,239737483,4704157378,19149563,7,4,5,0,2,5858,1632,72,0,0,0,0,6,92859531,3492509666,16464970,1,146877952,1211647712,2684593,1639036003,2354629133,103770718,209962077,33709600,198570581,5192811,31295939,446723881,466993462,0,0,0,0
1002,0,8460839216,8450062181,10275359,50,395713,105883,30,2008003651,492054,94372470,189423788,468350348,422337527,158202111,536355878,138452744,210082375,3384339084,16673116,6,3,4,0,1,4483,1212,61,0,0,0,0,5,77869327,2594251918,13419596,1,132213048,790087166,3253520,1146078428,1722306692,129133207,77185680,76328541,193933636,5885653,31755586,217766538,320768382,0,0,0,0
1002,1,8460838586,8450071311,10262509,80,398353,106203,130,2007634889,491694,94345049,188411229,469363990,421988723,158562524,536595450,137862730,210239610,3384363136,16649745,6,3,4,0,1,4483,1212,61,0,0,0,0,5,78003902,2594226499,13495017,1,132235708,790136637,3154728,1105804685,1718298176,138232666,100168433,73720737,193894615,5937514,31749517,248376636,297546124,0,0,0,0
1002,2,8460840817,8450072572,10261719,50,400943,105503,30,2007873846,484026,94371279,187914284,469862192,421213825,159330813,536363405,138315625,210090005,3384325405,16704496,6,3,4,0,1,4483,1212,61,0,0,0,0,5,77881517,2594192548,13484277,1,132208488,790132857,3220219,1103356836,1718243283,144884805,97444368,72956330,193935286,5879213,31755486,253640135,302504571,0,0,0,0
1002,3,8460838577,8450063542,10271929,40,396662,106374,30,2007185548,466904,94376990,186931563,470845664,421650747,158893698,536603714,137399137,210183740,3384360155,16650776,6,3,4,0,1,4483,1212,61,0,0,0,0,5,77967852,2594227228,13494098,1,132215888,790132927,3156678,1108439195,1720405836,132321495,102556891,76573228,193895695,5947474,31734016,287715074,300818250,0,0,0,0
1002,4,8460840917,8450013020,10322431,50,398412,106964,40,2006507553,464535,94403729,187160272,470622805,421566763,158985695,536346904,136938374,210080894,3384342447,16675175,6,3,4,0,1,4483,1212,61,0,0,0,0,5,77872307,2594214119,13451576,1,132208587,790128328,3223599,1110399786,1717125023,138760288,97616934,75723239,193935766,5885563,31755406,283424686,307591927,0,0,0,0
1002,5,8460838696,8450015670,10319110,50,397423,106403,40,2007435563,479924,94360629,186282713,471496825,421499611,159058943,536593765,137644533,210244030,3384246322,16745120,6,3,4,0,1,4483,1212,61,0,0,0,0,5,78009502,2594124605,13574502,1,132234528,790121717,3170618,1101016941,1721011315,146462019,95371684,76771483,193894985,5938624,31742836,301677497,298017140,0,0,0,0
1002,6,8460840857,8450016641,10318600,50,398742,106794,30,2006640658,420344,94439091,187879232,469905915,421835441,158689294,536390040,137062082,210071204,3384397947,16648926,6,3,4,0,1,4483,1212,61,0,0,0,0,5,77861496,2594284041,13407815,1,132209708,790113906,3241111,1130000748,1716406525,134652968,86030835,74682430,193935426,5884913,31755826,277333318,295416547,0,0,0,0
1002,7,8460838627,8450012720,10322571,50,396703,106453,130,2006406362,509085,94342197,187602012,470164426,422016598,158535117,536612374,136604149,210237820,3384318995,16689626,6,3,4,0,1,4483,1212,61,0,0,0,0,5,78001532,2594216279,13498627,1,132236288,790102716,3190999,1125332695,1719106380,139987044,83889129,72519914,193896025,5939944,31742736,290440358,297371429,0,0,0,0
1002,8,8460839357,8450086213,10247658,50,399583,105823,30,2003095188,460334,94424572,185257420,472500046,422301226,158249090,536351056,133516324,210070934,3384211452,16808530,6,3,4,0,1,4483,1212,61,0,0,0,0,5,77861657,2594097815,13578630,1,132209277,790113637,3229900,1105774896,1716289683,136155591,100975235,68400573,193948546,5876783,31749296,298899080,327604686,0,0,0,0
1002,9,8460837387,8450084123,10248718,50,398653,105803,40,2003141840,443832,94432432,185748099,471989058,422521842,158030333,536605505,133293346,210226456,3384244994,16775080,6,3,4,0,1,4483,1212,61,0,0,0,0,5,77994448,2594148868,13579971,1,132232008,790096126,3195109,1111154989,1720363892,135378613,98106546,75483474,193897635,5940945,31736295,294857059,327744686,0,0,0,0
1002,10,8460839267,8450083563,10248978,40,400583,106063,40,2003536571,475883,94406790,185916013,471834845,422588688,157961249,536346535,133976368,210065354,3384245402,16791290,6,3,4,0,1,4483,1212,61,0,0,0,0,5,77855797,2594133325,13558010,1,132209557,790112077,3233280,1109180430,1719509327,139571070,93633371,73620522,193941096,5886763,31746036,289844775,327727870,0,0,0,0
1002,11,8460838546,8450083842,10248558,50,399852,106214,30,2003482389,440741,94432532,186116940,471627227,422793110,157763417,536588642,133692660,210232389,3384226171,16813863,6,3,4,0,1,4483,1212,61,0,0,0,0,5,78000461,2594120755,13627974,1,132231928,790105416,3185889,1082738123,1721574555,140524499,111625422,77263646,193897885,5941825,31735015,309103134,339037403,0,0,0,0
1002,12,8460839787,8450088413,10243888,40,400613,106793,40,2003260625,477644,94404531,186098017,471661280,422777282,157772874,536365539,133671488,210097406,3384224992,16786800,6,3,4,0,1,4483,1212,61,0,0,0,0,5,77887328,2594126736,13540470,1,132210078,790098256,3246330,1100615465,1719219534,136399363,105181968,76622465,193933436,5892343,31749606,284456835,325851610,0,0,0,0
1002,13,8460837536,8450090412,10242788,50,398363,105893,30,2003452538,508226,94354009,185091596,472663061,422377195,158181942,536588563,133620417,210230458,3384220432,16778111,6,3,4,0,1,4483,1212,61,0,0,0,0,5,77997190,2594109816,13598882,1,132233268,790110616,3179229,1078641745,1719975986,143214608,115561623,75761467,193898465,5933944,31743006,269529375,340984729,0,0,0,0
1002,14,8460839386,8450085262,10247348,50,399993,106703,30,2003055015,465267,94413418,185464338,472295589,422292215,158243143,536368635,133477150,210095174,3384216923,16809621,6,3,4,0,1,4483,1212,61,0,0,0,0,5,77884347,2594118936,13555290,1,132210827,790097987,3254331,1102635207,1719182358,143463911,97020131,69381667,193939776,5885003,31749526,288944645,342116839,0,0,0,0
1002,15,8460837937,8450084323,10249618,50,398262,105654,30,2003696969,511765,94356490,185617771,472128475,422773360,157792657,536592613,133896546,210244419,3384169130,16814742,6,3,4,0,1,4483,1212,61,0,0,0,0,5,78013311,2594066604,13626203,1,132231108,790102526,3188539,1079413712,1721332265,142760205,114415530,77921482,193898535,5942495,31734395,322646293,362438305,0,0,0,0
1002,16,8460839516,8450059601,10275549,50,397653,106633,30,2007836315,525684,94335419,186881643,470906395,420890042,159652896,536338804,138278941,210091746,3384293803,16715468,6,3,4,0,1,4483,1212,61,0,0,0,0,5,77900419,2594178157,13488518,1,132191327,790115646,3226950,1113857148,1722494552,137837349,91246693,74934529,193933266,5891663,31753927,284457098,301991870,0,0,0,0
1002,17,8460838077,8450059572,10273929,50,398493,106003,30,2006019170,456675,94402829,188880906,468878422,421354096,159192300,536584123,136248647,210235818,3384406058,16591325,6,3,4,0,1,4483,1212,61,0,0,0,0,5,77996350,2594207799,13498519,1,132239468,790198259,3092806,1105642778,1720914197,141904808,92799901,75507559,193899155,5931474,31749506,277923753,283978985,0,0,0,0
1002,18,8460839706,8450028060,10305190,50,399542,106834,30,2006765282,489374,94366000,186645345,471135813,420958873,159582503,536330504,137231380,210086047,3384292733,16735637,6,3,4,0,1,4483,1212,61,0,0,0,0,5,77876889,2594213508,13465915,1,132209158,790079225,3269722,1127967794,1716383847,138989243,81338471,70989582,193936636,5887813,31752797,270480300,279414399,0,0,0,0
1002,19,8460838077,8450027001,10306290,50,398643,106053,40,2007686114,448682,94406721,188036677,469723001,422036726,158503418,536596835,137911427,210226567,3384397686,16608686,6,3,4,0,1,4483,1212,61,0,0,0,0,5,77984239,2594320321,13396066,1,132242328,790077365,3212620,1110674392,1721130616,138222929,95969010,78606182,193896995,5932014,31748927,293178242,275052020,0,0,0,0
1002,20,8460839506,8450065661,10269799,50,397452,106514,30,2007558456,553524,94310390,188473511,469312067,421007336,159537849,536330736,138012122,210133658,3384362826,16654455,6,3,4,0,1,4483,1212,61,0,0,0,0,5,77925130,2594227529,13442566,1,132208528,790135297,3211889,1110429149,1715275200,138074897,97181866,79050321,193926366,5898363,31755466,306016404,278886040,0,0,0,0
1002,21,8460838256,8450064201,10269879,50,397883,106213,30,2008978231,462956,94394819,186717078,471039639,421132189,159421118,536586152,139177468,210232367,3384322194,16687087,6,3,4,0,1,4483,1212,61,0,0,0,0,5,77993439,2594200017,13518169,1,132238928,790122177,3168918,1107979838,1718787190,139387896,96738934,76058920,193900025,5938294,31742786,319571910,276615181,0,0,0,0
1002,22,8460839726,8450060681,10272819,40,399693,106373,120,2006374340,447974,94410048,187812664,469978426,421550402,158979093,536356436,136813756,210101585,3384311375,16719507,6,3,4,0,1,4483,1212,61,0,0,0,0,5,77891528,2594183007,13496128,1,132210057,790128368,3223379,1110775628,1715275063,141315985,96218214,76879878,193936386,5884893,31756967,296505559,271780306,0,0,0,0
1002,23,8460839116,8450026390,10308110,50,397403,107123,40,2007317518,529825,94345761,188231223,469523173,421491320,159061287,536597565,137513995,210240818,3384314756,16674828,6,3,4,0,1,4483,1212,61,0,0,0,0,5,77999560,2594279522,13421537,1,132241258,790035234,3253291,1128768817,1715727919,140068450,81526111,74265708,193897225,5934494,31746516,322990188,276900888,0,0,0,0
1002,24,8460838307,8450055562,10275959,50,401283,105423,30,2003199260,490918,94351298,185041874,472743383,422239545,158316851,536337186,133652366,210081293,3384288156,16728939,6,3,4,0,1,4483,1212,61,0,0,0,0,5,77884767,2594151778,13519900,1,132196526,790136378,3209039,1091421860,1718059539,136958184,112696888,69503074,193932806,5892473,31740526,303759592,307625108,0,0,0,0
1002,25,8460836967,8450050642,10282309,50,399103,104823,40,2003015756,447824,94403301,185076437,472683931,422910063,157647222,536588624,133234175,210215090,3384281044,16732677,6,3,4,0,1,4483,1212,61,0,0,0,0,5,78002002,2594170668,13550828,1,132213088,790110376,3181849,1086033681,1720622239,142920077,108577391,76118775,193897845,5934654,31745996,290894168,297193885,0,0,0,0
1002,26,8460838496,8450053311,10280979,50,397913,106203,40,2003134089,501713,94360850,186116139,471662248,421895926,158662801,536332135,133571947,210088974,3384252475,16764797,6,3,4,0,1,4483,1212,61,0,0,0,0,5,77876167,2594152108,13519317,1,132212807,790100367,3245480,1100492420,1721955363,141716828,95395484,72126280,193938596,5890853,31747936,303630895,307490999,0,0,0,0
1002,27,8460837267,8450051562,10280879,40,399752,104994,40,2002742108,461933,94392310,186021776,471738511,422290806,158267900,536569976,132969812,210233861,3384261423,16745258,6,3,4,0,1,4483,1212,61,0,0,0,0,5,78001573,2594177737,13537699,1,132232288,790083686,3207559,1106586437,1721143049,138830187,93233396,71869032,193896095,5936104,31734176,321086681,318925707,0,0,0,0
1002,28,8460838637,8450048622,10285249,50,398403,106273,40,2003302556,530919,94324316,185787928,472000380,423100840,157457937,536346165,133726280,210082896,3384233692,16791018,6,3,4,0,1,4483,1212,61,0,0,0,0,5,77871448,2594132116,13549288,1,132211448,790101576,3241730,1111744186,1718816975,139554915,91123667,73764704,193926996,5902663,31744566,301006442,315206083,0,0,0,0
1002,29,8460837067,8450049192,10282459,50,400523,104813,30,2003404228,488803,94350781,184887727,472879178,422378528,158184489,536573914,133638928,210235069,3384200880,16803911,6,3,4,0,1,4483,1212,61,0,0,0,0,5,78003371,2594098964,13615552,1,132231698,790101916,3188359,1078229877,1715412105,144175471,114818004,77411708,193898075,5934664,31741936,298889580,319297082,0,0,0,0
1002,30,8460838476,8450050111,10283969,50,398163,106143,40,2002846461,547769,94316127,185753256,472033622,422523370,158024445,536344606,133272637,210120245,3384265034,16737888,6,3,4,0,1,4483,1212,61,0,0,0,0,5,77886797,2594147007,13530309,1,132233448,790118027,3207579,1078844826,1718104829,152403578,107209705,82000047,193935356,5886653,31749356,297992598,313155383,0,0,0,0
1002,31,8460837247,8450078433,10254958,50,398783,104993,30,2003377037,531156,94328919,185087277,472670741,423039307,157521200,536592954,133582733,210236980,3384240354,16762708,6,3,4,0,1,4483,1212,61,0,0,0,0,5,78005022,2594149348,13561719,1,132231958,790091006,3200989,1077137767,1723264111,142690565,115177980,78962191,193896065,5936734,31743106,327057733,331448529,0,0,0,0
1002,32,8460839567,8450095983,10240108,50,397072,106304,50,2007322428,487084,94373000,187495601,470278596,420874421,159666435,536340866,137782015,210072364,3384370186,16651226,6,3,4,0,1,4483,1212,61,0,0,0,0,5,77877028,2594255059,13423386,1,132195336,790115127,3227840,1133709412,1721515821,132239746,85416916,72668881,193949676,5873053,31756507,281920332,305506112,0,0,0,0
1002,33,8460838446,8450021420,10312140,40,398633,106183,30,2006184744,489507,94371798,189661537,468088881,421396906,159163529,536589624,136402942,210254879,3384384276,16636436,6,3,4,0,1,4483,1212,61,0,0,0,0,5,78013861,2594276780,13452287,1,132241018,790107496,3184149,1129301050,1721547714,138270231,79108788,71816518,193894675,5939824,31745517,311091329,278400587,0,0,0,0
1002,34,8460839986,8450031390,10306060,40,395823,106543,130,2008218039,470624,94376371,187261564,470518184,421116998,159428937,536337976,138683554,210096765,3384410558,16611054,6,3,4,0,1,4483,1212,61,0,0,0,0,5,77886817,2594282821,13389804,1,132209948,790127737,3221250,1107679629,1721410082,140212409,96484848,74516558,193944126,5873733,31757347,304220985,270811261,0,0,0,0
1002,35,8460838606,8450100532,10237508,50,394072,106404,40,2006723981,412953,94451553,188351616,469401371,421469279,159075296,536606963,136936098,210226779,3384317476,16705566,6,3,4,0,1,4483,1212,61,0,0,0,0,5,78003121,2594211960,13521347,1,132223658,790105516,3184219,1130710258,1721640471,131626325,87855725,78143350,193894415,5943484,31741767,322581319,264884147,0,0,0,0
1002,36,8460840096,8450100412,10236108,50,396983,106503,40,2006714850,488844,94364510,186658658,471131150,420844432,159723916,536317214,137160227,210082865,3384422628,16597163,6,3,4,0,1,4483,1212,61,0,0,0,0,5,77873867,2594217709,13456976,1,132208998,790204919,3140187,1138315059,1717535918,131837955,80582475,75844025,193942246,5878413,31760006,297841478,272794769,0,0,0,0
1002,37,8460838867,8450102483,10234968,40,394753,106593,30,2007455193,452965,94412511,187397325,470350731,421158371,159410746,536577752,137673621,210228610,3384297843,16717118,6,3,4,0,1,4483,1212,61,0,0,0,0,5,78006072,2594181976,13541000,1,132222538,790115867,3176118,1138194223,1720350820,139117931,74382575,73962326,193894905,5939794,31745507,325111097,275659202,0,0,0,0
1002,38,8460840007,8450086413,10250838,40,396993,105693,30,2006992198,425792,94418371,188674207,469114291,420800809,159729996,536371458,137425524,210098525,3384325925,16704497,6,3,4,0,1,4483,1212,61,0,0,0,0,5,77888268,2594203158,13474986,1,132210257,790122767,3229511,1104039749,1719874288,140568808,99396413,76471825,193949266,5869103,31760006,320356498,279567275,0,0,0,0
1002,39,8460838777,8450098223,10236288,40,397753,106443,30,2006822493,478735,94387590,187027065,470718722,421038596,159515861,536611442,137010673,210258112,3384349566,16647645,6,3,4,0,1,4483,1212,61,0,0,0,0,5,78014364,2594237549,13468187,1,132243748,790112017,3179458,1109258344,1715394749,145683527,94979174,76506319,193895045,5939784,31745447,343011071,287606493,0,0,0,0
1002,40,8460837547,8450013881,10318420,40,399383,105793,30,2003529031,380132,94472814,186191510,471567635,422548275,158024934,536320202,133993380,210085955,3384260052,16752010,6,3,4,0,1,4483,1212,61,0,0,0,0,5,77874087,2594150876,13519070,1,132211868,790109176,3232940,1092708730,1720342124,147164290,100975201,81180011,193949627,5871022,31748146,353702029,307526917,0,0,0,0
1002,41,8460835907,8450089463,10241618,40,399743,105013,30,2003444179,457633,94396801,185699124,472047414,422587643,157974721,536589075,133664997,210234859,3384200281,16817651,6,3,4,0,1,4483,1212,61,0,0,0,0,5,77999681,2594138126,13589771,1,132235178,790062155,3227880,1106051240,1718408489,138777311,102118515,69554689,193896645,5938324,31742057,351880687,312678412,0,0,0,0
1002,42,8460837436,8450092302,10238738,40,399852,106464,40,2003247763,441333,94412182,185016713,472737142,422633876,157925323,536330825,133716138,210085414,3384278884,16745449,6,3,4,0,1,4483,1212,61,0,0,0,0,5,77874277,2594206028,13470327,1,132211137,790072856,3275122,1105017889,1720125707,140561039,98364193,74053119,193948626,5870853,31758636,348181805,314294447,0,0,0,0
1002,43,8460836066,8450092562,10238508,40,399832,105094,30,2003595554,398410,94482164,185705185,472030311,421785889,158774498,536568323,133822842,210220089,3384233522,16801391,6,3,4,0,1,4483,1212,61,0,0,0,0,5,77985191,2594119345,13625303,1,132234898,790114177,3176088,1081627541,1721751391,146315487,111835296,75134925,193897895,5939154,31741137,345915689,315908294,0,0,0,0
1002,44,8460837516,8450089082,10242588,50,399482,106284,30,2003218203,457074,94392110,184580420,473183676,422547735,158011283,536345496,133668880,210076675,3384292414,16725187,6,3,4,0,1,4483,1212,61,0,0,0,0,5,77867608,2594102474,13571250,1,132209067,790189940,3153937,1086148731,1715008980,147664749,108480609,75299945,193939936,5883373,31748236,333830233,321133408,0,0,0,0
1002,45,8460836207,8450093153,10238658,50,399132,105184,30,2003530552,549504,94301789,185614472,472132745,422104100,158478638,536540999,133779243,210232679,3384151739,16859113,6,3,4,0,1,4483,1212,61,0,0,0,0,5,77997701,2594065373,13655794,1,132234978,790086366,3203319,1070406169,1721761749,148261817,117371524,76550837,193897425,5935264,31737046,332688741,321324074,0,0,0,0
1002,46,8460837616,8450013880,10316590,50,400743,106313,40,2003363518,458204,94391440,184477936,473283270,422945376,157613362,536338053,133819934,210096887,3384267863,16754579,6,3,4,0,1,4483,1212,61,0,0,0,0,5,77887389,2594176167,13495728,1,132209498,790091696,3258851,1081268729,1718721890,149641238,111103472,74450142,193955717,5864542,31754606,321360619,319433297,0,0,0,0
1002,47,8460836356,8450095722,10236418,40,398702,105434,40,2003265563,500906,94337048,185145927,472605781,422425617,158176980,536546191,133496373,210239720,3384191940,16794321,6,3,4,0,1,4483,1212,61,0,0,0,0,5,78005452,2594112724,13583932,1,132234268,790079216,3210389,1082366431,1723780575,136820938,118366495,77404228,193897655,5939144,31740056,373681982,333288117,0,0,0,0
1002,48,8460840636,8450079002,10255648,40,398303,107613,30,2008426393,481783,94374350,187446710,470332328,420579461,159960225,536342246,138884909,210123837,3384174772,16818199,6,3,4,0,1,4483,1212,61,0,0,0,0,5,77909700,2594145447,13507347,1,132214137,790029325,3310852,1124701869,1721894491,132524661,90953732,67605543,193935236,5888423,31748306,334978050,312441425,0,0,0,0
1002,49,8460838046,8450026880,10305920,40,399813,105363,30,2005486913,443023,94396851,187828011,469945417,420893891,159668336,536562711,135728203,210276710,3384370427,16632376,6,3,4,0,1,4483,1212,61,0,0,0,0,5,78021691,2594250100,13468458,1,132255019,790120327,3163918,1113536020,1717698465,133872150,103868043,75138636,193900425,5935004,31747687,346461340,291237216,0,0,0,0
1002,50,8460840326,8450076351,10259979,50,396642,107274,30,2007883906,422003,94424131,188225993,469557415,420772178,159766967,536337216,138346523,210077794,3384311195,16705917,6,3,4,0,1,4483,1212,61,0,0,0,0,5,77867066,2594208529,13462227,1,132210728,790102666,3243690,1137376248,1721771541,134549748,78552911,69583876,193948926,5870163,31756816,343540804,269837703,0,0,0,0
1002,51,8460838116,8450081442,10253258,50,397872,105454,40,2007645458,441920,94399462,189533134,468240465,421139629,159398015,536593714,137885387,210274141,3384284495,16711267,6,3,4,0,1,4483,1212,61,0,0,0,0,5,78023953,2594162078,13544569,1,132250188,790122417,3166698,981394480,1725037797,117143202,217069266,73432739,193897705,5933584,31746646,362002528,351558067,0,0,0,0
1002,52,8460841377,8450078202,10254929,50,399923,108243,30,2007041390,500665,94362279,187739898,470049030,420728667,159810168,536348845,137470837,210156287,3384372877,16622895,6,3,4,0,1,4483,1212,61,0,0,0,0,5,77944170,2594263560,13389525,1,132212117,790109317,3233370,1160578213,1720138017,131350158,64127907,72209372,193927876,5894653,31753056,324652590,256988737,0,0,0,0
1002,53,8460838196,8450026590,10308340,40,397692,105494,40,2007117693,470416,94372008,187615815,470147743,420916482,159644475,536572252,137363521,210270100,3384342406,16676707,6,3,4,0,1,4483,1212,61,0,0,0,0,5,78019022,2594261590,13470028,1,132251078,790080816,3206679,1148860871,1716408941,131106050,78337281,78145380,193898715,5935484,31745817,343217535,263590197,0,0,0,0
1002,54,8460840876,8450076571,10258119,1900,396272,107984,30,2006872024,437624,94403990,187900564,469886824,420620084,159912661,536368336,137311871,210120656,3384260032,16753059,6,3,4,0,1,4483,1212,61,0,0,0,0,5,77922679,2594167896,13499608,1,132197977,790092136,3253451,1110077292,1715459893,136845024,102000571,73187216,193940916,5877623,31755036,330346591,277805271,0,0,0,0
1002,55,8460840107,8450027031,10307750,50,397753,107483,40,2008294950,480445,94371709,186219531,471549357,421097488,159456227,536583372,138517530,210285980,3384318484,16672028,6,3,4,0,1,4483,1212,61,0,0,0,0,5,78033622,2594231248,13473129,1,132252358,790087236,3198899,1125527395,1715803083,139984809,83754067,74411944,193900075,5933694,31739966,345629439,279749440,0,0,0,0
1002,56,8460838806,8450071502,10264128,50,396613,106483,30,2001977334,441834,94395960,185066174,472706701,423092113,157460196,536329466,132450359,210094886,3384292705,16723198,6,3,4,0,1,4483,1212,61,0,0,0,0,5,77879808,2594094986,13584891,1,132215078,790197719,3138307,1115354846,1717055734,135527987,93818070,71554054,193941766,5883593,31741906,358936243,309089039,0,0,0,0
1002,57,8460836797,8450027041,10308700,50,396273,104703,30,2002575764,431391,94421351,184957323,472800316,422838251,157712606,536602291,132779074,210270730,3384227381,16773820,6,3,4,0,1,4483,1212,61,0,0,0,0,5,78023782,2594127655,13587601,1,132246948,790099726,3186219,1111404332,1721276679,138074683,93793177,75095965,193898755,5931634,31745316,372625357,304926696,0,0,0,0
1002,58,8460839167,8450074553,10261328,50,396373,106833,30,2003608244,422392,94424413,185239499,472527327,422797223,157757624,536331424,134075252,210086745,3384248424,16775458,6,3,4,0,1,4483,1212,61,0,0,0,0,5,77872187,2594129587,13551409,1,132214558,790118837,3224049,1084408812,1722462748,141262271,113307572,76221414,193945846,5876123,31755016,371076502,302612003,0,0,0,0
1002,59,8460837777,8450073882,10261129,40,397123,105563,40,2002106688,419893,94439971,185680061,472067496,422900507,157652988,536587904,132337427,210264770,3384168011,16824232,6,3,4,0,1,4483,1212,61,0,0,0,0,5,78018312,2594084175,13624063,1,132246458,790083836,3200169,1108081239,1721226434,143786077,90584566,77083361,193899415,5932504,31738936,365900705,302794547,0,0,0,0
1002,60,8460838986,8450094282,10238218,50,399723,106663,50,2002104558,509583,94344102,186047874,471731573,422971076,157583909,536336056,132547804,210110156,3384240873,16773307,6,3,4,0,1,4483,1212,61,0,0,0,0,5,77894258,2594133817,13539247,1,132215898,790107056,3234060,1112725894,1719582902,135974906,94286344,72317481,193926666,5896163,31754656,248901402,303796074,0,0,0,0
1002,61,8460837217,8450030541,10304580,50,397063,104953,30,2003960404,491354,94359580,185599520,472156176,422390597,158171110,536569564,134204523,210267891,3384198501,16817632,6,3,4,0,1,4483,1212,61,0,0,0,0,5,78018303,2594100375,13635243,1,132249588,790098126,3182389,1103039241,1721393357,141358320,94548640,75473537,193900775,5931964,31735806,362191881,310183293,0,0,0,0
1002,62,8460838877,8450024401,10310520,60,397203,106663,30,2001935514,479793,94368531,185475207,472305780,422517574,158021152,536360327,132371558,210094826,3384244482,16782040,6,3,4,0,1,4483,1212,61,0,0,0,0,5,77879928,2594145566,13537039,1,132214898,790098916,3245001,1110314328,1720786694,139927090,92937495,73986916,193941836,5879133,31747566,343172574,311493754,0,0,0,0
1002,63,8460837157,8450027981,10308120,50,395963,105003,40,2002195609,485834,94359880,186553193,471207474,423231003,157334832,536571714,132429429,210269400,3384304115,16699649,6,3,4,0,1,4483,1212,61,0,0,0,0,5,78025472,2594212989,13502380,1,132243928,790091126,3197269,1108976023,1722260731,138231625,90128768,77366433,193898475,5931774,31742846,370979958,335293326,0,0,0,0
1002,64,8460840297,8450055292,10283269,50,395853,105793,40,2007891748,321291,94447881,187712468,470051709,421079779,159461499,536369937,138416225,210085814,3384278934,16685875,6,3,4,0,1,4483,1212,61,0,0,0,0,5,77859037,2594209578,13438945,1,132226777,790069356,3246930,1114986967,1723238146,137745261,90740790,77184214,193937886,5886133,31747056,279156868,305536093,0,0,0,0
1002,65,8460838667,8450050152,10283289,50,399402,105744,30,2007357502,312349,94413832,187418769,470346549,421048507,159509299,536616634,137593781,210179408,3384246452,16714599,6,3,4,0,1,4483,1212,61,0,0,0,0,5,77931129,2594189038,13501489,1,132248279,790057414,3213110,1123892256,1713692455,133763000,98819829,76729850,193889374,5939185,31766697,329544974,292235198,0,0,0,0
1002,66,8460840727,8450050522,10286769,50,398673,104683,30,2007338312,338660,94442774,188732358,469022797,420662586,159879651,536385967,137840298,210063994,3384276413,16739058,6,3,4,0,1,4483,1212,61,0,0,0,0,5,77864517,2594168137,13497178,1,132199477,790108276,3241880,1142603065,1718274746,137258296,72502372,71613102,193935136,5883543,31747866,296556538,275873317,0,0,0,0
1002,67,8460838706,8450047711,10289129,50,395883,105893,40,2008260318,331449,94443573,188994588,468766049,421171051,159376475,536606904,138533199,210150927,3384238401,16745120,6,3,4,0,1,4483,1212,61,0,0,0,0,5,77901208,2594139005,13575702,1,132249719,790099396,3169418,957304463,1730039950,116285296,232035499,75690397,193891155,5948285,31739215,317029375,364324657,0,0,0,0
1002,68,8460841107,8450055832,10281569,250,396213,107213,30,2007101315,310580,94474992,187906064,469855602,420943385,159593622,536377987,137610642,210079883,3384288525,16701586,6,3,4,0,1,4483,1212,61,0,0,0,0,5,77877307,2594170498,13472086,1,132202576,790118027,3229500,1147996547,1718117093,138981250,67738106,65836940,193935686,5889323,31751146,294300725,254059612,0,0,0,0
1002,69,8460838586,8450049281,10289109,40,394363,105763,30,2007938642,308972,94431150,187076157,470692572,420730867,159821699,536615914,138174368,210177607,3384297674,16645217,6,3,4,0,1,4483,1212,61,0,0,0,0,5,77930428,2594234189,13439288,1,132247179,790063485,3205929,1155571744,1713607747,133120686,72346806,72499812,193889725,5940514,31742026,327110232,273056513,0,0,0,0
1002,70,8460840876,8450055241,10280069,40,398773,106713,40,2008631332,289542,94491032,187816250,469949306,421000116,159524791,536404027,139121189,210038355,3384290522,16744278,6,3,4,0,1,4483,1212,61,0,0,0,0,5,77848818,2594206587,13478177,1,132189537,790083935,3266101,1116345994,1715398915,141708693,91537983,74884820,193936206,5888193,31747436,301627138,287869176,0,0,0,0
1002,71,8460838396,8450048921,10287649,50,395813,105933,30,2008078364,339819,94437514,187384616,470366969,421022206,159534882,536625791,138287565,210164898,3384307225,16664367,6,3,4,0,1,4483,1212,61,0,0,0,0,5,77914000,2594209198,13494089,1,132250898,790098027,3170278,1112517014,1715556279,138723435,98069461,76503279,193892064,5938395,31766097,311475357,274743436,0,0,0,0
1002,72,8460839557,8450025111,10312200,60,397043,105113,30,2005781260,331181,94462733,185613240,472138785,422030988,158515169,536392367,136252138,210088876,3384165680,16821251,6,3,4,0,1,4483,1212,61,0,0,0,0,5,77886309,2594123996,13524099,1,132202567,790041684,3297152,1103270696,1712510865,149132050,91049540,77962553,193941016,5882043,31746156,340463026,305958349,0,0,0,0
1002,73,8460837856,8450056971,10274639,40,401223,104953,30,2003913128,346088,94455115,185044415,472701451,422263833,158279572,536626725,134150933,210179367,3384271584,16712638,6,3,4,0,1,4483,1212,61,0,0,0,0,5,77928308,2594143457,13573491,1,132251059,790128127,3139147,1112862156,1714757345,136463299,96670891,78306974,193893205,5942894,31756767,342985941,294313395,0,0,0,0
1002,74,8460839696,8450051551,10284569,50,398063,105423,40,2003545815,318261,94470343,184992652,472737130,421983649,158562000,536385707,134059389,210041844,3384169370,16850310,6,3,4,0,1,4483,1212,61,0,0,0,0,5,77837867,2594143826,13536868,1,132203977,790025544,3313442,1127030164,1721480916,139281926,77675673,75205527,193943826,5882513,31764047,326262057,302652480,0,0,0,0
1002,75,8460839047,8450055392,10276329,40,401123,106123,40,2003846723,313089,94460992,187238771,470507675,422273194,158281382,536599815,134098080,210161737,3384228624,16771619,6,3,4,0,1,4483,1212,61,0,0,0,0,5,77911028,2594205540,13528179,1,132250709,790023084,3243440,1112704084,1719572961,144489965,84557293,77525166,193894265,5944314,31741127,315790314,309823017,0,0,0,0
1002,76,8460840207,8450053172,10278839,50,401613,106503,30,2003449514,321641,94468552,186079508,471669638,421900554,158642123,536397279,133941437,210080415,3384295434,16694095,6,3,4,0,1,4483,1212,61,0,0,0,0,5,77874088,2594137466,13514527,1,132206327,790157968,3179568,1096734286,1717658250,143026348,93858300,80414522,193932946,5890703,31755537,328121251,309646213,0,0,0,0
1002,77,8460838066,8450049271,10286189,60,397443,105073,30,2003966168,312089,94440094,185418114,472332010,421653218,158899239,536602545,134267576,210121718,3384143548,16829473,6,3,4,0,1,4483,1212,61,0,0,0,0,5,77895710,2594138995,13570812,1,132226008,790004553,3258661,1112157751,1722848174,142440895,83517077,74997885,193893195,5937624,31746066,336507241,315585277,0,0,0,0
1002,78,8460839646,8450031230,10304410,50,397113,106813,30,2003773732,352951,94467394,185945551,471794774,422452900,158082677,536393867,134244977,210095925,3384217042,16765008,6,3,4,0,1,4483,1212,61,0,0,0,0,5,77888368,2594182618,13456166,1,132207557,790034424,3308842,1098435081,1723381977,134463861,102672807,78599040,193940756,5881853,31762987,331854273,309547710,0,0,0,0
1002,79,8460838397,8450021171,10314730,60,396933,105473,30,2003343536,340680,94428382,185929148,471814077,422274217,158286290,536615223,133567908,210192278,3384143220,16791372,6,3,4,0,1,4483,1212,61,0,0,0,0,5,77941570,2594122316,13546281,1,132250708,790020904,3245091,1087498389,1722670614,140937403,105232551,76192771,193894455,5945064,31732856,332547476,333056823,0,0,0,0
1002,80,8460839207,8450047992,10288689,60,395983,106453,30,2008263318,412544,94405373,188107917,469668967,421007256,159518312,536371156,138751126,210073465,3384349105,16653506,6,3,4,0,1,4483,1212,61,0,0,0,0,5,77863527,2594206368,13457587,1,132209938,790142737,3195919,1127088737,1722674537,141802044,75992289,71813248,193929986,5892483,31753946,371539174,303178338,0,0,0,0
1002,81,8460837536,8450065071,10266949,50,399623,105813,30,2007709042,330892,94460653,188823531,468942425,420699714,159841262,536608513,137975701,210256419,3384317685,16672478,6,3,4,0,1,4483,1212,61,0,0,0,0,5,78015051,2594206488,13497780,1,132241368,790111197,3174698,1127605481,1718454429,139205227,84065836,72777558,193894935,5940554,31741606,368417266,278843253,0,0,0,0
1002,82,8460839056,8450047171,10289879,40,395392,106544,30,2008405214,367771,94433274,187562130,470214225,421099447,159436258,536359769,138915018,210060843,3384279855,16731057,6,3,4,0,1,4483,1212,61,0,0,0,0,5,77853386,2594163718,13502287,1,132207457,790116137,3228770,1111944804,1723751613,140360860,89803574,74449223,193931896,5891853,31751696,364652008,267924391,0,0,0,0
1002,83,8460837436,8450043181,10292909,40,395432,105844,30,2008511466,373202,94435294,187923669,469839615,421100069,159437487,536628124,138696813,210251278,3384295076,16697236,6,3,4,0,1,4483,1212,61,0,0,0,0,5,78003890,2594196940,13514387,1,132247388,790098136,3182849,1142841907,1719552982,133528954,78464075,73181907,193892355,5936474,31747576,384803774,270670032,0,0,0,0
1002,84,8460839316,8450044341,10292509,40,395703,106693,30,2006956349,423951,94413014,187934764,469841281,420618193,159913585,536359954,137431735,210093527,3384349764,16659745,6,3,4,0,1,4483,1212,61,0,0,0,0,5,77885079,2594202467,13462686,1,132208448,790147297,3197059,1134667367,1720834253,135310733,77711353,74663299,193926886,5899453,31749926,365203389,266440033,0,0,0,0
1002,85,8460837586,8450047491,10287329,50,396832,105854,30,2007188515,359850,94430991,188316575,469451263,421564732,158976693,536610586,137450444,210254510,3384354385,16643717,6,3,4,0,1,4483,1212,61,0,0,0,0,5,78013522,2594236688,13475089,1,132240988,790117697,3168628,1134357934,1720672623,135168694,77598186,76157453,193893635,5942374,31741816,382412891,269729954,0,0,0,0
1002,86,8460839156,8450009769,10322891,50,400233,106183,30,2007827387,345262,94449402,188157667,469635980,420612523,159909183,536390038,138302792,210099847,3384297232,16719338,6,3,4,0,1,4483,1212,61,0,0,0,0,5,77887239,2594151995,13517319,1,132212608,790145237,3202019,1106788572,1716686795,134324735,105175212,76051554,193932696,5889863,31753876,376576117,275520616,0,0,0,0
1002,87,8460838836,8450047321,10289649,50,394613,107163,40,2007448256,407975,94433750,187932973,469817424,420726497,159816178,536628586,137658960,210255650,3384353707,16627066,6,3,4,0,1,4483,1212,61,0,0,0,0,5,78012522,2594234590,13462998,1,132243128,790119117,3164068,1108096736,1717369815,140910309,97765399,73922435,193891775,5938804,31745316,394121476,273397031,0,0,0,0
1002,88,8460838676,8450044041,10287489,50,402153,104903,40,2003286564,388683,94418533,184500048,473268047,421856293,158679783,536373927,133775671,210081646,3384230143,16779499,6,3,4,0,1,4483,1212,61,0,0,0,0,5,77873458,2594146777,13522439,1,132208188,790083366,3257060,1085123213,1716367390,147266689,108795497,75809953,193929826,5892463,31742216,397890319,295433430,0,0,0,0
1002,89,8460837517,8450045092,10286269,40,401263,104813,40,2003472418,374900,94431802,185345844,472423353,421931283,158607872,536625674,133705748,210253449,3384168173,16825661,6,3,4,0,1,4483,1212,61,0,0,0,0,5,78001491,2594071106,13648503,1,132251958,790097067,3177158,1088516954,1719181120,142909321,106651151,75145502,193892895,5938834,31745616,381458051,308286583,0,0,0,0
1002,90,8460839197,8450043241,10292950,40,396543,106393,30,2004512281,422113,94439882,185639002,472123533,421431249,159103819,536366477,134958287,210090977,3384180700,16831330,6,3,4,0,1,4483,1212,61,0,0,0,0,5,77874629,2594087534,13583880,1,132216348,790093166,3247450,1111941105,1718751914,135759468,95037775,74389900,193937266,5894943,31744626,393482062,310473195,0,0,0,0
1002,91,8460837736,8450046081,10285459,50,401093,105013,40,2004055319,400782,94432693,186074204,471685022,422349426,158189089,536606093,134295427,210222650,3384182810,16812242,6,3,4,0,1,4483,1212,61,0,0,0,0,5,78008893,2594094074,13614253,1,132213757,790088736,3197989,1098312637,1720114592,148696844,93839247,69996820,193892215,5939044,31735776,396129784,309408845,0,0,0,0
1002,92,8460839127,8450044932,10291469,50,396343,106293,40,2004025276,430055,94417041,185573150,472201055,422012638,158515600,536373728,134479261,210096766,3384284063,16723608,6,3,4,0,1,4483,1212,61,0,0,0,0,5,77880708,2594147786,13521969,1,132216058,790136277,3201639,1080482748,1719206381,149869016,105481900,75232012,193925266,5904453,31745726,387341454,316110659,0,0,0,0
1002,93,8460837437,8450042152,10289489,50,401153,104563,30,2004075369,400931,94405703,185814507,471953148,422022149,158526347,536613136,134260816,210209500,3384187731,16812821,6,3,4,0,1,4483,1212,61,0,0,0,0,5,77998263,2594101435,13613162,1,132211237,790086296,3199659,1100494009,1722214342,141924826,95002165,76229076,193893295,5937464,31745766,367205549,316166760,0,0,0,0
1002,94,8460838726,8450046911,10289329,50,396533,105873,30,2003538115,417913,94413262,185317823,472456913,421808091,158716196,536375746,134009420,210061403,3384198473,16825261,6,3,4,0,1,4483,1212,61,0,0,0,0,5,77845645,2594100767,13579231,1,132215758,790097706,3246030,1072967171,1724463718,144874150,113365192,74738788,193934916,5888213,31752246,368009112,312841436,0,0,0,0
1002,95,8460837447,8450045192,10290389,50,397123,104653,40,2003917353,468864,94390450,185496948,472268429,422240774,158303342,536627475,134099782,210249971,3384168550,16821691,6,3,4,0,1,4483,1212,61,0,0,0,0,5,78010253,2594079104,13624772,1,132239718,790089446,3196919,1070083058,1723421632,143954039,118475394,77175684,193895145,5936874,31744626,390908272,334306626,0,0,0,0
1002,96,8460839106,8450044781,10289009,50,399103,106033,130,2008357383,403442,94442412,186982115,470758041,420904963,159673674,536312227,138855137,210057733,3384344116,16658348,6,3,4,0,1,4483,1212,61,0,0,0,0,5,77847296,2594225489,13440938,1,132210437,790118627,3217410,1119207880,1722512616,136345579,85970451,75613265,193950566,5877973,31750287,287855462,307535586,0,0,0,0
1002,97,8460837437,8450045381,10286710,40,400843,104433,30,2006659650,420745,94429131,187723296,470010540,420837878,159762119,536561813,136883805,210110436,3384245171,16768541,6,3,4,0,1,4483,1212,61,0,0,0,0,5,77901539,2594186466,13540681,1,132208897,790058705,3227860,1124910328,1721857812,143091555,77657734,73507591,193892205,5941004,31746556,207718558,267217071,0,0,0,0
1002,98,8460838867,8450047252,10284719,60,400943,105863,30,2006496254,453662,94424695,188171699,469579634,420696218,159888712,536310424,136947621,210078543,3384306665,16706408,6,3,4,0,1,4483,1212,61,0,0,0,0,5,77862946,2594196228,13476188,1,132215597,790110437,3230220,1115906484,1719920665,138791039,87448559,77342553,193947357,5876342,31751567,261314446,277668041,0,0,0,0
1002,99,8460837727,8450022081,10313350,40,397383,104833,40,2006988512,362203,94470931,187488371,470247956,420964243,159628474,536575653,137170068,210149107,3384369147,16642774,6,3,4,0,1,4483,1212,61,0,0,0,0,5,77904549,2594260740,13470266,1,132244558,790108407,3172508,1118223496,1719229431,145414234,84469915,75147638,193890405,5944614,31743037,294049961,275859581,0,0,0,0
1002,100,8460839387,8450047002,10287069,40,398923,106323,30,2007948617,415852,94429953,188896855,468862308,420917966,159673234,536295967,138428233,210049043,3384411889,16603513,6,3,4,0,1,4483,1212,61,0,0,0,0,5,77845006,2594294702,13381854,1,132204037,790117187,3221659,1143654665,1712468907,141705665,71529348,74549142,193944986,5875663,31759526,271848956,285088320,0,0,0,0
1002,101,8460837827,8450051572,10284079,50,397293,104793,40,2009538989,396473,94458272,188269345,469461151,421069777,159527341,536564441,139770947,210107755,3384362815,16643228,6,3,4,0,1,4483,1212,61,0,0,0,0,5,77901358,2594226198,13493240,1,132206397,790136617,3149988,1116261686,1719905893,138959773,86700703,76984001,193891285,5942554,31745737,294930288,275310298,0,0,0,0
1002,102,8460839037,8450042352,10289729,50,401553,105323,30,2008136743,373162,94462343,189704906,468063419,420938005,159643664,536324464,138603251,210041504,3384307363,16714860,6,3,4,0,1,4483,1212,61,0,0,0,0,5,77836456,2594188127,13486709,1,132205048,790119236,3228151,1113553481,1719841404,136237224,92952305,80247097,193951986,5866963,31759697,275855064,272293248,0,0,0,0
1002,103,8460837797,8450046522,10287319,40,399013,104873,30,2007877438,415892,94447012,187602025,470124071,420705546,159894933,536577763,138044322,210139026,3384305876,16685806,6,3,4,0,1,4483,1212,61,0,0,0,0,5,77897438,2594201920,13505787,1,132241588,790103956,3180019,1135538876,1717511484,140074783,70891401,73501463,193892905,5938094,31747547,310421060,279334781,0,0,0,0
1002,104,8460838556,8450041430,10290970,40,400873,105213,30,2003963685,370081,94496834,185541538,472207877,422155482,158441967,536317965,134395029,210055196,3384179259,16836481,6,3,4,0,1,4483,1212,61,0,0,0,0,5,77848379,2594154325,13524499,1,132206817,790024934,3311982,1111793217,1718495249,141167565,89783302,74885085,193952266,5868703,31746536,339111738,302722688,0,0,0,0
1002,105,8460837086,8450051311,10279819,50,399942,105914,50,2003627845,407343,94452163,186334423,471387953,421783308,158818137,536551863,133806254,210196407,3384045926,16971657,6,3,4,0,1,4483,1212,61,0,0,0,0,5,77961899,2594022702,13711076,1,132234508,790023224,3260581,1091168346,1718742452,146421482,102294050,77114949,193896395,5937414,31741846,331627416,304776092,0,0,0,0
1002,106,8460838936,8450048171,10284109,50,400043,106433,130,2003365709,412812,94452912,185861692,471874055,422063410,158530247,536316086,133833103,210068713,3384079069,16933704,6,3,4,0,1,4483,1212,61,0,0,0,0,5,77862066,2594020954,13650703,1,132206647,790058115,3283001,1092763426,1720505404,137613514,109121847,77343645,193948607,5876802,31757487,323585148,305078017,0,0,0,0
1002,107,8460837556,8450013480,10317610,50,400093,106193,130,2003689527,369712,94519773,185343584,472375133,421931273,158667365,536539329,133871086,210111784,3384082498,16939744,6,3,4,0,1,4483,1212,61,0,0,0,0,5,77877016,2594038333,13698824,1,132234768,790044165,3240920,1106725772,1723149611,147547636,86686411,74314558,193896605,5937544,31750197,332700943,300274630,0,0,0,0
1002,108,8460839017,8450045612,10285639,50,401233,106453,30,2003829882,433613,94435834,186308500,471423193,422438130,158150479,536331016,134278906,210050484,3384231831,16782699,6,3,4,0,1,4483,1212,61,0,0,0,0,5,77842917,2594067783,13606051,1,132207567,790164048,3176648,1095084710,1714806061,145601699,102034755,71508644,193946256,5880873,31743096,321610324,309515657,0,0,0,0
1002,109,8460837406,8450045491,10289879,50,396013,105933,40,2004052436,516096,94374291,184733262,472975460,422204513,158407948,536525640,134291457,210213518,3384185290,16803382,6,3,4,0,1,4483,1212,61,0,0,0,0,5,77974690,2594135955,13572352,1,132238828,790049335,3231030,1087290307,1718800395,144077657,105183374,76197941,193896465,5933334,31739356,315091477,315549990,0,0,0,0
1002,110,8460839037,8450043601,10288610,50,400543,106193,40,2003419098,433375,94405439,186320975,471437791,422203553,158384557,536329235,133871003,210067865,3384185559,16830552,6,3,4,0,1,4483,1212,61,0,0,0,0,5,77857228,2594025331,13645433,1,132210637,790160228,3185119,1089956486,1724270259,149141587,97966705,74488015,193951156,5872833,31756367,308100691,313160872,0,0,0,0
1002,111,8460837767,8450045782,10287169,80,398073,106623,40,2003455330,475816,94363970,185643710,472098544,422216854,158402507,536529057,133693531,210209528,3383981274,16994137,6,3,4,0,1,4483,1212,61,0,0,0,0,5,77997551,2593992931,13701205,1,132211977,789988343,3292932,1104527031,1725973647,147799929,84260383,72683243,193896035,5936534,31741706,339458482,336319410,0,0,0,0
1002,112,8460840607,8450041612,10293359,50,398153,107383,50,2008852008,441481,94416731,188146644,469627095,420859691,159673205,536347925,139322423,210119856,3384288934,16702057,6,3,4,0,1,4483,1212,61,0,0,0,0,5,77901168,2594196868,13458947,1,132218688,790092066,3243110,1123902190,1723168649,138741374,80965279,74648528,193931596,5891663,31757166,200188012,326726841,0,0,0,0
1002,113,8460837727,8450042561,10291310,40,398253,105523,40,2007802753,384950,94439971,187025055,470752813,421146777,159394528,536597314,138044224,210268421,3384308774,16685678,6,3,4,0,1,4483,1212,61,0,0,0,0,5,78011333,2594188557,13529780,1,132257088,790120217,3155898,1105098493,1724157140,140339236,94111831,76876496,193893495,5939634,31753547,300633029,295093678,0,0,0,0
1002,114,8460840506,8450064011,10271789,50,397263,107353,40,2008136025,393960,94450944,188236833,469531134,420735625,159796080,536356666,138619012,210094946,3384327555,16681046,6,3,4,0,1,4483,1212,61,0,0,0,0,5,77882829,2594195297,13472787,1,132212117,790132258,3208259,1101120765,1722199488,147212326,91152815,77095256,193958427,5861582,31759386,280502729,295745069,0,0,0,0
1002,115,8460837727,8450037191,10298280,50,396552,105614,40,2007030220,363989,94446375,188817272,468947044,420789608,159742737,536614707,137229195,210270480,3384244532,16743960,6,3,4,0,1,4483,1212,61,0,0,0,0,5,78016622,2594150846,13553681,1,132253858,790093686,3190279,1124621508,1720571619,133880026,88756023,75750824,193891915,5934794,31753016,301995146,298085823,0,0,0,0
1002,116,8460841597,8450040221,10293540,250,399003,108553,30,2008499846,481434,94404010,188368027,469415591,420832461,159688455,536374616,138916721,210102416,3384253251,16745038,6,3,4,0,1,4483,1212,61,0,0,0,0,5,77908719,2594199886,13459427,1,132193697,790053365,3285611,1130142555,1719079871,137328577,80361851,75864827,193928366,5897113,31756476,308522021,289475010,0,0,0,0
1002,117,8460837867,8450036581,10299500,560,395563,105633,30,2007183497,409674,94433673,188422298,469328997,420656634,159890360,536591015,137432776,210271400,3384302854,16708659,6,3,4,0,1,4483,1212,61,0,0,0,0,5,78014741,2594171027,13557261,1,132256659,790131827,3151398,1108049374,1718342081,142092868,95963975,77003525,193891664,5937905,31751266,336667466,301716793,0,0,0,0
1002,118,8460841006,8450067141,10267639,50,398193,107953,30,2007435511,390830,94451773,189004846,468778840,420974695,159541282,536389817,137881518,210141367,3384304563,16697576,6,3,4,0,1,4483,1212,61,0,0,0,0,5,77921889,2594190927,13470936,1,132219478,790113636,3226640,1121554847,1713894020,144672802,82018522,72006220,193936506,5881573,31762466,317933593,293938369,0,0,0,0
1002,119,8460840147,8450010811,10324240,50,396932,108074,40,2008738171,435012,94419944,187835148,469926988,421129098,159416067,536604045,138956489,210290791,3384370257,16607056,6,3,4,0,1,4483,1212,61,0,0,0,0,5,78030432,2594262160,13436158,1,132260359,790108097,3170898,1119041240,1714330437,141436399,86290903,74293128,193893665,5936474,31751517,330832635,297331042,0,0,0,0
1002,120,8460838936,8450040021,10294559,40,397523,106763,30,2003360876,435171,94420884,186199868,471580258,422072157,158458259,536356857,133804999,210099236,3384125408,16885553,6,3,4,0,1,4483,1212,61,0,0,0,0,5,77882078,2594074363,13604472,1,132217158,790051045,3281081,1119679013,1712050872,145671048,83687063,69893558,193931806,5893063,31740016,344569175,330262618,0,0,0,0
1002,121,8460836686,8450018940,10314920,40,397943,104813,30,2003482128,393723,94450821,185600183,472158365,421897903,158645863,536615815,133698007,210199548,3384099100,16892313,6,3,4,0,1,4483,1212,61,0,0,0,0,5,77943940,2594050465,13664943,1,132255608,790048635,3227370,1087552715,1720709247,140736323,111523777,71111317,193897655,5933964,31746166,333289174,327321898,0,0,0,0
1002,122,8460839366,8450042311,10291579,50,398063,107323,40,2003325876,374322,94450859,185495338,472290490,422129961,158402145,536353685,133811493,210110056,3384208281,16783599,6,3,4,0,1,4483,1212,61,0,0,0,0,5,77894688,2594137016,13517358,1,132215368,790071265,3266241,1104562972,1718729431,141721059,97438065,72517562,193940886,5880363,31756046,328704212,328761808,0,0,0,0
1002,123,8460838097,8450038892,10294409,50,398673,106043,30,2003695065,373961,94466112,185175507,472585900,422238521,158298753,536613476,133923454,210272530,3384224812,16753490,6,3,4,0,1,4483,1212,61,0,0,0,0,5,78018442,2594129796,13571531,1,132254088,790095016,3181959,1079347361,1721825049,144383958,113110702,74318327,193898475,5933594,31743436,314678588,335022914,0,0,0,0
1002,124,8460839116,8450016520,10315740,40,399783,106993,40,2003115069,436754,94380820,186600181,471196156,421933824,158600512,536369005,133568065,210099396,3384082267,16918913,6,3,4,0,1,4483,1212,61,0,0,0,0,5,77879848,2594050893,13613311,1,132219548,790031374,3305602,1104295820,1721873280,141787305,95292902,71249306,193926496,5900903,31753666,321570849,327790986,0,0,0,0
1002,125,8460837206,8450015220,10319400,50,397193,105303,40,2005093730,450074,94399200,185075597,472688471,422243882,158301242,536583355,135328250,210260360,3384145770,16855033,6,3,4,0,1,4483,1212,61,0,0,0,0,5,78002052,2594052244,13675314,1,132258308,790093526,3179719,1084080315,1719651541,144360906,108523666,72691186,193898715,5934874,31735066,325914879,330227135,0,0,0,0
1002,126,8460839276,8450039721,10294149,50,398093,107133,130,2003526533,435954,94408242,186699554,471093522,422054796,158467500,536384387,133954577,210095265,3384207431,16813671,6,3,4,0,1,4483,1212,61,0,0,0,0,5,77898758,2594102015,13580341,1,132196507,790105416,3233330,1070217207,1720092041,151576158,112742480,74700971,193933536,5886943,31755926,326365513,333005392,0,0,0,0
1002,127,8460837276,8450068641,10262789,70,400353,105393,30,2003471601,412524,94414172,185382812,472384473,422325526,158224339,536591473,133705912,210263231,3384116727,16875615,6,3,4,0,1,4483,1212,61,0,0,0,0,5,78012263,2594050102,13660915,1,132250968,790066625,3214700,1088035549,1722632886,140983967,111689372,72561830,193897345,5935174,31744536,332175246,359075406,0,0,0,0
1003,0,8474899565,8464164880,10255120,40,395112,84383,30,2003394933,510384,95079510,188744488,476997739,411338028,156467110,534972159,139263084,222403089,3393564726,16070781,6,3,4,0,1,4517,1228,61,0,0,0,0,5,77198526,2498353012,13541282,1,145204563,895211714,2529499,1256705399,1706951023,94160244,63438559,40394740,192333964,5138261,34871337,225494260,328842117,0,0,0,0
1003,1,8474899265,8464171910,10239510,49,404313,83443,40,2003083572,491706,95052767,186937813,478796817,410613412,157214866,535140571,138810470,222405529,3393579356,16156763,6,3,4,0,1,4517,1228,61,0,0,0,0,5,77207636,2498342291,13605004,1,145197893,895237065,2551759,1219173584,1702459310,91779901,95424762,43735654,192290854,5184872,34865687,244678100,308333096,0,0,0,0
1003,2,8474900795,8464252253,10168167,50,395192,85083,50,2003718004,539728,95038999,186282380,479470986,409897752,157903466,535297218,139264594,222389425,3393581059,16056150,6,3,4,0,1,4517,1228,61,0,0,0,0,5,77206163,2498347414,13547582,1,145183262,895233645,2508568,1218057004,1704845625,95468115,94188316,41765533,192353406,5117760,34868217,246795708,310833145,0,0,0,0
1003,3,8474899305,8464171871,10248719,40,395102,83543,30,2003296948,464794,95103710,186026063,479701854,409977014,157849434,535152533,138994157,222444259,3393586848,16136502,6,3,4,0,1,4517,1228,61,0,0,0,0,5,77246546,2498346183,13584393,1,145197713,895240665,2552109,1222078751,1703850017,87319528,97967380,44866748,192291384,5186632,34864477,281907995,319429965,0,0,0,0
1003,4,8474900035,8464169730,10251230,60,394312,84663,40,2004274132,532977,95045157,186111996,479654232,410192003,157609425,534969462,140139179,222387088,3393564078,16088960,6,3,4,0,1,4517,1228,61,0,0,0,0,5,77185045,2498336053,13572742,1,145202043,895228025,2516218,1222252064,1704129617,98145610,88390690,42220818,192351956,5118960,34867057,275930505,308636495,0,0,0,0
1003,5,8474899265,8464248713,10162586,51,404322,83553,40,2002908578,499143,95046029,185278479,480451480,409843500,157983937,535141373,138635215,222425198,3393594079,16141031,6,3,4,0,1,4517,1228,61,0,0,0,0,5,77221545,2498362564,13589442,1,145203653,895231515,2551589,1223159015,1703697457,95917941,90206609,43492814,192291323,5180822,34867647,300494003,315133927,0,0,0,0
1003,6,8474900965,8464254543,10160377,60,400842,85113,30,2003368454,464426,95115126,185501967,480272093,410030328,157752939,534987499,139223703,222394675,3393574219,16076100,6,3,4,0,1,4517,1228,61,0,0,0,0,5,77192382,2498353234,13553992,1,145202293,895220985,2522108,1241704792,1701470824,95855581,75630625,41399145,192352696,5119010,34869107,272547713,311484598,0,0,0,0
1003,7,8474898825,8464220262,10196318,50,398522,83633,40,2003984110,489963,95067448,187173802,478565219,410425979,157383418,535144654,139704438,222434649,3393558356,16170223,6,3,4,0,1,4517,1228,61,0,0,0,0,5,77236146,2498341732,13599013,1,145198503,895216624,2571210,1237011598,1701398085,95740913,76314652,41236203,192291103,5186822,34860657,283251454,314997348,0,0,0,0
1003,8,8474899325,8464173121,10240899,50,400912,84313,30,1999009219,482776,95137830,184411814,481321284,410455490,157352578,534992268,134832008,222414576,3393290819,16346169,6,3,4,0,1,4517,1228,61,0,0,0,0,5,77207793,2498144147,13755908,1,145206783,895146672,2590261,1214002582,1699776993,96376798,91559934,40095572,192335146,5138910,34871117,298236858,347635500,0,0,0,0
1003,9,8474897815,8464173561,10245869,40,394762,83553,30,1998995735,446810,95125400,184370146,481352495,411396337,156432739,535155545,134679760,222430018,3393473654,16241366,6,3,4,0,1,4517,1228,61,0,0,0,0,5,77234765,2498308722,13629274,1,145195253,895164932,2612092,1221137154,1705152448,96399727,85243690,43730489,192293534,5181052,34871027,291864812,339857542,0,0,0,0
1003,10,8474899325,8464169361,10244679,70,400112,85073,30,1999573526,476054,95117432,184547977,481201391,411147391,156657655,535009661,135399503,222436578,3393383392,16220755,6,3,4,0,1,4517,1228,61,0,0,0,0,5,77235365,2498231429,13626855,1,145201213,895151963,2593900,1219723581,1705131913,94103611,87452406,41679211,192351666,5122440,34870897,286228978,342086478,0,0,0,0
1003,11,8474897975,8464251533,10166497,50,396192,83663,40,1999412409,482205,95100771,184876459,480858109,411227833,156587085,535167474,135079262,222440279,3393351670,16357769,6,3,4,0,1,4517,1228,61,0,0,0,0,5,77265076,2498130566,13780209,1,145175203,895221104,2577560,1191969116,1707534928,94747273,106440622,43468995,192293284,5185882,34866327,306935438,348884164,0,0,0,0
1003,12,8474899635,8464174331,10239619,50,401422,84183,30,1998983327,534237,95074369,184981723,480768195,411210185,156598613,534991258,134803005,222422107,3393329460,16292037,6,3,4,0,1,4517,1228,61,0,0,0,0,5,77215064,2498171627,13711147,1,145207043,895157833,2580890,1205154535,1704911774,97019665,94765918,43382092,192342956,5129600,34870967,283022993,347827828,0,0,0,0
1003,13,8474898015,8464171850,10242120,50,400232,83733,30,1999387118,562155,95044669,183176946,482548702,411486653,156346336,535144733,135041962,222418138,3393527144,16205445,6,3,4,0,1,4517,1228,61,0,0,0,0,5,77222985,2498286469,13666546,1,145195153,895240675,2538899,1188105802,1705246968,100283529,106536175,42432983,192293173,5181032,34871187,265843121,354529996,0,0,0,0
1003,14,8474899655,8464250293,10167697,50,396502,85083,30,1999172354,511106,95092612,184496575,481255361,410939317,156862313,534993488,134998883,222385507,3393438003,16214585,6,3,4,0,1,4517,1228,61,0,0,0,0,5,77184994,2498170827,13737808,1,145200513,895267176,2476777,1214922928,1704686780,98717217,85628924,40621904,192354705,5119410,34870857,280967555,359623783,0,0,0,0
1003,15,8474898115,8464249583,10169567,40,395482,83413,30,1999554763,567797,95028248,183727923,481999686,411549151,156287117,535136903,135228017,222394837,3393366251,16374849,6,3,4,0,1,4517,1228,61,0,0,0,0,5,77220404,2498163457,13789969,1,145174433,895202794,2584880,1187279688,1707591662,91887472,114937829,46403695,192292934,5184922,34867257,319887214,372424742,0,0,0,0
1003,16,8474900305,8464158200,10255130,70,402432,84443,30,2003155719,533170,95043477,186413663,479343063,409908504,157894965,534949726,139044639,222410528,3393478685,16164203,6,3,4,0,1,4517,1228,61,0,0,0,0,5,77204385,2498308122,13595423,1,145206143,895170563,2568780,1223264699,1707925627,93459719,89459404,44385968,192327184,5147871,34869427,279537997,318001100,0,0,0,0
1003,17,8474898785,8464198671,10207848,40,409353,82843,30,2002550038,491647,95077245,186682935,479048137,409838679,157989736,535134954,138263575,222424869,3393570247,16161233,6,3,4,0,1,4517,1228,61,0,0,0,0,5,77249386,2498322372,13625534,1,145175483,895247875,2535699,1211002052,1706684324,98186717,91508800,44453891,192292493,5181962,34863957,273678163,295230833,0,0,0,0
1003,18,8474899835,8464157460,10248259,51,408832,85203,30,2002997442,519757,95054761,184588197,481183200,409900363,157898534,534940979,138890451,222434257,3393579929,16065960,6,3,4,0,1,4517,1228,61,0,0,0,0,5,77229954,2498381455,13522881,1,145204303,895198474,2543079,1236978273,1702643882,96061157,74621799,41650117,192327175,5151701,34861017,263115096,289263449,0,0,0,0
1003,19,8474897955,8464196321,10209029,49,409083,83443,30,2004804867,500438,95072696,186790939,478938361,409913451,157904536,535154912,140502354,222427288,3393557827,16188074,6,3,4,0,1,4517,1228,61,0,0,0,0,5,77239085,2498347633,13604594,1,145188203,895210194,2583480,1217032757,1704549151,96968049,92702752,47445256,192292313,5185102,34866827,294220406,296034279,0,0,0,0
1003,20,8474900535,8464201191,10212159,50,402302,84803,30,2003174955,556107,95012249,186301659,479463158,409741298,158066971,534935336,139074718,222421217,3393515578,16132531,6,3,4,0,1,4517,1228,61,0,0,0,0,5,77232625,2498331444,13574162,1,145188592,895184134,2558369,1219472784,1701686188,96259929,91834634,45471585,192324934,5152191,34860597,292815620,295742657,0,0,0,0
1003,21,8474898335,8464163860,10241990,49,408853,83553,30,2002201546,511747,95054439,185329894,480405995,409915960,157914957,535139893,137903663,222433189,3393649070,16096820,6,3,4,0,1,4517,1228,61,0,0,0,0,5,77240296,2498328912,13634274,1,145192893,895320158,2462546,1222175586,1702312458,95059071,90814175,44145589,192292043,5182132,34860967,311514935,293511492,0,0,0,0
1003,22,8474900765,8464158100,10248520,60,409082,84963,40,2003666465,456555,95111509,187030442,478743287,409657006,158128221,534978642,139539692,222427187,3393564518,16090761,6,3,4,0,1,4517,1228,61,0,0,0,0,5,77224084,2498342093,13568273,1,145203103,895222425,2522488,1226033277,1700496982,95147648,89863914,42731492,192333934,5140871,34867227,287601589,282892378,0,0,0,0
1003,23,8474896684,8464193510,10220529,50,398782,83783,30,2003988822,524084,95045329,187785918,477939411,410043638,157781839,535135244,139707299,222432129,3393534186,16197914,6,3,4,0,1,4517,1228,61,0,0,0,0,5,77244026,2498320922,13626944,1,145188103,895213264,2570970,1242221030,1699707735,95298215,75985923,42224551,192292093,5182022,34867047,320053133,290643936,0,0,0,0
1003,24,8474898034,8464161549,10249880,50,402122,84403,30,1999957558,513448,95058068,183897985,481856201,411316017,156491423,534976177,135825947,222428118,3393398782,16248395,6,3,4,0,1,4517,1228,61,0,0,0,0,5,77220345,2498194777,13712617,1,145207773,895204005,2535778,1198934783,1704886330,92538048,108422549,43486756,192325074,5143570,34871728,297697877,321006866,0,0,0,0
1003,25,8474896474,8464164630,10246709,50,401412,83643,30,1999379690,494707,95065926,182271388,483473683,411302464,156523794,535150911,135065335,222418398,3393471585,16256165,6,3,4,0,1,4517,1228,61,0,0,0,0,5,77227925,2498305392,13647134,1,145190473,895166193,2609031,1200782413,1706127155,94340266,100746852,43821076,192292963,5182942,34863817,286917390,312832423,0,0,0,0
1003,26,8474898095,8464161670,10254820,50,396252,85263,40,1998963614,467466,95091080,185479524,480284221,411159324,156648976,534969460,134841324,222415387,3393417274,16225614,6,3,4,0,1,4517,1228,61,0,0,0,0,5,77211874,2498266181,13635134,1,145203513,895151093,2590480,1206464036,1706427076,101091338,85921947,41108219,192330924,5140821,34871517,294130327,321721203,0,0,0,0
1003,27,8474896345,8464193981,10221609,50,397172,83503,30,1999684267,492635,95064667,184288381,481462360,411444361,156380918,535140541,135386304,222426157,3393476895,16260405,6,3,4,0,1,4517,1228,61,0,0,0,0,5,77235984,2498200009,13742887,1,145190173,895276886,2517518,1211585390,1707811648,96024308,86585484,41521333,192295143,5182332,34863907,312276508,326366479,0,0,0,0
1003,28,8474898285,8464161240,10249810,50,401892,85263,30,1999538525,536938,95029707,184569825,481187272,411856025,155954531,534981263,135389792,222416298,3393332651,16325917,6,3,4,0,1,4517,1228,61,0,0,0,0,5,77212745,2498161618,13752327,1,145203553,895171033,2573590,1214780879,1704288265,98243564,84416203,42846021,192325104,5148751,34867457,291321862,328617806,0,0,0,0
1003,29,8474896454,8464161879,10249520,40,401982,83003,30,1999572175,463024,95084209,184611939,481132663,411257184,156569425,535120149,135310401,222423958,3393340500,16416850,6,3,4,0,1,4517,1228,61,0,0,0,0,5,77233565,2498156507,13806229,1,145190393,895183993,2610621,1182873800,1702115180,94324264,112136734,44930701,192293353,5186232,34860567,286969586,333586618,0,0,0,0
1003,30,8474898924,8464193950,10221859,50,397322,85613,130,1999295687,483186,95088350,185198398,480565049,411272756,156540001,534968911,135154784,222386716,3393405265,16252254,6,3,4,0,1,4517,1228,61,0,0,0,0,5,77187363,2498187560,13725146,1,145199353,895217705,2527108,1185179071,1704266103,101321238,110027561,49662444,192333945,5143111,34862347,289592805,321692257,0,0,0,0
1003,31,8474897184,8464197111,10220488,40,395972,83543,30,1999619247,551838,94999905,183144493,482606867,411734187,156086121,535139901,135333453,222424157,3393349203,16392978,6,3,4,0,1,4517,1228,61,0,0,0,0,5,77233824,2498177330,13776397,1,145190333,895171873,2616581,1183459039,1709060094,96497167,111901622,46921108,192292893,5187272,34861747,321091833,345794756,0,0,0,0
1003,32,8474898875,8464194901,10223829,40,395852,84223,30,2003705212,506866,95070749,187185908,478575349,410478330,157314767,534976530,139571483,222425280,3393518125,16111552,6,3,4,0,1,4517,1228,61,0,0,0,0,5,77223607,2498306801,13578983,1,145201673,895211324,2532569,1245519697,1706188885,92798952,75062780,41422694,192322554,5148441,34872037,275205172,316814866,0,0,0,0
1003,33,8474899185,8464259363,10146076,70,410083,83553,40,2002974920,497437,95063117,186656413,479077355,410381258,157454341,535133672,138681415,222425219,3393552067,16190193,6,3,4,0,1,4517,1228,61,0,0,0,0,5,77237426,2498337203,13610863,1,145187793,895214864,2579330,1236260420,1705572212,91501417,80876741,40194713,192287363,5184612,34872067,308894054,295224810,0,0,0,0
1003,34,8474900795,8464260123,10160047,50,395422,85123,30,2003932802,491005,95060431,185749534,480016404,410196024,157615223,534957108,139825240,222420389,3393525097,16119731,6,3,4,0,1,4517,1228,61,0,0,0,0,5,77220966,2498291272,13609793,1,145199423,895233825,2509938,1220329697,1704757947,100151722,88940875,42494074,192344916,5126330,34871927,301715343,296299668,0,0,0,0
1003,35,8474898295,8464230392,10188898,50,395482,83443,30,2004855910,480555,95099500,186647271,479070757,410418766,157398901,535167744,140543644,222408697,3393555528,16188613,6,3,4,0,1,4517,1228,61,0,0,0,0,5,77220834,2498312823,13639354,1,145187863,895242705,2549259,1243304227,1706889816,89811949,83686265,43528062,192287323,5197852,34858507,313224442,276468663,0,0,0,0
1003,36,8474900005,8464173301,10247419,50,394562,84633,40,2003404933,530848,95024946,187277701,478500988,410261841,157547726,534952909,139284384,222416548,3393589108,16063771,6,3,4,0,1,4517,1228,61,0,0,0,0,5,77214165,2498387434,13521152,1,145202383,895201674,2542619,1250840426,1699800089,96746631,70061601,42105569,192329174,5141141,34871817,295322275,281615235,0,0,0,0
1003,37,8474897785,8464172751,10230948,50,410273,83733,30,2003422725,475395,95081479,186136097,479604113,410592782,157232506,535132542,139139901,222402380,3393518295,16232004,6,3,4,0,1,4517,1228,61,0,0,0,0,5,77214007,2498281640,13677665,1,145188373,895236655,2554339,1249602545,1705465410,94502279,70276804,42363223,192287423,5184082,34872027,315740180,287788710,0,0,0,0
1003,38,8474900865,8464231643,10183127,40,401202,84823,30,2003710032,475195,95083351,185737011,480053185,410120093,157680517,534956637,139583764,222420087,3393571026,16080802,6,3,4,0,1,4517,1228,61,0,0,0,0,5,77219864,2498359772,13546413,1,145200223,895211254,2534389,1220188663,1705082781,97464663,89087086,44088347,192350526,5120560,34872607,312734962,289204597,0,0,0,0
1003,39,8474898385,8464255633,10159827,60,399362,83473,30,2002839775,499204,95076042,186307901,479425805,410029904,157778223,535141325,138548661,222429767,3393572249,16172112,6,3,4,0,1,4517,1228,61,0,0,0,0,5,77240754,2498329274,13621943,1,145189013,895242975,2550169,1226528596,1700620147,94327188,92271675,44135728,192289774,5193692,34860067,340601274,289220378,0,0,0,0
1003,40,8474899325,8464245183,10169067,50,400832,84153,40,1999249893,426890,95163125,184651650,481087887,411254494,156568937,534967436,135104464,222417667,3393393883,16247545,6,3,4,0,1,4517,1228,61,0,0,0,0,5,77214834,2498206699,13690906,1,145202833,895187184,2556639,1206388348,1704653509,98017889,98100828,47806081,192338264,5130221,34876027,340541182,322533954,0,0,0,0
1003,41,8474898635,8464248423,10171167,40,395642,83333,30,1999040537,489544,95079168,184220938,481510963,411719218,156113879,535130362,134737792,222422028,3393403642,16316528,6,3,4,0,1,4517,1228,61,0,0,0,0,5,77230735,2498219469,13725267,1,145191293,895184173,2591261,1216286913,1704310047,93302595,93666884,40950493,192291133,5180482,34872637,337084724,323769122,0,0,0,0
1003,42,8474898945,8464241843,10172037,60,400052,84913,40,1999112739,437182,95136529,184187436,481564725,411862874,155941943,534986339,134965250,222395876,3393425073,16216035,6,3,4,0,1,4517,1228,61,0,0,0,0,5,77195193,2498246109,13647666,1,145200683,895178964,2568369,1213156640,1707028753,97975347,88979437,42027865,192342726,5128780,34873397,328077791,315242099,0,0,0,0
1003,43,8474897905,8464151350,10266090,40,397072,83323,30,1999284095,500827,95084561,184535706,481197872,410715047,157102120,535145802,134966630,222447589,3393359411,16365048,6,3,4,0,1,4517,1228,61,0,0,0,0,5,77255476,2498147327,13784198,1,145192113,895212084,2580850,1194672070,1707074258,97134317,106121541,44880069,192292233,5194342,34858757,325603329,326746768,0,0,0,0
1003,44,8474899795,8464152210,10261940,50,401442,84123,30,1999159500,484545,95081879,183461662,482290085,411146392,156688250,534960406,135016550,222420997,3393375502,16263636,6,3,4,0,1,4517,1228,61,0,0,0,0,5,77218234,2498177738,13716917,1,145202763,895197764,2546719,1196172017,1700741678,98556764,107281341,41469482,192336744,5133901,34873317,318309133,335511490,0,0,0,0
1003,45,8474898405,8464152690,10261800,50,400382,83443,40,1999188841,538896,95040339,184432665,481299183,410937304,156923026,535105821,134871116,222403246,3393382861,16358639,6,3,4,0,1,4517,1228,61,0,0,0,0,5,77211073,2498164177,13792479,1,145192173,895218684,2566160,1179609913,1707092561,99866582,115427491,43470374,192291974,5176962,34876077,321335540,330632245,0,0,0,0
1003,46,8474899505,8464243383,10173907,50,397412,84723,30,1999328107,490536,95077579,183114432,482661576,411519733,156311630,534949675,135176246,222376166,3393401612,16260756,6,3,4,0,1,4517,1228,61,0,0,0,0,5,77176683,2498213168,13701937,1,145199483,895188444,2558819,1190849951,1703897423,103509337,107119063,44172997,192349006,5131440,34863517,309827981,331627244,0,0,0,0
1003,47,8474897355,8464151960,10266380,50,395762,83173,30,1999429920,528115,95034979,183859206,481878804,411899135,155948232,535129853,135115724,222429529,3393491295,16241694,6,3,4,0,1,4517,1228,61,0,0,0,0,5,77238546,2498284291,13657044,1,145190983,895207004,2584650,1196175094,1709432839,95778550,104286175,42809158,192291334,5195172,34858007,362614359,342270006,0,0,0,0
1003,48,8474899125,8464166850,10244600,50,402972,84613,40,2002602291,479564,95063049,185591380,480175529,409932094,157865294,534950937,138533712,222442388,3393433223,16193174,6,3,4,0,1,4517,1228,61,0,0,0,0,5,77240305,2498285711,13598813,1,145202083,895147512,2594361,1233744207,1707932227,95197028,78066590,40275144,192322925,5151321,34870167,335931260,317472750,0,0,0,0
1003,49,8474897685,8464206822,10196117,50,411903,82763,30,2003574789,464337,95084197,187312015,478426804,409920572,157904094,535128464,139313056,222460660,3393516595,16201954,6,3,4,0,1,4517,1228,61,0,0,0,0,5,77271807,2498290151,13647874,1,145188853,895226444,2554080,1228871027,1703995378,91863160,93085584,44476945,192289843,5179352,34875897,345132118,303830077,0,0,0,0
1003,50,8474899655,8464161260,10244739,60,408283,85283,30,2002824167,428167,95113757,186911119,478856470,409596601,158200267,534949216,138751379,222452099,3393512525,16112782,6,3,4,0,1,4517,1228,61,0,0,0,0,5,77252416,2498317001,13562373,1,145199683,895195524,2550409,1250169024,1707111464,90087767,70303757,40070028,192328424,5140551,34875857,340513243,285405197,0,0,0,0
1003,51,8474897935,8464162510,10240349,60,411603,83373,40,2004185077,445173,95107579,187469139,478266352,410007994,157809024,535146951,139913647,222464459,3393522177,16197223,6,3,4,0,1,4517,1228,61,0,0,0,0,5,77275616,2498286962,13647574,1,145188843,895235215,2549649,1061867135,1709932116,86242635,201713070,41215595,192289724,5192232,34863067,359316542,365788573,0,0,0,0
1003,52,8474899275,8464244923,10166477,40,403122,84603,110,2004748086,452763,95087603,185936290,479833878,409418628,158373780,534965477,140665999,222437698,3393482046,16161892,6,3,4,0,1,4517,1228,61,0,0,0,0,5,77236215,2498309733,13588592,1,145201483,895172313,2573300,1276280756,1704278462,89398794,55104832,42556351,192322345,5146281,34880707,321103314,275206090,0,0,0,0
1003,53,8474897585,8464214612,10188237,50,411303,83343,40,2003955651,473714,95067789,187375226,478357933,410188101,157638697,535125842,139705119,222448818,3393530397,16212584,6,3,4,0,1,4517,1228,61,0,0,0,0,5,77260255,2498333504,13624683,1,145188563,895196893,2587901,1267310466,1701183778,89512351,67739375,43491334,192289484,5182632,34872607,338965794,279406812,0,0,0,0
1003,54,8474899345,8464170711,10234808,51,408522,85223,30,2004353044,440085,95099150,186356632,479429887,410194131,157587103,534992081,140244695,222428257,3393588788,16064341,6,3,4,0,1,4517,1228,61,0,0,0,0,5,77229474,2498396984,13508812,1,145198783,895191804,2555529,1223698253,1702896754,98409138,87985581,41203575,192331975,5137541,34875697,322428040,292926237,0,0,0,0
1003,55,8474897965,8464208902,10205388,40,399822,83783,30,2002643568,464916,95079467,186392095,479350076,409937870,157883896,535132762,138384158,222443360,3393520585,16216864,6,3,4,0,1,4517,1228,61,0,0,0,0,5,77255117,2498300071,13655654,1,145188243,895220514,2561210,1236218393,1700615301,92709179,82175030,43700659,192289754,5192922,34862317,336329992,293031233,0,0,0,0
1003,56,8474898874,8464157089,10254580,50,402802,84323,30,1998796040,441772,95119845,183283006,482465339,412036571,155777050,534955307,134688943,222451807,3393348581,16284367,6,3,4,0,1,4517,1228,61,0,0,0,0,5,77242624,2498159897,13732858,1,145209183,895188684,2551509,1224408104,1700211216,94610071,85641492,41069687,192323524,5148651,34867177,345542821,321453755,0,0,0,0
1003,57,8474897415,8464206042,10203767,51,404232,83283,40,1999317645,450687,95092347,184125293,481620907,410976175,156847440,535151205,135020481,222441310,3393429083,16301346,6,3,4,0,1,4517,1228,61,0,0,0,0,5,77251247,2498211019,13741996,1,145190063,895218064,2559350,1217334601,1706518321,99475607,83285797,42266748,192289173,5183652,34864067,356209607,318851954,0,0,0,0
1003,58,8474898924,8464157749,10252720,49,403263,85113,30,1999334109,424721,95115443,183117123,482639373,412081404,155730935,534976309,135226799,222444699,3393471564,16152772,6,3,4,0,1,4517,1228,61,0,0,0,0,5,77242336,2498244729,13635134,1,145202363,895226835,2517638,1197418162,1708053150,96675655,104677063,45024018,192330385,5142181,34864837,341796048,315456180,0,0,0,0
1003,59,8474897695,8464155860,10260610,70,397752,83373,30,1999291045,438924,95110800,185144746,480608204,411318956,156501811,535146083,134987092,222444288,3393359610,16387011,6,3,4,0,1,4517,1228,61,0,0,0,0,5,77254995,2498157976,13787860,1,145189293,895201634,2599151,1217424527,1706834330,100740649,79722766,41957120,192289303,5191352,34859407,338973097,320924120,0,0,0,0
1003,60,8474899514,8464208041,10202748,40,403332,85323,30,1998715388,512737,95044987,185705114,480057093,411969749,155843542,534967858,134582277,222435947,3393414883,16226315,6,3,4,0,1,4517,1228,61,0,0,0,0,5,77234714,2498209409,13683256,1,145201233,895205474,2543059,1220186708,1705959003,92792977,85670952,44710104,192324964,5146341,34867507,229129644,311090108,0,0,0,0
1003,61,8474897455,8464206432,10209088,50,398912,82943,30,1999475923,489486,95057176,183883120,481858542,411535070,156291587,535135621,135197339,222447579,3393419212,16336948,6,3,4,0,1,4517,1228,61,0,0,0,0,5,77258286,2498217588,13738577,1,145189293,895201624,2598371,1216356975,1706070760,94656409,84542720,41741944,192288443,5183652,34866747,347660272,320946337,0,0,0,0
1003,62,8474899655,8464201602,10214248,40,398112,85623,30,1999160732,473725,95091652,184529514,481234893,411558225,156249823,534993321,135004799,222410488,3393432853,16219834,6,3,4,0,1,4517,1228,61,0,0,0,0,5,77212575,2498223188,13681726,1,145197913,895209665,2538108,1218031929,1704167821,96089365,88353979,42095312,192332805,5142741,34864247,326945624,323386310,0,0,0,0
1003,63,8474898104,8464205211,10212708,40,396642,83473,30,1999306483,458885,95081389,185374113,480378028,412161758,155661588,535141122,135019222,222455708,3393388102,16347538,6,3,4,0,1,4517,1228,61,0,0,0,0,5,77266495,2498186648,13751258,1,145189213,895201454,2596280,1216597361,1707065252,95778151,82854308,42981185,192289444,5191692,34860837,354908260,343813252,0,0,0,0
1003,64,8474900475,8464182791,10238089,50,394912,84603,30,2003327679,314130,95143221,186050424,479701133,409863991,157938216,535008873,139270752,222449588,3393489625,16106261,6,3,4,0,1,4517,1228,61,0,0,0,0,5,77241335,2498299881,13579293,1,145208253,895189744,2526968,1224911263,1708226084,97692329,83440497,44390527,192338464,5132911,34873037,275353284,325567862,0,0,0,0
1003,65,8474899115,8464180451,10232558,51,402582,83443,30,2004301811,303548,95144023,185170365,480552743,409916952,157912177,535171083,140093080,222399828,3393609597,16095682,6,3,4,0,1,4517,1228,61,0,0,0,0,5,77207055,2498407173,13519052,1,145192773,895202424,2576630,1239939756,1700120275,92097117,88402675,44130156,192285713,5190952,34864417,324425714,299634888,0,0,0,0
1003,66,8474900605,8464175641,10244819,60,395012,85043,30,2005447336,341008,95114683,187453136,478301190,410142401,157654718,535345690,141053241,222402238,3393496753,16103103,6,3,4,0,1,4517,1228,61,0,0,0,0,5,77196095,2498290909,13589915,1,145206143,895205844,2513188,1251666983,1704118181,96979171,61548215,38447790,192344696,5125440,34870497,287247154,286812686,0,0,0,0
1003,67,8474899255,8464168811,10251629,70,395472,83143,130,2003846027,303598,95152453,187161210,478558519,410197160,157630728,535174643,139626934,222419958,3393626320,16094200,6,3,4,0,1,4517,1228,61,0,0,0,0,5,77227125,2498380365,13542691,1,145192833,895245955,2551509,1031811428,1715113237,81194208,219568404,41753340,192285524,5195072,34860317,304563428,371319105,0,0,0,0
1003,68,8474899605,8464207942,10212468,50,394402,84713,30,2004566478,323512,95119687,186728166,479038904,409796201,157992028,535013819,140506382,222382096,3393534609,16090469,6,3,4,0,1,4517,1228,61,0,0,0,0,5,77175163,2498340985,13563941,1,145206933,895193624,2526528,1263676589,1702738594,94470118,62846296,38164753,192344035,5128250,34868267,283204665,263560332,0,0,0,0
1003,69,8474899095,8464203242,10209607,60,402773,83383,30,2003087333,323809,95129921,186574894,479147245,409822928,157997719,535180295,138878341,222400726,3393519296,16190314,6,3,4,0,1,4517,1228,61,0,0,0,0,5,77201093,2498320892,13620664,1,145199633,895198404,2569650,1270116030,1699686204,95027090,58477685,42748622,192286044,5185052,34870297,315767700,286541204,0,0,0,0
1003,70,8474900815,8464179131,10235539,60,400992,85063,30,2004053813,299801,95149582,186438045,479342254,409827700,157953626,535018861,139987845,222378106,3393515525,16109903,6,3,4,0,1,4517,1228,61,0,0,0,0,5,77177743,2498323182,13579074,1,145200363,895192343,2530829,1228133303,1701298721,99160505,83560445,42338259,192346656,5121440,34876037,295936411,300868105,0,0,0,0
1003,71,8474898305,8464180971,10235459,60,398302,83483,30,2004715094,342180,95140299,185301283,480417087,410022608,157791877,535173766,140499555,222414398,3393540217,16167842,6,3,4,0,1,4517,1228,61,0,0,0,0,5,77221285,2498302082,13627313,1,145193113,895238135,2540529,1225593239,1701251909,93906689,90708543,45643945,192287684,5188882,34863627,300350350,287441315,0,0,0,0
1003,72,8474900105,8464191121,10224399,50,400322,84173,40,1999941478,299759,95152772,184377842,481364856,411325788,156478130,535021512,135864006,222434057,3393314379,16250857,6,3,4,0,1,4517,1228,61,0,0,0,0,5,77220724,2498144076,13711118,1,145213333,895170303,2539739,1219874276,1694248391,99388880,88967151,44065292,192337684,5137681,34865247,334552605,321046188,0,0,0,0
1003,73,8474898605,8464168131,10251969,50,395102,83323,30,2000007047,292378,95156713,183225167,482505173,411120669,156696559,535193102,135785487,222394507,3393434623,16266236,6,3,4,0,1,4517,1228,61,0,0,0,0,5,77197684,2498203178,13727537,1,145196823,895231445,2538699,1221143087,1701493301,97585686,87396694,42896210,192291063,5183152,34864717,329183255,302907853,0,0,0,0
1003,74,8474900095,8464195051,10220509,40,399432,85023,40,1999944886,295360,95144690,183721032,482035156,411434791,156371798,535030350,135870098,222441498,3393302009,16264616,6,3,4,0,1,4517,1228,61,0,0,0,0,5,77244976,2498124375,13711967,1,145196522,895177634,2552649,1230068483,1708405138,95803364,74404687,43061060,192349225,5124660,34866717,317365866,312939622,0,0,0,0
1003,75,8474898765,8464168941,10249879,50,396432,83433,30,1999941547,284307,95147802,183747533,481993286,410669697,157147920,535200434,135712697,222429918,3393327350,16379498,6,3,4,0,1,4517,1228,61,0,0,0,0,5,77247145,2498124656,13787658,1,145182773,895202694,2591840,1210163409,1702898029,100317339,89830053,42982524,192291004,5189282,34860047,320003015,325132418,0,0,0,0
1003,76,8474899755,8464189351,10225509,50,400822,83993,30,2000090301,326451,95122961,183435763,482317904,411433703,156365585,535033401,136012892,222406188,3393350520,16226715,6,3,4,0,1,4517,1228,61,0,0,0,0,5,77215635,2498164997,13695486,1,145190553,895185523,2531229,1199230660,1704691560,99572606,91638267,44250036,192342555,5131070,34862797,309117010,320820291,0,0,0,0
1003,77,8474898865,8464166060,10249510,50,399662,83553,30,1999919495,332300,95118558,183877069,481852071,411105162,156723767,535188693,135666494,222410466,3393479125,16232845,6,3,4,0,1,4517,1228,61,0,0,0,0,5,77217183,2498294902,13641694,1,145193283,895184223,2591151,1220639936,1708410182,98995194,75522935,40512243,192290754,5182912,34863767,322338730,325725010,0,0,0,0
1003,78,8474900135,8464194471,10223979,50,396502,85093,40,1999714140,301632,95143860,184391843,481363255,410892054,156904924,535034081,135649550,222372287,3393329749,16290087,6,3,4,0,1,4517,1228,61,0,0,0,0,5,77172104,2498168506,13728608,1,145200183,895161243,2561479,1208402789,1707540332,92115900,93649905,45777055,192346676,5128250,34868017,324949027,326481402,0,0,0,0
1003,79,8474898035,8464190041,10228499,50,395922,83483,40,1999762119,354571,95109409,183943972,481790017,410994916,156831341,535181395,135519969,222381277,3393444773,16278906,6,3,4,0,1,4517,1228,61,0,0,0,0,5,77203544,2498209268,13729857,1,145177733,895235505,2549049,1199624197,1705525868,96865123,100290907,43431658,192290323,5189572,34861267,320047903,350215254,0,0,0,0
1003,80,8474900565,8464163550,10249880,50,402632,84423,30,2003223940,384161,95128432,187015492,478736634,409620002,158166145,534988460,139165302,222421378,3393472715,16172072,6,3,4,0,1,4517,1228,61,0,0,0,0,5,77209364,2498324143,13587752,1,145212014,895148572,2584320,1239907905,1708078366,99952397,67697462,40076010,192323555,5147551,34877357,370882736,316354528,0,0,0,0
1003,81,8474898765,8464182341,10225928,71,407622,82773,30,2004185687,368180,95142650,187009347,478719765,409448959,158364286,535162975,139941796,222450359,3393445762,16273528,6,3,4,0,1,4517,1228,61,0,0,0,0,5,77249696,2498309030,13633896,1,145200663,895136732,2639632,1234476093,1704155144,91570712,83423525,42397385,192283563,5187412,34866997,365924651,290667805,0,0,0,0
1003,82,8474899635,8464188831,10218458,51,407132,85133,30,2003825438,346891,95141301,186441065,479330755,409965205,157817341,534986769,139782192,222394447,3393566266,16076101,6,3,4,0,1,4517,1228,61,0,0,0,0,5,77215555,2498401603,13504421,1,145178892,895164663,2571680,1227200102,1709798979,94866480,83413064,41634455,192326505,5153971,34858127,362345583,278374681,0,0,0,0
1003,83,8474897885,8464183321,10223768,60,407363,83333,40,2004922391,386091,95140661,186559131,479163788,409490727,158319861,535181023,140654448,222440398,3393515126,16211005,6,3,4,0,1,4517,1228,61,0,0,0,0,5,77239315,2498332963,13610174,1,145201083,895182163,2600831,1259354119,1704467572,96399232,62390426,42226910,192285104,5191152,34874187,389752840,284089392,0,0,0,0
1003,84,8474900215,8464165460,10247650,60,402262,84753,30,2004918151,408810,95100031,187264224,478503697,409943515,157845062,534980677,140855243,222425838,3393608069,16034108,6,3,4,0,1,4517,1228,61,0,0,0,0,5,77221024,2498338013,13566002,1,145204814,895270056,2468106,1253190653,1704817111,95438680,62903156,42551087,192322644,5158151,34857407,361078563,278763462,0,0,0,0
1003,85,8474897785,8464181441,10225659,49,407123,83483,30,2003664671,375270,95122089,186542123,479187597,410358017,157455951,535168644,139431910,222405127,3393512825,16228095,6,3,4,0,1,4517,1228,61,0,0,0,0,5,77236435,2498344122,13617594,1,145168692,895168703,2610501,1242054359,1707582319,90961760,71012293,43853053,192284413,5191002,34862777,375446843,285518263,0,0,0,0
1003,86,8474900745,8464186121,10233829,50,395582,85123,40,2004626271,369373,95134053,187246398,478540090,409242601,158533395,535020490,140515581,222415467,3393508016,16145853,6,3,4,0,1,4517,1228,61,0,0,0,0,5,77215364,2498327562,13585374,1,145200103,895180454,2560479,1218688760,1701860665,94470476,95035105,44523837,192333405,5141481,34872617,373336912,288814789,0,0,0,0
1003,87,8474896055,8464181471,10231909,60,399092,83493,30,2003402374,377602,95126940,186859800,478863928,410076617,157734519,535170564,139163323,222445509,3393708452,16010318,6,3,4,0,1,4517,1228,61,0,0,0,0,5,77244766,2498414885,13527291,1,145200743,895293567,2483027,1224709152,1701448927,98969809,86145103,41193173,192285243,5189162,34862847,391241010,286735971,0,0,0,0
1003,88,8474898265,8464184621,10225879,50,403272,84413,30,1999042468,347131,95127619,183060942,482690378,411539243,156256254,535004530,134985301,222383037,3393432863,16213424,6,3,4,0,1,4517,1228,61,0,0,0,0,5,77195484,2498246910,13663735,1,145187553,895185953,2549689,1199786551,1701133033,99791162,103831452,42699561,192324145,5147411,34865637,385083709,303809356,0,0,0,0
1003,89,8474896724,8464183010,10227499,50,402872,83253,40,1999122990,378080,95146332,184391772,481332135,410927786,156880851,535180943,134848290,222399967,3393443702,16288308,6,3,4,0,1,4517,1228,61,0,0,0,0,5,77201274,2498214197,13744839,1,145198693,895229505,2543469,1198976209,1703780580,99891887,99469946,44633814,192292464,5184592,34858017,359740635,313251485,0,0,0,0
1003,90,8474898364,8464182000,10233939,60,397032,85303,30,1999105781,334988,95157294,184535065,481211750,410276556,157519732,535008461,135029422,222405266,3393387563,16251886,6,3,4,0,1,4517,1228,61,0,0,0,0,5,77198563,2498218590,13682716,1,145206703,895168973,2569170,1216877510,1706711834,97206862,82268821,40831491,192329464,5142241,34873127,356794785,322086001,0,0,0,0
1003,91,8474895905,8464151630,10263600,50,397302,83283,40,1999727467,341347,95136571,184593709,481141711,411366107,156439251,535179352,135503077,222415517,3393445875,16290335,6,3,4,0,1,4517,1228,61,0,0,0,0,5,77218724,2498220890,13727016,1,145196793,895224985,2563319,1208389861,1705255642,104255523,86198413,40299063,192291913,5185462,34866107,366948348,321484439,0,0,0,0
1003,92,8474897665,8464180001,10229869,50,402532,85183,30,1999901735,368453,95130840,184503324,481256174,410940945,156845752,535017721,135814085,222365568,3393359261,16297755,6,3,4,0,1,4517,1228,61,0,0,0,0,5,77184825,2498185668,13730806,1,145180743,895173593,2566949,1184765490,1706484130,103657840,104741365,44553171,192323425,5152831,34867387,358955827,323823233,0,0,0,0
1003,93,8474896715,8464154850,10255680,50,403172,82933,30,1999884814,330119,95153843,183812444,481909664,411225082,156584886,535160303,135690922,222400218,3393428622,16325217,6,3,4,0,1,4517,1228,61,0,0,0,0,5,77204105,2498241959,13722856,1,145196113,895186663,2602361,1206470921,1706210381,95693134,90164499,44646520,192292454,5186202,34858877,343733575,328103260,0,0,0,0
1003,94,8474899064,8464177980,10237749,70,397722,85503,40,2000164283,311964,95172746,184847554,480914783,411193186,156589942,535013720,136099995,222340576,3393419755,16244873,6,3,4,0,1,4517,1228,61,0,0,0,0,5,77172804,2498201940,13721375,1,145167772,895217815,2523498,1181351974,1707844286,98060436,112595871,44417729,192333354,5140031,34861487,347320750,324492139,0,0,0,0
1003,95,8474897405,8464184091,10233059,40,396782,83403,30,1999615707,389719,95088553,183496063,482244154,411285866,156516603,535180341,135382135,222411658,3393430462,16304118,6,3,4,0,1,4517,1228,61,0,0,0,0,5,77247796,2498205988,13743408,1,145163862,895224474,2560710,1180669232,1708493957,100591403,109940210,44410720,192292403,5186602,34864387,373557969,345565067,0,0,0,0
1003,96,8474898335,8464167461,10250739,60,396242,83803,30,2005802789,400349,95151256,185466344,480261612,409662385,158187973,534940209,141707590,222397168,3393533866,16091631,6,3,4,0,1,4517,1228,61,0,0,0,0,5,77195595,2498344552,13547702,1,145201573,895189314,2543929,1244909025,1708072652,92910288,72393680,42210716,192323494,5143361,34876297,283757199,320653308,0,0,0,0
1003,97,8474898905,8464182791,10227289,49,405333,83413,30,2004154837,430541,95108268,187209012,478511907,409864622,158017800,535103130,139876764,222382456,3393481266,16253665,6,3,4,0,1,4517,1228,61,0,0,0,0,5,77188633,2498340064,13611443,1,145193823,895141202,2642222,1232456581,1705324530,95550210,76232765,42486109,192288464,5185782,34870137,207248841,282368113,0,0,0,0
1003,98,8474900585,8464160760,10259230,80,395572,84913,30,2004075736,417591,95107712,185851007,479894232,409762499,158108750,534910586,140002807,222400099,3393478233,16142483,6,3,4,0,1,4517,1228,61,0,0,0,0,5,77200046,2498324031,13563913,1,145200053,895154202,2578570,1228027487,1705890933,95477306,82768442,43210887,192338255,5132071,34873497,254409621,287872191,0,0,0,0
1003,99,8474897565,8464187281,10231239,60,395532,83423,30,2003150476,408362,95131824,187003904,478700784,410204550,157675298,535117772,138868161,222395018,3393570668,16172352,6,3,4,0,1,4517,1228,61,0,0,0,0,5,77201295,2498340543,13617553,1,145193723,895230125,2554799,1226484449,1703846500,99490471,83571576,42588233,192287864,5192092,34863767,286501172,288716506,0,0,0,0
1003,100,8474899885,8464187321,10233369,50,394602,84513,30,2003401614,421712,95084892,187447615,478312261,409500380,158359560,534904248,139338664,222354676,3393534337,16112431,6,3,4,0,1,4517,1228,61,0,0,0,0,5,77161043,2498358144,13553102,1,145193633,895176193,2559329,1253575278,1697392201,95661038,68089132,42222340,192327784,5141671,34872187,269072013,294255875,0,0,0,0
1003,101,8474897445,8464158430,10249819,40,405473,83643,40,2004241867,401699,95138642,185970034,479741425,409774219,158101230,535099991,139985179,222357407,3393581536,16153963,6,3,4,0,1,4517,1228,61,0,0,0,0,5,77163224,2498341361,13613404,1,145194183,895240175,2540559,1226080653,1706117929,96195623,80259353,43475229,192288524,5182142,34873677,286250434,291452590,0,0,0,0
1003,102,8474900625,8464185161,10229189,50,401292,84903,30,2004337074,373551,95143293,187053725,478722072,409627345,158202913,534941240,140248744,222355644,3393563158,16084031,6,3,4,0,1,4517,1228,61,0,0,0,0,5,77163122,2498353214,13555862,1,145192522,895209944,2528169,1226104367,1705054126,97033184,82758751,44744253,192340095,5130421,34872857,272507561,281856789,0,0,0,0
1003,103,8474898295,8464184201,10231489,60,399242,83273,30,2004674244,385799,95155344,186939611,478760907,409840458,158032202,535093910,140437910,222406537,3393611490,16115310,6,3,4,0,1,4517,1228,61,0,0,0,0,5,77212684,2498315473,13627933,1,145193853,895296017,2487377,1245959030,1704100156,97136964,61808102,39510321,192288734,5190732,34865147,307956399,288501171,0,0,0,0
1003,104,8474899095,8464187771,10226839,50,400542,83863,30,1999693657,336092,95177251,183318560,482424288,411339408,156536693,534924678,135604027,222374197,3393416881,16220886,6,3,4,0,1,4517,1228,61,0,0,0,0,5,77178094,2498253579,13651886,1,145196103,895163302,2569000,1220427326,1704314954,100814861,79713794,43709070,192335506,5135390,34870777,330332382,312271462,0,0,0,0
1003,105,8474897795,8464159510,10259280,60,395652,83253,40,1999357305,414773,95107969,184818187,480911632,410778429,157103100,535090891,135093077,222376517,3393414053,16312277,6,3,4,0,1,4517,1228,61,0,0,0,0,5,77181994,2498205079,13748117,1,145194523,895208974,2564160,1202971127,1702960981,97966843,99809102,43524879,192284083,5188932,34868257,321062710,322137864,0,0,0,0
1003,106,8474898754,8464157429,10256890,70,399472,84863,30,1999530152,366600,95161892,183663729,482083886,411551788,156306944,534951049,135409913,222377245,3393379162,16248766,6,3,4,0,1,4517,1228,61,0,0,0,0,5,77185612,2498175119,13716597,1,145191633,895204043,2532169,1203599802,1706916839,95202333,100120014,44253770,192340884,5135701,34865507,310814136,319302171,0,0,0,0
1003,107,8474897635,8464185611,10231519,60,397262,83153,30,1999704777,412702,95130622,185092314,480618794,411434528,156452893,535096839,135422205,222415858,3393356692,16359438,6,3,4,0,1,4517,1228,61,0,0,0,0,5,77221015,2498161748,13765838,1,145194843,895194944,2593600,1216573728,1708290671,101486350,79629474,41786363,192287954,5193572,34862917,309487539,317627401,0,0,0,0
1003,108,8474899785,8464183611,10231199,50,401002,83893,30,1999747978,388623,95122359,183765124,481978803,411272686,156602785,534926208,135664532,222346635,3393394101,16251247,6,3,4,0,1,4517,1228,61,0,0,0,0,5,77172203,2498198327,13710118,1,145174432,895195774,2541129,1199501378,1702976541,102498545,98779327,42181470,192337364,5136361,34865847,300908278,324492939,0,0,0,0
1003,109,8474898155,8464185911,10228979,40,399932,83263,30,1999644585,457002,95085369,183385642,482321157,411074468,156836742,535075681,135378262,222391617,3393393422,16342008,6,3,4,0,1,4517,1228,61,0,0,0,0,5,77197184,2498196048,13760718,1,145194433,895197374,2581290,1191849353,1702689910,97740033,104287300,43821330,192288834,5186972,34866167,301796404,331942489,0,0,0,0
1003,110,8474899315,8464159270,10257980,50,397222,84753,40,1999807943,380923,95105468,183686361,482092960,411424238,156437751,534929696,135715584,222323393,3393370401,16288258,6,3,4,0,1,4517,1228,61,0,0,0,0,5,77135641,2498173277,13745829,1,145187752,895197124,2542429,1198500217,1708243649,98712818,97240506,42658205,192338644,5137301,34863107,297573553,326669013,0,0,0,0
1003,111,8474897014,8464161009,10255900,80,396712,83273,40,1999777810,434103,95072210,183957349,481771619,411147859,156751493,535089659,135525398,222372835,3393291509,16431601,6,3,4,0,1,4517,1228,61,0,0,0,0,5,77176392,2498132816,13807120,1,145196443,895158693,2624481,1212637246,1709269066,101404125,80426356,41594329,192285744,5195262,34860837,326590630,346551438,0,0,0,0
1003,112,8474899305,8464183421,10228749,60,402542,84493,40,2003444625,354251,95140439,185969894,479778565,410080119,157706098,534988553,139407647,222426096,3393538859,16088399,6,3,4,0,1,4517,1228,61,0,0,0,0,5,77244794,2498343555,13549110,1,145181302,895195304,2539289,1234355559,1707966354,94578320,75497126,41620502,192320754,5155001,34865637,199550384,339907830,0,0,0,0
1003,113,8474897885,8464160760,10257600,70,396672,82753,30,2004794907,383941,95161061,185827319,479887171,410122568,157686308,535154693,140551067,222458549,3393568447,16156443,6,3,4,0,1,4517,1228,61,0,0,0,0,5,77256916,2498336652,13611944,1,145201633,895231795,2544499,1214280901,1708211888,100729253,85199541,42447328,192283433,5184651,34874488,296160639,310679481,0,0,0,0
1003,114,8474899825,8464182721,10229539,50,402262,85223,30,2004343954,340091,95163221,187624215,478137075,409938363,157847864,534976098,140293306,222430815,3393559670,16075729,6,3,4,0,1,4517,1228,61,0,0,0,0,5,77234803,2498353806,13539510,1,145196012,895205864,2536219,1214390153,1707159382,99155610,87739482,43856550,192326095,5142231,34873817,272760372,302810506,0,0,0,0
1003,115,8474898155,8464166741,10245599,50,402412,83323,30,2004909202,354800,95157152,187313485,478411215,410254201,157554685,535168053,140667082,222428659,3393534935,16195014,6,3,4,0,1,4517,1228,61,0,0,0,0,5,77227026,2498327461,13622894,1,145201633,895207474,2572120,1231127937,1706269176,91603782,82461997,42917190,192284923,5192672,34864237,295382287,306191950,0,0,0,0
1003,116,8474898925,8464154270,10257430,60,402512,84623,30,2003356031,368688,95133176,186627859,479146567,409787446,157992131,534996480,139278903,222388978,3393475794,16172443,6,3,4,0,1,4517,1228,61,0,0,0,0,5,77188935,2498292320,13614994,1,145200043,895183474,2557449,1240046608,1703113772,93284151,76868145,42442192,192320864,5150831,34880867,305933928,302437466,0,0,0,0
1003,117,8474897825,8464165070,10247580,80,401622,83433,40,2002491023,367309,95143743,187016335,478699433,410248294,157561532,535154683,138274776,222453099,3393568548,16171732,6,3,4,0,1,4517,1228,61,0,0,0,0,5,77251306,2498338683,13622273,1,145201793,895229865,2549459,1218718810,1702778170,96558227,92711617,44701715,192285244,5185022,34870977,332237559,313425328,0,0,0,0
1003,118,8474899575,8464182481,10229729,60,402082,85193,30,2003675071,351828,95158643,187094596,478687643,410047816,157725410,535008092,139582702,222405796,3393581438,16075501,6,3,4,0,1,4517,1228,61,0,0,0,0,5,77209003,2498361283,13553703,1,145196793,895220155,2521798,1232200541,1699577885,97171140,81199705,41612950,192330844,5140501,34871377,311494550,311035078,0,0,0,0
1003,119,8474898165,8464187211,10230699,50,396452,83713,40,2004181589,374991,95150071,187327114,478399254,409992765,157816433,535163423,139934867,222462819,3393534465,16192865,6,3,4,0,1,4517,1228,61,0,0,0,0,5,77261006,2498318451,13632345,1,145201813,895216014,2560520,1229351491,1699159989,96392265,82728575,42214646,192286223,5193602,34862807,325394983,311181888,0,0,0,0
1003,120,8474899054,8464179960,10231799,70,402902,84293,30,1999214294,352589,95155044,183906775,481848873,410714059,157083858,534982739,135128473,222426457,3393391292,16251206,6,3,4,0,1,4517,1228,61,0,0,0,0,5,77224464,2498218130,13688456,1,145201993,895173162,2562750,1224274157,1699215623,98498864,80920849,41461564,192322454,5149021,34866757,338160449,342282326,0,0,0,0
1003,121,8474897615,8464179341,10227599,49,407433,83163,30,1999954009,376442,95134081,185055421,480694280,410622923,157189523,535166072,135684875,222436078,3393472945,16267216,6,3,4,0,1,4517,1228,61,0,0,0,0,5,77237615,2498265821,13700676,1,145198463,895207124,2566540,1200140303,1705239482,100507000,99520711,41210792,192283813,5187902,34867127,324839900,336059219,0,0,0,0
1003,122,8474899134,8464181960,10228569,60,403422,85083,40,1999982463,309758,95148953,185059581,480710319,410693447,157107728,535002030,135926068,222408020,3393395890,16241166,6,3,4,0,1,4517,1228,61,0,0,0,0,5,77211916,2498219348,13680186,1,145196104,895176542,2560980,1212442630,1704931862,97974149,91588569,40156995,192327655,5143061,34865507,322080923,340611831,0,0,0,0
1003,123,8474897905,8464180771,10236129,60,397712,83193,40,2000223334,358962,95154969,183636109,482110362,410885921,156926595,535166183,135957143,222450389,3393408631,16336349,6,3,4,0,1,4517,1228,61,0,0,0,0,5,77251476,2498189767,13762849,1,145198913,895218864,2573500,1186746019,1707697382,98832896,106750497,42862427,192285753,5191612,34861077,306561012,347316663,0,0,0,0
1003,124,8474899415,8464178211,10232619,70,403372,85113,30,1999624495,410813,95087521,184044919,481725717,410752589,157038978,534998292,135533524,222412688,3393340501,16301226,6,3,4,0,1,4517,1228,61,0,0,0,0,5,77221376,2498180168,13720586,1,145191312,895160333,2580640,1212824030,1706900858,96331976,90303199,41384570,192322874,5149591,34864847,311560452,338211801,0,0,0,0
1003,125,8474897735,8464178821,10228128,51,407592,83113,30,2000167095,366562,95127159,184104075,481624825,411052506,156764181,535154492,135934103,222442408,3393424912,16341518,6,3,4,0,1,4517,1228,61,0,0,0,0,5,77245355,2498216648,13757518,1,145197053,895208264,2584000,1195170069,1703646888,96965532,104362613,39107703,192286024,5184812,34865507,312736940,339968430,0,0,0,0
1003,126,8474900094,8464153889,10262110,80,398442,85453,120,1999740158,364962,95135668,185133305,480651975,410465371,157322777,535025039,135600451,222375005,3393445634,16208774,6,3,4,0,1,4517,1228,61,0,0,0,0,5,77185763,2498241810,13671655,1,145189242,895203824,2537119,1182784397,1705127915,103006869,109299980,40960963,192330315,5142471,34864227,318275187,337331280,0,0,0,0
1003,127,8474898314,8464175850,10241679,50,397252,83453,30,2000083511,351660,95141962,183815384,481926867,411261830,156545836,535165822,135835610,222453978,3393362211,16376889,6,3,4,0,1,4517,1228,61,0,0,0,0,5,77255925,2498169758,13781198,1,145198053,895192453,2595691,1194526017,1708841919,94263985,108579564,41198775,192285694,5192202,34866567,318915578,367848327,0,0,0,0
1004,0,9400795782,9390099358,10248030,40,366872,81442,40,2151833257,523544,101383667,198811609,507673308,444686652,169754823,574607829,154373303,223718472,4009384589,18476967,7,3,4,0,0,5275,1424,66,0,0,0,0,6,90572750,3162280120,15959538,1,133145722,847104469,2517429,1385746374,2121815259,114684025,75599693,53612557,193569434,5027867,31802495,268185845,353532792,0,0,0,0
1004,1,9400796082,9390094038,10254170,60,366842,80942,30,2151779514,511552,101405677,198425537,508028142,444021739,170457704,574752595,154154264,223664238,4009304869,18596851,7,3,4,0,0,5275,1424,66,0,0,0,0,6,90583768,3162152897,16076103,1,133080470,847151972,2520748,1344753217,2115531388,119265027,103790747,53484481,193514613,5084249,31799504,305305633,328146512,0,0,0,0
1004,2,9400797772,9390015855,10331753,50,368822,81262,30,2152307670,544394,101367826,196835179,509663371,443921417,170522507,574581807,154852190,223768471,4009293139,18501568,7,3,4,0,0,5275,1424,66,0,0,0,0,6,90628640,3162141517,16023771,1,133139831,847151622,2477797,1345667809,2117407986,120512427,105457831,53880443,193567084,5028558,31801674,307267482,338117682,0,0,0,0
1004,3,9400796192,9390093257,10256761,50,365212,80882,30,2150385580,478331,101452358,198073347,508379593,444138123,170317732,574801185,152719920,223643728,4009373990,18557449,7,3,4,0,0,5275,1424,66,0,0,0,0,6,90564958,3162184637,16072512,1,133078770,847189353,2484937,1345069473,2121496674,113300212,107516792,54309122,193516073,5083818,31798985,348194052,331562386,0,0,0,0
1004,4,9400797892,9390077797,10270301,40,368132,81582,40,2152656831,521965,101370056,196085911,510415529,444149994,170282118,574601599,155211380,223779992,4009276859,18518018,7,3,4,0,0,5275,1424,66,0,0,0,0,6,90640671,3162126187,16039221,1,133139321,847150672,2478797,1345032007,2118381419,119042472,103582866,54493625,193563494,5032838,31802624,338764446,331434001,0,0,0,0
1004,5,9400796162,9390018885,10330143,50,365982,81062,40,2152326561,580057,101331955,196838278,509623680,443928168,170545317,574764194,154693359,223625057,4009440292,18499128,7,3,4,0,0,5275,1424,66,0,0,0,0,6,90548347,3162247809,16018721,1,133076710,847192483,2480407,1343439020,2120596332,120434886,101513252,54502394,193513863,5082639,31801624,366327988,330380691,0,0,0,0
1004,6,9400797862,9390015925,10334043,40,366532,81282,40,2150919319,465042,101463720,195938919,510576151,444469634,169938119,574605989,153439515,223696511,4009372299,18500889,7,3,4,0,0,5275,1424,66,0,0,0,0,6,90559389,3162243879,15999501,1,133137122,847128420,2501388,1365824029,2116748620,116848167,89252967,53191227,193565094,5031237,31801495,333639883,333902075,0,0,0,0
1004,7,9400796322,9390016645,10333493,50,365172,80922,40,2151157237,537633,101396547,197660514,508789376,444023758,170434707,574785612,153506877,223643939,4009464381,18453228,7,3,4,0,0,5275,1424,66,0,0,0,0,6,90564669,3162292259,15954160,1,133079270,847172122,2499068,1356954316,2118808288,116626697,91439016,54053870,193514083,5082928,31801605,345321022,325000235,0,0,0,0
1004,8,9400798812,9390067076,10280302,50,369192,82162,30,2147082128,524377,101376546,194518683,511969416,444985468,169467204,574587839,149625404,223671770,4009268947,18620330,7,3,4,0,0,5275,1424,66,0,0,0,0,6,90537638,3162160977,16100232,1,133134132,847107970,2520098,1334282767,2115740116,121037388,103598646,49938885,193558724,5037108,31805004,363862619,363574797,0,0,0,0
1004,9,9400795992,9390054236,10293452,50,367161,81063,30,2147374756,458894,101449858,195506647,510961713,445383813,169087100,574764976,149729236,223659840,4009332768,18552940,7,3,4,0,0,5275,1424,66,0,0,0,0,6,90581130,3162172606,16043272,1,133078710,847160162,2509668,1340948412,2121624531,119320067,101229967,54711183,193517703,5086809,31795284,355590461,363283417,0,0,0,0
1004,10,9400797692,9390052076,10295002,50,369211,81323,30,2147684406,526766,101391317,194800024,511695846,445649770,168784083,574597318,150219713,223688700,4009320327,18543130,7,3,4,0,0,5275,1424,66,0,0,0,0,6,90557158,3162199007,16033472,1,133131542,847121320,2509658,1339054141,2121328003,117056217,104481402,51464047,193558744,5035667,31797685,352670558,362122289,0,0,0,0
1004,11,9400796292,9390005795,10341213,50,368302,80902,30,2147524671,521215,101370585,196359244,510114217,445801554,168670837,574763858,149892972,223618666,4009338799,18608841,7,3,4,0,0,5275,1424,66,0,0,0,0,6,90533296,3162168707,16106433,1,133085370,847170092,2502408,1315692652,2122976828,119448894,118600332,52888915,193517703,5084839,31797244,385462450,371147206,0,0,0,0
1004,12,9400796622,9390054626,10291662,50,368781,81473,30,2147089816,537794,101359845,194409184,512076116,445397542,169056051,574603430,149626793,223652710,4009318487,18568301,7,3,4,0,0,5275,1424,66,0,0,0,0,6,90541899,3162204116,16051223,1,133110811,847114371,2517078,1323955093,2122935897,117846977,112950783,55776099,193558304,5035658,31798104,367250867,363353165,0,0,0,0
1004,13,9400796212,9390049516,10298452,70,367012,81132,30,2147290453,580947,101325835,194091574,512372135,445678383,168799452,574767974,149643043,223617109,4009368749,18576190,7,3,4,0,0,5275,1424,66,0,0,0,0,6,90531979,3162191647,16082552,1,133085130,847177102,2493638,1310692645,2121053350,116037062,128822595,57829359,193515863,5084639,31799264,336280435,375781639,0,0,0,0
1004,14,9400797572,9390004135,10342913,50,369711,80733,30,2147320006,468411,101454146,195400175,511114198,445545247,168880655,574602999,149828731,223672682,4009282264,18599003,7,3,4,0,0,5275,1424,66,0,0,0,0,6,90539410,3162177995,16077104,1,133133272,847104269,2521899,1334269074,2119776366,117995087,107729802,53698028,193566794,5029537,31803255,353850372,374513455,0,0,0,0
1004,15,9400796532,9390004735,10342853,50,367931,80923,40,2147747378,536974,101386687,195476618,510979762,446041374,168442350,574762056,150092366,223636728,4009304546,18610612,7,3,4,0,0,5275,1424,66,0,0,0,0,6,90557128,3162137564,16108994,1,133079600,847166982,2501618,1310595447,2123662558,115380172,128058141,55630605,193516003,5084669,31798324,393057372,400520417,0,0,0,0
1004,16,9400796622,9390057356,10289792,50,368161,81233,30,2151888990,528487,101389593,196639283,509855399,443978578,170454983,574582552,154440852,223712072,4009382990,18481788,7,3,4,0,0,5275,1424,66,0,0,0,0,6,90561149,3162258760,15983700,1,133150923,847124230,2498088,1346147083,2123541003,116588879,102166042,55535589,193545784,5054488,31802474,343985257,339700617,0,0,0,0
1004,17,9400795272,9390017625,10329123,60,367632,80802,30,2150641949,543104,101380545,198875983,507579209,444347548,170128586,574732264,153035378,223641729,4009524763,18408446,7,3,4,0,0,5275,1424,66,0,0,0,0,6,90547549,3162348261,15914868,1,133094180,847176502,2493578,1337745065,2122634050,118208930,106027881,54488224,193511973,5088339,31802624,333388438,305345007,0,0,0,0
1004,18,9400796642,9390055366,10290282,50,369541,81373,30,2149410792,567707,101337537,196211888,510296822,444251326,170168077,574583328,151974186,223716203,4009371049,18483638,7,3,4,0,0,5275,1424,66,0,0,0,0,6,90554160,3162241648,16002351,1,133162043,847129401,2481287,1357429994,2116765560,118739044,89573602,52546146,193548394,5048038,31805735,328376592,305324362,0,0,0,0
1004,19,9400795422,9390020055,10326863,50,367511,80913,30,2152452194,542838,101389504,197864352,508591367,444570526,169874367,574789794,154810528,223636879,4009504703,18428946,7,3,4,0,0,5275,1424,66,0,0,0,0,6,90547369,3162328541,15933158,1,133089510,847176162,2495788,1338623875,2122532420,117174623,108164833,57999047,193513023,5085449,31805424,356253351,305355068,0,0,0,0
1004,20,9400796922,9390017755,10328663,50,368832,81592,30,2152425856,607658,101292203,197313234,509187336,443732803,170720412,574563208,154990031,223709692,4009418479,18434547,7,3,4,0,0,5275,1424,66,0,0,0,0,6,90561709,3162261848,15966900,1,133147983,847156631,2467647,1340797311,2114736429,119380285,109406005,56713786,193550034,5046548,31806015,359124042,310615836,0,0,0,0
1004,21,9400795282,9390063407,10283451,50,367381,80953,40,2152364369,556106,101363255,197854589,508613380,443947979,170507273,574771486,154732464,223644288,4009428282,18486087,7,3,4,0,0,5275,1424,66,0,0,0,0,6,90556068,3162244089,15997870,1,133088220,847184193,2488217,1339236418,2118579076,119513443,107147060,54793823,193512303,5085419,31805504,387011022,306753941,0,0,0,0
1004,22,9400796872,9390063067,10283701,40,368921,81113,30,2149930857,508036,101412056,197525820,508997680,444037032,170377651,574599078,152454773,223706712,4009420829,18443297,7,3,4,0,0,5275,1424,66,0,0,0,0,6,90556749,3162278999,15960139,1,133149963,847141830,2483158,1348152333,2113897661,117267808,106659294,56047314,193550774,5045878,31807695,356383571,300852188,0,0,0,0
1004,23,9400795462,9390020935,10326123,40,367512,80822,30,2151978810,566339,101363095,198634816,507814813,444116795,170342508,574795515,154326064,223625308,4009407381,18528909,7,3,4,0,0,5275,1424,66,0,0,0,0,6,90539237,3162242300,16024031,1,133086071,847165081,2504878,1361421026,2115570808,116467995,92345660,53399926,193511843,5088499,31802364,388850043,306436965,0,0,0,0
1004,24,9400797582,9390044586,10303092,50,367522,82302,30,2147794192,531935,101374438,194109482,512373118,445463034,168985379,574591318,150340466,223670560,4009310326,18577002,7,3,4,0,0,5275,1424,66,0,0,0,0,6,90535028,3162182006,16077344,1,133135532,847128320,2499658,1320371286,2119131711,115472433,126114646,55156443,193544564,5055737,31802175,376014425,338411481,0,0,0,0
1004,25,9400794972,9390043216,10303082,50,367572,81012,40,2147480689,500463,101428238,194546475,511912854,445662949,168795835,574779963,149825730,223622128,4009335459,18587471,7,3,4,0,0,5275,1424,66,0,0,0,0,6,90531598,3162173637,16080983,1,133090530,847161822,2506488,1313886709,2122421087,119317696,121607849,54664542,193515633,5087739,31799874,356757813,330687941,0,0,0,0
1004,26,9400796712,9390041566,10306212,40,367771,81093,30,2147374616,533147,101358744,195719105,510776567,445810257,168639214,574577111,149932772,223677750,4009279864,18581243,7,3,4,0,0,5275,1424,66,0,0,0,0,6,90542628,3162167285,16070214,1,133135122,847112579,2511029,1321051948,2122913867,128639044,102081144,50619143,193543064,5056047,31802035,377541299,336195611,0,0,0,0
1004,27,9400793812,9390005675,10339323,40,368201,80533,40,2147567463,513228,101395515,196062247,510400614,445335551,169124123,574755322,149949556,223636358,4009298880,18624140,7,3,4,0,0,5275,1424,66,0,0,0,0,6,90542838,3162148308,16103882,1,133093520,847150572,2520258,1332294236,2121983966,120464598,103194641,52293843,193514063,5088219,31799254,404709380,349970955,0,0,0,0
1004,28,9400796932,9390007005,10339023,40,369331,81503,30,2147470891,568495,101350307,194257266,512222244,446187227,168269678,574581426,150004207,223687879,4009283965,18581093,7,3,4,0,0,5275,1424,66,0,0,0,0,6,90552157,3162172876,16064094,1,133135722,847111089,2516999,1344780483,2121533755,117953063,94834651,56782960,193542704,5055697,31802126,343953905,342984290,0,0,0,0
1004,29,9400795062,9390041776,10305872,50,366581,80753,30,2147645074,496044,101403724,194495798,511963183,445209788,169263926,574748494,150033718,223627799,4009252955,18674393,7,3,4,0,0,5275,1424,66,0,0,0,0,6,90537328,3162098684,16158645,1,133090471,847154271,2515748,1309756952,2116263496,120215479,125120972,56155097,193515453,5086669,31800934,377252837,353363923,0,0,0,0
1004,30,9400795502,9390007235,10338903,50,367812,81462,40,2147353598,510505,101399726,194704472,511783578,445256329,169185474,574586940,149895403,223681101,4009307045,18552122,7,3,4,0,0,5275,1424,66,0,0,0,0,6,90541809,3162175745,16063404,1,133139292,847131300,2488718,1306207338,2118708142,122355488,131032715,60817906,193552544,5046808,31802124,376798562,350370824,0,0,0,0
1004,31,9400795312,9390009395,10336513,50,368481,80833,40,2147606096,533856,101376413,194451117,512013966,446161086,168292155,574793786,149957614,223638018,4009346279,18574920,7,3,4,0,0,5275,1424,66,0,0,0,0,6,90546087,3162195858,16055942,1,133091931,847150421,2518978,1305095056,2124639391,117192881,130069559,56699751,193515023,5085678,31801735,407114430,362971520,0,0,0,0
1004,32,9400796792,9390102808,10243960,40,368762,81192,30,2151275490,478603,101397085,197856139,508641362,444256845,170172658,574578979,153863916,223700960,4009365768,18497450,7,3,4,0,0,5275,1424,66,0,0,0,0,6,90560008,3162233648,16008962,1,133140952,847132120,2488488,1357839018,2121831605,119276940,92727074,49949602,193570095,5029777,31802384,337196373,339407970,0,0,0,0
1004,33,9400795722,9390021555,10325803,50,367261,81023,30,2151760112,479544,101397386,198282014,508179756,444340100,170134854,574756205,154155713,223658138,4009460463,18459157,7,3,4,0,0,5275,1424,66,0,0,0,0,6,90575108,3162286751,15958599,1,133083030,847173712,2500558,1357099395,2123036532,113602616,95893360,50749306,193510642,5087759,31802375,375101157,305466717,0,0,0,0
1004,34,9400797292,9390021505,10325793,50,368741,81163,40,2151530997,461501,101403289,195584107,510921881,444462075,170005560,574539207,154124826,223802784,4009312197,18459347,7,3,4,0,0,5275,1424,66,0,0,0,0,6,90670202,3162157556,15983570,1,133132582,847154641,2475777,1338338798,2121823365,120825697,108918009,53731610,193562254,5036058,31802444,367784932,301893239,0,0,0,0
1004,35,9400795892,9390108708,10238690,50,367361,81043,40,2151210197,426691,101470060,198469297,507990811,444316747,170132339,574792562,153580051,223636758,4009364849,18588021,7,3,4,0,0,5275,1424,66,0,0,0,0,6,90552878,3162173256,16106284,1,133083880,847191593,2481737,1362981460,2121738131,117003866,95721266,54132798,193513913,5087109,31801035,384607219,295175668,0,0,0,0
1004,36,9400797262,9390104018,10243710,50,367862,81592,30,2150959528,469743,101391278,196236988,510268111,443942377,170483655,574580730,153554076,223707709,4009352800,18506739,7,3,4,0,0,5275,1424,66,0,0,0,0,6,90575558,3162208928,16020292,1,133132151,847143872,2486447,1371008462,2113807481,114809965,91579467,54151841,193562114,5037548,31802395,360787614,300620040,0,0,0,0
1004,37,9400795722,9390104088,10244930,40,365661,80973,30,2151433663,473185,101414005,198009427,508455165,444395148,170096026,574725741,153834485,223623648,4009371570,18571420,7,3,4,0,0,5275,1424,66,0,0,0,0,6,90543348,3162209818,16057812,1,133080300,847161752,2513608,1367761384,2120593436,121948621,81912535,50705056,193511273,5089068,31800935,392618877,306020739,0,0,0,0
1004,38,9400797372,9390105638,10241720,40,368791,81153,30,2150933776,497813,101385497,196447655,510066454,443790614,170627551,574585508,153503575,223714442,4009289727,18556080,7,3,4,0,0,5275,1424,66,0,0,0,0,6,90573710,3162155856,16068083,1,133140732,847133871,2487997,1333381319,2120522378,121410178,113592208,56318109,193569084,5029277,31802566,380543311,309046359,0,0,0,0
1004,39,9400795832,9390020545,10328073,50,366282,80852,30,2153053293,470763,101419028,197290382,509176597,444259158,170188563,574772645,155443416,223647879,4009447372,18473898,7,3,4,0,0,5275,1424,66,0,0,0,0,6,90564819,3162270140,15980640,1,133083060,847177232,2493258,1344896903,2115276843,121844078,107285391,53417349,193507813,5087708,31802315,410120643,311274576,0,0,0,0
1004,40,9400797242,9390018965,10326523,40,369242,82442,30,2147249464,440204,101482179,193108883,513347025,445474226,168966318,574584641,149817839,223654628,4009310458,18592071,7,3,4,0,0,5275,1424,66,0,0,0,0,6,90516026,3162193448,16084033,1,133138602,847117010,2508038,1325907986,2120897744,123669744,111837489,58059902,193560294,5038188,31801594,421295774,343223729,0,0,0,0
1004,41,9400794382,9390019945,10326203,70,367261,80873,30,2147195411,479333,101428948,195646160,510814400,445939488,168532556,574760172,149555952,223591038,4009292775,18632373,7,3,4,0,0,5275,1424,66,0,0,0,0,6,90504607,3162153095,16103084,1,133086431,847139680,2529289,1336600187,2117752440,118224854,108595863,49299749,193516963,5084198,31800946,421358019,338796732,0,0,0,0
1004,42,9400796172,9390100628,10246210,40,367851,81403,40,2147310724,472483,101425547,194157135,512321194,446962025,167500910,574558889,149879790,223677578,4009286176,18579372,7,3,4,0,0,5275,1424,66,0,0,0,0,6,90539506,3162188077,16051073,1,133138072,847098099,2528299,1333039069,2122802612,117783918,108345902,52584851,193563354,5035417,31801625,409257321,337688867,0,0,0,0
1004,43,9400794582,9390016765,10329423,50,367562,80752,30,2147344388,478434,101444817,195879250,510576580,445337021,169140623,574749154,149702918,223589897,4009296796,18644253,7,3,4,0,0,5275,1424,66,0,0,0,0,6,90501436,3162135475,16134315,1,133088461,847161321,2509938,1312979208,2124339057,121572358,123269608,55340760,193517293,5084029,31799774,406883688,341682320,0,0,0,0
1004,44,9400796192,9390018825,10327943,40,367761,81593,30,2147298894,530974,101366695,193881767,512585873,445384404,169072948,574588880,149856371,223651139,4009220313,18671574,7,3,4,0,0,5275,1424,66,0,0,0,0,6,90519758,3162089572,16168906,1,133131381,847130741,2502668,1313469795,2117080093,117734999,129136845,58810103,193562364,5034678,31801624,407271792,352610379,0,0,0,0
1004,45,9400794472,9390098858,10247970,40,366641,80933,30,2147485243,534336,101362634,196495358,509965123,445087192,169419851,574721664,149869980,223609388,4009291847,18650953,7,3,4,0,0,5275,1424,66,0,0,0,0,6,90519348,3162121925,16149765,1,133090040,847169922,2501188,1304065958,2121451386,120567281,132939904,55810978,193514743,5083919,31799894,406471055,353127957,0,0,0,0
1004,46,9400795972,9390017195,10328723,50,369452,80522,30,2147500460,491616,101428337,193240035,513246333,445358834,169108861,574551019,150043305,223656159,4009265505,18613802,7,3,4,0,0,5275,1424,66,0,0,0,0,6,90517457,3162166456,16087253,1,133138702,847099049,2526549,1312125626,2119301862,128894626,121847920,56120221,193569794,5028977,31801575,388760950,352986884,0,0,0,0
1004,47,9400794732,9390103228,10243420,50,367141,80863,30,2147627035,563440,101344691,195477469,510984922,445843136,168657509,574740763,149987168,223624478,4009286396,18632063,7,3,4,0,0,5275,1424,66,0,0,0,0,6,90539328,3162136095,16115984,1,133085150,847150301,2516079,1318899028,2125595623,117232842,120173256,53389853,193516263,5085019,31799255,449190641,365111907,0,0,0,0
1004,48,9400795272,9390076617,10268151,50,368941,81483,30,2148092049,454553,101415388,195825606,510672003,443947467,170495005,574578469,150672598,223724912,4009357799,18489297,7,3,4,0,0,5275,1424,66,0,0,0,0,6,90591050,3162257680,15960738,1,133133862,847100119,2528559,1349551752,2122522671,117711004,98461464,50537420,193544904,5052418,31804435,422785741,345211812,0,0,0,0
1004,49,9400793802,9390030746,10315052,80,367311,80583,30,2152207888,476091,101420057,198274765,508188025,443958499,170509645,574757993,154595500,223651087,4009411422,18514468,7,3,4,0,0,5275,1424,66,0,0,0,0,6,90560497,3162259561,15990139,1,133090590,847151861,2524329,1347239338,2118276322,113482892,114913174,55355921,193507852,5091930,31802644,429643295,324759895,0,0,0,0
1004,50,9400795512,9390028696,10316952,40,368251,81543,30,2152679602,459493,101415457,196606189,509903361,443996439,170432823,574561270,155279169,223786093,4009272097,18500678,7,3,4,0,0,5275,1424,66,0,0,0,0,6,90657392,3162171437,15973189,1,133128701,847100660,2527489,1377015553,2122475922,112148942,82255811,49383956,193551694,5045148,31805795,423951987,304575765,0,0,0,0
1004,51,9400794022,9390014715,10331003,50,367241,80983,30,2151830018,461393,101433428,199355078,507111522,444178025,170279498,574768332,154220520,223624748,4009431441,18507877,7,3,4,0,0,5275,1424,66,0,0,0,0,6,90531048,3162245168,16017700,1,133093700,847186273,2490177,1200259296,2127274329,105243532,215474205,51748383,193509412,5087790,31804475,446964133,378405678,0,0,0,0
1004,52,9400795652,9390060766,10286132,50,367051,81623,30,2151411954,495364,101380286,195969930,510534640,443896865,170538989,574574359,153995260,223717750,4009388030,18456807,7,3,4,0,0,5275,1424,66,0,0,0,0,6,90588199,3162274779,15938239,1,133129551,847113251,2518568,1393592203,2121119292,106695434,75682263,52589783,193547744,5048318,31805815,399132504,288301198,0,0,0,0
1004,53,9400793762,9390020405,10324823,40,367541,80923,30,2152082673,521876,101365023,199333278,507135702,444356280,170108283,574753723,154483426,223646668,4009451922,18473808,7,3,4,0,0,5275,1424,66,0,0,0,0,6,90558408,3162338112,15909748,1,133088260,847113810,2564060,1386448253,2115661561,115870731,80000358,53604073,193508983,5089368,31802955,418246147,291283808,0,0,0,0
1004,54,9400795542,9390073077,10272901,40,368182,81312,30,2150415264,477531,101404198,197297052,509225438,444256847,170165645,574578150,152985900,223698960,4009348939,18512888,7,3,4,0,0,5275,1424,66,0,0,0,0,6,90566778,3162238670,15993839,1,133132182,847110269,2519049,1342692200,2115815475,119935773,109390302,53061889,193549974,5047068,31805415,400551876,310094515,0,0,0,0
1004,55,9400794052,9390029045,10315963,50,368032,80912,50,2152474686,505313,101400168,197797578,508660200,444317972,170144580,574758455,154868699,223634068,4009366390,18575800,7,3,4,0,0,5275,1424,66,0,0,0,0,6,90543388,3162196668,16071362,1,133090680,847169722,2504438,1350912943,2117415365,120378534,96732449,54375903,193507433,5091559,31802224,418620140,313559000,0,0,0,0
1004,56,9400795922,9390034326,10310842,50,368492,82182,30,2147666798,459783,101429577,193699083,512776507,446027753,168422810,574576859,150250444,223660250,4009180111,18693456,7,3,4,0,0,5275,1424,66,0,0,0,0,6,90527558,3162070732,16178107,1,133132692,847109379,2515349,1347098732,2114245129,113530726,106117315,51676081,193543243,5056589,31799204,425226232,349050387,0,0,0,0
1004,57,9400793282,9390032946,10310982,50,368301,80973,30,2147876495,472831,101424488,195518737,510938432,445513717,168939278,574785933,150258016,223653219,4009205715,18719414,7,3,4,0,0,5275,1424,66,0,0,0,0,6,90559578,3162085235,16166915,1,133093641,847120480,2552499,1340427951,2121859936,114309116,104860103,53265714,193516803,5085839,31795364,434319453,340243391,0,0,0,0
1004,58,9400794972,9390076677,10267331,50,369882,81002,30,2147353005,475774,101398306,194549696,511944324,445235317,169219975,574566901,149936102,223663129,4009236114,18630013,7,3,4,0,0,5275,1424,66,0,0,0,0,6,90531637,3162101314,16138805,1,133131492,847134800,2491208,1318673758,2123038833,121044455,121083071,54137068,193545924,5054107,31793675,427523776,340732847,0,0,0,0
1004,59,9400793462,9390032046,10313182,50,367622,80532,30,2147679988,429682,101472560,195034092,511422556,445679540,168777863,574765444,150067198,223626969,4009290767,18655363,7,3,4,0,0,5275,1424,66,0,0,0,0,6,90532149,3162060083,16214247,1,133094820,847230684,2441116,1333794440,2125846238,121244417,99312665,55374501,193515733,5084389,31798544,414980085,336811030,0,0,0,0
1004,60,9400795342,9390028095,10317733,50,367991,81433,40,2147550652,514554,101365538,194457722,512027927,446193637,168257804,574583781,150125379,223681470,4009241864,18605043,7,3,4,0,0,5275,1424,66,0,0,0,0,6,90547758,3162141105,16081904,1,133133712,847100759,2523139,1344122189,2119924285,118324580,99578068,51033788,193544614,5054448,31794994,285591469,335760749,0,0,0,0
1004,61,9400793472,9390029136,10315172,40,368202,80882,40,2147937066,509945,101390365,195695695,510758435,445700812,168776542,574744693,150333217,223639150,4009275665,18653743,7,3,4,0,0,5275,1424,66,0,0,0,0,6,90545589,3162159076,16098833,1,133093561,847116589,2554910,1337115183,2122648178,118743133,99001953,53797597,193516633,5085579,31797174,427075346,334810039,0,0,0,0
1004,62,9400794862,9390027906,10316962,40,368572,81352,30,2146822650,457335,101434877,194414873,512075166,445519037,168917927,574586050,149387717,223665949,4009297925,18568051,7,3,4,0,0,5275,1424,66,0,0,0,0,6,90529467,3162199286,16045882,1,133136482,847098639,2522169,1340037312,2120611392,121560283,100113531,55382302,193555724,5044177,31796935,408296089,338701036,0,0,0,0
1004,63,9400793612,9390028655,10317093,50,366902,80882,30,2147505105,493194,101393267,197219770,509239268,446073625,168393601,574778251,149882232,223637619,4009199173,18715265,7,3,4,0,0,5275,1424,66,0,0,0,0,6,90543618,3162075513,16170446,1,133094001,847123660,2544819,1339318844,2124604951,115314438,100181542,54764330,193515663,5083578,31802946,442846878,366429448,0,0,0,0
1004,64,9400796222,9390021155,10327443,50,366241,81303,30,2151224488,348130,101464128,196401225,510076266,444320740,170118562,574635660,153833525,223714411,4009446041,18390316,7,3,4,0,0,5275,1424,66,0,0,0,0,6,90579609,3162277860,15934009,1,133134802,847168181,2456307,1334991285,2126417402,119992960,104424703,57103894,193563504,5038568,31795924,337595759,341065633,0,0,0,0
1004,65,9400796012,9390038906,10312782,40,363311,80943,30,2151410423,325350,101461596,197614965,508846417,444053009,170411024,574791474,153869687,223653118,4009395739,18502579,7,3,4,0,0,5275,1424,66,0,0,0,0,6,90586159,3162262018,15954970,1,133066959,847133721,2547609,1357136573,2112893025,119022155,104805720,55028247,193513673,5088059,31798174,406379865,316907830,0,0,0,0
1004,66,9400797602,9390042846,10307512,50,365792,81372,30,2153374488,338359,101478187,198717706,507758236,443783342,170655610,574604808,156011926,223697039,4009271169,18564710,7,3,4,0,0,5275,1424,66,0,0,0,0,6,90574318,3162245621,15955529,1,133122721,847025548,2609181,1377609444,2121017666,115963866,74711496,48740704,193562364,5038648,31796014,357214657,300796755,0,0,0,0
1004,67,9400796112,9390037456,10314042,120,363581,80873,40,2152741113,315681,101507428,198439909,508005261,444180143,170278631,574818285,155154827,223690561,4009367851,18497787,7,3,4,0,0,5275,1424,66,0,0,0,0,6,90621601,3162215440,15968168,1,133068960,847152411,2529619,1174451390,2131801015,104202702,229073638,52536217,193514553,5087379,31795514,385088953,391229216,0,0,0,0
1004,68,9400797802,9390044216,10304942,80,367111,81413,40,2152824267,315419,101467596,196751561,509733692,443991238,170439816,574621039,155479226,223748962,4009419780,18372636,7,3,4,0,0,5275,1424,66,0,0,0,0,6,90624210,3162229368,15928470,1,133124752,847190412,2444166,1391522622,2116337891,119006715,72380839,46403912,193559984,5039917,31801226,351482037,282591811,0,0,0,0
1004,69,9400796012,9390021395,10329473,50,364211,80853,30,2152309065,353732,101442356,198105773,508350849,443947118,170526176,574775164,154774304,223613215,4009372460,18564530,7,3,4,0,0,5275,1424,66,0,0,0,0,6,90546166,3162269320,15985800,1,133067049,847103140,2578730,1392615004,2112708757,121754141,70797560,52270936,193511813,5087689,31798174,382291575,305255174,0,0,0,0
1004,70,9400797732,9390042166,10307942,40,366271,81283,30,2153034297,304589,101519199,197193970,509299391,444317739,170096352,574621950,155646524,223682169,4009340967,18525731,7,3,4,0,0,5275,1424,66,0,0,0,0,6,90557097,3162266629,15968641,1,133125072,847074338,2557090,1346330315,2113156897,121954962,104819234,54811543,193562964,5037388,31795144,367981187,312805184,0,0,0,0
1004,71,9400796182,9390041246,10309432,40,364542,80892,30,2152543501,346141,101470059,197187500,509248458,444010979,170453743,574797647,155001962,223620289,4009409050,18516388,7,3,4,0,0,5275,1424,66,0,0,0,0,6,90552329,3162278009,15969409,1,133067960,847131041,2546979,1344188943,2116806414,122277531,103479735,55033327,193513343,5088359,31797244,372398447,306849551,0,0,0,0
1004,72,9400796642,9390020245,10326473,50,367642,82192,40,2148024300,322069,101449126,193341702,513138258,445248868,169205847,574615538,150649728,223662169,4009260978,18611771,7,3,4,0,0,5275,1424,66,0,0,0,0,6,90536348,3162162928,16075822,1,133125821,847098050,2535949,1344431574,2106903913,125811975,101412390,52320065,193557964,5038778,31795134,402169717,344269440,0,0,0,0
1004,73,9400793782,9390042366,10306522,50,363872,80942,30,2148274586,304597,101481018,194634121,511838550,445246867,169208116,574797016,150720058,223745243,4009217183,18561110,7,3,4,0,0,5275,1424,66,0,0,0,0,6,90676814,3162045261,16052792,1,133068429,847171922,2508318,1343461519,2114377020,121709315,103129155,53703189,193515943,5092919,31788824,400780787,325121479,0,0,0,0
1004,74,9400795442,9390038886,10307752,60,367532,81182,30,2147998569,330199,101453937,194320602,512163057,445356925,169073260,574623779,150636908,223654838,4009284407,18569590,7,3,4,0,0,5275,1424,66,0,0,0,0,6,90530827,3162184257,16033711,1,133124011,847100150,2535879,1347418453,2122868716,123587620,87842679,51392673,193562274,5036608,31796394,384406115,334690113,0,0,0,0
1004,75,9400794012,9390023225,10321093,40,368781,80833,40,2148348719,311137,101446918,195993492,510485399,445380261,169088843,574778644,150826420,223719271,4009199222,18625664,7,3,4,0,0,5275,1424,66,0,0,0,0,6,90649902,3162054881,16089484,1,133069369,847144341,2536180,1331394010,2119325952,122198476,106800298,52599185,193516313,5090859,31789064,386927760,341305353,0,0,0,0
1004,76,9400795502,9390040286,10308332,50,365412,81392,30,2148093682,369331,101424175,195130608,511349734,445346140,169102880,574634200,150705462,223623758,4009309648,18567150,7,3,4,0,0,5275,1424,66,0,0,0,0,6,90528498,3162187067,16056742,1,133095260,847122581,2510408,1322295089,2118720133,126288928,102804267,55642561,193559404,5038837,31794745,377779674,335877177,0,0,0,0
1004,77,9400793992,9390039316,10309582,60,364022,80982,30,2148361830,324858,101432046,196475168,509993073,445112594,169346580,574801002,150832813,223583928,4009337757,18610991,7,3,4,0,0,5275,1424,66,0,0,0,0,6,90514009,3162217026,16053762,1,133069919,847120731,2557229,1340627619,2123424636,122467018,91981251,54562074,193514903,5088349,31797775,392125355,341409114,0,0,0,0
1004,78,9400795362,9390021605,10325163,50,367802,80712,30,2148318879,302647,101495759,194579551,511917490,445661512,168760781,574616419,150919746,223682058,4009294968,18546060,7,3,4,0,0,5275,1424,66,0,0,0,0,6,90561787,3162203648,16006071,1,133120271,847091320,2539989,1323254769,2123191877,113923766,113576624,57386866,193571065,5027277,31807304,397346114,343830672,0,0,0,0
1004,79,9400794222,9390018695,10330013,60,364451,80973,30,2148378369,326043,101475390,195098414,511352453,445747134,168722820,574796535,150811371,223606268,4009285267,18609511,7,3,4,0,0,5275,1424,66,0,0,0,0,6,90538289,3162132625,16085393,1,133067979,847152642,2524118,1323109985,2122327491,120667486,113887181,55304886,193515373,5091329,31796415,395514081,364801403,0,0,0,0
1004,80,9400795072,9390044606,10304472,180,364652,81122,40,2152303040,442403,101465539,197701106,508768654,444110630,170317149,574606222,154864918,223702613,4009456162,18424946,7,3,4,0,0,5275,1424,66,0,0,0,0,6,90556690,3162319592,15931198,1,133145923,847136570,2493748,1350871155,2122993496,125400296,85517943,50235700,193545664,5057608,31798255,455874300,340602989,0,0,0,0
1004,81,9400793832,9390010225,10338563,40,364151,80823,30,2153048417,380794,101466418,198153991,508302889,444146041,170308133,574772533,155496258,223627208,4009452731,18484489,7,3,4,0,0,5275,1424,66,0,0,0,0,6,90541608,3162285689,15978821,1,133085600,847167042,2505668,1354496479,2120055685,120776520,91436178,50523582,193508642,5094520,31798545,449594673,304732810,0,0,0,0
1004,82,9400795222,9390038946,10305352,40,369762,81092,30,2151006451,400684,101437726,196922121,509582131,444465614,169942347,574597081,153635967,223690020,4009512413,18366895,7,3,4,0,0,5275,1424,66,0,0,0,0,6,90551908,3162379173,15866907,1,133138112,847133240,2499988,1345716598,2124600737,116542229,101122394,51213922,193547894,5052668,31800304,449178457,292593587,0,0,0,0
1004,83,9400793922,9390021585,10327373,50,364101,80773,40,2153028524,391343,101465807,198003176,508459364,444154535,170288417,574797325,155434938,223621507,4009486174,18442556,7,3,4,0,0,5275,1424,66,0,0,0,0,6,90539897,3162295421,15958999,1,133081610,847190753,2483557,1376191557,2117930732,122762850,78600641,52087808,193509003,5091939,31800995,477180656,303553294,0,0,0,0
1004,84,9400795452,9390042216,10305992,50,365681,81483,30,2153002345,408853,101418267,197415026,509071094,444081311,170352271,574592450,155640341,223714120,4009473822,18389487,7,3,4,0,0,5275,1424,66,0,0,0,0,6,90572468,3162307550,15924190,1,133141652,847166272,2465297,1369681927,2119565068,119733602,80045661,52774504,193548994,5051018,31803375,448734997,299589352,0,0,0,0
1004,85,9400793722,9390038976,10309902,40,364001,80773,30,2152418368,422102,101415836,197921324,508556047,444314220,170127683,574789055,154847906,223628589,4009450222,18472706,7,3,4,0,0,5275,1424,66,0,0,0,0,6,90546879,3162268739,15979679,1,133081710,847181483,2493027,1363725270,2120979741,117143608,83745780,54012660,193508362,5091550,31801475,468612379,305773602,0,0,0,0
1004,86,9400795372,9390013815,10334943,50,365292,81242,30,2152510399,412363,101472059,198131740,508381111,443878666,170526618,574619737,155059655,223699070,4009469942,18410046,7,3,4,0,0,5275,1424,66,0,0,0,0,6,90555589,3162313690,15933369,1,133143481,847156252,2476677,1341097890,2115751821,113362391,114795337,55162107,193550884,5050878,31801895,462164269,306791638,0,0,0,0
1004,87,9400793922,9390038096,10310752,60,364242,80732,40,2151735545,384663,101445218,197776169,508676420,443849794,170595749,574820695,154153196,223622478,4009433951,18498379,7,3,4,0,0,5275,1424,66,0,0,0,0,6,90543928,3162250579,16009371,1,133078550,847183372,2489008,1343978405,2116571212,117172022,109584578,51918997,193508593,5095579,31797384,482040536,298579852,0,0,0,0
1004,88,9400796902,9390031165,10314863,50,368221,82573,30,2147537965,394763,101475260,193792161,512657656,445420125,169014668,574619360,150122120,223700461,4009269754,18622193,7,3,4,0,0,5275,1424,66,0,0,0,0,6,90561069,3162160335,16096354,1,133139392,847109419,2525839,1320819110,2114554704,122519434,122255520,52555662,193544543,5057129,31795164,474140329,323833524,0,0,0,0
1004,89,9400793942,9390033696,10315272,40,364001,80893,40,2148009619,359681,101478458,195195118,511267012,445622759,168820413,574795238,150426347,223617059,4009361238,18578142,7,3,4,0,0,5275,1424,66,0,0,0,0,6,90535149,3162168625,16097635,1,133081910,847192613,2480507,1322848510,2117353641,124009266,113620835,55178505,193514213,5090549,31798574,450284152,336260622,0,0,0,0
1004,90,9400795632,9389999724,10348634,60,366221,80963,30,2148203416,415904,101458018,194238546,512214801,444475684,169958448,574610101,150796641,223714083,4009287136,18574440,7,3,4,0,0,5275,1424,66,0,0,0,0,6,90575411,3162186437,16043211,1,133138672,847100699,2531229,1340804779,2120212147,118371782,99411809,51647796,193542993,5058159,31798264,454297954,341081389,0,0,0,0
1004,91,9400793832,9390032726,10313142,50,367222,80652,40,2148595907,361184,101471376,195734616,510723585,445519525,168924628,574794415,151028327,223625710,4009325257,18611082,7,3,4,0,0,5275,1424,66,0,0,0,0,6,90551190,3162149525,16111414,1,133074520,847175732,2499668,1328752636,2120810173,125559599,102525672,52060331,193513033,5091589,31791284,455790100,348559675,0,0,0,0
1004,92,9400795952,9390032815,10312903,60,368762,81382,30,2148693831,436566,101456847,193575368,512883221,445538437,168894597,574616998,151257336,223678472,4009287016,18595452,7,3,4,0,0,5275,1424,66,0,0,0,0,6,90540740,3162152545,16093024,1,133137732,847134471,2502428,1307860566,2120521974,123622087,123383340,55271572,193542744,5057668,31793914,448394706,343581954,0,0,0,0
1004,93,9400794132,9390033196,10315752,40,364231,80883,30,2148603878,372231,101460329,195836247,510617594,444765708,169694104,574782966,151051267,223621009,4009348618,18599570,7,3,4,0,0,5275,1424,66,0,0,0,0,6,90540609,3162173556,16098662,1,133080400,847175062,2500908,1327486964,2121136445,121337306,102529786,50494654,193513993,5090229,31801934,430121836,352481033,0,0,0,0
1004,94,9400795472,9390030365,10315183,80,368682,81112,50,2148144641,401486,101497158,194655051,511804128,444945990,169472813,574621170,150717300,223706341,4009293437,18573581,7,3,4,0,0,5275,1424,66,0,0,0,0,6,90560300,3162169576,16071543,1,133146041,847123861,2502038,1300693986,2125124148,120843109,131269333,54533509,193552024,5048878,31793364,434354574,345735740,0,0,0,0
1004,95,9400794202,9389998864,10345404,50,369112,80742,30,2148523796,380173,101451617,194655590,511812161,445515806,168920804,574821216,150924737,223634608,4009345680,18588230,7,3,4,0,0,5275,1424,66,0,0,0,0,6,90554228,3162164217,16095443,1,133080380,847181463,2492787,1305926305,2123727774,123946305,123164160,56993837,193513603,5087599,31792534,467847763,371953222,0,0,0,0
1004,96,9400795522,9390018515,10326233,40,369581,81123,30,2151905298,413093,101495808,197293882,509147136,444104734,170391779,574518698,154510899,223652919,4009397659,18463648,7,3,4,0,0,5275,1424,66,0,0,0,0,6,90546658,3162268639,15970860,1,133106261,847129020,2492788,1353361787,2125042430,115792573,92528752,55186903,193556054,5043748,31802104,349632299,336674942,0,0,0,0
1004,97,9400794422,9390038016,10309192,50,366201,80923,40,2152195370,430372,101461388,197579563,508868926,444161807,170370649,574705084,154589529,223576896,4009370019,18568629,7,3,4,0,0,5275,1424,66,0,0,0,0,6,90507727,3162234418,16026270,1,133069169,847135601,2542359,1354329727,2121145915,123429873,85863420,49739083,193504922,5091470,31802904,258923971,303365221,0,0,0,0
1004,98,9400795952,9390037486,10309632,70,367741,80993,30,2151669333,409353,101473028,197000385,509464874,443918365,170596070,574508608,154273049,223775854,4009275326,18502529,7,3,4,0,0,5275,1424,66,0,0,0,0,6,90648212,3162126745,16019332,1,133127642,847148581,2483197,1354379857,2119285405,115192520,98462643,53788903,193558464,5036478,31804224,319622288,308288362,0,0,0,0
1004,99,9400794702,9390018885,10328393,110,366362,80922,30,2152455347,371961,101489198,198535502,507935257,444006530,170505958,574729040,154842138,223582716,4009443111,18506739,7,3,4,0,0,5275,1424,66,0,0,0,0,6,90511947,3162257239,16016421,1,133070769,847185872,2490318,1350815011,2118268994,125810850,93675837,51984006,193515633,5089169,31796714,358451083,312432398,0,0,0,0
1004,100,9400795982,9390010845,10335183,40,368542,81342,30,2151827077,395450,101473100,198104519,508349381,444028451,170472305,574516335,154450954,223684178,4009442413,18411085,7,3,4,0,0,5275,1424,66,0,0,0,0,6,90561127,3162321982,15900607,1,133123051,847120431,2510478,1378366380,2110648122,120001104,78636349,52018746,193558904,5040547,31801955,333306617,308771500,0,0,0,0
1004,101,9400794422,9390038766,10307942,50,366742,80892,30,2153071868,401703,101476598,198358446,508075113,444304040,170221776,574704410,155503699,223577257,4009499343,18462626,7,3,4,0,0,5275,1424,66,0,0,0,0,6,90508047,3162302150,15981589,1,133069210,847197193,2481037,1352059095,2119991280,119683371,93173315,54757714,193507413,5095129,31797325,358344942,306932115,0,0,0,0
1004,102,9400796022,9390036226,10310752,50,367981,80983,30,2153039045,408280,101492013,197747284,508731804,443959836,170507517,574524238,155639473,223665930,4009388478,18464579,7,3,4,0,0,5275,1424,66,0,0,0,0,6,90529778,3162280648,15948711,1,133136152,847107830,2515868,1347807512,2119997297,120887908,95803446,57254479,193562744,5031488,31804984,335319320,302018496,0,0,0,0
1004,103,9400794622,9390020575,10325443,50,367762,80762,30,2152587511,395729,101496930,198010207,508422602,444058141,170465943,574708632,154993274,223612048,4009462202,18471847,7,3,4,0,0,5275,1424,66,0,0,0,0,6,90541988,3162283260,15977639,1,133070060,847178942,2494208,1366465002,2118236712,121214779,76545993,49846034,193506623,5091408,31801195,378347125,305563216,0,0,0,0
1004,104,9400797092,9390032396,10313842,40,368141,82623,50,2148655611,392922,101523531,194597982,511827768,445766563,168742631,574515547,151257815,223645728,4009248096,18645873,7,3,4,0,0,5275,1424,66,0,0,0,0,6,90505346,3162161457,16109074,1,133140382,847086639,2536799,1343086061,2115104733,117132818,105539050,54577429,193561124,5038818,31798154,414151534,335693187,0,0,0,0
1004,105,9400793952,9390035366,10310282,40,367312,80832,120,2147965009,394501,101508777,194998683,511424648,445366842,169156243,574724133,150354886,223579485,4009211007,18733324,7,3,4,0,0,5275,1424,66,0,0,0,0,6,90507536,3162079466,16192205,1,133071949,847131541,2541119,1321625117,2120513788,120363979,118123865,55763254,193514033,5092099,31796645,391587218,331564045,0,0,0,0
1004,106,9400795642,9390035196,10308922,50,370231,81193,50,2148364460,408894,101499440,193834413,512600555,445717344,168789210,574518128,150969405,223672518,4009226734,18629644,7,3,4,0,0,5275,1424,66,0,0,0,0,6,90532736,3162098734,16131566,1,133139782,847128000,2498078,1324719288,2120409037,120530402,114251332,56247026,193558834,5042048,31798334,384262098,335380106,0,0,0,0
1004,107,9400794142,9390009275,10335943,40,368052,80802,30,2148606656,407533,101506947,196452860,509982240,445769794,168762421,574705666,150981366,223594466,4009291016,18654874,7,3,4,0,0,5275,1424,66,0,0,0,0,6,90521827,3162128714,16141726,1,133072639,847162302,2513148,1333662720,2124502205,129121399,92440402,52497559,193516103,5087429,31796524,387432574,335309945,0,0,0,0
1004,108,9400795642,9390032196,10313902,50,368091,81373,30,2148549156,477366,101446288,194345013,512065185,445409143,169099973,574529536,151145314,223609048,4009257455,18634493,7,3,4,0,0,5275,1424,66,0,0,0,0,6,90510798,3162155525,16103004,1,133098250,847101930,2531489,1324181316,2115602804,124811222,114588310,51484396,193560554,5038798,31798104,377337525,336770329,0,0,0,0
1004,109,9400794002,9390006845,10339283,50,367011,80773,40,2148547488,466084,101444185,196438396,509978354,445435134,169110773,574694201,150950175,223587996,4009311709,18646631,7,3,4,0,0,5275,1424,66,0,0,0,0,6,90514087,3162154867,16127843,1,133073909,847156842,2518788,1316455486,2119118208,121892523,117597229,56017655,193511583,5089929,31795784,371417951,348232009,0,0,0,0
1004,110,9400795492,9390031696,10314482,50,368652,80582,30,2148587647,442305,101506299,194142365,512304732,445445385,169067531,574517556,151122062,223655348,4009242652,18629915,7,3,4,0,0,5275,1424,66,0,0,0,0,6,90516006,3162148083,16099076,1,133139342,847094569,2530839,1321331003,2123389416,121543612,111660655,52306531,193575825,5026087,31797844,365141077,346109080,0,0,0,0
1004,111,9400794282,9390032316,10313022,50,368011,80853,30,2148386508,451614,101418976,196097347,510327992,445282359,169264227,574691912,150827253,223607339,4009097120,18820468,7,3,4,0,0,5275,1424,66,0,0,0,0,6,90534729,3162006770,16240578,1,133072610,847090350,2579890,1335382769,2124822090,125985387,93221742,52252866,193513883,5092969,31793664,405582018,372234389,0,0,0,0
1004,112,9400794772,9390014755,10330613,50,368102,81212,40,2152549091,367839,101487597,196670064,509802726,444150937,170275166,574593190,155176987,223735082,4009380050,18476218,7,3,4,0,0,5275,1424,66,0,0,0,0,6,90590599,3162234829,15989471,1,133144483,847145221,2486747,1353966666,2122607504,118245348,91327296,52413056,193543634,5055868,31797214,258185367,369575874,0,0,0,0
1004,113,9400793212,9390033596,10313362,50,365512,80662,30,2153686387,378293,101482777,196486510,509965491,444271929,170184776,574771065,156114906,223623548,4009470624,18464285,7,3,4,0,0,5275,1424,66,0,0,0,0,6,90556339,3162281541,15977368,1,133067209,847189083,2486917,1336486989,2126493585,121627846,102038646,52613567,193506962,5095550,31795464,368144602,318169071,0,0,0,0
1004,114,9400794942,9390014365,10333793,50,365431,81273,30,2152385526,392091,101480749,198366788,508115222,444274429,170138125,574581048,155009482,223727634,4009396377,18457838,7,3,4,0,0,5275,1424,66,0,0,0,0,6,90586951,3162250047,15971310,1,133140683,847146330,2486528,1336692834,2121441259,125799351,100907276,55185437,193547444,5053788,31799604,350433171,326871159,0,0,0,0
1004,115,9400793512,9390036046,10311962,40,364431,81003,30,2152780438,352272,101493178,197432364,509020136,444150833,170298970,574794874,155211679,223646060,4009352738,18599981,7,3,4,0,0,5275,1424,66,0,0,0,0,6,90558900,3162185286,16087322,1,133087160,847167452,2512659,1351445955,2120515115,120024445,92274907,51325649,193508672,5091690,31797324,374640810,335534517,0,0,0,0
1004,116,9400795092,9390033396,10314572,50,365661,81383,30,2151673935,390523,101445069,197845180,508656138,443940191,170479612,574587079,154305282,223736282,4009378219,18475499,7,3,4,0,0,5275,1424,66,0,0,0,0,6,90596621,3162236738,15981171,1,133139661,847141481,2494328,1364922489,2117246091,115890915,89864221,52657725,193545964,5053977,31802155,390272842,327508631,0,0,0,0
1004,117,9400793252,9390039766,10305412,60,367101,80873,40,2151249030,383804,101447807,198886273,507568387,444134484,170315608,574765735,153726654,223620708,4009446132,18488426,7,3,4,0,0,5275,1424,66,0,0,0,0,6,90557229,3162260109,15997559,1,133063479,847186023,2490867,1342221365,2119593426,117871913,107344951,55652519,193507372,5092560,31797014,416678344,325887211,0,0,0,0
1004,118,9400794952,9390032075,10311513,70,370162,81102,30,2152908802,406643,101483681,198459927,508045033,443982676,170428066,574589089,155496787,223707660,4009497504,18379365,7,3,4,0,0,5275,1424,66,0,0,0,0,6,90566899,3162331662,15909418,1,133140761,847165842,2469947,1358030721,2113699301,121296240,92035522,50948575,193547234,5053808,31804725,391783931,328338496,0,0,0,0
1004,119,9400793472,9390008835,10335193,40,368522,80842,40,2151404077,362594,101465638,198742346,507701602,444123654,170328980,574784304,153873617,223641631,4009384719,18557150,7,3,4,0,0,5275,1424,66,0,0,0,0,6,90556401,3162222377,16045812,1,133085230,847162342,2511338,1352642294,2113656312,123965775,94151155,50506912,193506662,5094390,31795804,404149826,329025643,0,0,0,0
1004,120,9400796462,9390022295,10322933,50,368552,82602,30,2148223603,387144,101469536,195200340,511273733,445424454,169006047,574601960,150821890,223659400,4009195022,18692116,7,3,4,0,0,5275,1424,66,0,0,0,0,6,90514928,3162136583,16119716,1,133144472,847058439,2572400,1349893698,2110715281,123263513,94704028,48041791,193542834,5058328,31794744,426996477,370988569,0,0,0,0
1004,121,9400793452,9390020655,10323123,70,368622,80952,30,2148399779,333702,101482707,195821968,510632311,444812622,169637141,574792866,150858594,223633239,4009347828,18596341,7,3,4,0,0,5275,1424,66,0,0,0,0,6,90546958,3162220888,16048132,1,133086281,847126940,2548209,1325648575,2120799729,124923332,114931219,46724624,193514873,5090679,31790864,409272246,359430752,0,0,0,0
1004,122,9400795272,9390020985,10324363,40,368902,80852,130,2148155825,396692,101440398,194908612,511580421,444957507,169487094,574577200,150774659,223675130,4009231433,18646005,7,3,4,0,0,5275,1424,66,0,0,0,0,6,90532558,3162165985,16081445,1,133142572,847065448,2564560,1331004504,2119675674,125460735,106184186,46092203,193545704,5054838,31795334,400882949,363793100,0,0,0,0
1004,123,9400793622,9390020675,10324683,50,367651,80523,40,2148567726,311712,101501578,195048672,511422078,445707381,168729661,574776425,151045798,223630090,4009252945,18695203,7,3,4,0,0,5275,1424,66,0,0,0,0,6,90538359,3162094664,16179815,1,133091731,847158281,2515388,1308309338,2123378365,124781157,122103367,51634571,193514353,5087319,31794394,381306956,370234682,0,0,0,0
1004,124,9400795452,9390016405,10328903,50,368671,81393,30,2147488531,382443,101430286,194519667,511967495,444921297,169514135,574604649,150119159,223696280,4009151842,18714546,7,3,4,0,0,5275,1424,66,0,0,0,0,6,90551628,3162115275,16119815,1,133144652,847036567,2594731,1335330614,2121874903,109839003,115322264,52062780,193547174,5054538,31794014,391747182,365020178,0,0,0,0
1004,125,9400793652,9390018935,10328883,50,364731,81013,40,2148460670,380214,101454775,194077775,512377377,445378362,169076231,574767395,150921983,223646908,4009333969,18603570,7,3,4,0,0,5275,1424,66,0,0,0,0,6,90556148,3162168947,16094312,1,133090760,847165022,2509258,1318190679,2119034820,119883414,119950063,50617090,193514643,5089279,31792334,393917214,358310580,0,0,0,0
1004,126,9400795312,9390044716,10300152,40,369112,81262,30,2148234896,349025,101487780,194441180,512049709,444932898,169483441,574603881,150839644,223695092,4009267534,18598072,7,3,4,0,0,5275,1424,66,0,0,0,0,6,90546459,3162141474,16100824,1,133148633,847126060,2497248,1305149357,2118500778,126444848,126249177,50942130,193550754,5049758,31794994,399639815,371551800,0,0,0,0
1004,127,9400793802,9390016225,10331393,40,365301,80813,30,2148475412,361064,101462766,195308683,511147148,445619160,168837524,574795733,150915404,223673210,4009205622,18707426,7,3,4,0,0,5275,1424,66,0,0,0,0,6,90582760,3162066911,16176027,1,133090450,847138711,2531399,1322556833,2121554881,118354582,121696074,51941187,193513923,5086839,31802784,404806356,396281094,0,0,0,0
1005,0,8937413531,8926371535,10580012,50,379922,81982,30,1993231120,455695,93153820,187651048,472209591,413672634,154986847,534016548,137071578,207421862,3898317146,15995132,6,3,4,0,1,4819,1324,61,0,0,0,0,5,75443503,2804917007,13365389,1,131978359,1093400139,2629743,1420778141,1924258922,115241151,110644890,52114555,191955123,5039858,31778348,269613954,324173438,0,0,0,0
1005,1,8937415231,8926379675,10574542,80,378812,82082,40,1994019326,536787,93073888,187119495,472703854,413156237,155548133,534248896,137604342,207410214,3898353437,15964279,6,3,4,0,1,4819,1324,61,0,0,0,0,5,75369322,2804902007,13425429,1,132040892,1093451430,2538850,1375105027,1918909369,113765362,148430678,52469299,191924852,5073360,31774716,285156165,297290571,0,0,0,0
1005,2,8937418161,8926385855,10569802,50,377402,85023,29,1993981661,524770,93086087,186054302,473803017,413075905,155589127,534014975,137814632,207439895,3898436089,15849195,6,3,4,0,1,4819,1324,61,0,0,0,0,5,75460025,2804875766,13385548,1,131979870,1093560323,2463647,1375712539,1925030910,114999243,145539163,52407703,191969213,5025898,31777008,269320087,300539252,0,0,0,0
1005,3,8937415571,8926383716,10572821,40,376752,82202,40,1993203139,445684,93168371,185820416,474007034,412955191,155728510,534288555,136758036,207422646,3898362115,15960549,6,3,4,0,1,4819,1324,61,0,0,0,0,5,75379694,2804915925,13415909,1,132042952,1093446190,2544640,1378401879,1922001084,108236403,151049335,52357956,191926502,5071879,31773137,327955630,300230379,0,0,0,0
1005,4,8937417752,8926385846,10568751,50,381162,81903,40,1994205789,543545,93081019,185167842,474692787,412865320,155797520,534026551,138015383,207413384,3898431576,15879601,6,3,4,0,1,4819,1324,61,0,0,0,0,5,75434905,2804960695,13324780,1,131978479,1093470881,2554821,1376282775,1922191806,116514180,143209658,52897385,191960923,5037859,31773806,318071872,299868976,0,0,0,0
1005,5,8937416821,8926374625,10579722,40,378842,83562,30,1994322160,519769,93102298,185530285,474295233,412836775,155870007,534261125,137876940,207434756,3898335434,15984181,6,3,4,0,1,4819,1324,61,0,0,0,0,5,75391424,2804901474,13428551,1,132043332,1093433960,2555630,1374242113,1922384546,117581148,145299622,53192341,191926172,5072520,31776517,339566258,297851419,0,0,0,0
1005,6,8937418982,8926444127,10512880,50,376312,85582,31,1995155749,454535,93174110,186089261,473780269,412899689,155742110,534040688,138957366,207413103,3898315453,15999212,6,3,4,0,1,4819,1324,61,0,0,0,0,5,75433723,2804891894,13398690,1,131979380,1093423559,2600522,1401894950,1918162481,111246705,131668801,55132847,191964283,5030018,31777137,312376656,303884556,0,0,0,0
1005,7,8937412981,8926373835,10577622,50,379542,81882,50,1993764733,445115,93170811,186002087,473824861,413169558,155544663,534242466,137336012,207422425,3898284643,16039574,6,3,4,0,1,4819,1324,61,0,0,0,0,5,75380833,2804895345,13439932,1,132041592,1093389298,2599642,1393307228,1920394584,114511982,131556140,53832716,191924452,5071609,31773437,323769917,296894253,0,0,0,0
1005,8,8937409342,8926375776,10571031,40,379782,82673,40,1990025520,430613,93182680,184177874,475674335,413523701,155154121,534025578,133834805,207400272,3898115109,16192237,6,3,4,0,1,4819,1324,61,0,0,0,0,5,75417052,2804684820,13599565,1,131983220,1093430289,2592672,1369218471,1919045092,112495505,148233247,49352351,191960203,5036458,31774477,341651459,329167570,0,0,0,0
1005,9,8937405971,8926376805,10570772,40,376752,81562,40,1990084402,467133,93164471,182955152,476853387,414002924,154710678,534261364,133638258,207402094,3898144680,16189676,6,3,4,0,1,4819,1324,61,0,0,0,0,5,75357962,2804773492,13568794,1,132044132,1093371188,2620882,1374978422,1924048450,110311493,147164600,52903776,191924962,5071759,31769087,334821242,329976084,0,0,0,0
1005,10,8937407041,8926370005,10577732,60,375112,84103,29,1990706368,486136,93140269,184327306,475521822,414079797,154597936,534030768,134501265,207401114,3898204899,16097694,6,3,4,0,1,4819,1324,61,0,0,0,0,5,75416924,2804769359,13508403,1,131984190,1093435540,2589291,1374000562,1924168708,115414178,139911267,48695627,191967614,5024087,31776487,331074265,330211466,0,0,0,0
1005,11,8937408732,8926379406,10567001,40,378492,83762,31,1990220604,447573,93185391,183880651,475937757,414172440,154533661,534262896,133772313,207423665,3898211321,16108973,6,3,4,0,1,4819,1324,61,0,0,0,0,5,75375673,2804729170,13606494,1,132047992,1093482151,2502479,1345205793,1925770750,112575759,163020037,53596345,191924422,5072540,31775237,347325114,338980623,0,0,0,0
1005,12,8937409811,8926378056,10568671,40,380172,82843,29,1989900822,471884,93155838,184797373,475037357,413683334,155015458,534032189,133687338,207414513,3898147708,16150308,6,3,4,0,1,4819,1324,61,0,0,0,0,5,75430793,2804714629,13560086,1,131983720,1093433079,2590222,1360068949,1922909545,116266191,148525956,51315244,191963323,5032459,31771666,325710006,331317933,0,0,0,0
1005,13,8937408312,8926379366,10568061,50,378162,82642,31,1990209854,527128,93107495,183232566,476583305,413879130,154847561,534245124,133761624,207439535,3898172629,16146766,6,3,4,0,1,4819,1324,61,0,0,0,0,5,75397343,2804750650,13575365,1,132042192,1093421979,2571401,1340859075,1921605302,114131180,170848701,55168530,191927392,5068589,31779037,303877322,343839974,0,0,0,0
1005,14,8937409711,8926371285,10576772,40,378262,83312,40,1989950037,436292,93193534,184639668,475210450,413320093,155349478,534039149,133736442,207387373,3898138269,16175636,6,3,4,0,1,4819,1324,61,0,0,0,0,5,75406593,2804713240,13576844,1,131980780,1093425029,2598792,1370502777,1920354742,115806177,145305433,51202568,191972103,5021298,31776148,328488986,349492829,0,0,0,0
1005,15,8937405801,8926374695,10571442,50,377122,82462,30,1989913935,514575,93116230,182634874,477179984,414001103,154720248,534238903,133481256,207407315,3898125988,16204236,6,3,4,0,1,4819,1324,61,0,0,0,0,5,75361993,2804719589,13622465,1,132045322,1093406399,2581771,1338841802,1924060644,114387706,171320331,54238880,191924442,5071890,31770286,360010118,366069008,0,0,0,0
1005,16,8937408291,8926376935,10570322,40,379342,81622,30,1995270688,488277,93126436,186395471,473471389,412179237,156468714,533997407,139123410,207437495,3898321505,15972430,6,3,4,0,1,4819,1324,61,0,0,0,0,5,75438294,2804896166,13378288,1,131999201,1093425339,2594142,1381129974,1925408776,114703489,140686633,54701521,191947773,5050809,31774526,325823754,301567287,0,0,0,0
1005,17,8937405601,8926408747,10537220,80,377702,81822,30,1993568968,509505,93103799,187061264,472764455,412408214,156306928,534237084,137158578,207450795,3898356445,15948539,6,3,4,0,1,4819,1324,61,0,0,0,0,5,75398193,2804917845,13397679,1,132052602,1093438600,2550860,1369944393,1924323831,116059714,145491642,54792519,191926532,5075040,31773506,320100644,283119162,0,0,0,0
1005,18,8937414941,8926383106,10569931,40,378742,83092,30,1994205193,514334,93092617,185714832,474148350,412327443,156330267,533999595,138059731,207440153,3898287025,16010521,6,3,4,0,1,4819,1324,61,0,0,0,0,5,75436322,2804888267,13387478,1,132003831,1093398758,2623043,1401404836,1919593378,115863012,122068173,51282197,191960333,5036988,31776617,312549673,274226154,0,0,0,0
1005,19,8937413031,8926416586,10538031,40,376362,81982,30,1993171054,463513,93151149,186446214,473382487,412721653,155966448,534265975,136751596,207451454,3898372557,15934318,6,3,4,0,1,4819,1324,61,0,0,0,0,5,75394102,2804940827,13380678,1,132057352,1093431730,2553640,1374138139,1923015839,114097499,149261734,56366110,191926262,5075100,31773427,345536922,276716611,0,0,0,0
1005,20,8937408611,8926369485,10577422,50,379272,82352,30,1994459816,550618,93057306,185853465,474022996,412267269,156391391,533999166,138301866,207437942,3898460139,15828597,6,3,4,0,1,4819,1324,61,0,0,0,0,5,75437622,2804901086,13367499,1,132000320,1093559053,2461098,1376739160,1920036126,113854161,146264644,54604412,191948113,5049409,31775736,335584178,276549431,0,0,0,0
1005,21,8937403941,8926367205,10577022,50,377462,82162,40,1992870806,517198,93098006,186030490,473797320,412510487,156194635,534238343,136466096,207480005,3898341036,15951158,6,3,4,0,1,4819,1324,61,0,0,0,0,5,75419753,2804902246,13405578,1,132060252,1093438790,2545580,1374003945,1921468671,117876893,144869520,53641810,191924692,5075580,31773026,362500943,277357658,0,0,0,0
1005,22,8937412841,8926373285,10577432,80,377872,84143,29,1993828756,440655,93180831,186621667,473248095,412167374,156467165,534041887,137643483,207425685,3898388627,15924068,6,3,4,0,1,4819,1324,61,0,0,0,0,5,75421624,2804918206,13374168,1,132004061,1093470421,2549900,1379700277,1917708182,111839832,150572233,55407713,191966703,5027969,31780306,328474682,272074857,0,0,0,0
1005,23,8937413681,8926375375,10576462,50,379432,82332,30,1995408153,487097,93124756,186612069,473218931,412496038,156206953,534249184,138994126,207459785,3898342114,15956221,6,3,4,0,1,4819,1324,61,0,0,0,0,5,75405893,2804980517,13329288,1,132053892,1093361597,2626933,1400276467,1918013629,113552871,130340448,52368925,191924322,5072550,31775937,372334478,271925243,0,0,0,0
1005,24,8937406831,8926366275,10580902,50,376662,82912,30,1991570847,456224,93145689,183786441,476075247,414099359,154547552,534024557,135416438,207421364,3898272053,16044632,6,3,4,0,1,4819,1324,61,0,0,0,0,5,75419323,2804798642,13495992,1,132002041,1093473411,2548640,1353991710,1922514661,114437610,162342691,53737064,191949363,5040838,31783537,343892292,307045773,0,0,0,0
1005,25,8937405121,8926368505,10576822,50,377932,81782,30,1989754750,447492,93173132,183773017,476052041,413931362,154752857,534274468,133329298,207432555,3898249432,16070543,6,3,4,0,1,4819,1324,61,0,0,0,0,5,75387203,2804827093,13501782,1,132045352,1093422339,2568761,1348397413,1923923318,118791431,158973285,51326911,191924152,5076570,31774387,332663688,300622146,0,0,0,0
1005,26,8937407052,8926362875,10585072,50,375192,83832,31,1989961017,487265,93126198,184922003,474936505,413207203,155450359,534021067,133787962,207422725,3898241380,16055085,6,3,4,0,1,4819,1324,61,0,0,0,0,5,75421994,2804799850,13474264,1,132000731,1093441530,2580821,1360130999,1925327903,119692128,142420820,49071781,191956273,5035238,31782538,343525942,307617853,0,0,0,0
1005,27,8937405401,8926365415,10580472,40,377722,81632,120,1990033376,491427,93121286,184791804,475035477,413182207,155501982,534262187,133626677,207468526,3898231371,16067084,6,3,4,0,1,4819,1324,61,0,0,0,0,5,75419654,2804812112,13499543,1,132048872,1093419259,2567541,1368864473,1924743075,115913630,141372107,50616672,191923872,5078920,31771937,364809789,316514768,0,0,0,0
1005,28,8937405922,8926362945,10580202,50,380282,82392,51,1990040537,532837,93096525,183875364,475979717,414172661,154494211,534013136,133851786,207399504,3898253341,16067884,6,3,4,0,1,4819,1324,61,0,0,0,0,5,75401143,2804797401,13503803,1,131998361,1093455940,2564081,1371702225,1922881576,114327462,141793500,53714866,191948153,5047048,31778548,338602832,309261618,0,0,0,0
1005,29,8937405101,8926363495,10581702,60,378172,81642,30,1990174611,458705,93148278,182998316,476827774,413765658,154928592,534254566,133773643,207444395,3898297483,16033212,6,3,4,0,1,4819,1324,61,0,0,0,0,5,75400043,2804872494,13464901,1,132044352,1093424989,2568311,1341367009,1919593224,114075033,165826012,56577093,191922682,5070089,31781157,331367257,315503563,0,0,0,0
1005,30,8937407011,8926363855,10583902,50,375342,83822,40,1989950325,495716,93133788,184462302,475383585,413554512,155105770,534023356,133765065,207416565,3898281631,16026173,6,3,4,0,1,4819,1324,61,0,0,0,0,5,75416654,2804804010,13482753,1,131999911,1093477621,2543420,1337879609,1920074041,121761755,168454632,59340976,191971414,5025858,31778437,337661235,320157567,0,0,0,0
1005,31,8937405011,8926366295,10581152,50,375572,81902,40,1990072067,483794,93124770,184412777,475415941,414056356,154636764,534262085,133663769,207446254,3898210402,16110504,6,3,4,0,1,4819,1324,61,0,0,0,0,5,75396322,2804808803,13526373,1,132049932,1093401599,2584131,1336456946,1926570744,116537958,168743023,54319392,191922392,5070899,31779948,369350940,334263656,0,0,0,0
1005,32,8937414881,8926427227,10524580,40,380842,82152,40,1994569951,423364,93189179,186545717,473309274,413056464,155596594,533995067,138425670,207399642,3898306023,15995304,6,3,4,0,1,4819,1324,61,0,0,0,0,5,75410292,2804817452,13459974,1,131989350,1093488571,2535330,1402927023,1924875706,111624036,128609876,51826648,191958513,5036898,31773948,326368278,305844268,0,0,0,0
1005,33,8937413701,8926430877,10521460,50,379122,82162,30,1993561519,537839,93071425,186026568,473805510,412741355,155952177,534263135,137136498,207427885,3898271663,16044722,6,3,4,0,1,4819,1324,61,0,0,0,0,5,75380923,2804832383,13492662,1,132046962,1093439280,2552060,1400397244,1924304748,112109621,128302620,50370506,191922132,5072169,31775648,360431885,278931655,0,0,0,0
1005,34,8937415951,8926465138,10490269,50,376332,84132,30,1994672742,477856,93148230,186106720,473742087,412463107,156201113,534008356,138499983,207428665,3898342865,15959130,6,3,4,0,1,4819,1324,61,0,0,0,0,5,75437184,2804846514,13429140,1,131991481,1093496351,2529990,1378827872,1923747974,117347335,143614331,52953570,191959373,5034608,31775437,348099380,269644665,0,0,0,0
1005,35,8937414001,8926430497,10522060,50,379412,81952,30,1993970429,423473,93196998,185980573,473848418,413135400,155554472,534282606,137520928,207424235,3898294363,16028002,6,3,4,0,1,4819,1324,61,0,0,0,0,5,75372833,2804858143,13477022,1,132051402,1093436220,2550980,1407559449,1924306308,109994386,133278566,53881087,191922122,5075430,31766676,363259265,265246438,0,0,0,0
1005,36,8937415721,8926425027,10527590,40,379852,83172,40,1994529290,548098,93071915,185632549,474222461,412224367,156477815,533981779,138343933,207416303,3898288074,16020943,6,3,4,0,1,4819,1324,61,0,0,0,0,5,75428803,2804797283,13487573,1,131987500,1093490791,2533370,1412236128,1915207066,114770843,122724207,52220274,191957293,5038678,31776557,342502323,276794104,0,0,0,0
1005,37,8937413961,8926384946,10567871,40,379052,82022,30,1994241079,453006,93169650,186033229,475691207,411466765,155334239,534260925,137804358,207446146,3898283724,16029350,6,3,4,0,1,4819,1324,61,0,0,0,0,5,75397624,2804846074,13476420,1,132048522,1093437650,2552930,1409975828,1922844855,116764827,119438941,50834592,191921582,5072249,31787238,358927914,273824631,0,0,0,0
1005,38,8937415741,8926384575,10567352,50,380392,83332,40,1994809288,495567,93103165,186962029,472912884,412142054,156512195,534027230,138627373,207431425,3898311423,15991001,6,3,4,0,1,4819,1324,61,0,0,0,0,5,75441204,2804815702,13462632,1,131990221,1093495721,2528369,1371207453,1922304674,114815787,153277493,53767873,191960493,5037858,31774897,357429337,276707713,0,0,0,0
1005,39,8937412021,8926426817,10527980,50,375252,81892,30,1992551918,450714,93160970,185448204,474382626,412290871,156435461,534231314,136122517,207435455,3898259873,16052282,6,3,4,0,1,4819,1324,61,0,0,0,0,5,75386373,2804822353,13499732,1,132049082,1093437520,2552550,1380646695,1916977901,114755599,150192150,53520633,191920712,5073899,31774008,390056146,279370497,0,0,0,0
1005,40,8937408762,8926358275,10589052,40,378282,83082,31,1990430251,393121,93231671,183582537,476248981,413820431,154844923,534014317,134264397,207411253,3898288094,16013760,6,3,4,0,1,4819,1324,61,0,0,0,0,5,75413823,2804844954,13437110,1,131997430,1093443140,2576650,1360134436,1923534912,122451294,148859640,58490562,191958473,5034988,31779137,394336287,309914177,0,0,0,0
1005,41,8937405641,8926358425,10586392,60,379982,80752,30,1990117040,476998,93136515,183679798,476124741,413937023,154778169,534254085,133689509,207411675,3898183580,16144885,6,3,4,0,1,4819,1324,61,0,0,0,0,5,75372363,2804796572,13540763,1,132039312,1093387008,2604122,1372656020,1920638838,116312987,146452610,50608443,191921202,5069649,31778237,394424198,313169003,0,0,0,0
1005,42,8937406861,8926446798,10500589,50,375422,83962,40,1990160569,444462,93185270,183471891,476371198,414177002,154490450,534004916,133977589,207408433,3898313734,15991482,6,3,4,0,1,4819,1324,61,0,0,0,0,5,75409713,2804798072,13484563,1,131998720,1093515662,2506919,1371793003,1925155311,115496834,142334671,53118217,191968624,5024827,31779188,380404254,311561302,0,0,0,0
1005,43,8937404441,8926444498,10500899,40,377302,81672,30,1990483121,403264,93210530,183841902,475962946,413101665,155614178,534235434,134080800,207431785,3898192641,16125115,6,3,4,0,1,4819,1324,61,0,0,0,0,5,75384793,2804783342,13551304,1,132046992,1093409299,2573811,1345913287,1925282403,118055534,163364418,54521536,191924412,5070040,31777586,373752506,318790559,0,0,0,0
1005,44,8937408951,8926444388,10501009,50,379492,83972,40,1989867332,446162,93175352,182684607,477145660,413488919,155203964,534014538,133672158,207417903,3898190860,16101825,6,3,4,0,1,4819,1324,61,0,0,0,0,5,75424753,2804735300,13534344,1,131993150,1093455560,2567481,1345738733,1917964364,120517239,165441938,52406704,191961273,5030628,31779157,364226580,321391326,0,0,0,0
1005,45,8937406101,8926357085,10590902,50,375932,82092,40,1990255217,425725,93181178,184561093,475248355,413462536,155265145,534224984,133852397,207421494,3898165541,16145884,6,3,4,0,1,4819,1324,61,0,0,0,0,5,75381142,2804746842,13574383,1,132040352,1093418699,2571501,1337662510,1924295628,119007662,169058398,52243097,191924152,5068469,31783578,370959529,324563446,0,0,0,0
1005,46,8937408631,8926361085,10586502,50,377002,83952,40,1990160113,443484,93184772,183293123,476526992,414056418,154624406,534018246,133975569,207403424,3898297833,16007762,6,3,4,0,1,4819,1324,61,0,0,0,0,5,75410614,2804839253,13442401,1,131992810,1093458580,2565361,1337325155,1921497281,123750477,169193103,55899494,191974944,5019968,31777677,355793901,322943327,0,0,0,0
1005,47,8937404521,8926357765,10588622,50,376252,81802,30,1990724748,473113,93134270,183771138,476039750,414187680,154568913,534206045,134313288,207433684,3898207822,16117694,6,3,4,0,1,4819,1324,61,0,0,0,0,5,75392542,2804796853,13538413,1,132041142,1093410969,2579281,1351634405,1927368335,114717728,161377151,54136783,191921492,5072200,31776326,399124061,334034650,0,0,0,0
1005,48,8937408341,8926369995,10576412,50,379842,82012,30,1994748317,439276,93148538,185801203,474069135,412503256,156146446,533987155,138630585,207419214,3898333544,15976300,6,3,4,0,1,4819,1324,61,0,0,0,0,5,75418823,2804888444,13393549,1,132000391,1093445100,2582751,1390568203,1925797261,114023591,132908737,49562595,191946723,5049718,31775248,391399641,311358477,0,0,0,0
1005,49,8937405211,8926365505,10578172,50,379492,81962,30,1994896221,481585,93132258,186398713,473422626,412818445,155894907,534227645,138494967,207448385,3898456200,15861155,6,3,4,0,1,4819,1324,61,0,0,0,0,5,75398393,2805007470,13316095,1,132049992,1093448730,2545060,1388427165,1921784427,113614152,143784242,52525626,191924432,5073339,31772328,402489423,287336282,0,0,0,0
1005,50,8937416361,8926378405,10574972,40,378702,84213,29,1994867298,429004,93178329,185851285,474011124,412274281,156388020,533982377,138731049,207419005,3898337503,15947021,6,3,4,0,1,4819,1324,61,0,0,0,0,5,75423604,2804889533,13371410,1,131995401,1093447970,2575611,1410166164,1925564191,109882633,124514641,50548753,191952003,5043938,31771837,394363062,270648346,0,0,0,0
1005,51,8937414371,8926420177,10533170,50,378822,82122,30,1994043503,422750,93178583,187290427,472529000,412419057,156276435,534251623,137646934,207455346,3898341386,15967508,6,3,4,0,1,4819,1324,61,0,0,0,0,5,75400434,2804921247,13397857,1,132054912,1093420139,2569651,1198687458,1928235962,98561332,288665386,51569455,191923542,5071899,31777888,417155023,353012568,0,0,0,0
1005,52,8937407912,8926366355,10577612,50,382442,81413,40,1993920070,481924,93107978,185912687,473971943,412462036,156173785,534015547,137775327,207426623,3898365866,15915189,6,3,4,0,1,4819,1324,61,0,0,0,0,5,75429413,2804901006,13357068,1,131997210,1093464860,2558121,1441569038,1922644042,105620273,107952264,53505332,191946893,5048488,31776577,375890247,264494880,0,0,0,0
1005,53,8937403481,8926413587,10527710,50,379972,82132,30,1994114996,493646,93109441,186682216,473139360,412712723,156002309,534220115,137728515,207459224,3898321487,15968838,6,3,4,0,1,4819,1324,61,0,0,0,0,5,75403402,2804912438,13392477,1,132055822,1093409049,2576361,1429662697,1918638983,112748240,114625100,54838133,191923542,5071689,31777668,394799477,263972500,0,0,0,0
1005,54,8937412552,8926374355,10574682,50,378942,84492,31,1994303832,430964,93167968,186410482,473476200,412271969,156363389,534022051,138139195,207404275,3898342884,15957539,6,3,4,0,1,4819,1324,61,0,0,0,0,5,75407294,2804896264,13383229,1,131996981,1093446620,2574310,1377065493,1920039063,117048981,148347079,51954598,191951833,5045338,31771717,377384580,281154612,0,0,0,0
1005,55,8937413631,8926425527,10525640,60,379862,82432,110,1994616389,484408,93150727,185095992,474726296,412644203,156053579,534251156,138187349,207461246,3898306443,16001291,6,3,4,0,1,4819,1324,61,0,0,0,0,5,75408994,2804904294,13412070,1,132052252,1093402149,2589221,1393627716,1918599659,115301338,133928809,53589427,191923912,5073160,31776066,392329305,284421505,0,0,0,0
1005,56,8937405042,8926344715,10599102,50,378912,82223,40,1989959003,424212,93196521,183588333,476252345,414211372,154456021,533997385,133802275,207432326,3898214261,16101393,6,3,4,0,1,4819,1324,61,0,0,0,0,5,75426085,2804686348,13604215,1,132006241,1093527913,2497178,1385009122,1919180699,113919643,136187202,51049208,191948943,5045528,31775248,399387366,306923771,0,0,0,0
1005,57,8937403591,8926347575,10595222,50,378422,82292,30,1990330856,450093,93140268,184297339,475546523,414005022,154699469,534240774,133923396,207432275,3898308874,16012891,6,3,4,0,1,4819,1324,61,0,0,0,0,5,75384833,2804891775,13434770,1,132047442,1093417099,2578121,1378958569,1926054712,116866351,136181526,48588946,191925712,5069079,31776537,411319205,301219258,0,0,0,0
1005,58,8937406161,8926346035,10598772,50,377412,83863,29,1990050558,414843,93164929,183437731,476423469,414014556,154658175,534008187,133901597,207431374,3898191942,16109313,6,3,4,0,1,4819,1324,61,0,0,0,0,5,75428963,2804720881,13557413,1,132002411,1093471061,2551900,1348648886,1925221451,115416419,166581722,53818764,191955223,5040888,31770777,404307092,305447316,0,0,0,0
1005,59,8937403591,8926394416,10549271,40,378752,81072,40,1990136909,437233,93158110,183948633,475886377,413728074,154970327,534235745,133736460,207460476,3898157730,16152375,6,3,4,0,1,4819,1324,61,0,0,0,0,5,75406774,2804771372,13551783,1,132053702,1093386358,2600592,1372800654,1925705539,117051485,140033897,55289905,191925032,5069089,31773547,396511229,308029024,0,0,0,0
1005,60,8937405381,8926344645,10598992,50,378512,83153,29,1990188609,483136,93115806,184259786,475607624,413938712,154728759,534026899,133996978,207431863,3898173711,16139915,6,3,4,0,1,4819,1324,61,0,0,0,0,5,75432243,2804721631,13568824,1,131999620,1093452080,2571091,1376969448,1923774859,112673008,141526847,54158455,191951353,5047099,31772777,277674018,303060120,0,0,0,0
1005,61,8937404811,8926394726,10549101,50,377762,83142,30,1990555873,454395,93132857,182778579,477072512,414324235,154370687,534242062,134152247,207460584,3898098999,16209297,6,3,4,0,1,4819,1324,61,0,0,0,0,5,75414642,2804705201,13611135,1,132045942,1093393798,2598162,1374526024,1923747431,115687385,136549619,51354900,191923942,5071270,31781447,406979820,308799048,0,0,0,0
1005,62,8937405841,8926390936,10552941,40,378222,83673,29,1990119008,436976,93170008,183973006,475883194,413885830,154787700,534011269,133943817,207443123,3898168920,16127636,6,3,4,0,1,4819,1324,61,0,0,0,0,5,75442453,2804715140,13555325,1,132000670,1093453780,2572311,1373300782,1921188673,116759709,142143105,52264088,191971713,5025629,31776177,374838496,309352658,0,0,0,0
1005,63,8937404261,8926392306,10551461,70,377672,82722,30,1990185210,457445,93127169,185386856,474459002,414390077,154319524,534232406,133785180,207464835,3898114379,16199865,6,3,4,0,1,4819,1324,61,0,0,0,0,5,75411103,2804728441,13598913,1,132053732,1093385938,2600952,1369910136,1925356039,115154761,140016160,55066693,191924182,5070670,31777486,400148586,332958340,0,0,0,0
1005,64,8937407891,8926385706,10561281,40,378562,82273,29,1995583621,275258,93224271,186126374,473729303,412373815,156277977,534059191,139483300,207394183,3898352565,15944389,6,3,4,0,1,4819,1324,61,0,0,0,0,5,75419093,2804926766,13335547,1,131975090,1093425799,2608842,1369975750,1927672098,115792926,145526998,53596423,191952723,5042838,31788208,322460960,312576960,0,0,0,0
1005,65,8937414861,8926380805,10574192,50,377652,82132,30,1994045651,367061,93190040,185279667,474528400,412417025,156283428,534288826,137654091,207404014,3898291873,16025621,6,3,4,0,1,4819,1324,61,0,0,0,0,5,75377993,2804941086,13379318,1,132026021,1093350787,2646303,1392598372,1917463827,111663540,146197334,54345934,191921102,5077600,31772417,380570908,287209606,0,0,0,0
1005,66,8937417912,8926373445,10582652,50,376702,85032,31,1995905732,338242,93174449,187645400,472226929,412618032,156042329,534043600,139779339,207417506,3898360885,15911847,6,3,4,0,1,4819,1324,61,0,0,0,0,5,75445696,2804894735,13347526,1,131971810,1093466150,2564321,1407384019,1922786242,115162972,117559965,48707125,191967533,5027958,31775688,337272963,275562480,0,0,0,0
1005,67,8937415431,8926368035,10586622,70,377992,82582,130,1993635559,331008,93217512,187576697,472238481,412313542,156384269,534279467,137264350,207407345,3898295344,16028852,6,3,4,0,1,4819,1324,61,0,0,0,0,5,75380134,2804910306,13418920,1,132027211,1093385038,2609932,1160789891,1933804566,100357490,305752988,53612313,191921262,5078010,31771436,357696981,367248460,0,0,0,0
1005,68,8937414381,8926398146,10551861,50,382362,81922,40,1994758504,346260,93167450,186668658,473200560,412373405,156293057,534045650,138629654,207379892,3898440308,15871026,6,3,4,0,1,4819,1324,61,0,0,0,0,5,75409062,2804901096,13379347,1,131970830,1093539212,2491679,1421411804,1922125288,112986111,115363830,49951994,191957893,5039298,31774097,332763094,254867939,0,0,0,0
1005,69,8937384390,8926345284,10575722,40,379482,83832,30,1995357074,362520,93205602,185316897,474480911,412605968,156115564,534260665,138979916,207412023,3898401268,15915629,6,3,4,0,1,4819,1324,61,0,0,0,0,5,75380142,2804921277,13401090,1,132031881,1093479991,2514539,1429111940,1918622799,112446202,112462062,54603952,191921132,5078880,31777467,368511301,269068095,0,0,0,0
1005,70,8937417111,8926378975,10576462,50,375592,86003,29,1996142499,356369,93215333,187452871,472420237,412296313,156352208,534055619,139960427,207375171,3898358777,15955040,6,3,4,0,1,4819,1324,61,0,0,0,0,5,75400912,2804904456,13384169,1,131974259,1093454321,2570871,1381121992,1918041948,120024004,139520712,52151925,191965403,5030718,31775588,342773053,285420120,0,0,0,0
1005,71,8937412521,8926378385,10572662,50,379932,81462,30,1993054471,310830,93246000,185369170,474425899,412360383,156380519,534245396,136692023,207418874,3898375397,15945379,6,3,4,0,1,4819,1324,61,0,0,0,0,5,75390093,2804945537,13379979,1,132028781,1093429860,2565400,1378460307,1918694854,118560213,143797630,54311465,191919552,5079900,31769506,344364982,279052641,0,0,0,0
1005,72,8937407072,8926359695,10583372,110,381652,82212,31,1990173902,269267,93219982,183873173,475992175,414134870,154524460,534069670,134049404,207409174,3898191811,16079664,6,3,4,0,1,4819,1324,61,0,0,0,0,5,75432164,2804763012,13483192,1,131977010,1093428799,2596472,1368447647,1912707834,120619774,149047378,51693070,191959213,5038078,31772228,388021368,306324367,0,0,0,0
1005,73,8937396991,8926354015,10583152,50,377942,81802,30,1990107952,330920,93209190,184201975,475624513,413798199,154894343,534298037,133717041,207382893,3898268063,16076992,6,3,4,0,1,4819,1324,61,0,0,0,0,5,75354612,2804836533,13510972,1,132028281,1093431530,2566020,1372803084,1917528283,116195983,148417030,50796631,191919392,5085930,31760066,383007938,294197788,0,0,0,0
1005,74,8937404281,8926361155,10584462,50,374462,84112,40,1989473876,319961,93198749,182861591,476989718,414150516,154514206,534060019,133338796,207408434,3898256442,16018212,6,3,4,0,1,4819,1324,61,0,0,0,0,5,75431004,2804831073,13413290,1,131977430,1093425369,2604922,1381343721,1926955523,117624578,128651647,48032145,191970283,5020988,31774557,370929576,298018795,0,0,0,0
1005,75,8937406052,8926381546,10563181,50,377282,83962,31,1990091836,284817,93227432,183303695,476510533,414067936,154649506,534280056,133740591,207432945,3898180370,16112344,6,3,4,0,1,4819,1324,61,0,0,0,0,5,75393324,2804790961,13514613,1,132039621,1093389409,2597731,1398860336,1922793136,120363307,125398289,52549983,191919132,5084330,31784497,371371776,313241973,0,0,0,0
1005,76,8937409771,8926384246,10560841,90,381842,82723,29,1990313894,308799,93212671,183434858,476401991,414145489,154563153,534038328,134175005,207401293,3898344085,15937461,6,3,4,0,1,4819,1324,61,0,0,0,0,5,75423773,2804783812,13472963,1,131977520,1093560273,2464498,1346449969,1922972101,116674126,151845396,58614385,191966784,5036878,31766766,361371602,309333102,0,0,0,0
1005,77,8937406991,8926358965,10583432,40,381982,82532,40,1990398539,321651,93210549,183842512,475953066,413629311,155104000,534266696,134031933,207404174,3898226222,16093584,6,3,4,0,1,4819,1324,61,0,0,0,0,5,75375853,2804835384,13486672,1,132028321,1093390838,2606912,1372460265,1925844109,117522958,135235747,53814855,191920562,5075510,31776857,359740098,313979115,0,0,0,0
1005,78,8937409832,8926390436,10557881,40,378132,83312,31,1990193123,294249,93231512,184533712,475319127,413965484,154690735,534063812,134049809,207366282,3898192760,16118066,6,3,4,0,1,4819,1324,61,0,0,0,0,5,75388382,2804771921,13513434,1,131977900,1093420839,2604632,1358157513,1925980447,113327759,149240512,55679770,191974244,5029148,31768577,359393653,315089633,0,0,0,0
1005,79,8937400490,8926378365,10558991,50,380522,82532,30,1989698837,335517,93202652,184103230,475696818,414025374,154696040,534276383,133317297,207389714,3898255822,16073165,6,3,4,0,1,4819,1324,61,0,0,0,0,5,75368723,2804841723,13493244,1,132020991,1093414099,2579921,1349367627,1923631128,118732453,157015095,54241301,191919452,5077949,31769837,358926888,337612496,0,0,0,0
1005,80,8937408441,8926366845,10581032,50,379002,81472,40,1995821660,353570,93206651,187264410,472608410,412312423,156326016,534025946,139699100,207428813,3898385577,15918027,6,3,4,0,1,4819,1324,61,0,0,0,0,5,75449404,2804903435,13372957,1,131979409,1093482142,2545070,1388096599,1926021207,119575876,125584054,51477402,191946163,5050488,31775488,427369184,307759680,0,0,0,0
1005,81,8937405281,8926379336,10564861,50,379132,81872,30,1993018420,371452,93188340,186461936,473369775,412375482,156311140,534279413,136634034,207444285,3898303514,16014091,6,3,4,0,1,4819,1324,61,0,0,0,0,5,75389033,2804859224,13465181,1,132055252,1093444290,2548910,1392642602,1921091252,116497083,131262935,51928299,191917672,5083100,31772617,426906381,281249327,0,0,0,0
1005,82,8937414381,8926392816,10561591,50,377312,82572,40,1995126215,368061,93172221,186310209,473573650,412698914,155936777,534037628,139003327,207443845,3898352236,15945149,6,3,4,0,1,4819,1324,61,0,0,0,0,5,75454166,2804863024,13405549,1,131989679,1093489212,2539600,1386914329,1926865749,113473950,134508478,52817513,191958333,5037458,31777048,418569539,268316101,0,0,0,0
1005,83,8937412451,8926365445,10590602,40,374392,81942,30,1995621941,340629,93199731,186721423,473116575,412455445,156220036,534298007,139242912,207438754,3898346685,15969649,6,3,4,0,1,4819,1324,61,0,0,0,0,5,75377462,2804929896,13398298,1,132061292,1093416789,2571351,1413731737,1921897043,115442958,117167832,52666592,191921062,5080320,31771786,443168026,267462021,0,0,0,0
1005,84,8937408532,8926368105,10576452,50,381562,82332,31,1994435306,399674,93147031,186418589,473466057,412471860,156155892,534044686,138311717,207430614,3898431639,15873277,6,3,4,0,1,4819,1324,61,0,0,0,0,5,75442425,2804960907,13316077,1,131988189,1093470732,2557200,1405444122,1923314632,115576188,119657906,52256084,191947233,5048008,31777137,418143239,266335827,0,0,0,0
1005,85,8937401991,8926377896,10564131,40,377942,81952,30,1993536528,401854,93167598,186525287,473313004,412797556,155903006,534256973,137142067,207470025,3898390066,15913078,6,3,4,0,1,4819,1324,61,0,0,0,0,5,75407363,2804941036,13374098,1,132062662,1093449030,2538980,1398379202,1923986822,113571564,122391056,53730587,191917062,5082260,31773067,436742493,269699828,0,0,0,0
1005,86,8937412631,8926365665,10583602,50,378522,84763,29,1993318647,334362,93211232,186316708,473574340,412339653,156266196,534079562,137163676,207432514,3898477809,15836336,6,3,4,0,1,4819,1324,61,0,0,0,0,5,75442204,2804973527,13313826,1,131990310,1093504282,2522510,1370492701,1920382789,112378511,153087412,52875794,191959583,5036428,31777388,423559934,276255326,0,0,0,0
1005,87,8937412891,8926387836,10562621,50,380092,82262,30,1995331685,359448,93193050,186241867,473595924,412322741,156350029,534280896,138961613,207451146,3898274251,16034092,6,3,4,0,1,4819,1324,61,0,0,0,0,5,75394174,2804815511,13499312,1,132056972,1093458740,2534780,1371754775,1919449461,116002135,152230405,52975446,191919952,5075050,31777186,447884190,271473107,0,0,0,0
1005,88,8937406971,8926404337,10543970,50,375832,82753,29,1989873625,327440,93205872,184111680,475770190,413956652,154678097,534046849,133745491,207426194,3898125487,16190279,6,3,4,0,1,4819,1324,61,0,0,0,0,5,75433734,2804695488,13594537,1,131992460,1093429999,2595742,1345101305,1918138331,120691675,166332759,51439971,191948483,5043469,31780257,447581512,293940178,0,0,0,0
1005,89,8937405991,8926355455,10592832,60,375962,81642,40,1989823449,373869,93203342,183244492,476598347,413856228,154809842,534303957,133391299,207427784,3898199232,16130074,6,3,4,0,1,4819,1324,61,0,0,0,0,5,75374262,2804754002,13580864,1,132053522,1093445230,2549210,1358556565,1921925813,119160821,148329812,56165722,191919332,5082150,31772417,413872668,302661814,0,0,0,0
1005,90,8937407481,8926356925,10591702,50,374382,84393,29,1990081449,367922,93185881,184456128,475418521,413140449,155497411,534051897,133927369,207415724,3898173750,16124414,6,3,4,0,1,4819,1324,61,0,0,0,0,5,75446294,2804768561,13504312,1,131969430,1093405189,2620102,1369981322,1924566636,117868691,138674050,49586312,191957113,5034939,31780986,422468185,303529999,0,0,0,0
1005,91,8937406451,8926357875,10589012,40,378212,81282,30,1990603642,378015,93199948,183542422,476293587,414090637,154588084,534287687,134193506,207459766,3898206599,16102144,6,3,4,0,1,4819,1324,61,0,0,0,0,5,75400414,2804816761,13501962,1,132059352,1093389838,2600182,1356159760,1925505281,116221197,143068683,53487015,191921362,5077310,31775177,428785054,312807866,0,0,0,0
1005,92,8937405912,8926374375,10567302,50,382192,81962,31,1991342460,389693,93176230,184238066,475637364,413714464,154920126,534059801,135177035,207414284,3898232332,16088574,6,3,4,0,1,4819,1324,61,0,0,0,0,5,75428534,2804767491,13531284,1,131985750,1093464841,2557290,1334725948,1922750138,121924078,167515076,52432189,191947733,5048379,31777097,407171392,313392276,0,0,0,0
1005,93,8937405061,8926354725,10589012,50,379922,81322,30,1990028747,349881,93194619,183621355,476216965,413526868,155160363,534287156,133643238,207440624,3898280983,16052292,6,3,4,0,1,4819,1324,61,0,0,0,0,5,75387272,2804872714,13464501,1,132053352,1093408269,2587791,1359635974,1924686080,116273050,145821762,51613486,191919322,5075960,31777806,387877221,318509238,0,0,0,0
1005,94,8937405252,8926400536,10545501,50,375622,83503,40,1990421990,371341,93208333,183633334,476232714,413704337,154925093,534061309,134261050,207425644,3898179162,16130543,6,3,4,0,1,4819,1324,61,0,0,0,0,5,75436594,2804713281,13573703,1,131989050,1093465881,2556840,1321614461,1925995030,118232888,178437483,53099096,191966273,5030969,31777046,392091167,317386344,0,0,0,0
1005,95,8937405191,8926357585,10585342,50,380442,81742,30,1990250794,377532,93183481,183336205,476501954,413689863,155000548,534290335,133842776,207451015,3898282534,16040200,6,3,4,0,1,4819,1324,61,0,0,0,0,5,75392563,2804791822,13542272,1,132058452,1093490712,2497928,1334374218,1925025459,114029733,173410722,55200161,191918502,5075170,31779337,417950175,338719308,0,0,0,0
1005,96,8937412551,8926390456,10558911,40,381132,81972,40,1995752669,354902,93241712,185530704,474313095,412195007,156539284,533915404,139641127,207398132,3898356727,15944599,6,3,4,0,1,4819,1324,61,0,0,0,0,5,75424173,2804874075,13400119,1,131973959,1093482652,2544480,1398463466,1926381502,112857033,121727238,51864040,191951463,5049859,31773097,334483874,305451417,0,0,0,0
1005,97,8937413451,8926388546,10563231,50,379502,82092,30,1995891780,467484,93150490,186500353,473293643,412495758,156287686,534195055,139470619,207382603,3898360636,15967330,6,3,4,0,1,4819,1324,61,0,0,0,0,5,75343671,2804947057,13387559,1,132038932,1093413579,2579771,1394589885,1923406573,114574752,128463826,51756243,191915522,5082740,31766616,247003743,269891128,0,0,0,0
1005,98,8937415962,8926374645,10579792,70,377152,84263,40,1994623623,408075,93210091,186272005,473570632,412218497,156540765,533911427,138464100,207413665,3898365665,15925178,6,3,4,0,1,4819,1324,61,0,0,0,0,5,75437745,2804889724,13373078,1,131975920,1093475941,2552100,1382006078,1923259227,114143333,140275751,52545365,191957523,5041108,31771988,301771655,273696881,0,0,0,0
1005,99,8937413781,8926373925,10578432,50,381642,79702,30,1993824785,386492,93236211,185737493,474077466,412653243,156144810,534191855,137367254,207407145,3898439458,15884058,6,3,4,0,1,4819,1324,61,0,0,0,0,5,75363373,2804987268,13345708,1,132043772,1093452190,2538350,1380748573,1922685221,115863452,140811072,52178826,191918802,5081850,31767306,335083404,278480195,0,0,0,0
1005,100,8937414581,8926374175,10576412,40,380552,83373,29,1993025471,465693,93131940,187262837,472590311,412404035,156356197,533914976,136873230,207381514,3898349765,15957269,6,3,4,0,1,4819,1324,61,0,0,0,0,5,75408504,2804885665,13394679,1,131973010,1093464100,2562590,1411084178,1915248410,116410991,119107561,51305131,191953723,5047949,31777797,316619626,282251008,0,0,0,0
1005,101,8937410641,8926371095,10578182,40,379012,82282,30,1995010791,405101,93224082,186210437,475480561,410709213,156196813,534177433,138590631,207411674,3898413978,15904106,6,3,4,0,1,4819,1324,61,0,0,0,0,5,75373503,2804968748,13355176,1,132038171,1093445230,2548930,1379903272,1924047129,115008661,135887953,54725827,191915592,5082590,31785187,332641398,274284202,0,0,0,0
1005,102,8937416222,8926366855,10585392,50,380842,83052,31,1994888468,415115,93161791,187733501,472142706,412527449,156186793,533954266,138739868,207386323,3898480448,15823497,6,3,4,0,1,4819,1324,61,0,0,0,0,5,75408373,2804997447,13282787,1,131977950,1093483001,2540710,1376565980,1924062467,114196692,141931182,55675464,191955333,5046639,31774767,314517006,268253916,0,0,0,0
1005,103,8937411831,8926385165,10567702,40,376832,82062,30,1993524769,380559,93218182,185700230,474106980,412210409,156600326,534156092,137127268,207415805,3898333635,15984621,6,3,4,0,1,4819,1324,61,0,0,0,0,5,75375413,2804895605,13428541,1,132040392,1093438030,2556080,1401626421,1919955367,114209157,120598890,51591809,191918442,5078040,31774977,350623354,281120560,0,0,0,0
1005,104,8937408692,8926384446,10562001,40,379642,82523,40,1990200592,348301,93254782,184435089,475404929,414011757,154745786,533930765,134039661,207383913,3898147550,16153284,6,3,4,0,1,4819,1324,61,0,0,0,0,5,75403643,2804766052,13512161,1,131980270,1093381498,2641123,1375751456,1919555475,112909886,143284530,53016930,191955813,5038488,31779577,386868359,303848950,0,0,0,0
1005,105,8937405091,8926362065,10582822,50,379812,80302,40,1990124040,447774,93182082,184486742,475299754,413823679,154978594,534171455,133701548,207393894,3898154259,16176857,6,3,4,0,1,4819,1324,61,0,0,0,0,5,75354142,2804790062,13548234,1,132039752,1093364197,2628623,1356780683,1921645770,118322259,153211563,52027876,191921982,5078520,31770957,369393653,302891060,0,0,0,0
1005,106,8937406872,8926358525,10586292,50,378172,83793,40,1990287330,405734,93224541,183642645,476193105,414174491,154558489,533945925,134110686,207387143,3898307463,15990131,6,3,4,0,1,4819,1324,61,0,0,0,0,5,75405253,2804852113,13420620,1,131981890,1093455350,2569511,1350349724,1925429071,115442509,158866802,52335519,191967604,5027747,31778708,359490273,304000429,0,0,0,0
1005,107,8937404521,8926361395,10582272,50,379192,81582,30,1989910524,380834,93266480,184317128,475469220,413783988,155022696,534147583,133493592,207389944,3898192420,16119244,6,3,4,0,1,4819,1324,61,0,0,0,0,5,75376744,2804814642,13511532,1,132013200,1093377778,2607712,1364372163,1928945765,122947601,134628047,52488014,191922572,5078930,31770496,346567232,300744986,0,0,0,0
1005,108,8937409261,8926384726,10559931,40,380512,84023,29,1990279926,400212,93227241,184025138,475792482,413844887,154911287,533952367,134099381,207399943,3898259903,16024051,6,3,4,0,1,4819,1324,61,0,0,0,0,5,75419623,2804737491,13521052,1,131980320,1093522412,2502999,1350722140,1919459050,117277237,159974863,52727593,191958083,5038218,31777077,342088852,310338010,0,0,0,0
1005,109,8937405221,8926365685,10578522,40,379022,81922,30,1990527184,378514,93247100,183964096,475818532,414077876,154725578,534157312,134138775,207411824,3898230923,16085783,6,3,4,0,1,4819,1324,61,0,0,0,0,5,75372092,2804822464,13499932,1,132039732,1093408459,2585851,1339834676,1922797501,118227224,161943573,53449175,191923322,5073469,31777588,336507099,317522301,0,0,0,0
1005,110,8937408532,8926361985,10582972,40,379642,83853,40,1990356777,436992,93216492,183969113,475852916,413804546,154945875,533957037,134140504,207386233,3898177049,16125435,6,3,4,0,1,4819,1324,61,0,0,0,0,5,75405803,2804748080,13525573,1,131980430,1093428969,2599862,1352187317,1925874579,122468388,147012106,53147667,191974924,5023097,31776308,333880757,317111668,0,0,0,0
1005,111,8937403611,8926361015,10580722,130,380212,81502,30,1990446112,412569,93182241,183671286,476128332,413901031,154916003,534154742,134052442,207422605,3898092768,16225427,6,3,4,0,1,4819,1324,61,0,0,0,0,5,75388223,2804750531,13575304,1,132034382,1093342237,2650123,1368470299,1926985611,120254895,134687093,52569290,191921872,5076690,31775067,368132958,340381333,0,0,0,0
1005,112,8937404211,8926365525,10576042,50,380612,81873,109,1994595661,355072,93213110,186628790,473231969,412655785,155978584,534010808,138501182,207456686,3898400717,15905068,6,3,4,0,1,4819,1324,61,0,0,0,0,5,75460935,2804861294,13418290,1,131995751,1093539423,2486778,1391300273,1926029190,117734143,125076825,52306795,191945103,5051428,31775208,242789502,324319747,0,0,0,0
1005,113,8937402041,8926357055,10584332,40,378472,82112,30,1993976608,415493,93205219,185206267,474607233,412247400,156458882,534244505,137563990,207445855,3898378097,15945698,6,3,4,0,1,4819,1324,61,0,0,0,0,5,75391803,2804937557,13388298,1,132054052,1093440540,2557400,1367344900,1927239492,117180862,144059343,52602250,191921612,5075090,31772466,357000635,291380654,0,0,0,0
1005,114,8937404702,8926363035,10582132,40,375202,84262,31,1993266451,375053,93242171,186484735,473358723,412170539,156466771,534020458,137125417,207455625,3898362047,15931488,6,3,4,0,1,4819,1324,61,0,0,0,0,5,75460535,2804896226,13374418,1,131995090,1093465821,2557070,1365244446,1925643411,118358899,145753644,52811754,191955823,5040658,31770557,326722575,296447710,0,0,0,0
1005,115,8937400731,8926356245,10583112,50,379122,82172,30,1995097214,343479,93230004,186536397,473273310,412183308,156507234,534259654,138738611,207457425,3898256803,16056571,6,3,4,0,1,4819,1324,61,0,0,0,0,5,75398883,2804885685,13433459,1,132058542,1093371118,2623112,1386119150,1923243764,110246166,138271004,53122622,191920162,5078450,31772956,352335071,299212083,0,0,0,0
1005,116,8937404122,8926362655,10577372,80,383002,80982,31,1994384995,395822,93173291,187159084,472715223,411994922,156639490,534026517,138250373,207457214,3898310695,15985180,6,3,4,0,1,4819,1324,61,0,0,0,0,5,75461604,2804871455,13402369,1,131995610,1093439240,2582811,1398722162,1920436898,114022127,126453181,53368751,191945883,5049669,31779817,360075851,294476324,0,0,0,0
1005,117,8937402331,8926366025,10574002,80,380052,82142,30,1994831976,415564,93189031,186218696,473596921,412298751,156403371,534236623,138446659,207465305,3898367046,15932658,6,3,4,0,1,4819,1324,61,0,0,0,0,5,75406353,2804920006,13390648,1,132058952,1093447040,2542010,1371813454,1920917070,116744984,148674153,52842089,191920922,5074999,31777917,390249879,308547848,0,0,0,0
1005,118,8937405102,8926386746,10555981,50,377582,84703,40,1994884401,364313,93221470,187190766,472688195,412287177,156326559,534044340,138739509,207426456,3898399936,15904068,6,3,4,0,1,4819,1324,61,0,0,0,0,5,75456446,2804919305,13362088,1,131970010,1093480631,2541980,1384416867,1916720821,117088251,137311160,52118402,191953123,5042978,31771807,360063865,298633369,0,0,0,0
1005,119,8937402781,8926360885,10579342,40,380202,82282,30,1993864657,392092,93215690,186034441,473784436,412474088,156211066,534269893,137454177,207459095,3898369926,15943689,6,3,4,0,1,4819,1324,61,0,0,0,0,5,75403313,2804945777,13372628,1,132055782,1093424149,2571061,1378036555,1917859217,119391746,137975267,50133517,191921202,5076230,31779837,370429458,294486207,0,0,0,0
1005,120,8937405911,8926363035,10580152,60,380212,82423,29,1989916156,333853,93252151,184170212,475673387,413582530,155052969,534032007,133776334,207439006,3898155279,16169656,6,3,4,0,1,4819,1324,61,0,0,0,0,5,75438355,2804742700,13554364,1,132000651,1093412579,2615292,1375270004,1914800112,119076840,138513447,51669310,191948073,5048249,31771536,395406279,330567483,0,0,0,0
1005,121,8937404481,8926384076,10559071,50,379162,82082,40,1990522609,345389,93199551,185259827,474579422,413226587,155466034,534258396,134150232,207436065,3898251442,16074232,6,3,4,0,1,4819,1324,61,0,0,0,0,5,75384453,2804846433,13478551,1,132051612,1093405009,2595681,1349256771,1922733337,120594057,159766341,49899006,191919812,5076170,31776817,377689669,328816239,0,0,0,0
1005,122,8937407142,8926359005,10586452,50,377702,83893,40,1990046637,348670,93203650,184819055,475048736,413179898,155466591,534033940,133913826,207441944,3898251602,16050143,6,3,4,0,1,4819,1324,61,0,0,0,0,5,75446104,2804830173,13446051,1,131995840,1093421429,2604092,1362390130,1923219993,115341943,153112796,49718575,191955313,5040589,31770486,358413329,329599018,0,0,0,0
1005,123,8937404391,8926358455,10585162,50,379752,80942,30,1990601805,359868,93200581,183513303,476331207,413888451,154793741,534258304,134223307,207461516,3898263352,16053101,6,3,4,0,1,4819,1324,61,0,0,0,0,5,75399634,2804838783,13487570,1,132061882,1093424569,2565531,1330218691,1927219683,119954108,168488188,53178502,191919932,5076240,31770836,339947060,335191891,0,0,0,0
1005,124,8937405422,8926362175,10579302,80,380072,83762,31,1990194501,389833,93189289,183825200,476034549,413352595,155293636,534041448,134030900,207401874,3898175280,16145604,6,3,4,0,1,4819,1324,61,0,0,0,0,5,75413684,2804772891,13522832,1,131988190,1093402389,2622772,1362042566,1926519789,117587901,147018432,52589173,191951873,5045008,31771127,349312900,327111485,0,0,0,0
1005,125,8937405621,8926381266,10561811,50,379062,83392,40,1990555472,362842,93189210,183730186,476117142,413623472,155053650,534263953,134175254,207451514,3898203262,16119173,6,3,4,0,1,4819,1324,61,0,0,0,0,5,75397822,2804769422,13558203,1,132053692,1093433840,2560970,1340999416,1921563341,118261835,166671606,50174673,191919142,5077269,31779188,349809596,326924442,0,0,0,0
1005,126,8937406391,8926362235,10580982,50,379942,83153,29,1990364759,357789,93233603,184284533,475562785,413140630,155503211,534046868,134197246,207446365,3898263853,16040172,6,3,4,0,1,4819,1324,61,0,0,0,0,5,75450744,2804792872,13481642,1,131995621,1093470981,2558530,1327908154,1922254851,122786317,172470105,51173928,191962093,5034638,31781168,358191608,336658716,0,0,0,0
1005,127,8937405081,8926362575,10580462,170,379132,82713,29,1990496881,347339,93190261,184462374,475379265,413969064,154726589,534261303,134131894,207455875,3898227442,16098903,6,3,4,0,1,4819,1324,61,0,0,0,0,5,75396193,2804820603,13513092,1,132059682,1093406839,2585811,1347152824,1926074922,116681936,164169937,50519854,191919162,5076229,31779478,357089700,362559990,0,0,0,0
1006,0,8834951647,8824155026,10325175,60,366472,104883,31,1966380787,472223,93309945,186396028,459991561,407669094,154502460,532343886,131673448,206610250,3808637948,15811746,6,3,4,0,1,4748,1296,61,0,0,0,0,5,74558855,2741814345,13249666,1,132051395,1066823603,2562080,1421613844,1887715174,126593664,58803606,61581214,194836713,5935247,31738489,267963682,309252135,0,0,0,0
1006,1,8834951996,8824156336,10326706,49,364332,104533,40,1965767256,509095,93295851,186366101,460007079,407278015,154932549,532525074,130836422,206568986,3808808394,15678303,6,3,4,0,1,4748,1296,61,0,0,0,0,5,74520892,2741918859,13132192,1,132048094,1066889535,2546111,1377610430,1881359465,127113739,92916075,60275255,194801782,5968148,31743298,280154098,284241545,0,0,0,0
1006,2,8834954406,8824229159,10255543,50,364671,104954,29,1967024227,479335,93270059,185365579,461027884,407045515,155137140,532347895,132331309,206617469,3808684939,15766946,6,3,4,0,1,4748,1296,61,0,0,0,0,5,74563084,2741834036,13225196,1,132054385,1066850903,2541750,1383904064,1882199771,124158967,95833235,63012271,194834883,5936517,31739209,266758128,295354992,0,0,0,0
1006,3,8834950316,8824154346,10326586,49,364702,104603,30,1967134242,434432,93350737,185548902,460835798,406997672,155189821,532562732,132199108,206570027,3808722241,15766325,6,3,4,0,1,4748,1296,61,0,0,0,0,5,74522092,2741821326,13228005,1,132047935,1066900915,2538320,1382885454,1883962147,118549940,99888420,62150715,194801902,5968618,31740109,318391829,299068433,0,0,0,0
1006,4,8834953997,8824216578,10266133,51,367121,104083,31,1965902333,455526,93280951,184890675,461500496,407145608,155030344,532349727,131230765,206611818,3808642158,15814428,6,3,4,0,1,4748,1296,61,0,0,0,0,5,74549453,2741804225,13265087,1,132062365,1066837933,2549341,1383112873,1882876043,127529440,90813770,62868905,194833423,5939277,31737868,313581849,296166965,0,0,0,0
1006,5,8834952226,8824200768,10280303,51,364731,106344,29,1966159539,498876,93285042,184583773,461804625,407115410,155086718,532541360,131229276,206580767,3808708471,15770525,6,3,4,0,1,4748,1296,61,0,0,0,0,5,74532622,2741790015,13250946,1,132048145,1066918456,2519579,1378728610,1884396801,127565241,91596918,59460584,194801782,5969388,31739378,321425248,289704357,0,0,0,0
1006,6,8834952867,8824154566,10326715,60,366602,104893,31,1964939861,412872,93369496,185833901,460557169,406903152,155260221,532356757,130224763,206614859,3808676400,15788155,6,3,4,0,1,4748,1296,61,0,0,0,0,5,74552594,2741837247,13243395,1,132062265,1066839153,2544760,1408057625,1880936376,121370746,75602120,63799333,194831633,5940877,31738138,293758260,294133981,0,0,0,0
1006,7,8834954557,8824207898,10273904,49,365972,106703,31,1966049158,475122,93318347,186487101,459898336,407007316,155185812,532541152,131120401,206577707,3808689630,15784147,6,3,4,0,1,4748,1296,61,0,0,0,0,5,74529673,2741821485,13215646,1,132048034,1066868145,2568501,1401305053,1881995276,124170495,76112541,61081587,194801862,5968808,31739879,305627991,288454448,0,0,0,0
1006,8,8834952277,8824230329,10251713,40,365641,104523,31,1961403118,472314,93309384,183016832,463362346,407581042,154603573,532352877,126677151,206585138,3808517343,15955082,6,3,4,0,1,4748,1296,61,0,0,0,0,5,74530533,2741701741,13380361,1,132054605,1066815602,2574721,1376974077,1877829378,126332342,92090190,58832266,194832403,5938587,31743778,322257052,328121305,0,0,0,0
1006,9,8834952027,8824159007,10323495,50,363341,106103,31,1961160690,409554,93375295,184098586,462285092,408075129,154115448,532551220,126215428,206568726,3808591988,15916040,6,3,4,0,1,4748,1296,61,0,0,0,0,5,74522182,2741766184,13292718,1,132046544,1066825804,2623322,1385406787,1882958148,124094210,88294408,61633862,194805622,5963828,31745088,318194651,325733206,0,0,0,0
1006,10,8834952847,8824155956,10324736,40,366531,105553,31,1961915186,462683,93314814,184287952,462093197,407983777,154202217,532343266,127203397,206597718,3808558266,15917339,6,3,4,0,1,4748,1296,61,0,0,0,0,5,74536853,2741763254,13319768,1,132060865,1066795012,2597571,1380874850,1882728774,124342658,89464923,61716800,194832093,5940887,31742508,309297841,326078038,0,0,0,0
1006,11,8834952906,8824235129,10245642,51,365721,106334,29,1961874305,491334,93303783,184371696,462007663,408398049,153797625,532579663,126894509,206566237,3808602086,15884140,6,3,4,0,1,4748,1296,61,0,0,0,0,5,74519382,2741721372,13327249,1,132046855,1066880714,2556891,1351430785,1885528773,122474810,112856089,63897230,194806212,5964358,31744549,329111809,331217740,0,0,0,0
1006,12,8834952467,8824162096,10320056,50,365471,104763,31,1963040652,499065,93294623,184087817,462287713,407937145,154252698,532350826,128302734,206622588,3808535595,15905840,6,3,4,0,1,4748,1296,61,0,0,0,0,5,74563303,2741737703,13316509,1,132059285,1066797892,2589331,1363557947,1884793560,125922150,99835057,64189140,194829863,5941957,31747339,303111348,323751826,0,0,0,0
1006,13,8834951987,8824164387,10317545,40,365481,104503,31,1961714310,516694,93275852,182699664,463679177,408175173,154020892,532552253,126765573,206568148,3808654527,15835608,6,3,4,0,1,4748,1296,61,0,0,0,0,5,74521733,2741759182,13297558,1,132046415,1066895345,2538050,1341550683,1885571074,123678557,120001909,63220715,194806152,5964448,31744679,286350871,329820670,0,0,0,0
1006,14,8834952177,8824155046,10324485,51,367581,104983,31,1961182714,431870,93365558,183668272,462710147,407742527,154437557,532354286,126441016,206601248,3808520855,15937660,6,3,4,0,1,4748,1296,61,0,0,0,0,5,74535353,2741741423,13335569,1,132065895,1066779432,2602091,1375297602,1881476180,126218378,91420963,59268095,194837123,5933797,31743018,308373710,338621139,0,0,0,0
1006,15,8834951597,8824227448,10253583,51,366371,104113,31,1961988998,512306,93260378,182554730,463829513,408357619,153836426,532560112,127057223,206564927,3808581615,15907601,6,3,4,0,1,4748,1296,61,0,0,0,0,5,74517152,2741722892,13327219,1,132047775,1066858723,2580382,1343717192,1885063179,124957473,118010414,63699078,194804862,5963918,31745009,340027683,359157037,0,0,0,0
1006,16,8834953887,8824159826,10323376,50,365221,105283,131,1965498358,471575,93322253,185390117,460985213,407005955,155159747,532340476,130800280,206632219,3808714480,15735396,6,3,4,0,1,4748,1296,61,0,0,0,0,5,74572424,2741796894,13265038,1,132059795,1066917586,2470358,1391498417,1887869248,124236652,82547184,63127742,194845493,5929337,31738228,309483542,296759917,0,0,0,0
1006,17,8834951996,8824163546,10321156,40,362771,104453,30,1965412877,530717,93260370,186042152,460344251,406754156,155435667,532535522,130487234,206595858,3808673479,15796437,6,3,4,0,1,4748,1296,61,0,0,0,0,5,74549743,2741796355,13239066,1,132046115,1066877124,2557371,1380262013,1885481245,122364920,93538746,63254574,194807912,5965388,31744879,321271620,273429779,0,0,0,0
1006,18,8834954226,8824161106,10324526,40,363021,105493,40,1966091477,502064,93284393,184495008,461890133,406898611,155275671,532325896,131398329,206617959,3808708359,15763246,6,3,4,0,1,4748,1296,61,0,0,0,0,5,74559654,2741890597,13188945,1,132058305,1066817762,2574301,1409365050,1880761077,122124209,72363788,63561556,194841913,5930927,31742159,305977012,265177711,0,0,0,0
1006,19,8834952186,8824156246,10325175,51,366111,104573,30,1966986846,473263,93317966,185458378,460924512,407036094,155139467,532573145,132045569,206571027,3808742710,15750056,6,3,4,0,1,4748,1296,61,0,0,0,0,5,74522642,2741847135,13216556,1,132048385,1066895575,2533500,1380462676,1883944592,122607897,96064512,65578838,194807322,5965508,31743849,339872545,271263073,0,0,0,0
1006,20,8834953917,8824203008,10281524,50,364281,105023,31,1966341726,504925,93288423,185032125,461341966,406582120,155594513,532326556,131647177,206634629,3808684899,15764916,6,3,4,0,1,4748,1296,61,0,0,0,0,5,74574853,2741829255,13233437,1,132059776,1066855644,2531479,1385048616,1879655714,126381029,91936283,62541935,194837633,5933117,31740149,317294741,271956530,0,0,0,0
1006,21,8834952116,8824157246,10324315,51,365781,104693,30,1965556190,469735,93318994,184884969,461493390,406560302,155634672,532535451,130639506,206603389,3808696950,15780845,6,3,4,0,1,4748,1296,61,0,0,0,0,5,74557074,2741829336,13210394,1,132046315,1066867614,2570451,1383042340,1882635741,124418755,93444339,64209996,194806202,5965308,31742188,347777430,268676601,0,0,0,0
1006,22,8834954177,8824167837,10316525,80,365451,104244,40,1966037637,437642,93341436,186138640,460253600,406788308,155364094,532355826,131335459,206619099,3808617747,15844018,6,3,4,0,1,4748,1296,61,0,0,0,0,5,74572274,2741804755,13272817,1,132046825,1066812992,2571201,1388006167,1879942343,127947513,88972852,61563515,194841223,5933017,31742389,314949589,265230148,0,0,0,0
1006,23,8834951106,8824206368,10275864,40,364171,104633,30,1966310875,486674,93293723,186340718,460047022,406896421,155291770,532541695,131393540,206574006,3808679240,15797386,6,3,4,0,1,4748,1296,61,0,0,0,0,5,74527792,2741863507,13181564,1,132046214,1066815733,2615822,1406664859,1878738651,121956917,76783279,62824206,194804352,5965328,31741019,350739440,269230251,0,0,0,0
1006,24,8834950257,8824139136,10339295,51,367331,104413,31,1962476527,483094,93319114,183139267,463235811,408264418,153910796,532339987,127758645,206618969,3808568026,15890460,6,3,4,0,1,4748,1296,61,0,0,0,0,5,74561704,2741720693,13345769,1,132057265,1066847333,2544691,1360499799,1882072659,122929848,111490475,63556107,194838323,5935817,31734288,321147871,303222899,0,0,0,0
1006,25,8834948846,8824143306,10337346,50,363461,104563,120,1961760652,453293,93320115,182720943,463677385,408197465,153988190,532554522,126829390,206574317,3808587147,15899990,6,3,4,0,1,4748,1296,61,0,0,0,0,5,74530583,2741716282,13332259,1,132043734,1066870865,2567731,1351943560,1886791295,124737591,110447173,61975313,194808512,5962938,31741109,307045183,293398496,0,0,0,0
1006,26,8834950706,8824143676,10333755,40,367912,105294,29,1962196417,476737,93291731,184491339,461906892,408226224,153948349,532332227,127499307,206613460,3808651838,15818947,6,3,4,0,1,4748,1296,61,0,0,0,0,5,74549224,2741809975,13270567,1,132064236,1066841863,2548380,1364527118,1887487179,127480709,91685764,60272408,194838213,5937327,31734749,320744005,300193798,0,0,0,0
1006,27,8834948716,8824146296,10333946,40,364091,104313,30,1962414141,521768,93269409,183717735,462679726,408024748,154167138,532553329,127462388,206568948,3808611867,15878679,6,3,4,0,1,4748,1296,61,0,0,0,0,5,74524373,2741739413,13316678,1,132044575,1066872454,2562001,1373958646,1885783276,124304067,91888463,60591511,194807072,5964028,31742839,337611128,307829369,0,0,0,0
1006,28,8834950346,8824174977,10304865,50,366101,104324,29,1962413709,493785,93295853,183107657,463277204,408660298,153514144,532347518,127692833,206614509,3808557944,15906751,6,3,4,0,1,4748,1296,61,0,0,0,0,5,74551424,2741730111,13347081,1,132063085,1066827833,2559670,1378712055,1883917095,124109600,87807219,65271805,194849263,5922867,31741078,313517918,309314220,0,0,0,0
1006,29,8834948706,8824142936,10336766,40,364491,104433,40,1962368371,474883,93303124,182354303,464043747,407920065,154278150,532527609,127447779,206580357,3808565587,15917380,6,3,4,0,1,4748,1296,61,0,0,0,0,5,74536713,2741681222,13367429,1,132043644,1066884365,2549951,1337061133,1880376349,121682770,125088779,63190444,194807832,5963048,31745899,311583716,310219081,0,0,0,0
1006,30,8834950866,8824142726,10337306,50,365331,105424,29,1962126724,494534,93307562,182896108,463493932,408520997,153660948,532330276,127394865,206596079,3808587067,15877389,6,3,4,0,1,4748,1296,61,0,0,0,0,5,74550824,2741733593,13343649,1,132045255,1066853474,2533740,1344415434,1883636383,129468718,115395350,66012523,194840903,5929737,31745759,308761409,307336766,0,0,0,0
1006,31,8834949056,8824174097,10305095,49,365152,104543,120,1962380572,517555,93248261,183789997,462614534,408471883,153708380,532555304,127461607,206566987,3808565677,15926248,6,3,4,0,1,4748,1296,61,0,0,0,0,5,74522572,2741698363,13361838,1,132044415,1066867314,2564410,1343415780,1887041282,125895092,116376014,64723119,194807152,5963258,31741449,345723243,328654654,0,0,0,0
1006,32,8834951666,8824164727,10316885,40,364831,105143,40,1964353752,441484,93369235,186225262,460135395,407012516,155151838,532326306,129662596,206620358,3808679770,15782245,6,3,4,0,1,4748,1296,61,0,0,0,0,5,74556743,2741836176,13244366,1,132063615,1066843594,2537879,1412899958,1884049651,124493266,71088051,60699809,194833253,5937857,31742319,305736117,299015875,0,0,0,0
1006,33,8834950776,8824239059,10244183,50,362891,104553,40,1965959435,487874,93306725,185863874,460495766,407003343,155194401,532528210,131059872,206599367,3808763463,15716944,6,3,4,0,1,4748,1296,61,0,0,0,0,5,74552243,2741871377,13172914,1,132047124,1066892086,2544030,1409057613,1884713598,120778251,74282230,61525511,194804162,5963848,31746378,340458190,279444402,0,0,0,0
1006,34,8834951986,8824173797,10308115,50,364661,105234,129,1966255022,437964,93329995,185081376,461293511,406922085,155268531,532324423,131571346,206619680,3808672118,15799777,6,3,4,0,1,4748,1296,61,0,0,0,0,5,74562824,2741798604,13277988,1,132056856,1066873514,2521789,1387746583,1883999405,125842606,90458948,62076865,194837153,5934327,31734298,350045780,268995280,0,0,0,0
1006,35,8834949496,8824163277,10320145,50,361421,104573,30,1967385619,403491,93386136,186048848,460319781,407350248,154837408,532553750,132463555,206584508,3808733131,15754785,6,3,4,0,1,4748,1296,61,0,0,0,0,5,74537403,2741831546,13217125,1,132047105,1066901585,2537660,1417713126,1885581733,117915641,78088655,60455710,194804582,5965248,31741558,349529638,262443027,0,0,0,0
1006,36,8834952347,8824153466,10328066,60,365641,105074,40,1966545031,453003,93342835,185473480,460896049,406737207,155438767,532335215,131842735,206604270,3808657979,15811296,6,3,4,0,1,4748,1296,61,0,0,0,0,5,74556825,2741812305,13273767,1,132047445,1066845674,2537529,1420612650,1879072555,118421118,70701791,62663629,194830013,5941337,31739698,323559981,257866122,0,0,0,0
1006,37,8834949986,8824153236,10325925,51,366111,104633,30,1966640174,438552,93350655,186409570,459965270,407392468,154804996,532531200,131727702,206605958,3808722300,15759336,6,3,4,0,1,4748,1296,61,0,0,0,0,5,74558943,2741810055,13230446,1,132047015,1066912245,2528890,1415459722,1886539788,118834210,71944119,63508622,194803952,5964658,31742639,343685289,263976169,0,0,0,0
1006,38,8834953097,8824153706,10327525,51,366621,105163,31,1965030984,445421,93348218,184776375,461600311,407069539,155094796,532353727,130314866,206637310,3808770282,15696503,6,3,4,0,1,4748,1296,61,0,0,0,0,5,74572285,2741914968,13168624,1,132065025,1066855314,2527879,1383759196,1883489892,124968347,95863782,61750432,194837153,5935437,31739339,341222429,266825327,0,0,0,0
1006,39,8834949306,8824237299,10241872,51,365321,104733,30,1964656224,432711,93363245,186280677,460097946,406808338,155374185,532552311,129728399,206577107,3808744492,15740424,6,3,4,0,1,4748,1296,61,0,0,0,0,5,74530183,2741845816,13207525,1,132046924,1066898676,2532899,1389727624,1877427583,126451076,93729027,61699052,194803672,5963918,31744119,371605794,273979574,0,0,0,0
1006,40,8834950916,8824239439,10241773,50,364511,105114,29,1962268207,440911,93353096,183219900,463151740,407690586,154495699,532329603,127560780,206586109,3808497923,15989753,6,3,4,0,1,4748,1296,61,0,0,0,0,5,74524553,2741690881,13407561,1,132061556,1066807042,2582192,1362845508,1883816813,129127951,102894257,65614995,194839953,5929847,31739608,373098011,304545437,0,0,0,0
1006,41,8834949136,8824238279,10242953,50,363291,104533,30,1961893626,451595,93343794,183990363,462388720,408289463,153895849,532533309,126968343,206566026,3808569826,15940211,6,3,4,0,1,4748,1296,61,0,0,0,0,5,74521502,2741684851,13380940,1,132044524,1066884975,2559271,1379525443,1881047869,121114346,97329529,57387169,194808762,5959138,31742959,376036604,303380536,0,0,0,0
1006,42,8834951556,8824164587,10313405,49,368862,104613,40,1961738229,422285,93380915,184261081,462111598,408208954,153981811,532326375,127009071,206606469,3808592287,15878729,6,3,4,0,1,4748,1296,61,0,0,0,0,5,74544893,2741774174,13307588,1,132061576,1066818113,2571141,1378809028,1884935164,123287343,92462348,57806184,194839073,5933157,31739129,358573290,297347669,0,0,0,0
1006,43,8834949296,8824191947,10288044,51,364641,104573,40,1962358282,448083,93348594,182803406,463568733,407748159,154440288,532565369,127412098,206564668,3808522875,15966831,6,3,4,0,1,4748,1296,61,0,0,0,0,5,74518413,2741664091,13391630,1,132046255,1066858784,2575201,1349471997,1886760467,127266410,112870548,65539411,194807412,5959178,31737528,352933152,309008311,0,0,0,0
1006,44,8834951086,8824197848,10280903,40,367102,105164,29,1961960568,471094,93328186,183260320,463107997,408181002,154022078,532329132,127226898,206610888,3808565426,15900610,6,3,4,0,1,4748,1296,61,0,0,0,0,5,74551153,2741728793,13347979,1,132059735,1066836633,2552631,1348660105,1880388764,124602934,118476570,62686114,194839073,5930687,31745478,342742861,314407713,0,0,0,0
1006,45,8834949176,8824164887,10315605,40,364151,104453,40,1962230518,500765,93294854,182978752,463392307,407910541,154309747,532510268,127304612,206575327,3808507414,15987593,6,3,4,0,1,4748,1296,61,0,0,0,0,5,74531112,2741626380,13432322,1,132044215,1066881034,2555271,1337134851,1885268004,129129829,121168457,62782740,194808602,5960118,31743658,349607460,315555778,0,0,0,0
1006,46,8834951537,8824240809,10238713,49,366612,105314,40,1962005771,413111,93367605,181947941,464421289,407801710,154398188,532333871,127281621,206602609,3808489114,15973211,6,3,4,0,1,4748,1296,61,0,0,0,0,5,74533663,2741663941,13416711,1,132068946,1066825173,2556500,1338600692,1883133165,131126017,122041178,63245948,194839263,5931597,31739588,335617785,316935668,0,0,0,0
1006,47,8834949386,8824164427,10315445,50,364901,104533,30,1962020192,469624,93304932,182320595,464053169,408182929,154021286,532536289,127099896,206568517,3808566016,15933582,6,3,4,0,1,4748,1296,61,0,0,0,0,5,74524063,2741692821,13370401,1,132044454,1066873195,2563181,1356851061,1888362829,122227511,110919276,63092938,194807802,5957588,31741338,393633633,329262890,0,0,0,0
1006,48,8834952237,8824156016,10325216,50,365591,105313,51,1966363619,415792,93377014,184230801,462141412,407190499,154970992,532327985,131685501,206618869,3808665049,15804007,6,3,4,0,1,4748,1296,61,0,0,0,0,5,74553023,2741836156,13241536,1,132065846,1066828893,2562471,1396761533,1887640705,127594383,76207589,59838181,194846573,5923817,31745809,366198725,296952837,0,0,0,0
1006,49,8834950286,8824207428,10272524,49,365842,104413,30,1965263871,441900,93320465,185470671,460916539,407114197,155068967,532531352,130379137,206610388,3808703630,15767896,6,3,4,0,1,4748,1296,61,0,0,0,0,5,74561913,2741804075,13231256,1,132048475,1066899555,2536640,1391704726,1880474115,121851244,97522357,62366999,194808862,5962078,31746839,379528415,282538448,0,0,0,0
1006,50,8834952927,8824208358,10271114,40,367801,105583,31,1966132940,405391,93360007,186356396,460034773,406889781,155283696,532315542,131462514,206635899,3808685529,15774677,6,3,4,0,1,4748,1296,61,0,0,0,0,5,74577643,2741841056,13224216,1,132058256,1066844473,2550461,1417947352,1885934287,121477552,67744402,57717979,194843253,5926867,31745369,368957224,267805886,0,0,0,0
1006,51,8834951277,8824158557,10323205,50,364081,105353,31,1965209179,411422,93348585,187252606,459132014,407260733,154916881,532567402,130302845,206597008,3808708969,15776787,6,3,4,0,1,4748,1296,61,0,0,0,0,5,74546703,2741840155,13212836,1,132050305,1066868814,2563951,1190535784,1889237444,113258662,237060140,58566363,194807852,5961258,31747549,390293554,344479348,0,0,0,0
1006,52,8834952457,8824157196,10323475,51,366311,105384,40,1967230982,434234,93339944,185036176,461352906,406972843,155193131,532335714,132544955,206629758,3808682210,15772226,6,3,4,0,1,4748,1296,61,0,0,0,0,5,74566953,2741844697,13217776,1,132062805,1066837513,2554450,1446259228,1884012258,114610164,55979803,64382933,194846953,5924747,31745639,354667309,249995029,0,0,0,0
1006,53,8834951216,8824156386,10323206,40,366061,105494,29,1966678784,438312,93331536,186977356,459401444,407268233,154922418,532530904,131794514,206613728,3808656739,15818418,6,3,4,0,1,4748,1296,61,0,0,0,0,5,74562883,2741829866,13211966,1,132050845,1066826873,2606452,1437576657,1879567566,122927136,58766987,65760913,194806292,5962098,31746639,372982879,259741090,0,0,0,0
1006,54,8834952566,8824152686,10328136,49,366352,105314,29,1967240633,461645,93305391,185075568,461327053,407155010,155000975,532346185,132547747,206624029,3808776073,15702654,6,3,4,0,1,4748,1296,61,0,0,0,0,5,74560233,2741832807,13256446,1,132063796,1066943266,2446208,1391058182,1881207738,125351011,89645562,59808845,194845023,5927147,31745519,355788119,270739519,0,0,0,0
1006,55,8834951947,8824155886,10323215,40,366432,106334,40,1966873691,409859,93348707,186208656,460178554,406947024,155233669,532537822,131994609,206592077,3808658099,15821898,6,3,4,0,1,4748,1296,61,0,0,0,0,5,74544923,2741817705,13226786,1,132047154,1066840394,2595112,1400454299,1879910457,120046894,84877705,64276814,194807382,5961378,31747439,371489875,271878124,0,0,0,0
1006,56,8834952477,8824202358,10281154,50,362981,105894,40,1961637878,458964,93332365,182365431,464013728,408674127,153496815,532325758,126920079,206609477,3808533116,15941582,6,3,4,0,1,4748,1296,61,0,0,0,0,5,74547852,2741692423,13393781,1,132061625,1066840693,2547801,1390609591,1878686220,122657036,88548076,60919275,194849763,5920077,31746449,375559156,302606047,0,0,0,0
1006,57,8834950367,8824201088,10282634,50,361711,104853,31,1961882227,427293,93361405,182489157,463886933,408239643,153944594,532555780,126953608,206580347,3808615357,15875140,6,3,4,0,1,4748,1296,61,0,0,0,0,5,74531412,2741722932,13334050,1,132048935,1066892425,2541090,1386300260,1886088812,124871647,84342753,60730425,194808012,5962608,31745579,390800213,296993783,0,0,0,0
1006,58,8834952247,8824150996,10332666,40,363171,105343,31,1961932166,430112,93340405,182455555,463924724,408513451,153665803,532335505,127224640,206639951,3808630167,15834578,6,3,4,0,1,4748,1296,61,0,0,0,0,5,74569965,2741769683,13301358,1,132069986,1066860484,2533220,1355815685,1887837414,125583298,111462978,64707722,194843503,5927857,31744739,382803341,298949290,0,0,0,0
1006,59,8834950136,8824153386,10326556,40,365821,104303,30,1961822535,443455,93343796,184346162,462030926,408727010,153456423,532556032,126888900,206594187,3808540125,15941991,6,3,4,0,1,4748,1296,61,0,0,0,0,5,74545942,2741660621,13388720,1,132048245,1066879504,2553271,1379168549,1887029940,132541521,81053227,63319147,194808002,5959528,31748629,373134541,297271107,0,0,0,0
1006,60,8834952027,8824204648,10275213,40,366792,105303,31,1961683729,498566,93303864,183218217,463161790,408712649,153468068,532324834,126951421,206617460,3808561194,15902151,6,3,4,0,1,4748,1296,61,0,0,0,0,5,74555704,2741699370,13369251,1,132061756,1066861824,2532900,1388321468,1883882588,121447112,86569882,62652892,194847703,5923697,31743979,253488363,298748272,0,0,0,0
1006,61,8834950307,8824163836,10316796,40,364831,104764,40,1962129615,468453,93309134,183377733,463000926,408486962,153708813,532528292,127225639,206594137,3808544905,15938061,6,3,4,0,1,4748,1296,61,0,0,0,0,5,74545493,2741665890,13385460,1,132048644,1066879015,2552601,1382584483,1885471760,124759677,84886012,62347958,194806892,5959428,31748869,383785310,300682620,0,0,0,0
1006,62,8834952336,8824154866,10324095,51,367981,105303,40,1961847242,428273,93370357,182227108,464158600,408508943,153663001,532341875,127107536,206623668,3808566455,15891310,6,3,4,0,1,4748,1296,61,0,0,0,0,5,74552862,2741728332,13348160,1,132070806,1066838123,2543150,1381488592,1883251008,124636916,88683710,65136233,194845003,5924117,31746759,366959142,302182063,0,0,0,0
1006,63,8834950357,8824157837,10325655,50,362071,104713,31,1961916756,482857,93291061,185271953,461120110,408995434,153189299,532535609,127006213,206594937,3808566776,15906391,6,3,4,0,1,4748,1296,61,0,0,0,0,5,74546523,2741688211,13354270,1,132048414,1066878565,2552121,1384684376,1886748345,125324777,81088377,60493718,194807622,5959208,31748929,395246526,324861583,0,0,0,0
1006,64,8834952866,8824163446,10321076,40,363081,105194,29,1966079945,286720,93386695,185826402,460555389,406926279,155246622,532358999,131460219,206638270,3808637448,15795517,6,3,4,0,1,4748,1296,61,0,0,0,0,5,74573414,2741832506,13218036,1,132064856,1066804942,2577481,1377667788,1888935416,125196184,92847032,63832398,194826882,5948258,31732808,305302201,301738856,0,0,0,0
1006,65,8834952146,8824194468,10288013,51,365141,104443,30,1967790352,322722,93372616,185052273,461311445,407314062,154894594,532545818,132948460,206564717,3808789125,15676501,6,3,4,0,1,4748,1296,61,0,0,0,0,5,74524053,2741885829,13146792,1,132040664,1066903296,2529709,1399914315,1877800520,125079657,90007124,62282000,194800362,5973458,31759469,361098696,278257120,0,0,0,0
1006,66,8834954637,8824168797,10317615,50,363221,104914,40,1966269504,301370,93355944,186571584,459819586,406851340,155328658,532366813,131641779,206607967,3808685831,15764205,6,3,4,0,1,4748,1296,61,0,0,0,0,5,74555553,2741840877,13216245,1,132052414,1066844954,2547960,1410896005,1883209398,122473025,70245254,62622836,194828463,5944997,31734558,318112549,270178402,0,0,0,0
1006,67,8834949756,8824160766,10322586,60,361911,104393,40,1965974454,288627,93395868,187033960,459346681,407253052,154925690,532585422,131106603,206565498,3808750692,15725534,6,3,4,0,1,4748,1296,61,0,0,0,0,5,74524823,2741844787,13194144,1,132040675,1066905905,2531390,1146751127,1898117842,108884170,263578107,61325883,194800472,5972138,31737128,332383755,353314257,0,0,0,0
1006,68,8834953797,8824169227,10312584,51,368401,103503,31,1965524360,296878,93369804,185449961,460941730,407107308,155060898,532361436,130903574,206584878,3808677399,15781597,6,3,4,0,1,4748,1296,61,0,0,0,0,5,74522532,2741845176,13227417,1,132062346,1066832223,2554180,1424794831,1882213108,123295310,65535041,57215050,194827573,5950157,31739489,311964097,242121238,0,0,0,0
1006,69,8834951606,8824188077,10295595,50,361271,106584,29,1966824243,318040,93354363,185527453,460864019,406814667,155376134,532562404,131969299,206582588,3808684790,15770126,6,3,4,0,1,4748,1296,61,0,0,0,0,5,74544043,2741842057,13179324,1,132038545,1066842733,2590802,1434685879,1878769267,126391361,57646316,63610426,194796522,5976178,31738298,348051715,265887235,0,0,0,0
1006,70,8834951967,8824167407,10312134,71,367521,104803,31,1967834871,267449,93404355,185081050,461315904,406940122,155220740,532368237,133208577,206597528,3808701420,15775125,6,3,4,0,1,4748,1296,61,0,0,0,0,5,74534373,2741865367,13228535,1,132063155,1066836053,2546590,1384158862,1883024842,129749130,87872914,62522444,194828582,5950668,31729388,322672869,271675799,0,0,0,0
1006,71,8834954987,8824160307,10322314,51,365261,107023,31,1967656417,333939,93373208,183951783,462423706,407160319,155027954,532561854,132808525,206577309,3808741441,15712033,6,3,4,0,1,4748,1296,61,0,0,0,0,5,74536665,2741840055,13181894,1,132040644,1066901386,2530139,1381657725,1881075757,126042246,95020158,63983650,194800982,5970608,31747379,329427148,267300377,0,0,0,0
1006,72,8834952347,8824167287,10314105,60,366651,104213,31,1962241127,292570,93378265,182548697,463824782,408547954,153626760,532388109,127600620,206581107,3808553756,15928380,6,3,4,0,1,4748,1296,61,0,0,0,0,5,74527283,2741778494,13312118,1,132053824,1066775262,2616262,1374169791,1873038166,129205751,95993727,61629297,194831253,5941687,31734988,366568584,302093584,0,0,0,0
1006,73,8834952076,8824166617,10317095,60,362411,105844,49,1962483457,330491,93406987,182808327,463570271,408717991,153457732,532579974,127583762,206590587,3808617989,15859149,6,3,4,0,1,4748,1296,61,0,0,0,0,5,74546813,2741754184,13274168,1,132043774,1066863805,2584981,1375519360,1880380750,125534382,94577349,63192657,194805222,5966848,31736798,357443350,283379327,0,0,0,0
1006,74,8834952867,8824191277,10292605,40,363741,105153,51,1961786702,293938,93385847,182845424,463525034,408280064,153898110,532376379,127144904,206617359,3808532355,15925659,6,3,4,0,1,4748,1296,61,0,0,0,0,5,74557734,2741772094,13291077,1,132059625,1066760261,2634582,1386806344,1886910083,123884294,79278664,60487451,194830762,5943698,31732938,344950282,300378600,0,0,0,0
1006,75,8834953046,8824165757,10317965,50,362821,106424,29,1962461524,336070,93377586,182355101,464029910,408080829,154105475,532590411,127558211,206573018,3808570675,15900001,6,3,4,0,1,4748,1296,61,0,0,0,0,5,74530533,2741745113,13290548,1,132042485,1066825562,2609453,1363476035,1883015870,123757640,103168808,64731884,194805692,5967008,31751739,354870340,304868036,0,0,0,0
1006,76,8834952526,8824165007,10316815,50,366141,104484,29,1962342751,294228,93381787,183026102,463342958,408755319,153424333,532373626,127716797,206634058,3808566408,15864208,6,3,4,0,1,4748,1296,61,0,0,0,0,5,74577113,2741732374,13308988,1,132056945,1066834034,2555220,1351023798,1881931256,130706067,98395384,64366090,194828723,5945967,31756679,339008482,304862674,0,0,0,0
1006,77,8834951876,8824164627,10317525,50,365641,104004,29,1962574458,337312,93365693,183366315,463007575,408925016,153261047,532571326,127701872,206557497,3808705291,15772744,6,3,4,0,1,4748,1296,61,0,0,0,0,5,74517152,2741785495,13261496,1,132040345,1066919796,2511248,1377152798,1890801864,131131221,78754301,58713042,194805852,5966808,31738639,349892100,301020239,0,0,0,0
1006,78,8834951747,8824163977,10313655,49,369162,104873,31,1962454383,269257,93418326,184342508,462020433,408837191,153339104,532387766,127802558,206584509,3808526645,15935980,6,3,4,0,1,4748,1296,61,0,0,0,0,5,74518793,2741765444,13315128,1,132065716,1066761201,2620852,1365115878,1887509592,120889637,98349425,62968788,194837643,5939907,31731519,349762061,305469597,0,0,0,0
1006,79,8834951767,8824165257,10319085,50,363071,104273,31,1961984270,339150,93367805,183771347,462608014,408740670,153439236,532588971,127097645,206564586,3808632599,15835468,6,3,4,0,1,4748,1296,61,0,0,0,0,5,74524632,2741777805,13249666,1,132039954,1066854794,2585802,1351848985,1885737080,128232246,103944363,63786566,194803352,5967498,31752769,353366769,326454022,0,0,0,0
1006,80,8834952526,8824141746,10342496,50,363341,104864,29,1966129108,331298,93373955,185924005,460469427,407320165,154832739,532359005,131501964,206619469,3808771021,15690274,6,3,4,0,1,4748,1296,61,0,0,0,0,5,74559403,2741832325,13239937,1,132060066,1066938696,2450337,1394118652,1889200863,127901542,72928154,61212394,194842483,5932677,31739459,402113105,290968795,0,0,0,0
1006,81,8834950796,8824146846,10332895,60,366432,104533,30,1966232450,379761,93363244,185953675,460428909,406894417,155271843,532564112,131349779,206613747,3808703281,15764206,6,3,4,0,1,4748,1296,61,0,0,0,0,5,74558653,2741818616,13216805,1,132055094,1066884665,2547401,1397315385,1882726678,126910330,77505687,59503150,194801612,5971718,31742889,406991963,270198348,0,0,0,0
1006,82,8834953007,8824171817,10313145,50,362681,105283,31,1966654036,348368,93355706,184698596,461712666,407468017,154689697,532353954,132012772,206592118,3808689400,15789536,6,3,4,0,1,4748,1296,61,0,0,0,0,5,74553824,2741827105,13259697,1,132038294,1066862295,2529839,1378996280,1890226537,125023584,91111459,61798701,194842953,5931697,31740958,400612507,257606039,0,0,0,0
1006,83,8834950906,8824169387,10310364,51,366771,104303,30,1966467077,358741,93384183,186067481,460314211,407242963,154923780,532589044,131558036,206587509,3808703459,15784407,6,3,4,0,1,4748,1296,61,0,0,0,0,5,74529524,2741834234,13224517,1,132057985,1066869225,2559890,1419044677,1883963988,126900046,64765831,63100271,194801552,5972238,31742428,423712411,260267972,0,0,0,0
1006,84,8834953056,8824156746,10326756,1170,362941,105403,40,1966764548,341301,93358354,185741849,460648411,406954641,155199483,532353165,132150393,206618440,3808697259,15767196,6,3,4,0,1,4748,1296,61,0,0,0,0,5,74561364,2741834645,13239077,1,132057076,1066862614,2528119,1410153189,1884018309,125617559,68514941,61541729,194837343,5934747,31742668,397813827,256044527,0,0,0,0
1006,85,8834950786,8824177307,10305555,50,363331,104513,30,1966981356,343131,93361253,185789961,460593780,407475500,154699295,532543721,132154634,206622229,3808720840,15747004,6,3,4,0,1,4748,1296,61,0,0,0,0,5,74564304,2741829805,13205595,1,132057925,1066891035,2541409,1403755378,1884645947,124128549,71398888,62723001,194800572,5972178,31742418,415118724,261544539,0,0,0,0
1006,86,8834952937,8824153406,10327305,51,368211,103933,31,1964804667,307579,93365805,186375440,460040140,406759009,155379114,532388150,130167950,206622350,3808729881,15742964,6,3,4,0,1,4748,1296,61,0,0,0,0,5,74561534,2741841236,13243816,1,132060816,1066888645,2499148,1371279913,1881344569,122807259,104899548,62446031,194842063,5934157,31739579,401820317,267651196,0,0,0,0
1006,87,8834951057,8824174307,10309665,50,362121,104883,31,1967649428,337990,93376342,186635048,459755036,406718384,155445557,532574264,132775204,206591068,3808708460,15766307,6,3,4,0,1,4748,1296,61,0,0,0,0,5,74533503,2741820045,13225496,1,132057565,1066888415,2540811,1377043095,1880229366,127384737,97568539,59954202,194798092,5971008,31742818,429374812,265395632,0,0,0,0
1006,88,8834950787,8824165247,10313374,60,367802,104273,31,1961702329,339401,93361284,181603389,464781301,408268406,153885329,532375925,127049573,206620179,3808515315,15956111,6,3,4,0,1,4748,1296,61,0,0,0,0,5,74566434,2741674942,13400730,1,132053745,1066840373,2555381,1347738840,1880940081,130997015,113254698,61601965,194839173,5936707,31739979,418433605,286161945,0,0,0,0
1006,89,8834949307,8824166727,10314375,50,363331,104784,40,1962004040,366141,93367488,182313970,464086721,408451830,153713510,532584013,127084826,206594316,3808632949,15848568,6,3,4,0,1,4748,1296,61,0,0,0,0,5,74540222,2741714793,13332558,1,132054094,1066918156,2516010,1348759844,1883221241,127911851,110489766,63526054,194804272,5967528,31743209,394287553,296292486,0,0,0,0
1006,90,8834951227,8824162777,10314604,51,368541,105223,31,1962275829,334770,93364583,184185431,462199040,407476048,154681436,532366587,127641731,206630378,3808585498,15884388,6,3,4,0,1,4748,1296,61,0,0,0,0,5,74570744,2741750704,13326668,1,132059634,1066834794,2557720,1374689665,1884816627,126873884,86825948,59056790,194837503,5939877,31738968,396378678,300606279,0,0,0,0
1006,91,8834949297,8824135966,10345246,40,363771,104234,40,1962667331,409733,93357304,183299763,463088288,408786832,153386258,532587307,127723264,206599918,3808624289,15854278,6,3,4,0,1,4748,1296,61,0,0,0,0,5,74542404,2741744764,13302097,1,132057514,1066879525,2552181,1362152411,1884814642,131167079,95010603,59968143,194804192,5968958,31741759,398482337,299932962,0,0,0,0
1006,92,8834950597,8824194608,10287944,50,364021,103943,31,1962194344,320971,93370064,183103835,463286473,408471706,153687888,532364279,127567779,206615250,3808560665,15916870,6,3,4,0,1,4748,1296,61,0,0,0,0,5,74555004,2741729512,13359770,1,132060246,1066831153,2557100,1332486326,1884601074,127128181,122621432,64678945,194850683,5923967,31740019,394975372,308628863,0,0,0,0
1006,93,8834948916,8824137396,10345106,50,362331,104003,30,1962620598,401125,93347251,184920536,461472727,407995165,154183460,532558760,127716305,206594208,3808610717,15874028,6,3,4,0,1,4748,1296,61,0,0,0,0,5,74541363,2741724453,13328608,1,132052845,1066886264,2545420,1362831127,1886396548,125155549,94808768,60048395,194803822,5967628,31743159,376810392,306328238,0,0,0,0
1006,94,8834951386,8824164917,10314145,49,367042,105193,40,1962383721,345570,93373965,182267329,464137291,407943425,154207328,532372947,127707516,206627398,3808585568,15882148,6,3,4,0,1,4748,1296,61,0,0,0,0,5,74562313,2741736725,13345408,1,132065085,1066848843,2536740,1322012911,1888975431,126071549,130588010,63557085,194839793,5932757,31743149,379941630,304447777,0,0,0,0
1006,95,8834949137,8824161477,10316634,40,366892,104063,31,1962414952,369392,93346245,182432773,463972566,408488384,153678059,532577795,127522288,206587137,3808626408,15854488,6,3,4,0,1,4748,1296,61,0,0,0,0,5,74536522,2741718713,13332088,1,132050615,1066907695,2522400,1337319056,1887571782,123396164,124229753,63149748,194804122,5967278,31743399,411608957,327942138,0,0,0,0
1006,96,8834951237,8824156216,10325426,70,364811,104683,31,1968305884,386000,93386057,184186610,462179098,406745149,155457536,532288454,133656460,206611158,3808691008,15770677,6,3,4,0,1,4748,1296,61,0,0,0,0,5,74550193,2741853965,13224307,1,132060965,1066837043,2546370,1391612030,1888481102,123187554,79607274,59957162,194829283,5943467,31739488,310164239,300301185,0,0,0,0
1006,97,8834950396,8824147116,10335306,60,363531,104343,40,1967352478,414193,93359293,185374649,460979313,406923829,155304094,532509160,132458907,206545577,3808755583,15717642,6,3,4,0,1,4748,1296,61,0,0,0,0,5,74500833,2741843687,13198223,1,132044744,1066911896,2519419,1396210542,1885872210,125580508,74649998,59769547,194799252,5972538,31746129,225884975,258848516,0,0,0,0
1006,98,8834951516,8824146306,10332926,120,367311,104813,40,1967495334,406531,93348247,184881422,461493428,406566342,155654464,532299183,132826166,206600158,3808725891,15746326,6,3,4,0,1,4748,1296,61,0,0,0,0,5,74542513,2741852326,13226666,1,132057645,1066873565,2519660,1385594926,1887317571,122264495,87354416,62071561,194835653,5938567,31733758,276907729,268228424,0,0,0,0
1006,99,8834948756,8824175037,10308125,40,361191,104333,30,1966644078,346989,93383505,186373971,460008082,406760537,155466569,532527719,131744151,206553697,3808768003,15719624,6,3,4,0,1,4748,1296,61,0,0,0,0,5,74514273,2741859097,13188934,1,132039424,1066908906,2530690,1387884388,1884145804,123391084,90594624,62681213,194801192,5973168,31739939,314497043,266804518,0,0,0,0
1006,100,8834951967,8824174267,10308115,60,364741,104753,31,1965116128,396012,93359455,185950457,460436494,406532149,155682137,532288612,130440921,206594729,3808725122,15742503,6,3,4,0,1,4748,1296,61,0,0,0,0,5,74536854,2741868508,13215044,1,132057875,1066856614,2527459,1416876052,1876497937,123508192,69561859,63656490,194831183,5945787,31735628,292611992,278642061,0,0,0,0
1006,101,8834949586,8824152996,10326256,40,365761,104503,30,1966937395,388440,93370307,186057461,460316049,406743677,155486630,532505058,132049662,206568026,3808753594,15724353,6,3,4,0,1,4748,1296,61,0,0,0,0,5,74526332,2741833867,13205764,1,132041694,1066919727,2518589,1384180213,1884582176,125895091,85705097,61012864,194799062,5974098,31743209,310847638,267334719,0,0,0,0
1006,102,8834952317,8824176467,10303515,49,367222,105033,31,1967245235,374931,93371616,187171173,459217547,406619702,155578844,532319364,132568106,206609549,3808715170,15756015,6,3,4,0,1,4748,1296,61,0,0,0,0,5,74545624,2741854816,13233696,1,132063925,1066860354,2522319,1382705395,1884470251,126265886,86145814,63544459,194835723,5941127,31741259,292361800,260471228,0,0,0,0
1006,103,8834947826,8824154806,10324116,50,364191,104634,29,1966510169,402443,93372184,186245397,460135804,406856911,155375486,532507928,131588088,206549527,3808780692,15709905,6,3,4,0,1,4748,1296,61,0,0,0,0,5,74505563,2741870396,13187695,1,132043964,1066910296,2522210,1407582597,1881600041,124221849,67900130,61974151,194800292,5970978,31743929,329383948,272121065,0,0,0,0
1006,104,8834950486,8824166977,10311825,49,367092,104503,40,1962604719,371781,93361165,183710414,462670446,408196552,154026485,532291582,127944641,206591599,3808512114,15980052,6,3,4,0,1,4748,1296,61,0,0,0,0,5,74533814,2741726033,13377450,1,132057785,1066786081,2602602,1380042246,1880416158,124851429,90926516,62490733,194846013,5927047,31743749,362264396,297261994,0,0,0,0
1006,105,8834948877,8824151036,10328776,50,364821,104154,40,1962038120,391032,93385604,181776964,464592338,408403046,153818599,532497599,127133326,206555586,3808636409,15865878,6,3,4,0,1,4748,1296,61,0,0,0,0,5,74509452,2741760584,13298777,1,132046134,1066875825,2567101,1351193337,1884573492,127980961,107904776,63847078,194807792,5963038,31745759,343555782,298760514,0,0,0,0
1006,106,8834951507,8824166927,10309934,51,370111,104453,31,1961926896,345730,93412847,182569240,463795998,408381060,153839699,532311031,127249462,206604159,3808533045,15937740,6,3,4,0,1,4748,1296,61,0,0,0,0,5,74544134,2741687962,13392860,1,132060025,1066845083,2544880,1355549205,1884936634,125035417,106830095,64506705,194835943,5940527,31740299,339426720,295818107,0,0,0,0
1006,107,8834949187,8824168737,10311935,40,364111,104333,31,1962458852,397791,93382217,185151181,461218028,408898533,153330133,532520701,127522538,206548206,3808544566,15945610,6,3,4,0,1,4748,1296,61,0,0,0,0,5,74495752,2741714352,13346329,1,132052454,1066830214,2599281,1370503889,1889093462,129909509,86718765,62625051,194805072,5961648,31746989,338484849,297431826,0,0,0,0
1006,108,8834950687,8824148316,10331746,50,365541,105003,31,1962208046,420994,93349354,183400216,462951751,408436260,153790768,532310633,127520909,206622619,3808533876,15923689,6,3,4,0,1,4748,1296,61,0,0,0,0,5,74564454,2741711393,13358049,1,132058165,1066822483,2565640,1351520996,1879741161,129839290,109729058,61928477,194837043,5935847,31743179,333840901,306106857,0,0,0,0
1006,109,8834949077,8824166667,10313435,50,364661,104224,40,1962413533,440184,93333712,182437390,463917403,408556242,153689294,532491080,127517787,206563079,3808582135,15904660,6,3,4,0,1,4748,1296,61,0,0,0,0,5,74516614,2741704461,13349319,1,132046465,1066877674,2555341,1345586912,1883873094,129171548,106425103,63320639,194807102,5965158,31743589,327023474,312368861,0,0,0,0
1006,110,8834951116,8824148106,10329375,51,368591,104964,29,1961728050,350211,93382844,183826411,462552090,408413789,153809118,532309084,127045943,206572538,3808502933,15961833,6,3,4,0,1,4748,1296,61,0,0,0,0,5,74504172,2741696261,13386641,1,132068366,1066806672,2575192,1350025822,1888779729,127255407,105312893,60756679,194843193,5930267,31740759,326985257,307461964,0,0,0,0
1006,111,8834949317,8824148026,10330225,51,366371,104604,40,1962503984,404743,93319572,183680276,462700387,408665186,153576710,532497689,127633902,206561226,3808602997,15889060,6,3,4,0,1,4748,1296,61,0,0,0,0,5,74516752,2741658400,13395571,1,132044474,1066944597,2493489,1372807139,1890924876,131305538,80490771,60426565,194806742,5960288,31748449,356531083,325527635,0,0,0,0
1006,112,8834952826,8824166467,10317165,70,363931,105153,40,1967057989,359440,93395705,185189702,461201489,407218301,154925502,532343855,132402832,206646030,3808669649,15805017,6,3,4,0,1,4748,1296,61,0,0,0,0,5,74583874,2741812955,13272937,1,132062156,1066856694,2532080,1395954215,1886166638,125013277,77808335,61785550,194837633,5934867,31742689,222720407,322811446,0,0,0,0
1006,113,8834950436,8824147656,10336456,50,361871,104373,30,1966375337,360559,93378575,184911425,461479197,407460729,154705886,532554980,131503655,206625870,3808785442,15681703,6,3,4,0,1,4748,1296,61,0,0,0,0,5,74571454,2741873967,13160834,1,132054416,1066911475,2520869,1373667034,1889100013,125856548,91349709,61929907,194806642,5967228,31743989,324002113,281441552,0,0,0,0
1006,114,8834953487,8824167197,10311844,51,368571,105773,51,1966098137,318011,93387865,186983326,459417153,407060569,155103727,532328636,131481912,206639719,3808729163,15747293,6,3,4,0,1,4748,1296,61,0,0,0,0,5,74583554,2741841437,13241305,1,132056165,1066887726,2505988,1372451651,1885676873,126324308,95528876,63674870,194836543,5934357,31743459,299917010,287301152,0,0,0,0
1006,115,8834951836,8824147236,10336606,60,362201,105704,29,1966471119,355041,93391964,185285416,461095514,407248313,154918871,532573884,131577437,206616098,3808698960,15774415,6,3,4,0,1,4748,1296,61,0,0,0,0,5,74557624,2741801044,13243136,1,132058474,1066897916,2531279,1391188005,1886532277,125415620,79351705,62212171,194805732,5966728,31744389,320583650,285983740,0,0,0,0
1006,116,8834952697,8824137316,10343996,50,365971,105333,31,1966736288,323659,93382563,186421673,459979848,406613124,155538011,532357545,132098613,206647409,3808670828,15790567,6,3,4,0,1,4748,1296,61,0,0,0,0,5,74590035,2741815014,13254367,1,132057374,1066855814,2536200,1401405394,1881965647,122509005,77347038,60144089,194838353,5935127,31743579,331689187,284795987,0,0,0,0
1006,117,8834951657,8824143106,10339386,60,363381,105684,40,1967373899,369740,93383413,186516235,459866978,407229453,154945883,532557090,132487224,206620469,3808717972,15748924,6,3,4,0,1,4748,1296,61,0,0,0,0,5,74563795,2741791065,13245285,1,132056674,1066926907,2503639,1371478763,1884694013,125547777,99281820,61548896,194804082,5967468,31743619,361238668,286645865,0,0,0,0
1006,118,8834953327,8824150176,10333406,50,364081,105574,40,1966199301,369250,93341075,186566494,459853148,407013863,155124948,532358118,131556334,206641729,3808740032,15738394,6,3,4,0,1,4748,1296,61,0,0,0,0,5,74582524,2741858077,13229335,1,132059205,1066881955,2509059,1388734175,1877276721,125400433,87736229,59555307,194841933,5932107,31743359,338147767,292308714,0,0,0,0
1006,119,8834951917,8824169907,10309135,40,366131,106673,31,1967541073,344301,93388036,185972898,460417794,406963882,155198231,532565333,132672989,206602707,3808698981,15777796,6,3,4,0,1,4748,1296,61,0,0,0,0,5,74546903,2741797425,13247196,1,132055804,1066901556,2530600,1382982736,1879250043,128086912,87301590,61600886,194804572,5966108,31745109,346782097,289377735,0,0,0,0
1006,120,8834952527,8824166517,10315875,50,364171,105883,31,1962255798,334810,93376455,183867348,462528023,407961774,154189209,532355166,127608453,206617568,3808530216,15946670,6,3,4,0,1,4748,1296,61,0,0,0,0,5,74561014,2741734293,13351209,1,132056554,1066795923,2595461,1382899541,1875682214,125525810,88027893,59276170,194844123,5928827,31735388,368600977,319614257,0,0,0,0
1006,121,8834950387,8824141906,10337315,51,366241,104834,40,1962728213,340828,93393137,184195970,462187411,407934702,154241732,532567631,127842780,206599918,3808627489,15844777,6,3,4,0,1,4748,1296,61,0,0,0,0,5,74543453,2741758064,13281927,1,132056465,1066869425,2562850,1352562899,1884476426,124271690,115197250,59582355,194806142,5966538,31737298,356362122,316351911,0,0,0,0
1006,122,8834952257,8824169057,10313575,50,364051,105493,31,1962389362,315230,93385165,183727146,462658454,407730460,154436526,532351684,127762017,206621759,3808585216,15896490,6,3,4,0,1,4748,1296,61,0,0,0,0,5,74558634,2741771104,13319328,1,132063125,1066814112,2577162,1366487855,1884951865,125047022,101254475,57978153,194838473,5933707,31736288,351954065,322504698,0,0,0,0
1006,123,8834949827,8824167977,10315055,50,362811,103903,31,1962635279,373533,93379465,183068234,463322927,408253122,153919721,532569741,127722597,206609009,3808629947,15856438,6,3,4,0,1,4748,1296,61,0,0,0,0,5,74551013,2741733142,13322279,1,132057996,1066896805,2534159,1334950537,1888443918,128965256,119402855,60381002,194806212,5966068,31735288,333055531,327444948,0,0,0,0
1006,124,8834952067,8824141636,10337245,51,367851,105253,31,1962192214,377572,93359045,183635910,462745449,408461182,153698422,532358157,127532048,206621669,3808513894,15955072,6,3,4,0,1,4748,1296,61,0,0,0,0,5,74564004,2741729032,13346100,1,132057665,1066784862,2608972,1366627464,1886860648,122902333,100688915,60302292,194840993,5932337,31741109,342223023,317281910,0,0,0,0
1006,125,8834949917,8824140706,10338485,51,366101,104543,31,1962657860,370863,93357141,182530011,463855080,408260876,153922683,532541700,127795816,206605817,3808594158,15887539,6,3,4,0,1,4748,1296,61,0,0,0,0,5,74549483,2741694832,13356859,1,132056334,1066899326,2530680,1339975797,1884150659,128869621,116428951,61409442,194805102,5965688,31744589,341760802,320042251,0,0,0,0
1006,126,8834952077,8824144716,10334235,51,368371,104664,40,1962360402,305008,93416036,183251480,463137903,407881413,154279029,532362617,127696354,206627669,3808602897,15857828,6,3,4,0,1,4748,1296,61,0,0,0,0,5,74562244,2741756974,13320248,1,132065425,1066845923,2537580,1330229521,1884995996,129556104,123762551,61114708,194840583,5932517,31740728,347314359,322783716,0,0,0,0
1006,127,8834950447,8824166057,10312855,49,366682,104773,31,1962413793,360940,93354036,183036114,463361967,408508251,153659333,532559252,127546098,206611049,3808581365,15892420,6,3,4,0,1,4748,1296,61,0,0,0,0,5,74553764,2741707031,13337439,1,132057285,1066874334,2554981,1348618671,1887008400,125537882,116228087,60932953,194804852,5964898,31738368,349631470,351516753,0,0,0,0
1007,0,8625173759,8614402518,10240054,50,420093,111004,40,1980876645,470183,91883327,188756524,467956906,408140690,154031827,535640071,133978815,206542456,3591665394,15550980,6,3,4,0,1,4537,1224,61,0,0,0,0,5,74313512,2712409986,13040161,1,132228944,879255408,2510819,1244343319,1767396858,175386207,58972854,107023568,205871588,4958566,31674159,240200578,306995038,0,0,0,0
1007,1,8625172718,8614356647,10283835,40,421853,110314,29,1979989256,495957,91858754,185948635,470760754,407383665,154804832,535958863,132751456,206515924,3591702864,15497950,6,3,4,0,1,4537,1224,61,0,0,0,0,5,74313652,2712397794,13023602,1,132202272,879305070,2474348,1206154808,1760355902,172002171,92855779,102625688,205810326,5018508,31678510,261205032,284144453,0,0,0,0
1007,2,8625174869,8614353727,10287795,40,422453,110824,30,1981254477,509396,91855545,185895343,470825728,407392275,154765060,535654624,134337156,206545327,3591650373,15561011,6,3,4,0,1,4537,1224,61,0,0,0,0,5,74316333,2712384445,13062212,1,132228994,879265928,2498799,1208489482,1762270161,172967108,92976356,104089775,205863467,4965817,31673279,247104879,294457498,0,0,0,0
1007,3,8625171709,8614429299,10211143,40,420763,110433,31,1980232683,422131,91926850,185712456,470998402,407259102,154925455,536015015,132950430,206500373,3591658725,15566870,6,3,4,0,1,4537,1224,61,0,0,0,0,5,74299601,2712361825,13080812,1,132200772,879296900,2486058,1209228926,1764128689,168123119,92484811,102723671,205810726,5015228,31679299,302421792,292812386,0,0,0,0
1007,4,8625174979,8614356787,10284815,50,421903,111384,40,1980101080,499045,91864826,184834738,471884070,407171460,154993348,535660203,133175547,206544586,3591635173,15578202,6,3,4,0,1,4537,1224,61,0,0,0,0,5,74315852,2712366705,13080553,1,132228734,879268468,2497649,1207299358,1762695757,180515125,83147342,102929929,205860447,4963917,31681030,289076533,298651461,0,0,0,0
1007,5,8625172848,8614349237,10292315,50,420693,110513,40,1979330934,460944,91869236,184645643,472070698,407082134,155106761,535979774,132092335,206497425,3591631803,15586871,6,3,4,0,1,4537,1224,61,0,0,0,0,5,74293803,2712360664,13078812,1,132203622,879271139,2508059,1203869080,1763475445,180969552,84909208,99792196,205810796,5013968,31681960,315458969,289223500,0,0,0,0
1007,6,8625174249,8614348477,10291605,50,422753,111334,30,1979663907,421481,91937189,185873963,470870456,407119138,155020489,535668675,132732665,206525096,3591676503,15547460,6,3,4,0,1,4537,1224,61,0,0,0,0,5,74296582,2712404605,13052611,1,132228514,879271898,2494849,1229669039,1760770012,176511406,70198560,104558213,205879158,4947536,31676549,288826752,292432502,0,0,0,0
1007,7,8625173408,8614351097,10290425,50,420763,111033,40,1978888818,470934,91871157,186665808,470056581,407254352,154926825,536004016,131610426,206530395,3591604681,15584312,6,3,4,0,1,4537,1224,61,0,0,0,0,5,74329262,2712363724,13044602,1,132201133,879240957,2539710,1225246693,1760795725,181584493,67472617,101950423,205811486,5013958,31680760,298894092,285825708,0,0,0,0
1007,8,8625172789,8614339966,10297196,40,424683,110874,30,1975878387,461446,91907526,183875258,472824921,408205543,153969975,535642021,128960696,206518615,3591485626,15720486,6,3,4,0,1,4537,1224,61,0,0,0,0,5,74293731,2712249249,13188616,1,132224884,879236377,2531870,1202677280,1758527034,171886199,92658164,97088758,205864707,4972107,31668200,320081283,323073716,0,0,0,0
1007,9,8625170518,8614410599,10226343,40,422943,110564,29,1975577276,450545,91915138,183895228,472792359,408501634,153688573,535940032,128355137,206516486,3591544410,15652932,6,3,4,0,1,4537,1224,61,0,0,0,0,5,74314733,2712307203,13109092,1,132201753,879237207,2543840,1207283362,1762347257,177624378,83302581,104819149,205816386,5012468,31679080,313718104,323352918,0,0,0,0
1007,10,8625172879,8614399748,10237344,50,424513,111194,30,1976297850,451904,91913198,185329415,471380344,408691928,153471430,535656052,129379178,206512384,3591577953,15644742,6,3,4,0,1,4537,1224,61,0,0,0,0,5,74287280,2712330125,13124513,1,132225104,879247828,2520229,1205519909,1763530262,173924070,86166137,100974184,205874968,4950786,31678930,307447446,323509383,0,0,0,0
1007,11,8625170779,8614340166,10297626,50,422363,110543,31,1976210475,469545,91892928,184280542,472410184,408915527,153271371,535986544,128950015,206511964,3591504629,15688916,6,3,4,0,1,4537,1224,61,0,0,0,0,5,74311842,2712254411,13159206,1,132200122,879250218,2529710,1180513845,1765139216,168139040,112190628,104469370,205817086,5008318,31682059,328782136,331753924,0,0,0,0
1007,12,8625173139,8614391018,10246074,50,424413,111544,40,1975291790,463114,91920367,184799589,471898081,408004326,154163761,535666503,128343288,206514424,3591544722,15664713,6,3,4,0,1,4537,1224,61,0,0,0,0,5,74287670,2712319105,13124943,1,132226754,879225617,2539770,1192375445,1763133854,176289570,93549263,103336898,205861757,4967727,31673969,299828420,322708231,0,0,0,0
1007,13,8625170869,8614404338,10232424,50,423413,110613,31,1975969639,524537,91830354,182076905,474625513,408504403,153688825,535949543,128728678,206468783,3591589251,15651384,6,3,4,0,1,4537,1224,61,0,0,0,0,5,74268520,2712303363,13155125,1,132200263,879285888,2496259,1168368296,1763648282,179915859,110933090,103984664,205815386,5013368,31676689,284772820,334964947,0,0,0,0
1007,14,8625172969,8614339796,10299636,40,422163,111304,30,1975956109,434494,91944038,184420485,472293223,408560814,153591954,535662722,129022329,206483022,3591500308,15714127,6,3,4,0,1,4537,1224,61,0,0,0,0,5,74281829,2712282161,13166007,1,132201193,879218147,2548120,1201834400,1764799369,174624159,88549566,95812712,205865277,4958177,31679359,300903956,328873934,0,0,0,0
1007,15,8625171128,8614341637,10297645,50,421193,110574,29,1976283610,496955,91876957,183212596,473476122,408646988,153548239,535970445,129024187,206504264,3591484197,15717517,6,3,4,0,1,4537,1224,61,0,0,0,0,5,74305481,2712228580,13192197,1,132198783,879255617,2525320,1173546338,1764917749,170332500,115417830,106910167,205815806,5011208,31676660,322118492,358248253,0,0,0,0
1007,16,8625172369,8614338416,10298856,50,424143,110854,50,1981177255,461916,91908624,186592258,470113502,406969815,155202052,535612642,134294504,206522345,3591649653,15554151,6,3,4,0,1,4537,1224,61,0,0,0,0,5,74287261,2712372885,13065682,1,132235084,879276768,2488469,1211343109,1766651871,170884940,86674841,104721184,205858347,4972367,31680080,298195081,302302335,0,0,0,0
1007,17,8625170098,8614345407,10291925,40,422643,110054,29,1980035886,480525,91893957,186680997,470006272,407211392,154972905,535948602,132819156,206475103,3591653045,15580820,6,3,4,0,1,4537,1224,61,0,0,0,0,5,74274230,2712366727,13084271,1,132200873,879286318,2496549,1203895971,1766481761,174106034,88322019,105241801,205814586,5008078,31687060,292646683,267129869,0,0,0,0
1007,18,8625172149,8614342397,10294595,60,423953,111114,30,1979240611,491334,91867505,185930204,470791897,407251942,154914766,535616950,132355103,206521093,3591680874,15534731,6,3,4,0,1,4537,1224,61,0,0,0,0,5,74285509,2712410366,13041122,1,132235584,879270508,2493609,1223459636,1762544428,174704525,71922956,103200706,205864167,4963297,31681550,285576574,267381339,0,0,0,0
1007,19,8625170299,8614351367,10286805,50,421953,110093,31,1981417341,436022,91931598,185753829,470944420,407425557,154753001,535997423,134150409,206492305,3591681382,15553061,6,3,4,0,1,4537,1224,61,0,0,0,0,5,74291272,2712392024,13056872,1,132201033,879289358,2496189,1203966085,1764965803,171606117,93116321,108703305,205815126,5010558,31684460,319647342,272481910,0,0,0,0
1007,20,8625172119,8614353147,10285295,50,422643,110954,30,1979946764,532235,91849586,186307516,470394564,406965034,155208112,535622313,133048653,206518695,3591682303,15533920,6,3,4,0,1,4537,1224,61,0,0,0,0,5,74283051,2712381684,13069152,1,132235644,879300619,2464768,1208846775,1759524958,175977424,86801673,104270449,205856747,4977287,31675230,313154915,271457852,0,0,0,0
1007,21,8625170289,8614351987,10287395,50,420533,110284,40,1980105450,468015,91892526,185646415,471057144,407324935,154859263,535982354,132854856,206471803,3591681214,15545750,6,3,4,0,1,4537,1224,61,0,0,0,0,5,74294852,2712378594,13063682,1,132176951,879302620,2482068,1202024560,1765009135,172301436,92032044,101729635,205815276,5011778,31683360,333225219,268212659,0,0,0,0
1007,22,8625172489,8614376558,10261854,70,423113,110864,30,1980504873,460013,91906528,187598247,469125774,407259433,154887152,535661884,133586939,206525276,3591685973,15516749,6,3,4,0,1,4537,1224,61,0,0,0,0,5,74289842,2712405034,13032541,1,132235434,879280939,2484208,1212850743,1759114220,170411063,90693927,104438956,205888568,4939936,31681710,307609817,261491154,0,0,0,0
1007,23,8625170399,8614343046,10296556,40,420473,110244,40,1980219564,509706,91850846,187490792,469206506,407266232,154914617,535969584,132986271,206486524,3591672865,15565971,6,3,4,0,1,4537,1224,61,0,0,0,0,5,74285322,2712375645,13078133,1,132201202,879297220,2487838,1225766271,1759721330,177440318,71316798,102254647,205814056,5008038,31687060,341965775,266635087,0,0,0,0
1007,24,8625171769,8614369127,10268955,40,423193,110424,30,1975780371,457215,91895796,183580910,473124860,408579413,153596104,535634571,128883464,206510523,3591617093,15594182,6,3,4,0,1,4537,1224,61,0,0,0,0,5,74278759,2712327114,13116434,1,132231764,879289979,2477748,1188503313,1762708648,171509176,106051989,104902114,205870227,4959327,31678140,316276887,303905660,0,0,0,0
1007,25,8625170009,8614363787,10275135,40,422403,108613,31,1975359730,439615,91907066,183692174,473022626,408314675,153870511,535987864,128087908,206479194,3591596751,15637553,6,3,4,0,1,4537,1224,61,0,0,0,0,5,74275681,2712345884,13109733,1,132203513,879250867,2527820,1181743488,1765160970,172378069,108926088,101109997,205816636,5005968,31685860,305531126,290657236,0,0,0,0
1007,26,8625171969,8614332696,10304946,50,423603,110644,30,1975138395,434595,91911097,185542343,471186777,408304546,153864351,535623863,128233013,206509934,3591587641,15632984,6,3,4,0,1,4537,1224,61,0,0,0,0,5,74277720,2712335353,13120545,1,132232214,879252288,2512439,1193466729,1766118023,183429399,82279358,98298020,205881818,4945106,31680920,315125936,298749250,0,0,0,0
1007,27,8625170019,8614332656,10303746,50,424773,108754,40,1975788585,443585,91909958,184567471,472139198,408651904,153535893,535893951,128611825,206471176,3591573710,15646813,6,3,4,0,1,4537,1224,61,0,0,0,0,5,74285083,2712319403,13123743,1,132186093,879254307,2523070,1196608502,1768261304,178016386,83592226,96570707,205816546,5005978,31685680,337604273,302189523,0,0,0,0
1007,28,8625172079,8614335206,10300856,50,425313,110624,30,1975591761,489165,91873695,184351985,472360284,408829662,153340795,535638004,128674087,206514094,3591560171,15656384,6,3,4,0,1,4537,1224,61,0,0,0,0,5,74277350,2712302783,13153375,1,132236744,879257388,2503009,1206051960,1762829379,175361658,81960583,103555627,205865897,4965497,31675880,314416492,305497335,0,0,0,0
1007,29,8625170178,8614366657,10269355,60,425333,108744,29,1975836366,438954,91889407,182631190,474086679,408134660,154055798,535983523,128584473,206492754,3591578429,15638404,6,3,4,0,1,4537,1224,61,0,0,0,0,5,74286621,2712298441,13139735,1,132206133,879279988,2498669,1173410046,1760964896,172197158,112997851,106596752,205816746,5006338,31685460,310434468,314107003,0,0,0,0
1007,30,8625172169,8614369597,10267245,40,424563,110684,40,1975162055,475384,91892128,183299624,473420856,408236684,153931152,535647694,128225852,206516034,3591628115,15589019,6,3,4,0,1,4537,1224,61,0,0,0,0,5,74282360,2712342816,13111001,1,132233674,879285299,2478018,1175618552,1762522675,183499893,101516565,113531767,205865407,4966787,31675230,295953174,313999043,0,0,0,0
1007,31,8625170189,8614333066,10304646,50,423533,108863,31,1975861508,484565,91880787,182043810,474658698,408744431,153440927,535989124,128585994,206480553,3591541329,15690926,6,3,4,0,1,4537,1224,61,0,0,0,0,5,74274340,2712290012,13163096,1,132206213,879251317,2527830,1173885999,1767050901,171164088,114998722,107968674,205816856,5015198,31676409,331922422,334099871,0,0,0,0
1007,32,8625173669,8614428709,10211243,50,422673,110954,40,1980633186,466397,91901056,186088579,470611990,407551011,154624595,535603763,133755328,206566985,3591643603,15557123,6,3,4,0,1,4537,1224,61,0,0,0,0,5,74340511,2712403726,13029633,1,132226474,879239877,2527490,1225523372,1765696419,171634012,76487255,102053919,205861747,4967767,31679360,298937956,299236321,0,0,0,0
1007,33,8625171469,8614358767,10281685,50,420643,110293,31,1978878401,466484,91889377,185991686,470697554,407731555,154473442,535910711,131683321,206505956,3591693093,15522790,6,3,4,0,1,4537,1224,61,0,0,0,0,5,74305533,2712414135,13020061,1,132200423,879278958,2502729,1228384910,1765431785,170337007,74946009,102058044,205813526,5014608,31680120,331041934,270182280,0,0,0,0
1007,34,8625173249,8614349197,10291615,50,421363,110994,30,1978509359,462363,91913899,186033505,470671863,407819240,154332446,535626845,131616257,206566208,3591679472,15532221,6,3,4,0,1,4537,1224,61,0,0,0,0,5,74340044,2712392813,13054473,1,132226164,879286659,2477748,1205582632,1764865317,181817325,83356717,98737976,205871127,4960257,31675850,325216571,262163837,0,0,0,0
1007,35,8625170729,8614344747,10294885,50,420573,110434,40,1980537763,385232,91972470,185590092,471097735,408058108,154139172,535991494,133273320,206499464,3591745016,15493630,6,3,4,0,1,4537,1224,61,0,0,0,0,5,74302881,2712389486,13062423,1,132196583,879355530,2431207,1228020857,1767979057,170751683,76738880,102918989,205814286,5009378,31684540,337441075,254241640,0,0,0,0
1007,36,8625173619,8614422019,10218303,50,422193,111014,40,1980642335,473054,91920419,186777120,469918538,407468668,154697659,535628702,133726807,206545035,3591641033,15585953,6,3,4,0,1,4537,1224,61,0,0,0,0,5,74318151,2712409686,13049473,1,132226884,879231347,2536480,1238884147,1758226313,169708157,71291255,104309125,205859907,4962667,31684380,316171721,268004023,0,0,0,0
1007,37,8625171698,8614424339,10216103,40,420643,110544,29,1979816960,432013,91903447,186166291,470538589,408121188,154063087,535922825,132637888,206499284,3591656193,15578322,6,3,4,0,1,4537,1224,61,0,0,0,0,5,74302252,2712412205,13036342,1,132197032,879243988,2541980,1238189074,1762758589,181410004,60556112,100875893,205814436,5012978,31681010,335577699,266545960,0,0,0,0
1007,38,8625173789,8614337716,10305696,50,419213,110984,130,1980343679,440862,91943798,187024898,469686701,407317433,154825903,535652703,133419407,206541917,3591679404,15541660,6,3,4,0,1,4537,1224,61,0,0,0,0,5,74315943,2712393535,13060652,1,132225974,879285869,2481008,1199542984,1764795971,176189251,93161726,104490561,205877708,4950376,31680330,332594868,262704552,0,0,0,0
1007,39,8625171718,8614337086,10306126,40,417963,110463,40,1980152719,440211,91926411,185760628,470933739,407397465,154792132,535993025,132874138,206522335,3591623603,15580481,6,3,4,0,1,4537,1224,61,0,0,0,0,5,74325373,2712353374,13067112,1,132196962,879270229,2513369,1208876485,1759532587,176416861,90593610,103767696,205814336,5011418,31682480,361723484,271278264,0,0,0,0
1007,40,8625171199,8614327346,10309816,50,424223,109724,40,1976073291,426573,91972169,182985371,473697137,409051960,153119088,535635202,129161351,206514707,3591526407,15692796,6,3,4,0,1,4537,1224,61,0,0,0,0,5,74290403,2712280490,13169886,1,132224304,879245917,2522910,1187077808,1763367513,175977402,102411682,110552926,205864987,4964027,31673400,361356311,301460941,0,0,0,0
1007,41,8625169458,8614327606,10308126,50,425623,108024,29,1975558537,452662,91932769,183733935,472947593,408938966,153267814,535931310,128310283,206505004,3591427556,15783018,6,3,4,0,1,4537,1224,61,0,0,0,0,5,74302662,2712196129,13232357,1,132202342,879231427,2550661,1202872376,1761858737,182675493,82582600,95773376,205815756,5010048,31683270,361894635,301385848,0,0,0,0
1007,42,8625171229,8614408259,10227963,50,425073,109844,40,1975562327,403764,91959207,185234562,471460568,408949555,153228361,535622881,128673967,206515515,3591540910,15680774,6,3,4,0,1,4537,1224,61,0,0,0,0,5,74290461,2712305743,13147904,1,132225054,879235167,2532870,1198747056,1764342308,177829334,87825041,99513714,205875348,4950076,31674779,354045050,304437844,0,0,0,0
1007,43,8625169429,8614325376,10312336,50,423523,108104,40,1976086294,458712,91925170,183971974,472704994,409176803,153014044,535906411,128887775,206452612,3591528620,15700295,6,3,4,0,1,4537,1224,61,0,0,0,0,5,74251160,2712263111,13187616,1,132201452,879265509,2512679,1176339093,1768403179,172646096,111154317,103825033,205815986,5007058,31685730,345882777,303855660,0,0,0,0
1007,44,8625171439,8614327886,10308016,50,425463,109984,40,1975677961,429843,91966188,182442565,474233255,408919743,153264974,535646773,128744980,206507894,3591483408,15740698,6,3,4,0,1,4537,1224,61,0,0,0,0,5,74282460,2712211510,13244929,1,132225434,879271898,2495769,1176214038,1763179676,178679174,107056401,103198338,205866908,4956986,31676930,335999462,315073056,0,0,0,0
1007,45,8625169469,8614401258,10234594,50,425483,108044,40,1975780296,525545,91850338,184245439,472439988,408667217,153534291,535924333,128549862,206481374,3591456798,15776096,6,3,4,0,1,4537,1224,61,0,0,0,0,5,74279561,2712176120,13274907,1,132201813,879280678,2501189,1167321544,1765144139,180143668,111586709,103527820,205816476,5012638,31679340,330576366,315267168,0,0,0,0
1007,46,8625171519,8614325336,10311876,50,424163,110064,30,1976117615,425404,91984927,181487783,475203096,408959897,153206510,535632773,129189514,206512273,3591553942,15672653,6,3,4,0,1,4537,1224,61,0,0,0,0,5,74286919,2712287364,13171054,1,132225354,879266578,2501599,1170890365,1762560319,182332565,110002037,104598788,205868028,4957456,31683660,318744084,318131677,0,0,0,0
1007,47,8625169729,8614402098,10234364,50,424843,108343,31,1975942111,467734,91913578,183854957,472818089,408970578,153245012,535943642,128690967,206493784,3591499310,15723306,6,3,4,0,1,4537,1224,61,0,0,0,0,5,74291362,2712254402,13189326,1,132202422,879244908,2533980,1182586984,1767284441,174259276,105583314,104531615,205816116,5010018,31678210,371673421,327072951,0,0,0,0
1007,48,8625173229,8614324356,10312826,50,425563,110404,30,1981057899,462625,91895936,185270555,471431685,407328062,154831136,535609030,134201520,206561655,3591648873,15540831,6,3,4,0,1,4537,1224,61,0,0,0,0,5,74329451,2712395645,13023892,1,132232204,879253228,2516939,1215005983,1766754659,175830784,78710208,101034840,205860277,4972237,31678470,359921019,301702973,0,0,0,0
1007,49,8625171528,8614324166,10314036,50,424973,108274,29,1978850680,446531,91930162,186007814,470674622,407200259,154986770,535954481,131615750,206532635,3591671552,15539091,6,3,4,0,1,4537,1224,61,0,0,0,0,5,74331672,2712368353,13057933,1,132200963,879303199,2481158,1213715184,1762412885,170380070,94425905,103934432,205814996,5004338,31691760,370262089,277881533,0,0,0,0
1007,50,8625172219,8614325856,10310256,50,425703,110224,130,1979555751,421761,91947489,186685069,470027689,407300254,154854104,535618892,132670352,206557187,3591631729,15566092,6,3,4,0,1,4537,1224,61,0,0,0,0,5,74325053,2712385072,13049172,1,132232134,879246657,2516920,1238343464,1765982618,169674303,66987486,96601032,205868757,4959837,31681270,365733144,263810461,0,0,0,0
1007,51,8625171548,8614324446,10315616,50,423133,108274,29,1979574974,422043,91964059,187075350,469597226,407180382,154997378,535902020,132412085,206513984,3591685694,15534720,6,3,4,0,1,4537,1224,61,0,0,0,0,5,74316151,2712373035,13059052,1,132197833,879312659,2475668,1051962456,1768974239,158885582,206102702,97067680,205814356,5014038,31682020,380821698,343291985,0,0,0,0
1007,52,8625173189,8614355217,10283105,50,424473,110314,30,1978467839,431873,91932257,186058070,470641000,407134608,155028838,535642203,131573429,206550526,3591641931,15567542,6,3,4,0,1,4537,1224,61,0,0,0,0,5,74318892,2712388324,13050412,1,132231634,879253607,2517130,1263451621,1764022509,167878909,54118092,104138746,205859277,4972967,31678380,343124108,250460186,0,0,0,0
1007,53,8625171688,8614324576,10314106,50,424453,108394,109,1979991859,443084,91924548,187286796,469393932,407306225,154882184,535946340,132781786,206506282,3591651163,15584842,6,3,4,0,1,4537,1224,61,0,0,0,0,5,74308170,2712413245,13035972,1,132198112,879237918,2548870,1247145416,1761118842,177115650,60047313,107413808,205815506,5012768,31683300,360381250,256863170,0,0,0,0
1007,54,8625173949,8614326036,10315376,40,421833,110634,30,1980605147,415891,91940749,186119819,470596760,407325415,154815632,535661753,133701485,206552005,3591651123,15553760,6,3,4,0,1,4537,1224,61,0,0,0,0,5,74320501,2712379375,13056881,1,132231504,879271748,2496879,1206393871,1761289461,175486522,92225046,97462268,205889238,4942306,31679610,344408448,269485446,0,0,0,0
1007,55,8625171778,8614328986,10310636,50,423583,108483,40,1981084631,448011,91927660,186001146,470682382,407284223,154896794,535982324,133835289,206513454,3591664853,15567531,6,3,4,0,1,4537,1224,61,0,0,0,0,5,74313701,2712391375,13051462,1,132199753,879273478,2516069,1219346807,1759826169,175543013,79947629,106889784,205814006,5006258,31689730,359336307,269760111,0,0,0,0
1007,56,8625170959,8614344677,10293965,50,422873,109364,30,1975645858,447623,91927447,182580762,474115097,409423642,152751845,535609393,128762846,206526266,3591526748,15680905,6,3,4,0,1,4537,1224,61,0,0,0,0,5,74299822,2712251670,13187296,1,132226444,879275078,2493609,1211603304,1760304343,170549026,88600759,100734546,205872057,4957297,31675379,368831560,303323550,0,0,0,0
1007,57,8625169029,8614349317,10285245,40,426783,107613,31,1975582267,437170,91929481,184104765,472605434,408522691,153658115,535938044,128351155,206489853,3591594280,15639725,6,3,4,0,1,4537,1224,61,0,0,0,0,5,74290621,2712305541,13143196,1,132199232,879288739,2496529,1212629025,1764765623,174834011,81042513,103388371,205818066,5001688,31683620,375829044,301076466,0,0,0,0
1007,58,8625171389,8614347637,10291815,50,422123,109724,40,1975864355,408302,91963749,184125485,472576784,408787921,153384455,535619134,128972985,206530853,3591508831,15703785,6,3,4,0,1,4537,1224,61,0,0,0,0,5,74303709,2712219152,13229257,1,132227144,879289679,2474528,1181925722,1767532638,173761975,107716045,103829244,205876428,4959746,31667050,371741310,298885218,0,0,0,0
1007,59,8625169388,8614344407,10291825,50,425333,107744,29,1975844795,428572,91944159,183362152,473336906,408967128,153217160,535888660,128664436,206500355,3591535739,15695115,6,3,4,0,1,4537,1224,61,0,0,0,0,5,74300443,2712257450,13186506,1,132199912,879278289,2508609,1202415335,1767320815,182568320,77347392,101328342,205817246,5008638,31678280,364619426,296227665,0,0,0,0
1007,60,8625171179,8614344107,10290895,40,426473,109634,30,1975733271,488384,91891547,184147468,472555251,409472624,152693214,535655664,128799560,206511096,3591557148,15666055,6,3,4,0,1,4537,1224,61,0,0,0,0,5,74280982,2712278950,13180426,1,132230114,879278198,2485629,1211758650,1763851291,172924660,83076076,102199848,205866517,4964027,31673879,241075719,292802123,0,0,0,0
1007,61,8625169409,8614346527,10288285,50,426693,107823,31,1976075062,453302,91894867,183120036,473582913,409188454,152998655,535964632,128839042,206496785,3591471816,15761397,6,3,4,0,1,4537,1224,61,0,0,0,0,5,74295012,2712197798,13248448,1,132201773,879274018,2512949,1206062649,1764516555,174384619,84185540,101026521,205817426,5010418,31676640,357979530,300549069,0,0,0,0
1007,62,8625171439,8614340496,10294566,50,426543,109744,40,1975779244,438743,91953149,183793957,472899862,409267087,152887889,535654854,128852862,206521733,3591584854,15634100,6,3,4,0,1,4537,1224,61,0,0,0,0,5,74295549,2712301155,13147852,1,132226184,879283699,2486248,1202929179,1763535309,177532974,84444900,105221174,205871048,4954636,31678949,344001409,300479766,0,0,0,0
1007,63,8625169418,8614340716,10295566,40,425223,107844,29,1975943318,484845,91878146,184709646,471988853,409571167,152612440,535960205,128705526,206492695,3591606522,15630582,6,3,4,0,1,4537,1224,61,0,0,0,0,5,74291362,2712334034,13118703,1,132201333,879272488,2511879,1207227516,1768028590,179907102,75019108,98866820,205817276,5013258,31673409,367392298,325671736,0,0,0,0
1007,64,8625173729,8614348737,10294425,50,419503,110984,30,1981037902,324519,91971730,186558754,470137744,407311526,154862122,535665764,134183911,206542246,3591678173,15491729,6,3,4,0,1,4537,1224,61,0,0,0,0,5,74302511,2712442566,12979790,1,132239735,879235607,2511939,1203030493,1769482933,178809812,85986611,107353803,205865737,4967177,31677370,303339761,293899827,0,0,0,0
1007,65,8625171439,8614336736,10306316,50,418813,109493,31,1980608978,331122,91931388,185355916,471347061,407457790,154737069,536000335,133416326,206490433,3591620092,15576312,6,3,4,0,1,4537,1224,61,0,0,0,0,5,74296360,2712368795,13043652,1,132194073,879251297,2532660,1217627121,1759037568,171527054,92941290,107429018,205806845,5021079,31680760,349482960,287516687,0,0,0,0
1007,66,8625173539,8614348897,10293605,50,419993,110944,50,1978927192,342079,91957570,187806845,468887664,407365707,154788961,535686055,132068211,206547475,3591574081,15601163,6,3,4,0,1,4537,1224,61,0,0,0,0,5,74310641,2712347764,13077353,1,132236834,879226317,2523810,1232393629,1763331081,179445879,59492546,98745380,205862777,4970877,31674930,309323525,266359049,0,0,0,0
1007,67,8625171388,8614360487,10282615,90,418393,109674,129,1980627405,271218,91975712,186415249,470279248,407399595,154785253,536028674,133432747,206480296,3591642410,15576183,6,3,4,0,1,4537,1224,61,0,0,0,0,5,74289903,2712346712,13083364,1,132190393,879295698,2492819,1015999350,1775535980,159924462,222795990,103986016,205808375,5017479,31682720,328935509,352248342,0,0,0,0
1007,68,8625173639,8614348837,10292965,190,420523,111094,30,1982161537,334480,91985530,187146534,469540625,407044917,155110610,535697984,135270937,206550656,3591606481,15559091,6,3,4,0,1,4537,1224,61,0,0,0,0,5,74309423,2712352293,13066602,1,132241233,879254188,2492489,1241612227,1763489146,173406633,64603624,95629138,205860157,4965687,31682760,306969834,240210732,0,0,0,0
1007,69,8625171569,8614338446,10304436,160,418813,109674,40,1980128582,325510,91953199,186228584,470462967,406861409,155330889,535990121,132935533,206498833,3591619352,15579222,6,3,4,0,1,4537,1224,61,0,0,0,0,5,74299951,2712357444,13055812,1,132198882,879261908,2523410,1248235038,1758995968,176315982,61703975,103317894,205807986,5018478,31683810,340739335,258953744,0,0,0,0
1007,70,8625173759,8614370567,10272465,50,419463,111184,30,1982262069,284318,92015753,186815940,469887466,407017487,155125372,535701214,135391098,206520906,3591648512,15552101,6,3,4,0,1,4537,1224,61,0,0,0,0,5,74286272,2712376623,13071353,1,132234634,879271889,2480748,1207091540,1760391255,182264252,84716572,107520066,205875048,4952576,31682850,316081675,270829769,0,0,0,0
1007,71,8625172199,8614346827,10296555,50,418423,110313,31,1980777462,306610,91947448,185409270,471293169,407219153,154965724,536025885,133581711,206511974,3591628832,15555341,6,3,4,0,1,4537,1224,61,0,0,0,0,5,74321382,2712343443,13052182,1,132190592,879285389,2503159,1203320278,1761749377,176989898,90072933,104938785,205808656,5018978,31682200,321845852,265640174,0,0,0,0
1007,72,8625172319,8614366667,10269475,80,425303,110764,30,1976535508,305062,91982208,183785788,472894270,408843124,153333365,535689684,129653557,206532064,3591395026,15768247,6,3,4,0,1,4537,1224,61,0,0,0,0,5,74288391,2712188749,13229007,1,132243673,879206277,2539240,1202197308,1754299396,181509936,87896888,107046629,205864227,4970287,31668390,356861664,299458151,0,0,0,0
1007,73,8625170219,8614344837,10291245,70,425213,108823,31,1976815046,326070,91965311,183047193,473645954,408605467,153582231,535987064,129622013,206496784,3591504708,15677665,6,3,4,0,1,4537,1224,61,0,0,0,0,5,74310152,2712215259,13187177,1,132186632,879289449,2490488,1199718870,1763430081,174366498,91301534,103260948,205810006,5018768,31698410,348433073,280067811,0,0,0,0
1007,74,8625172559,8614345047,10291235,40,425293,110914,30,1976700133,308938,91975630,185290084,471409216,408746298,153418438,535687813,129825523,206518943,3591582812,15607243,6,3,4,0,1,4537,1224,61,0,0,0,0,5,74275470,2712363855,13080143,1,132243473,879218957,2527100,1209804050,1767453121,177163298,74169358,99611966,205869858,4956036,31676229,340784303,292275589,0,0,0,0
1007,75,8625170478,8614348147,10292605,50,420653,108983,40,1977055475,344312,91941470,183073951,473628476,408759911,153430116,535995995,129843523,206506827,3591448914,15723327,6,3,4,0,1,4537,1224,61,0,0,0,0,5,74309764,2712194497,13196567,1,132197063,879254417,2526760,1189949758,1765074471,181193074,91096834,104153862,205811956,5012878,31699850,334510481,301127149,0,0,0,0
1007,76,8625172899,8614344086,10295946,40,421653,111144,30,1976909971,310171,91989570,183209938,473469890,408504421,153662225,535706356,130022249,206484043,3591570192,15611392,6,3,4,0,1,4537,1224,61,0,0,0,0,5,74269970,2712304093,13129604,1,132214073,879266099,2481788,1180340246,1765463661,176936997,96373367,104586977,205860667,4973167,31667360,314183263,296941595,0,0,0,0
1007,77,8625170569,8614344787,10291655,60,424963,109073,31,1977182190,336702,91921549,183881948,472831251,408745909,153443777,536026224,129943647,206452764,3591505060,15726745,6,3,4,0,1,4537,1224,61,0,0,0,0,5,74245131,2712276293,13176125,1,132207633,879228767,2550620,1202036177,1767103853,178584773,78749285,102061738,205809545,5022349,31676160,334347573,309415685,0,0,0,0
1007,78,8625172629,8614342037,10298755,50,420773,110984,30,1976679191,283570,92007899,184326143,472366706,408659569,153498517,535694645,129810593,206495213,3591530541,15660993,6,3,4,0,1,4537,1224,61,0,0,0,0,5,74252780,2712312584,13133413,1,132242433,879217957,2527580,1190561763,1767083302,165021369,102519785,109407342,205863947,4961287,31680380,332270366,307380960,0,0,0,0
1007,79,8625170879,8614345997,10295665,50,419833,109303,31,1977134496,297581,91954250,183347471,473347845,409108533,153081855,536038736,129921605,206504796,3591580140,15586612,6,3,4,0,1,4537,1224,61,0,0,0,0,5,74307863,2712308382,13081973,1,132196933,879271758,2504639,1184283775,1766235537,176489188,98527402,104531566,205809986,5014888,31676299,334088087,325491898,0,0,0,0
1007,80,8625173609,8614359227,10280965,40,422663,110684,30,1980400738,352209,91959530,186509392,470204817,407427338,154726129,535657403,133543952,206538335,3591653214,15546121,6,3,4,0,1,4537,1224,61,0,0,0,0,5,74306681,2712395246,13040542,1,132231654,879257968,2505579,1216915179,1766985507,181270612,69396580,104673782,205857637,4972017,31680110,392894155,291760431,0,0,0,0
1007,81,8625171268,8614329356,10308606,80,424093,109104,29,1980578594,355092,91933658,186335985,470381193,407343686,154832811,535976184,133393553,206497775,3591693245,15537840,6,3,4,0,1,4537,1224,61,0,0,0,0,5,74297643,2712339223,13107784,1,132200132,879354022,2430056,1219290943,1766153552,181233042,68578135,100686347,205813606,5008698,31688040,390047970,265502727,0,0,0,0
1007,82,8625173369,8614338196,10301916,160,422043,110944,110,1980553205,349169,91938569,186306948,470425361,407483360,154666047,535659073,133705175,206525244,3591626523,15583402,6,3,4,0,1,4537,1224,61,0,0,0,0,5,74292150,2712362285,13086593,1,132233094,879264238,2496809,1206725007,1769455693,169822342,90358500,101423186,205869407,4956777,31681930,392052296,256679977,0,0,0,0
1007,83,8625171498,8614334296,10308166,260,419573,109174,29,1980126370,335138,91950401,186484201,470242869,407399546,154773060,536014474,132904902,206491954,3591649644,15583721,6,3,4,0,1,4537,1224,61,0,0,0,0,5,74294351,2712379296,13068822,1,132197603,879270348,2514899,1239078164,1762885659,184543826,56177181,104199355,205812466,5012328,31683540,415020959,258557875,0,0,0,0
1007,84,8625172979,8614355007,10285825,40,421173,110904,30,1981175924,406573,91943237,187555426,469147544,407211380,154944406,535665583,134283024,206528325,3591620882,15588751,6,3,4,0,1,4537,1224,61,0,0,0,0,5,74294571,2712389905,13060171,1,132233754,879230977,2528580,1232818555,1764830704,177497003,63222056,101560364,205856067,4975797,31677000,388868098,262329814,0,0,0,0
1007,85,8625171458,8614352747,10287415,40,421933,109294,29,1980726760,363231,91911358,186604623,470124316,407855450,154318296,536016945,133509590,206502825,3591701515,15524819,6,3,4,0,1,4537,1224,61,0,0,0,0,5,74301282,2712341884,13100903,1,132201543,879359631,2423916,1225219558,1765967306,172116386,69532051,104431802,205813796,5013268,31682710,399275253,257124300,0,0,0,0
1007,86,8625173659,8614352337,10287025,40,423263,110964,30,1981937468,332861,91953197,187709311,469022539,407154869,154978447,535697236,135069268,206534845,3591625682,15581182,6,3,4,0,1,4537,1224,61,0,0,0,0,5,74301521,2712373074,13071603,1,132233324,879252608,2509579,1197542878,1761743615,167047883,102886655,105032432,205891238,4935366,31682250,394763484,266732386,0,0,0,0
1007,87,8625171659,8614357237,10286285,50,418713,109343,31,1981326861,407873,91906547,186261955,470462575,407300253,154870003,536012635,134080686,206473680,3591631354,15595912,6,3,4,0,1,4537,1224,61,0,0,0,0,5,74297869,2712338714,13103444,1,132175811,879292640,2492468,1201757692,1763565613,174869507,93342578,98257802,205812976,5009718,31686190,417429299,260898990,0,0,0,0
1007,88,8625172499,8614342197,10299765,40,421663,108804,30,1975883138,317109,91953649,181902288,474798341,408579133,153585554,535671153,129042959,206528535,3591531350,15680065,6,3,4,0,1,4537,1224,61,0,0,0,0,5,74297851,2712292383,13152575,1,132230684,879238967,2527490,1176628900,1762537728,182418056,104045155,103393695,205877458,4953766,31676160,412395266,282956101,0,0,0,0
1007,89,8625170728,8614339777,10302355,40,421493,107014,49,1976272619,355420,91955811,183237119,473484930,408829963,153345774,536013715,129010718,206482595,3591513469,15725925,6,3,4,0,1,4537,1224,61,0,0,0,0,5,74285322,2712247411,13211336,1,132197273,879266058,2514589,1184868763,1762992946,179409303,98212895,105209437,205816086,5005858,31683170,388965802,303506172,0,0,0,0
1007,90,8625172319,8614340006,10295916,80,427183,109104,30,1976640261,317217,91956761,184841620,471879699,408064799,154088917,535675123,129789423,206534235,3591493898,15720417,6,3,4,0,1,4537,1224,61,0,0,0,0,5,74300711,2712263121,13186677,1,132233524,879230777,2533740,1200494294,1764052231,178735498,81420854,100700615,205880998,4945306,31679999,379438057,302285452,0,0,0,0
1007,91,8625170678,8614337026,10299156,40,427313,107114,29,1976959840,317480,91953788,184252421,472464729,408997585,153178671,536017205,129747100,206489605,3591607141,15617213,6,3,4,0,1,4537,1224,61,0,0,0,0,5,74289292,2712279441,13167406,1,132200313,879327700,2449807,1190224590,1767652402,184238025,83019252,101623130,205815686,5007998,31682719,378212247,299439738,0,0,0,0
1007,92,8625172839,8614359547,10279075,50,425063,109074,30,1976612999,344352,91952939,184425046,472280472,408595974,153556343,535688505,129748041,206525277,3591488636,15723457,6,3,4,0,1,4537,1224,61,0,0,0,0,5,74289503,2712246619,13206437,1,132235774,879242017,2517020,1164722694,1767732978,176123943,112362461,105395755,205863737,4968527,31674590,373657553,303134486,0,0,0,0
1007,93,8625170848,8614361787,10279825,50,421933,107224,29,1976944923,353162,91913147,184393983,472334667,408244635,153934841,535987984,129757231,206491364,3591509970,15721535,6,3,4,0,1,4537,1224,61,0,0,0,0,5,74281731,2712260293,13191555,1,132209633,879249677,2529980,1191292808,1765315380,176232397,89658599,102579029,205815476,5006978,31687640,358947607,318999399,0,0,0,0
1007,94,8625172919,8614336326,10303456,50,423913,109134,40,1976576447,363442,91963600,183378473,473336294,408352308,153791529,535699924,129666798,206502975,3591501187,15711367,6,3,4,0,1,4537,1224,61,0,0,0,0,5,74265331,2712243739,13208958,1,132237644,879257448,2502409,1156487571,1768205956,182406333,112880769,104868054,205867337,4963667,31670389,364825594,309013128,0,0,0,0
1007,95,8625170909,8614341427,10298975,50,423163,107254,40,1976831148,350203,91929008,182789651,473927415,408878745,153295593,536018016,129616056,206492524,3591488267,15738567,6,3,4,0,1,4537,1224,61,0,0,0,0,5,74291131,2712238710,13207067,1,132201393,879249557,2531500,1166717069,1766693232,175423908,113966881,106873292,205815736,5013108,31673039,388715725,330222338,0,0,0,0
1007,96,8625173649,8614338176,10300806,50,423873,110704,40,1980592007,439436,91938327,184668344,472014403,407431528,154790289,535586763,133701525,206528444,3591757278,15441716,6,3,4,0,1,4537,1224,61,0,0,0,0,5,74292530,2712425638,13012019,1,132235914,879331640,2429697,1213042419,1769681206,170305736,79700053,102509615,205860977,4967967,31681410,304917021,295143289,0,0,0,0
1007,97,8625171398,8614358737,10280535,70,422583,109433,40,1980151018,427982,91926176,186478883,470207466,407260612,154968906,535924633,132925929,206464464,3591554859,15666594,6,3,4,0,1,4537,1224,61,0,0,0,0,5,74266251,2712387384,13053042,1,132198213,879167475,2613552,1219523588,1764866294,173935408,73297661,104576459,205811055,5019949,31678320,225519065,263634695,0,0,0,0
1007,98,8625172819,8614357097,10284065,60,421233,110334,30,1981563516,426402,91953148,185990119,470709152,406982364,155219222,535598443,134669634,206514725,3591675063,15542182,6,3,4,0,1,4537,1224,61,0,0,0,0,5,74284831,2712428845,13030033,1,132229894,879246218,2512149,1207857504,1765283910,173483729,84177053,105284596,205861657,4969987,31673129,277308712,266284207,0,0,0,0
1007,99,8625170519,8614340177,10299235,60,421443,109573,31,1981839993,363001,91984850,187116572,469567707,407363645,154887454,535964733,134557812,206453123,3591692514,15551622,6,3,4,0,1,4537,1224,61,0,0,0,0,5,74257481,2712431775,13030173,1,132195642,879260739,2521449,1206400584,1763994637,179236782,84415854,104212804,205811296,5018538,31679860,313712690,267542968,0,0,0,0
1007,100,8625173589,8614339006,10299786,50,424003,110714,30,1979048448,440004,91952388,186733142,469959019,407230120,154978017,535595361,132138607,206500365,3591686135,15530589,6,3,4,0,1,4537,1224,61,0,0,0,0,5,74263891,2712432327,13022720,1,132236474,879253808,2507869,1234894337,1757018089,177088662,65198067,103464252,205857997,4966537,31679949,294332157,269314012,0,0,0,0
1007,101,8625171609,8614358857,10280585,40,422333,109763,31,1979332465,419043,91931507,186714550,469986510,407183500,155045108,535939573,132092202,206456233,3591697425,15545720,6,3,4,0,1,4537,1224,61,0,0,0,0,5,74259180,2712420557,13040251,1,132197053,879276868,2505469,1210678897,1764320430,173869601,81489487,105694110,205808315,5020359,31681560,315592766,266922197,0,0,0,0
1007,102,8625173579,8614341076,10299656,70,421883,110864,30,1982884808,381171,92012850,187057751,469616498,407303423,154884443,535628064,135981237,206511986,3591757905,15458818,6,3,4,0,1,4537,1224,61,0,0,0,0,5,74278662,2712417905,13034591,1,132233324,879340000,2424227,1206087672,1766873902,175704408,82070268,106167913,205879528,4951326,31679410,291843440,259089096,0,0,0,0
1007,103,8625171698,8614338236,10304176,50,419513,109683,40,1979161132,381443,91969039,187229264,469452375,407298913,154934894,535971874,131889139,206454873,3591649402,15570422,6,3,4,0,1,4537,1224,61,0,0,0,0,5,74255321,2712394304,13045862,1,132199552,879255098,2524560,1224535388,1764878801,178034490,62640348,98577088,205811286,5014078,31683540,329972194,264500373,0,0,0,0
1007,104,8625170869,8614359597,10279705,50,422423,109044,50,1976578489,377952,92004910,183702033,472971305,408674006,153547043,535612152,129656976,206457894,3591519889,15691614,6,3,4,0,1,4537,1224,61,0,0,0,0,5,74259911,2712288452,13161484,1,132197983,879231437,2530130,1203745098,1763234546,176359253,84220635,102514991,205864367,4967487,31670399,355865334,291917533,0,0,0,0
1007,105,8625169169,8614338316,10298086,60,425283,107304,120,1976423935,371590,91989322,183663022,473002894,408234963,154000326,535931692,129194932,206469924,3591435606,15790637,6,3,4,0,1,4537,1224,61,0,0,0,0,5,74274921,2712173648,13270128,1,132195003,879261958,2520509,1181533179,1764603935,177237456,101992719,104705514,205812846,5013748,31690310,328746693,297195855,0,0,0,0
1007,106,8625170859,8614336686,10300446,50,424513,109134,30,1975774784,375003,92001418,183877561,472797978,408770329,153439770,535614221,128870363,206475764,3591573590,15653744,6,3,4,0,1,4537,1224,61,0,0,0,0,5,74251230,2712305402,13157805,1,132224534,879268188,2495939,1185590884,1766010000,174981662,100462477,105999540,205867587,4957237,31677140,319157282,297703373,0,0,0,0
1007,107,8625169078,8614338616,10300556,40,422413,107424,29,1976842459,411502,91973712,184596110,472067216,408895706,153344922,535931703,129584294,206444111,3591486480,15744326,6,3,4,0,1,4537,1224,61,0,0,0,0,5,74250509,2712237072,13214576,1,132193602,879249408,2529750,1196625780,1767602266,186943823,76291106,102701791,205813956,5008358,31690470,322175896,294735869,0,0,0,0
1007,108,8625171039,8614336546,10298116,50,427033,109264,30,1976931340,367062,92010720,183943242,472716366,408914296,153307612,535631211,130016691,206445762,3591579112,15641313,6,3,4,0,1,4537,1224,61,0,0,0,0,5,74247219,2712315544,13143194,1,132198543,879263568,2498119,1178847776,1764681221,180581270,98732932,99624268,205865537,4960797,31677240,316161862,294969976,0,0,0,0
1007,109,8625169129,8614338936,10296446,70,426313,107324,40,1976684944,475423,91887649,183837418,472839919,408708339,153539309,535942374,129423520,206455101,3591576112,15664894,6,3,4,0,1,4537,1224,61,0,0,0,0,5,74259279,2712306203,13152805,1,132195822,879269909,2512089,1175043433,1764249188,175636742,105510947,107917011,205814116,5014618,31688620,312389666,308983597,0,0,0,0
1007,110,8625171139,8614336836,10300426,190,424363,109294,30,1976775115,380442,92007790,184414668,472267681,408561215,153639243,535627603,129838592,206489352,3591535400,15686745,6,3,4,0,1,4537,1224,61,0,0,0,0,5,74265009,2712283012,13172676,1,132224343,879252388,2514069,1182968724,1768043193,174590918,99592584,101606064,205865527,4962977,31679610,308646469,306199327,0,0,0,0
1007,111,8625169428,8614356967,10282195,50,422453,107734,29,1976925907,400651,91945509,183622522,473050925,408724331,153527098,535946351,129679081,206470374,3591349453,15882192,6,3,4,0,1,4537,1224,61,0,0,0,0,5,74271451,2712141037,13311281,1,132198923,879208416,2570911,1197771240,1768686723,181800169,78985854,104664588,205814506,5013328,31679810,341232990,333004143,0,0,0,0
1007,112,8625173209,8614347697,10292235,40,423253,109934,50,1979229133,371792,91954198,186633069,470067369,407113598,155040341,535620821,132397493,206560387,3591608111,15588452,6,3,4,0,1,4537,1224,61,0,0,0,0,5,74326833,2712375564,13050722,1,132233554,879232547,2537730,1218098901,1766159654,178416482,71543562,102895709,205859657,4972397,31679760,227259589,319502312,0,0,0,0
1007,113,8625171629,8614341287,10300275,40,422213,107783,31,1979596894,390513,91957368,184534480,472158948,407414816,154762951,535983764,132366593,206508256,3591666004,15573490,6,3,4,0,1,4537,1224,61,0,0,0,0,5,74307313,2712384016,13071481,1,132200943,879281988,2502009,1197614480,1769176559,177746881,86623048,102453604,205810915,5008519,31690770,320971250,283097225,0,0,0,0
1007,114,8625171809,8614341486,10298996,50,421443,109804,30,1981502135,353178,91981210,187438582,469281168,407017033,155122533,535646662,134643323,206551247,3591648052,15555201,6,3,4,0,1,4537,1224,61,0,0,0,0,5,74316793,2712397234,13044822,1,132234454,879250818,2510379,1198881916,1765966151,182396956,85120766,104366486,205868787,4959997,31679670,299685821,285691393,0,0,0,0
1007,115,8625171689,8614347807,10294655,60,421283,107853,31,1979932726,351091,91995051,186707309,469980157,407029416,155139022,535932912,132776084,206500154,3591649173,15584182,6,3,4,0,1,4537,1224,61,0,0,0,0,5,74305652,2712375894,13069763,1,132194502,879273279,2514419,1216561368,1765633247,172034252,79229129,103692906,205812296,5018198,31678800,322987328,287257706,0,0,0,0
1007,116,8625172579,8614340366,10300986,320,421053,109824,30,1981888238,339831,91980029,186614776,470084102,407274416,154877331,535668103,135028097,206542726,3591723694,15495800,6,3,4,0,1,4537,1224,61,0,0,0,0,5,74309682,2712385894,13062623,1,132233044,879337800,2433177,1225107636,1765117197,172108325,71784189,104671909,205858467,4974647,31678660,324671225,278104754,0,0,0,0
1007,117,8625171738,8614348607,10292575,150,422423,107954,29,1980431529,372760,91959858,186042879,470645062,407039844,155141772,535954773,133256299,206500675,3591673874,15567822,6,3,4,0,1,4537,1224,61,0,0,0,0,5,74302722,2712389786,13064843,1,132197953,879284088,2502979,1201764434,1764938335,171641000,95321671,105429272,205811396,5020558,31679060,361506681,288762302,0,0,0,0
1007,118,8625174059,8614341546,10299976,50,422293,110164,30,1979606994,322070,91995000,188904867,467806491,407058965,155079232,535678795,132739051,206544825,3591737206,15476899,6,3,4,0,1,4537,1224,61,0,0,0,0,5,74312591,2712454458,12991340,1,132232234,879282748,2485559,1215625190,1759566513,176460185,81479323,101127824,205892858,4934796,31682220,336266749,288349911,0,0,0,0
1007,119,8625171929,8614348557,10294115,40,421113,108064,40,1981677042,396793,91961939,186023805,470667563,407246291,154927377,535995483,134436467,206502773,3591674984,15567681,6,3,4,0,1,4537,1224,61,0,0,0,0,5,74303620,2712381806,13071632,1,132199153,879293178,2496049,1210549207,1760637974,177002341,83184587,101981128,205811956,5009268,31688210,345381656,285902352,0,0,0,0
1007,120,8625171139,8614338957,10298605,90,424673,108784,30,1976761294,330611,91972181,184604973,472097485,408132230,154023357,535658611,129900807,206546435,3591531009,15680336,6,3,4,0,1,4537,1224,61,0,0,0,0,5,74311641,2712299842,13142756,1,132234794,879231167,2537580,1206358283,1758343726,180381908,80692866,102360644,205871288,4957466,31682560,352923782,324727847,0,0,0,0
1007,121,8625169238,8614340776,10296796,50,424513,107063,40,1976906879,377671,91971860,183511577,473190291,407860523,154317764,535991654,129652579,206487162,3591579521,15660795,6,3,4,0,1,4537,1224,61,0,0,0,0,5,74287779,2712317483,13141716,1,132199383,879262038,2519079,1182137287,1765044740,184485438,96296397,95377425,205814646,5006108,31681399,336014361,317346423,0,0,0,0
1007,122,8625171589,8614337576,10298826,50,425943,109154,40,1976623199,317832,91999129,185541580,471159229,408159722,153995854,535657955,129766730,206539767,3591540790,15670814,6,3,4,0,1,4537,1224,61,0,0,0,0,5,74305573,2712319873,13130554,1,132234194,879220917,2540260,1191765710,1765390907,174626955,95953804,100055391,205880498,4951966,31673040,331069336,318846880,0,0,0,0
1007,123,8625169699,8614338947,10301405,40,422003,107174,130,1977134496,337611,91994940,183461486,473237473,408632396,153542360,535969384,129938276,206494594,3591560249,15674315,6,3,4,0,1,4537,1224,61,0,0,0,0,5,74297331,2712293811,13158836,1,132197263,879266438,2515479,1172630588,1766821611,174037806,113078812,104366973,205813186,5010048,31681419,318941959,325568916,0,0,0,0
1007,124,8625171419,8614355277,10279665,40,427283,109114,40,1975964160,363280,91943759,184117407,472584953,407984163,154167353,535686803,129085180,206531846,3591514009,15699205,6,3,4,0,1,4537,1224,61,0,0,0,0,5,74294092,2712296972,13154875,1,132237754,879217037,2544330,1194223150,1765990983,182583371,84685447,98395018,205866307,4964387,31678530,323269111,321507189,0,0,0,0
1007,125,8625169649,8614336506,10298456,80,427283,107284,40,1977072014,345280,91952530,183260521,473432867,408573083,153606195,535981163,129885725,206503483,3591536710,15697866,6,3,4,0,1,4537,1224,61,0,0,0,0,5,74296260,2712264012,13187897,1,132207223,879272698,2509969,1171525440,1764831397,177229169,108279038,98118059,205813556,5011688,31676930,324620024,321473217,0,0,0,0
1007,126,8625171609,8614337557,10297315,50,427503,109154,30,1976855138,320590,91988970,183445466,473255794,408352167,153796151,535687412,129972327,206530634,3591671505,15547531,6,3,4,0,1,4537,1224,61,0,0,0,0,5,74296540,2712325704,13126125,1,132234094,879345801,2421406,1164150508,1767660306,179342988,111809957,102517648,205870098,4958886,31677050,322972024,318796246,0,0,0,0
1007,127,8625169639,8614334856,10305386,50,422013,107294,40,1977003690,389233,91942388,182888508,473802571,408693406,153483320,535977603,129796760,206493944,3591550970,15687665,6,3,4,0,1,4537,1224,61,0,0,0,0,5,74289801,2712295952,13162886,1,132204143,879255018,2524779,1177832821,1766957872,175269895,108049012,100870824,205813996,5018128,31672860,338815977,352643262,0,0,0,0
1008,0,8730144266,8719408517,10290025,50,361122,84522,30,2054185404,514287,93418333,194027787,476170450,426482116,156187169,570609995,136750287,207818186,3575775587,15959604,6,3,4,0,1,4581,1240,61,0,0,0,0,5,75184448,2642565773,13389413,1,132633738,933209814,2570191,1257260357,1773558295,148063138,60146102,84956173,193001391,4946786,31768576,231979468,357570000,0,0,0,0
1008,1,8730144025,8719474288,10224833,40,360522,84312,30,2053192123,504297,93325410,192879893,477374987,426038983,156641411,570769641,135640453,207839515,3575791238,15925863,6,3,4,0,1,4581,1240,61,0,0,0,0,5,75188646,2642560953,13379803,1,132650869,933230285,2546060,1218393829,1768956463,150940256,91213647,84861308,192958269,4990028,31774316,247276890,336054050,0,0,0,0
1008,2,8730145005,8719414686,10285585,60,360932,83712,30,2053752501,525556,93412915,192079658,478115720,425993788,156690967,570598426,136309401,207841255,3575795679,15915331,6,3,4,0,1,4581,1240,61,0,0,0,0,5,75207357,2642551314,13381211,1,132633898,933244365,2534120,1218675609,1770453648,152014758,91193586,85550832,192996030,4952427,31774576,251269309,340991776,0,0,0,0
1008,3,8730143395,8719417496,10281465,50,361182,83172,30,2052543303,406075,93426712,191224591,479016709,425820234,156850811,570766342,135013030,207822596,3575829769,15914933,6,3,4,0,1,4581,1240,61,0,0,0,0,5,75170797,2642601924,13366943,1,132651799,933227845,2547990,1221617867,1775597832,136771223,99198490,86558349,192957699,4990048,31770555,289420785,334706026,0,0,0,0
1008,4,8730146876,8719414327,10284905,50,362162,85392,40,2052230234,520066,93425400,191375904,478817477,425825533,156843660,570627825,134766934,207830637,3575778116,15951134,6,3,4,0,1,4581,1240,61,0,0,0,0,5,75199789,2642561582,13383913,1,132630848,933216534,2567221,1219894977,1770584167,154369539,87328811,85399431,192996100,4951847,31768386,283725630,337457585,0,0,0,0
1008,5,8730144975,8719413986,10285235,50,360272,85402,30,2053580307,494546,93370453,191597470,478639266,425426323,157260705,570784653,135989222,207820415,3575787047,15946644,6,3,4,0,1,4581,1240,61,0,0,0,0,5,75169316,2642571413,13386403,1,132651099,933215634,2560241,1216874520,1770661045,156990322,86774994,84275626,192958219,4989778,31774846,304968209,332889519,0,0,0,0
1008,6,8730145795,8719410286,10289135,40,362182,84122,30,2052301183,489756,93444692,191121159,479096182,425845095,156807848,570625717,134844693,207848587,3575801557,15907433,6,3,4,0,1,4581,1240,61,0,0,0,0,5,75214288,2642615904,13312041,1,132634299,933185653,2595392,1242277660,1769317527,146766868,75151544,86014673,193000910,4947477,31766985,277935740,328810711,0,0,0,0
1008,7,8730143596,8719410166,10288856,50,360992,83492,40,2052378148,486657,93376951,192554900,477679470,426193865,156485128,570774583,134809375,207827086,3575776607,15947604,6,3,4,0,1,4581,1240,61,0,0,0,0,5,75175437,2642557012,13390434,1,132651649,933219595,2557170,1238160640,1769222484,155345533,69306465,80900698,192957089,4989918,31764915,291936525,335676447,0,0,0,0
1008,8,8730145096,8719399846,10299576,40,361042,84552,40,2049265439,463776,93475064,190903641,479276315,426664584,156009032,570614486,131833409,207795515,3575608900,16134150,6,3,4,0,1,4581,1240,61,0,0,0,0,5,75163457,2642429297,13532328,1,132632058,933179603,2601822,1215428876,1767681071,151192536,89110604,85635465,192996300,4947967,31773476,308307794,362981181,0,0,0,0
1008,9,8730142686,8719402916,10296296,40,359682,83712,40,2049183499,400631,93441723,190264199,479972279,426559998,156110877,570787443,131621772,207778575,3575706944,16051418,6,3,4,0,1,4581,1240,61,0,0,0,0,5,75135987,2642526991,13454866,1,132642588,933179953,2596552,1220017755,1771047096,154154949,82604865,84218756,192957259,4986298,31766355,306165659,367933562,0,0,0,0
1008,10,8730145076,8719398156,10300246,40,362912,83692,30,2049603629,442292,93471448,190511576,479663589,426655003,156020703,570612186,132203653,207836816,3575671204,16034915,6,3,4,0,1,4581,1240,61,0,0,0,0,5,75204178,2642482971,13441823,1,132632638,933188233,2593092,1219440431,1771907518,148799772,87001506,83517690,192994530,4948267,31773205,300931109,366775137,0,0,0,0
1008,11,8730142826,8719401786,10297346,40,359782,83832,40,2049487036,462646,93395842,190928470,479310597,426795007,155875929,570760860,131935264,207790844,3575617883,16128758,6,3,4,0,1,4581,1240,61,0,0,0,0,5,75149246,2642446230,13526626,1,132641598,933171653,2602132,1193314858,1773680250,145942662,109520341,89523329,192957309,4985618,31767085,324744132,374176475,0,0,0,0
1008,12,8730145225,8719398385,10302506,50,360712,83542,30,2048756239,440952,93483367,191338911,478829155,426502366,156186799,570608567,131336282,207791894,3575612601,16130150,6,3,4,0,1,4581,1240,61,0,0,0,0,5,75160206,2642441908,13518578,1,132631688,933170693,2611572,1206448055,1771682611,152613798,91385216,82897252,192995420,4947097,31767015,297781429,368182286,0,0,0,0
1008,13,8730143175,8719398895,10300806,50,359112,84282,30,2049465527,461358,93372709,189138113,481102566,426889888,155800757,570786913,131890772,207777194,3575661274,16102858,6,3,4,0,1,4581,1240,61,0,0,0,0,5,75135816,2642465150,13522057,1,132641378,933196124,2580801,1181430464,1772569223,159266398,108615514,83938269,192957429,4985348,31770035,280914824,375206412,0,0,0,0
1008,14,8730146135,8719445387,10253764,50,361782,85122,30,2049237754,435674,93512407,190127592,480040234,426452386,156215089,570614565,131812039,207803975,3575633732,16098848,6,3,4,0,1,4581,1240,61,0,0,0,0,5,75173217,2642469710,13480345,1,132630758,933164022,2618503,1221667742,1770371977,148999122,88153658,84701166,193002830,4940167,31767165,299809460,377230167,0,0,0,0
1008,15,8730143065,8719398205,10300826,40,360272,83692,30,2049568821,482847,93364972,188982409,481246959,427326492,155354272,570779624,132010805,207805415,3575734126,15991205,6,3,4,0,1,4581,1240,61,0,0,0,0,5,75163417,2642435749,13515447,1,132641998,933298377,2475758,1184344596,1774859695,150814355,108757510,86689905,192957839,4986278,31774276,325947200,398185550,0,0,0,0
1008,16,8730143976,8719442078,10256464,40,361682,83682,30,2050967279,531718,93416143,191713765,478479300,425312918,157348058,570602935,133542275,207808937,3575758397,15982605,6,3,4,0,1,4581,1240,61,0,0,0,0,5,75176468,2642523882,13436515,1,132632469,933234515,2546090,1221865696,1774326638,151480237,83797096,88044822,192991720,4956847,31769286,281358257,338216617,0,0,0,0
1008,17,8730142386,8719407197,10292155,50,359062,83892,30,2052754867,518297,93367982,193154849,477081270,425686927,156985827,570778712,135167066,207805765,3575746336,16004976,6,3,4,0,1,4581,1240,61,0,0,0,0,5,75156957,2642526992,13448675,1,132648808,933219344,2556301,1216019256,1772948336,150906051,87477748,86484733,192956239,4992118,31770716,281607469,321231923,0,0,0,0
1008,18,8730143986,8719445538,10252354,50,362212,83802,30,2053479393,516927,93424362,191817408,478382761,425795274,156869670,570608026,136048393,207803577,3575718224,16025247,6,3,4,0,1,4581,1240,61,0,0,0,0,5,75169018,2642519461,13444255,1,132634559,933198763,2580992,1238042802,1768401213,149756998,73268642,85944749,192984320,4962927,31769316,272729174,312775378,0,0,0,0
1008,19,8730142566,8719403557,10294435,50,360712,83782,30,2053627298,438664,93434005,191759976,478480531,426235340,156431347,570773323,136058672,207818385,3575855170,15884281,6,3,4,0,1,4581,1240,61,0,0,0,0,5,75169006,2642630375,13334321,1,132649379,933224795,2549960,1214513941,1774079967,150321070,91422275,88993005,192956239,4992218,31769165,300509755,310507586,0,0,0,0
1008,20,8730143895,8719408795,10289696,50,361632,83692,30,2052607785,554538,93386661,192140260,478055058,425349289,157338117,570586015,135182636,207803135,3575772356,15961064,6,3,4,0,1,4581,1240,61,0,0,0,0,5,75173087,2642543062,13408383,1,132630048,933229294,2552681,1220327208,1767724901,154108776,86621122,86402443,192987850,4960397,31769386,298943689,314462857,0,0,0,0
1008,21,8730142505,8719452317,10247154,40,359082,83862,50,2054484895,488038,93375012,191522267,478719550,425884188,156795627,570774894,136910780,207822294,3575777627,15954744,6,3,4,0,1,4581,1240,61,0,0,0,0,5,75172576,2642534362,13424084,1,132649718,933243265,2530660,1214735715,1771387078,151608971,91210956,85876948,192956409,4992018,31770035,317933844,311445982,0,0,0,0
1008,22,8730144565,8719405986,10293295,90,361072,84092,30,2052698625,505807,93435422,192158881,478063120,425302995,157339098,570634288,135240886,207817667,3575789517,15932483,6,3,4,0,1,4581,1240,61,0,0,0,0,5,75184828,2642541612,13399703,1,132632839,933247905,2532780,1223043372,1766743965,152540263,88430301,86516191,192993960,4954917,31769585,294891151,312721088,0,0,0,0
1008,23,8730143876,8719403666,10294016,50,361002,85112,30,2051687416,530517,93333032,193289770,476952537,425732400,156937404,570781383,134115811,207820075,3575725345,16006366,6,3,4,0,1,4581,1240,61,0,0,0,0,5,75169496,2642513341,13445025,1,132650579,933212004,2561341,1239155265,1767421159,146429046,78614401,82016120,192956239,4992528,31768916,328803931,312378213,0,0,0,0
1008,24,8730142966,8719404137,10294195,40,360312,84252,30,2049024010,497956,93444076,190422192,479752604,426892637,155788657,570590845,131604552,207808964,3575633482,16104328,6,3,4,0,1,4581,1240,61,0,0,0,0,5,75176196,2642408648,13549227,1,132632768,933224834,2555101,1199544495,1771247098,153319324,103421733,86303058,192988760,4952697,31774026,307628207,347051930,0,0,0,0
1008,25,8730141136,8719405917,10291245,50,360342,83552,30,2048800448,447814,93420084,189874946,480357184,427458334,155217360,570776232,131226541,207787804,3575630603,16123649,6,3,4,0,1,4581,1240,61,0,0,0,0,5,75142786,2642445049,13536948,1,132645018,933185554,2586701,1187326389,1773233919,149684103,111503816,84056386,192957009,4988448,31769225,305520178,335711913,0,0,0,0
1008,26,8730142955,8719431946,10265255,50,361962,83712,30,2048678860,485286,93445756,190763981,479422453,426721626,155948010,570607777,131246659,207817876,3575596332,16133848,6,3,4,0,1,4581,1240,61,0,0,0,0,5,75184618,2642421689,13527296,1,132633258,933174643,2606552,1203072706,1774602307,155651633,89134584,83022707,192984470,4962227,31769735,309743900,347462938,0,0,0,0
1008,27,8730142195,8719437316,10259105,40,362632,83072,30,2048794454,452275,93412513,190677142,479556566,426550271,156128025,570737140,131248782,207806604,3575643553,16094617,6,3,4,0,1,4581,1240,61,0,0,0,0,5,75163666,2642443869,13519356,1,132642938,933199684,2575261,1214009318,1774088923,154419344,81350611,78375006,192956479,4991008,31767245,327218921,350592373,0,0,0,0
1008,28,8730142826,8719404917,10292875,50,361542,83402,40,2048884506,542348,93414372,188896714,481270191,427347084,155336562,570609348,131430845,207788515,3575687635,16078435,6,3,4,0,1,4581,1240,61,0,0,0,0,5,75157677,2642519642,13464203,1,132630838,933167993,2614232,1218400551,1771175367,153215575,83986766,85059936,192987480,4956647,31770155,307219346,351787315,0,0,0,0
1008,29,8730141735,8719404015,10297046,50,356722,83872,30,2049104764,426036,93434985,189884705,480346281,426605620,156075676,570762042,131547410,207796514,3575604902,16144069,6,3,4,0,1,4581,1240,61,0,0,0,0,5,75154086,2642388108,13587278,1,132642428,933216794,2556791,1179495927,1769588563,151847595,114225387,91523657,192956259,4986138,31771485,302374496,354724434,0,0,0,0
1008,30,8730143156,8719403646,10294046,50,361322,84052,40,2048806265,474293,93479908,190256856,479913828,426958810,155707886,570610116,131368365,207820415,3575672484,16060367,6,3,4,0,1,4581,1240,61,0,0,0,0,5,75187637,2642441869,13511047,1,132632778,933230615,2549320,1182508881,1771270673,162656134,104486494,90366519,192997340,4944417,31771855,299743723,354825932,0,0,0,0
1008,31,8730141386,8719403777,10293855,50,360072,83602,30,2049106505,467486,93381340,189660562,480576808,427575300,155098835,570789182,131534488,207781103,3575567822,16171879,6,3,4,0,1,4581,1240,61,0,0,0,0,5,75139265,2642380408,13583318,1,132641838,933187414,2588561,1179675383,1776219615,156435058,110883458,88610206,192956729,4990508,31767105,340252390,372545386,0,0,0,0
1008,32,8730145006,8719443098,10256214,40,361462,84162,30,2052709076,505156,93436064,192300492,477895214,425630189,157037147,570596817,135281419,207816335,3575766916,15974625,6,3,4,0,1,4581,1240,61,0,0,0,0,5,75184997,2642506250,13452996,1,132631338,933260666,2521629,1238697055,1773550595,146461652,77675328,83568962,192995350,4952127,31771576,291010206,341204429,0,0,0,0
1008,33,8730143795,8719403595,10296466,50,359462,84192,30,2053047991,483686,93374333,192758796,477477221,426015450,156656384,570768173,135492365,207809396,3575773748,15954053,6,3,4,0,1,4581,1240,61,0,0,0,0,5,75162267,2642522282,13431494,1,132647129,933251466,2522559,1242939950,1773497435,146983823,73961332,81324095,192955969,4990948,31771826,323765173,316902891,0,0,0,0
1008,34,8730144795,8719422436,10277265,50,361712,83292,40,2053269456,439183,93480633,191965965,478234194,425798783,156874602,570583705,135866799,207833114,3575905251,15813831,6,3,4,0,1,4581,1240,61,0,0,0,0,5,75200836,2642623985,13316652,1,132632278,933281266,2497179,1218020797,1772835739,156548813,87662754,84256218,192991460,4955167,31774995,313956343,304594073,0,0,0,0
1008,35,8730143296,8719490899,10208733,50,359802,83782,30,2053901675,398593,93455534,191296801,478940209,425522835,157150040,570765991,136350453,207819705,3575805390,15924892,6,3,4,0,1,4581,1240,61,0,0,0,0,5,75172506,2642577255,13378452,1,132647199,933228135,2546440,1243954809,1774259888,137610750,86537508,85588796,192955289,4990558,31773055,331278144,302235115,0,0,0,0
1008,36,8730144775,8719402245,10297216,50,361742,83482,40,2053447569,484965,93444274,192226429,477970587,425106294,157587611,570580077,136014552,207820016,3575789429,15945002,6,3,4,0,1,4581,1240,61,0,0,0,0,5,75189288,2642528593,13425113,1,132630728,933260836,2519889,1250783294,1765997314,143169710,76795495,84353335,192996360,4949917,31772265,306328238,313481745,0,0,0,0
1008,37,8730143365,8719442897,10255864,60,360652,83862,30,2052750079,455274,93401724,192345805,477893442,425871538,156818958,570769521,135172896,207803955,3575771796,15965106,6,3,4,0,1,4581,1240,61,0,0,0,0,5,75160316,2642528371,13431476,1,132643639,933243425,2533630,1246528659,1772484102,153019056,66749990,82763867,192956509,4991008,31771795,326084741,314526502,0,0,0,0
1008,38,8730145026,8719487059,10212903,50,361222,83762,30,2052257151,493546,93434022,192259384,477948736,425587978,157067845,570619717,134814894,207831305,3575749686,15975566,6,3,4,0,1,4581,1240,61,0,0,0,0,5,75198297,2642504621,13438616,1,132633008,933245065,2536950,1213715112,1771195796,154023872,92745651,86692759,192999710,4946667,31772175,319942178,312366241,0,0,0,0
1008,39,8730143306,8719399606,10298806,60,362682,82122,30,2052851361,435885,93432544,191509067,478727352,425648797,157016667,570783512,135277798,207805994,3575780128,15944193,6,3,4,0,1,4581,1240,61,0,0,0,0,5,75158676,2642540853,13409393,1,132647318,933239275,2534800,1222124621,1767113007,154940370,89518972,84584893,192955929,4991038,31771625,350906693,315689600,0,0,0,0
1008,40,8730143616,8719407097,10290805,50,361462,84162,40,2049312041,409503,93541668,190465294,479711401,426926410,155740306,570602765,131883390,207790486,3575713504,16034868,6,3,4,0,1,4581,1240,61,0,0,0,0,5,75158148,2642507790,13459577,1,132632338,933205714,2575291,1199023111,1772660875,156937346,97170579,92461274,192999670,4943617,31775156,355063384,346951346,0,0,0,0
1008,41,8730141785,8719434056,10264605,50,359412,83632,30,2048821077,468045,93391505,190077122,480154824,427007973,155668284,570780203,131247439,207784655,3575673974,16081877,6,3,4,0,1,4581,1240,61,0,0,0,0,5,75139597,2642506581,13474935,1,132645058,933167393,2606942,1218229332,1769873979,156213879,84209899,76569351,192959799,4984268,31767915,362027276,350654517,0,0,0,0
1008,42,8730143516,8719484629,10213303,50,361962,83532,40,2048818765,451815,93464345,190462113,479725473,427022472,155662886,570588284,131399996,207787146,3575724315,16016725,6,3,4,0,1,4581,1240,61,0,0,0,0,5,75175258,2642541402,13417693,1,132611888,933182913,2599032,1210668434,1776577506,149347488,90394022,85068181,192997270,4942977,31774746,351925107,346359329,0,0,0,0
1008,43,8730141806,8719409717,10289475,50,360362,82172,30,2049384273,424784,93447375,190901948,479334529,426971600,155690284,570749522,131837820,207792224,3575670454,16074947,6,3,4,0,1,4581,1240,61,0,0,0,0,5,75147136,2642469550,13503676,1,132645088,933200904,2571271,1190829018,1774384713,155885747,102841452,86204619,192960149,4982878,31768465,348538015,349958540,0,0,0,0
1008,44,8730145066,8719483379,10214793,40,362032,84793,29,2049098355,453074,93494878,189788990,480380724,426945662,155750124,570594677,131650504,207793475,3575693815,16049466,6,3,4,0,1,4581,1240,61,0,0,0,0,5,75162357,2642487391,13475625,1,132631118,933206424,2573841,1194144230,1769328317,157981880,101208616,85265916,192997270,4946627,31767395,327134628,357983539,0,0,0,0
1008,45,8730142355,8719409806,10289695,50,358542,84232,30,2049075105,451936,93403322,189473994,480760694,426521957,156187182,570743299,131505409,207789794,3575655734,16095927,6,3,4,0,1,4581,1240,61,0,0,0,0,5,75145016,2642453140,13524586,1,132644778,933202594,2571341,1178672412,1773698669,155632391,113689164,86230709,192958759,4984268,31770355,343882767,359910968,0,0,0,0
1008,46,8730144786,8719407157,10289765,40,362702,85092,30,2049278630,461769,93479554,189577645,480592269,426894510,155801705,570588906,131843002,207826467,3575664833,16046907,6,3,4,0,1,4581,1240,61,0,0,0,0,5,75194119,2642471410,13460495,1,132632348,933193423,2586412,1187385462,1771335052,158770610,107674432,85662307,193007551,4933176,31772575,327976863,359396693,0,0,0,0
1008,47,8730141956,8719418327,10279325,50,361162,83062,30,2049275481,484627,93367172,189405751,480819486,427181597,155500989,570770993,131715526,207803205,3575711015,16014706,6,3,4,0,1,4581,1240,61,0,0,0,0,5,75157977,2642512511,13439435,1,132645228,933198504,2575271,1195545524,1776326839,154274060,100225649,79826425,192959619,4984258,31773526,383125271,371818636,0,0,0,0
1008,48,8730145335,8719461527,10236174,450,361632,85512,40,2053116138,513404,93430566,191097915,479094722,425408630,157245814,570597185,135710723,207803136,3575782726,15958376,6,3,4,0,1,4581,1240,61,0,0,0,0,5,75173118,2642606223,13353794,1,132630018,933176503,2604582,1229780390,1774525560,150059352,79579401,80522864,192982900,4960637,31771096,349512283,348278962,0,0,0,0
1008,49,8730142286,8719407126,10290696,50,360572,83812,30,2054231308,483229,93382010,192445708,477797600,425418804,157261383,570766153,136656021,207812685,3575822749,15919812,6,3,4,0,1,4581,1240,61,0,0,0,0,5,75165086,2642598854,13366422,1,132647599,933223895,2553390,1223554990,1769418830,146777655,97513157,84566450,192954139,4989598,31775125,358703977,329778402,0,0,0,0
1008,50,8730144305,8719415596,10283095,40,361872,83662,40,2052843904,424793,93495537,192423426,477788222,425365560,157296334,570584686,135443106,207796055,3575835539,15896003,6,3,4,0,1,4581,1240,61,0,0,0,0,5,75162397,2642651706,13303391,1,132633658,933183833,2592612,1253318311,1773506920,145416292,69006124,83118684,192985410,4959127,31775726,351650379,309111758,0,0,0,0
1008,51,8730143395,8719411246,10287555,50,359892,84622,30,2051925954,434775,93423693,193468530,476776350,425767702,156898092,570756320,134382302,207822195,3575869961,15866490,6,3,4,0,1,4581,1240,61,0,0,0,0,5,75172446,2642660987,13300439,1,132649749,933208974,2566051,1068344307,1777386018,119054272,234631208,83695198,192955009,4989568,31769425,371635767,388954121,0,0,0,0
1008,52,8730145775,8719409326,10288815,40,361642,85923,29,2053400370,459067,93452653,192563591,477643107,425297597,157376608,570589986,135999120,207823446,3575793557,15927793,6,3,4,0,1,4581,1240,61,0,0,0,0,5,75192688,2642608654,13329371,1,132630758,933184903,2598422,1276447685,1771342258,145917131,52049204,84107615,192988290,4955077,31780536,331961190,299599994,0,0,0,0
1008,53,8730143256,8719411487,10286235,40,360902,84562,30,2053645307,482796,93365711,193215593,477027917,425739432,156937293,570754581,136108444,207826704,3575800050,15934673,6,3,4,0,1,4581,1240,61,0,0,0,0,5,75178516,2642611526,13347362,1,132648188,933188524,2587311,1262243406,1769028658,141349456,69837095,91715877,192954649,4989708,31774225,349011190,304821981,0,0,0,0
1008,54,8730144346,8719453488,10243934,50,362742,84102,30,2052828464,533919,93411343,192226159,478000806,425653940,156985646,570632276,135364392,207810416,3575845188,15877173,6,3,4,0,1,4581,1240,61,0,0,0,0,5,75179628,2642624344,13320452,1,132630788,933220844,2556721,1221433439,1768831580,155270092,88455860,84001247,192993660,4950567,31772536,334614564,314625015,0,0,0,0
1008,55,8730143375,8719409486,10288115,60,361302,84382,30,2053803973,456688,93402089,190747896,479494974,425868090,156803296,570766871,136247971,207819574,3575864800,15869141,6,3,4,0,1,4581,1240,61,0,0,0,0,5,75169296,2642660356,13299820,1,132650278,933204444,2569321,1232932662,1768982003,150055692,78363826,85349253,192955219,4991898,31770716,350144322,316128772,0,0,0,0
1008,56,8730144305,8719407996,10288915,40,361382,85943,29,2048721182,445246,93491425,189577664,480605824,427385851,155287542,570593446,131300564,207793285,3575640003,16098738,6,3,4,0,1,4581,1240,61,0,0,0,0,5,75163137,2642427579,13532827,1,132630148,933212424,2565911,1226562117,1768712081,148498704,85560427,84053994,192984149,4958087,31773365,358878522,348059990,0,0,0,0
1008,57,8730141105,8719408256,10288675,50,360332,83762,30,2048909137,425493,93435914,190207298,480033729,426396015,156274431,570783733,131321122,207784925,3575729785,16021615,6,3,4,0,1,4581,1240,61,0,0,0,0,5,75141076,2642512091,13464265,1,132643849,933217694,2557350,1223975539,1773191574,148374236,83450915,83172604,192958789,4984808,31769065,372567727,342239704,0,0,0,0
1008,58,8730143105,8719441087,10255904,40,362152,83882,40,2048648750,423742,93492635,189462282,480727325,426545448,156125218,570597005,131239333,207821435,3575650135,16061737,6,3,4,0,1,4581,1240,61,0,0,0,0,5,75187087,2642421860,13515277,1,132634348,933228275,2546460,1194516920,1773877660,156247505,103495998,87345454,192984100,4957777,31777595,371568996,347556675,0,0,0,0
1008,59,8730142605,8719407525,10289526,40,360532,84952,30,2048900637,401744,93450495,189096182,481142184,427142269,155525718,570752930,131355748,207805365,3575649424,16084867,6,3,4,0,1,4581,1240,61,0,0,0,0,5,75162687,2642445210,13515766,1,132642678,933204214,2569101,1213826765,1775452138,148997273,87904901,88875024,192958449,4987158,31767805,351363216,341988750,0,0,0,0
1008,60,8730143055,8719404446,10295835,50,358822,83782,120,2048805144,472566,93479045,189490792,480677635,427359792,155331532,570609295,131353647,207790045,3575773797,15964274,6,3,4,0,1,4581,1240,61,0,0,0,0,5,75158687,2642563473,13397363,1,132631358,933210324,2566911,1223462393,1771822945,149677289,83622165,87317930,192983780,4957627,31768125,245591601,340001101,0,0,0,0
1008,61,8730141525,8719407015,10290206,50,360512,83712,30,2049282331,461524,93399444,190829505,479408333,427433317,155252009,570748342,131722736,207767994,3575631623,16121819,6,3,4,0,1,4581,1240,61,0,0,0,0,5,75124396,2642424359,13554918,1,132643598,933207264,2566901,1211886259,1775064932,151587620,87437725,83904374,192958309,4984688,31771986,364034602,339208851,0,0,0,0
1008,62,8730144346,8719406946,10289945,40,362032,85352,31,2048652921,455275,93487935,190324521,479854986,426930222,155730933,570631596,131203651,207807875,3575794627,15937904,6,3,4,0,1,4581,1240,61,0,0,0,0,5,75177557,2642552742,13400504,1,132630318,933241885,2537400,1214833850,1772589825,151948674,87129659,85655342,192999370,4941857,31770485,345901474,345771302,0,0,0,0
1008,63,8730141355,8719406745,10290306,40,360582,83652,30,2048825025,447846,93404261,190592589,479641917,427200441,155477847,570769862,131261334,207804934,3575630873,16103948,6,3,4,0,1,4581,1240,61,0,0,0,0,5,75161836,2642431469,13527927,1,132643098,933199404,2576021,1214770858,1776215141,148383584,84131513,85790930,192959189,4984698,31771596,375988514,370595841,0,0,0,0
1008,64,8730145565,8719415596,10286315,50,358562,85012,30,2053364478,344109,93511657,191510787,478675309,425572417,157094138,570621176,135999082,207772145,3575840980,15896252,6,3,4,0,1,4581,1240,61,0,0,0,0,5,75160377,2642625806,13330341,1,132611768,933215174,2565911,1218283251,1777304660,151130938,84976901,86058388,192995670,4948507,31770595,281819524,345508018,0,0,0,0
1008,65,8730143025,8719415256,10283085,50,360182,84422,30,2052594534,351090,93411956,192190747,478057179,425338502,157338643,570787924,135082192,207867825,3575806720,15861692,6,3,4,0,1,4581,1240,61,0,0,0,0,5,75212686,2642595666,13319472,1,132655139,933211054,2542220,1232383007,1766372304,146647907,91643260,88822773,192955199,4990878,31783056,334612247,326092598,0,0,0,0
1008,66,8730144306,8719416317,10285795,60,358382,83722,30,2052279015,346269,93507291,193338283,476851510,425498885,157165001,570622836,134923476,207806594,3575759346,15942616,6,3,4,0,1,4581,1240,61,0,0,0,0,5,75195036,2642574743,13348054,1,132611558,933184603,2594562,1247926267,1772760281,152159991,62495432,82595169,192993960,4953677,31784986,300410063,307184531,0,0,0,0
1008,67,8730142435,8719414286,10283245,90,362502,82272,40,2053312277,310871,93456186,192839075,477394632,425648900,157018984,570779812,135841477,207810955,3575813568,15920055,6,3,4,0,1,4581,1240,61,0,0,0,0,5,75167786,2642591774,13376614,1,132643169,933221794,2543441,1033718939,1783212001,121073587,251032279,85664731,192955099,4990298,31788996,314467939,397841746,0,0,0,0
1008,68,8730145917,8719442328,10257444,50,360782,85282,31,2051595682,341972,93531296,193009893,477164113,425142991,157512343,570639138,134218232,207795045,3575812340,15913551,6,3,4,0,1,4581,1240,61,0,0,0,0,5,75185507,2642574975,13366201,1,132609538,933237365,2547350,1258940272,1769875196,151879691,60599459,78101388,192993610,4952087,31770345,294751666,289224318,0,0,0,0
1008,69,8730144345,8719415856,10282975,60,360002,85422,30,2055120784,321899,93436797,192080483,478158215,425201503,157483842,570795602,137609082,207811435,3575738106,15978286,6,3,4,0,1,4581,1240,61,0,0,0,0,5,75173666,2642571954,13374674,1,132637769,933166152,2603612,1266295679,1767167204,142940551,64889393,83905137,192955839,4989638,31781156,328222387,309812552,0,0,0,0
1008,70,8730144856,8719416157,10285965,50,358852,83802,30,2054721292,343550,93522618,192567481,477629126,425289557,157359086,570646169,137333072,207810286,3575833558,15870372,6,3,4,0,1,4581,1240,61,0,0,0,0,5,75199878,2642610464,13311331,1,132610408,933223094,2559041,1223444364,1768467842,151862529,87576660,87495930,192996510,4948927,31771625,302875425,314438941,0,0,0,0
1008,71,8730142555,8719412746,10284595,50,361732,83402,30,2054066383,334258,93435528,191642800,478578805,425279759,157402767,570790853,136584772,207844335,3575810549,15876763,6,3,4,0,1,4581,1240,61,0,0,0,0,5,75192646,2642615856,13312362,1,132651689,933194693,2564401,1219608000,1768427173,156149666,85537787,85442163,192955299,4991168,31762795,310796305,312707392,0,0,0,0
1008,72,8730145216,8719411167,10290145,40,359122,84712,30,2049633010,317438,93528249,189823774,480350722,427141366,155521968,570659417,132246332,207777924,3575729507,15999524,6,3,4,0,1,4581,1240,61,0,0,0,0,5,75158736,2642556134,13396622,1,132619188,933173373,2602902,1213356524,1763547391,159179787,85853471,86493371,192996970,4949157,31787606,344895366,339308711,0,0,0,0
1008,73,8730142236,8719412497,10288655,60,357682,83312,30,2049866089,274840,93481815,190392063,479848065,426826235,155833451,570810693,132373598,207796095,3575734206,16003205,6,3,4,0,1,4581,1240,61,0,0,0,0,5,75147326,2642541152,13438344,1,132648769,933193054,2564861,1215422159,1769374303,149744211,91581996,86348264,192957069,4988588,31762525,341269545,326359032,0,0,0,0
1008,74,8730144636,8719412677,10287725,50,361102,83042,40,2048906817,317579,93520619,190123353,480049011,427061905,155608910,570634967,131560873,207810726,3575724765,15974175,6,3,4,0,1,4581,1240,61,0,0,0,0,5,75183737,2642552473,13373723,1,132626989,933172292,2600452,1215137773,1775866934,154551761,75117247,86571671,192991860,4952657,31769365,325161281,330965988,0,0,0,0
1008,75,8730142695,8719415366,10285635,60,358262,83332,40,2049820627,299930,93457864,189845815,480393575,426902149,155764105,570772424,132360193,207837495,3575680186,16020145,6,3,4,0,1,4581,1240,61,0,0,0,0,5,75192396,2642487333,13452904,1,132645099,933192853,2567241,1202984795,1772830118,157296433,89182744,88580401,192957149,4988228,31762685,341941891,345620645,0,0,0,0
1008,76,8730144735,8719434867,10266054,60,360882,82842,30,2049475122,309030,93562287,190348712,479798754,427006842,155665913,570647158,132108868,207772913,3575757257,15982374,6,3,4,0,1,4581,1240,61,0,0,0,0,5,75156115,2642529542,13427064,1,132616798,933227715,2555310,1196211569,1770030024,154135936,95567273,90603848,192992419,4951317,31762915,327045111,346998831,0,0,0,0
1008,77,8730142665,8719431196,10269545,40,358342,83512,30,2049897301,298738,93445505,190161765,480081464,426593818,156082167,570814744,132380096,207792555,3575689265,16045847,6,3,4,0,1,4581,1240,61,0,0,0,0,5,75143716,2642538553,13440264,1,132648839,933150712,2605583,1215921827,1775946799,154937835,77370463,82847114,192957299,4988268,31768535,333934060,347479899,0,0,0,0
1008,78,8730146117,8719412107,10285975,50,363162,84792,31,2049698882,304621,93583149,190625040,479525395,426646120,156011904,570647087,132326385,207792724,3575658314,16046758,6,3,4,0,1,4581,1240,61,0,0,0,0,5,75178746,2642479891,13444606,1,132613978,933178423,2602152,1204919864,1775652778,148040420,93715898,90287963,193003400,4941837,31764605,336270533,345517842,0,0,0,0
1008,79,8730143026,8719412807,10286685,50,359912,83542,30,2049869840,319551,93440723,189917988,480309700,426993821,155672475,570811242,132372377,207821475,3575722227,15979104,6,3,4,0,1,4581,1240,61,0,0,0,0,5,75178386,2642513313,13425913,1,132643089,933208914,2553191,1193296375,1775612102,153265877,98397493,86319059,192957459,4988588,31779016,333959089,369276843,0,0,0,0
1008,80,8730143886,8719409227,10292155,60,358942,83462,40,2052280974,366691,93510374,192845200,477339878,425664409,156976955,570626315,134934458,207788935,3575841810,15896321,6,3,4,0,1,4581,1240,61,0,0,0,0,5,75176807,2642604125,13352931,1,132612128,933237685,2543390,1230057858,1775511355,151204867,74016439,85834770,192990120,4958877,31769566,380792620,339953391,0,0,0,0
1008,81,8730142235,8719401445,10300406,50,356922,83382,30,2054269706,388582,93433619,193302610,476942164,425587339,157072496,570798404,136725394,207805764,3575833229,15926702,6,3,4,0,1,4581,1240,61,0,0,0,0,5,75161296,2642602164,13381572,1,132644468,933231065,2545130,1239418603,1771469827,149830479,74398909,84876599,192953599,4995058,31769705,375193726,310217456,0,0,0,0
1008,82,8730143875,8719438496,10263585,40,358242,83482,30,2051876162,381112,93501897,192018251,478186656,425928157,156715836,570634097,134484823,207782255,3575849439,15896293,6,3,4,0,1,4581,1240,61,0,0,0,0,5,75165597,2642610474,13354623,1,132616658,933238965,2541670,1221106934,1776765304,146343491,89095731,86187391,192981820,4963677,31768955,374601855,304196780,0,0,0,0
1008,83,8730142586,8719405546,10291786,50,361642,83532,30,2053922186,314531,93475446,192400975,477844192,425960009,156693556,570803044,136407324,207819094,3575801848,15936443,6,3,4,0,1,4581,1240,61,0,0,0,0,5,75172566,2642604104,13358512,1,132646528,933197744,2577931,1254417584,1771849040,146983140,65268131,86522961,192951259,4998268,31768855,395466604,300376536,0,0,0,0
1008,84,8730143785,8719410476,10287335,40,362222,83682,30,2053083289,398864,93491135,192193149,477998037,425928538,156723927,570626518,135706610,207782815,3575881691,15853039,6,3,4,0,1,4581,1240,61,0,0,0,0,5,75172287,2642619665,13332010,1,132610528,933262026,2521029,1244916690,1773657477,150187406,65704060,85371597,192985290,4963257,31769776,368904020,297184084,0,0,0,0
1008,85,8730142466,8719407446,10294206,50,356912,83822,30,2053225273,362752,93421754,193694907,476557500,426321732,156340683,570792693,135703813,207817014,3575777248,15962613,6,3,4,0,1,4581,1240,61,0,0,0,0,5,75175896,2642589444,13378322,1,132641118,933187804,2584291,1243192840,1773257442,154707403,61696705,80844745,192952179,4996708,31769776,388729635,302830004,0,0,0,0
1008,86,8730145045,8719406426,10291145,50,362702,84692,30,2054270786,398703,93500105,192586521,477628238,425436483,157191549,570653607,136846888,207791665,3575867851,15861420,6,3,4,0,1,4581,1240,61,0,0,0,0,5,75177357,2642608815,13338341,1,132614308,933259036,2523079,1212906561,1769945576,151830733,93263110,85848130,192993910,4955317,31769576,377561044,311991061,0,0,0,0
1008,87,8730144176,8719409867,10287415,40,361482,85332,40,2053319949,388281,93404195,192837389,477408017,425740231,156918174,570793584,135815975,207813174,3575838670,15893121,6,3,4,0,1,4581,1240,61,0,0,0,0,5,75174236,2642606405,13351951,1,132638938,933232265,2541170,1218071644,1769819408,149776030,92172694,85800517,192952489,4999348,31766526,403903408,307773875,0,0,0,0
1008,88,8730143415,8719424726,10275605,50,358882,84122,30,2047970678,390402,93523809,189383477,480790669,426472015,156184838,570630848,130561779,207794894,3575638971,16103119,6,3,4,0,1,4581,1240,61,0,0,0,0,5,75176586,2642417847,13545228,1,132618308,933221124,2557891,1196651853,1768325630,156036777,103845645,84727543,192990230,4956807,31769426,398974899,328213204,0,0,0,0
1008,89,8730141365,8719396355,10303716,50,358182,83022,40,2048734862,366640,93448892,188929078,481319822,426786146,155869538,570813124,131171540,207772564,3575705235,16054106,6,3,4,0,1,4581,1240,61,0,0,0,0,5,75120415,2642478520,13512926,1,132652149,933226715,2541180,1196373172,1772154855,162518914,91481529,87161843,192953979,4994798,31766215,380523830,340635361,0,0,0,0
1008,90,8730143495,8719400285,10298536,50,360852,83732,40,2049037799,369971,93511817,190588178,479598869,426079223,156570231,570636654,131643867,207809005,3575678603,16052637,6,3,4,0,1,4581,1240,61,0,0,0,0,5,75185567,2642488380,13462495,1,132623438,933190223,2590142,1215050416,1773404653,155232766,81497164,81318015,192983740,4964877,31766645,381624649,342456131,0,0,0,0
1008,91,8730142355,8719422166,10274835,40,362772,82512,30,2049669733,369530,93439615,189599139,480648478,426997924,155657683,570771572,132158329,207804954,3575704385,16039286,6,3,4,0,1,4581,1240,61,0,0,0,0,5,75164936,2642508411,13460005,1,132640018,933195974,2579281,1204784695,1772597849,160782541,86692125,80258182,192953469,4997678,31763265,384847341,343927165,0,0,0,0
1008,92,8730142935,8719400115,10298856,50,360822,83062,30,2049801006,404766,93503945,191168900,479010297,426703952,155953152,570639877,132391447,207773814,3575727243,16039408,6,3,4,0,1,4581,1240,61,0,0,0,0,5,75158736,2642529650,13455966,1,132615078,933197593,2583442,1180490696,1773759128,160488467,107087216,84854463,192989410,4958117,31764355,378615506,349517870,0,0,0,0
1008,93,8730141975,8719399455,10302026,50,356942,83462,40,2049630531,347119,93450425,190656040,479592377,426236620,156430647,570794701,132090508,207797565,3575708904,16040747,6,3,4,0,1,4581,1240,61,0,0,0,0,5,75155186,2642501631,13474686,1,132642379,933207273,2566061,1205961263,1773978634,155888850,85919960,81781539,192953169,4994408,31764785,358730364,355530672,0,0,0,0
1008,94,8730143685,8719420896,10277135,50,361582,83992,30,2049561801,367882,93539527,190022630,480161666,426516758,156122726,570651938,132153360,207795535,3575704095,16037555,6,3,4,0,1,4581,1240,61,0,0,0,0,5,75177807,2642475250,13486885,1,132617728,933228845,2550670,1173259706,1775193409,152653088,117952941,88330561,192992220,4955417,31765765,363678471,349191584,0,0,0,0
1008,95,8730141785,8719396385,10300086,50,361832,83392,40,2049043473,396122,93403911,189642511,480613828,426334034,156320662,570817042,131491689,207818334,3575700155,16036326,6,3,4,0,1,4581,1240,61,0,0,0,0,5,75172516,2642478120,13481136,1,132645818,933222035,2555190,1186224089,1775029406,159750752,101441930,86968923,192953519,4994878,31764365,397581539,374290757,0,0,0,0
1008,96,8730144296,8719412307,10286215,40,361952,83752,30,2054984940,460333,93514289,190913228,479246595,425428164,157276683,570565565,137561392,207769694,3575903120,15838061,6,3,4,0,1,4581,1240,61,0,0,0,0,5,75157436,2642655795,13303961,1,132612258,933247325,2534100,1229427194,1775475895,150040414,76530980,85506224,192995870,4953637,31766355,292792968,344617582,0,0,0,0
1008,97,8730143375,8719398885,10299356,120,360932,84042,40,2052334855,423413,93417453,192256484,477978554,425868276,156840373,570743559,134777794,207790485,3575794807,15944943,6,3,4,0,1,4581,1240,61,0,0,0,0,5,75147456,2642638315,13329781,1,132643029,933156492,2615162,1235212039,1774038029,148424713,74968723,84161676,192953789,4995218,31766006,211818007,305569591,0,0,0,0
1008,98,8730144136,8719412597,10286495,390,361632,82992,30,2054450259,401544,93529353,192185912,477991686,425560047,157151521,570558504,137048644,207775765,3575897330,15832900,6,3,4,0,1,4581,1240,61,0,0,0,0,5,75162877,2642652765,13299880,1,132612888,933244565,2533020,1224792468,1774160352,145860263,85462357,85642552,192991420,4960457,31772566,262378098,306862144,0,0,0,0
1008,99,8730142865,8719412986,10285015,50,361032,83752,30,2052161720,364591,93472388,192113444,478119092,425776482,156945544,570720831,134622258,207804455,3575872739,15866622,6,3,4,0,1,4581,1240,61,0,0,0,0,5,75164696,2642611474,13354053,1,132639759,933261265,2512569,1224439045,1772611158,152422709,83640354,85868476,192951339,4998968,31767326,297795288,310102977,0,0,0,0
1008,100,8730144146,8719411927,10286945,50,361632,83562,30,2052052377,426574,93492686,193052485,477123200,425234517,157473018,570564924,134657701,207769235,3575851239,15879594,6,3,4,0,1,4581,1240,61,0,0,0,0,5,75159137,2642632835,13318913,1,132610098,933218404,2560681,1251061862,1765924933,146615784,70319753,86407936,192994310,4953727,31764355,278088269,313881618,0,0,0,0
1008,101,8730143016,8719411947,10286075,40,360852,84062,40,2053822774,383593,93439006,193549212,476685786,425290758,157432790,570744399,136279862,207764044,3575874090,15878742,6,3,4,0,1,4581,1240,61,0,0,0,0,5,75134596,2642616734,13360153,1,132629448,933257356,2518589,1223553086,1773513024,150549161,80072797,87858456,192952879,4996828,31763425,295348968,313812766,0,0,0,0
1008,102,8730144346,8719433487,10264595,40,362532,83662,30,2053617024,400072,93512167,193666778,476519970,425616395,157078640,570575333,136223600,207773154,3575913222,15824629,6,3,4,0,1,4581,1240,61,0,0,0,0,5,75159356,2642645016,13310430,1,132613798,933268206,2514199,1222430847,1772385795,156424928,77434707,86926418,192999891,4948096,31767875,278029182,303253471,0,0,0,0
1008,103,8730142786,8719406797,10290735,40,363812,81372,30,2053707892,379701,93464519,192371042,477856913,425295698,157421100,570742972,136153254,207787475,3575770337,15961663,6,3,4,0,1,4581,1240,61,0,0,0,0,5,75151956,2642602215,13356651,1,132635519,933168122,2605012,1242963611,1771197121,152264707,62787765,82984218,192954169,4994818,31761635,313645672,310381523,0,0,0,0
1008,104,8730143545,8719400145,10299176,50,360422,83702,50,2048976258,382142,93570017,189578867,480589999,426957900,155751225,570562646,131549911,207764664,3575770177,15979104,6,3,4,0,1,4581,1240,61,0,0,0,0,5,75149096,2642569873,13400323,1,132615568,933200304,2578781,1222726448,1769705613,152951150,80326413,83124100,192998500,4950507,31767685,346685626,338455952,0,0,0,0
1008,105,8730141495,8719420456,10276825,40,360742,83392,40,2048982991,428305,93431997,190361238,479851314,426793717,155914481,570747791,131426869,207762585,3575679662,16083409,6,3,4,0,1,4581,1240,61,0,0,0,0,5,75126966,2642459218,13532529,1,132635619,933220444,2550880,1198723846,1771230464,153048778,99936857,85834611,192958649,4990378,31768296,332568700,338945367,0,0,0,0
1008,106,8730143555,8719399395,10297616,60,363092,83362,30,2049129886,401452,93519319,189425111,480737284,426751615,155962022,570565672,131738670,207779475,3575720886,16017036,6,3,4,0,1,4581,1240,61,0,0,0,0,5,75165877,2642476141,13479566,1,132613598,933244745,2537470,1200828945,1774485127,154935037,94883932,87358797,192995209,4951457,31768655,322848958,338079532,0,0,0,0
1008,107,8730141615,8719399995,10296806,60,363152,81562,40,2049087145,378993,93489155,189933016,480290352,427032723,155672703,570700390,131562661,207787515,3575696433,16045988,6,3,4,0,1,4581,1240,61,0,0,0,0,5,75146596,2642499850,13472777,1,132640919,933196583,2573211,1210222073,1777432371,161677024,76419055,82465804,192958809,4990118,31768516,327182725,336618633,0,0,0,0
1008,108,8730145435,8719422056,10276995,40,361062,85253,29,2049113134,419813,93537686,191001873,479156484,426789005,155925972,570579376,131670884,207771615,3575733806,16009805,6,3,4,0,1,4581,1240,61,0,0,0,0,5,75158147,2642505231,13458845,1,132613468,933228575,2550960,1196963639,1768545732,159870273,97430839,80330086,192999200,4949377,31768416,319100642,346046963,0,0,0,0
1008,109,8730142125,8719397485,10300276,50,360502,83772,40,2048984770,400801,93450487,189598726,480628939,426436555,156294154,570731440,131421046,207782364,3575715136,16041225,6,3,4,0,1,4581,1240,61,0,0,0,0,5,75138666,2642500381,13486445,1,132643698,933214755,2554780,1188783071,1772678373,157386925,99363524,86386337,192956499,4990248,31768505,312690357,352931991,0,0,0,0
1008,110,8730145056,8719419466,10276925,60,363522,85052,31,2048815793,405611,93516928,190838105,479330610,426915819,155797667,570580045,131395017,207778124,3575648823,16082318,6,3,4,0,1,4581,1240,61,0,0,0,0,5,75162926,2642448189,13503807,1,132615198,933200634,2578511,1198487333,1775046227,150375483,99076003,85851647,193004851,4942576,31768946,309559030,351645386,0,0,0,0
1008,111,8730141675,8719397615,10299346,40,361852,82792,30,2049325982,449404,93385062,189712620,480522159,426915517,155812320,570729030,131779779,207789264,3575640422,16088709,6,3,4,0,1,4581,1240,61,0,0,0,0,5,75152636,2642457949,13500977,1,132636628,933182473,2587732,1209430641,1778321001,158941247,77287165,85600289,192958369,4991388,31767386,345180777,374537928,0,0,0,0
1008,112,8730145386,8719395175,10302496,50,362212,85422,31,2052307723,449974,93506618,192514968,477669557,425540116,157099159,570615596,134890366,207802726,3575842619,15903093,6,3,4,0,1,4581,1240,61,0,0,0,0,5,75185798,2642614095,13351052,1,132616928,933228524,2552041,1232379669,1773886836,145885146,79013332,87916487,192981580,4965327,31765655,212920885,366032777,0,0,0,0
1008,113,8730141966,8719420827,10279915,40,357202,83952,30,2053368179,385682,93440435,190909879,479333539,425723010,156941525,570788381,135823456,207831025,3575868142,15876650,6,3,4,0,1,4581,1240,61,0,0,0,0,5,75175526,2642623156,13343881,1,132655499,933244986,2532769,1213937175,1777091033,155642135,83229022,84709852,192950068,4997568,31767676,309302604,334482716,0,0,0,0
1008,114,8730144465,8719400725,10300276,50,359172,84202,40,2054331770,357631,93537418,193047035,477151842,425663809,156982914,570605066,136971061,207797166,3575952591,15787229,6,3,4,0,1,4581,1240,61,0,0,0,0,5,75181068,2642719506,13243179,1,132616098,933233085,2544050,1214320166,1774156523,159685381,81572962,87547189,192986000,4962267,31769516,289168606,330091677,0,0,0,0
1008,115,8730143465,8719418496,10279745,40,360502,84652,30,2053177664,364131,93464354,192584926,477660543,425308851,157347504,570772102,135657291,207836895,3575781729,15959852,6,3,4,0,1,4581,1240,61,0,0,0,0,5,75179256,2642593055,13373621,1,132657639,933188674,2586231,1232465489,1773687011,149674101,78504711,85343108,192950379,4998188,31765485,313393874,335766815,0,0,0,0
1008,116,8730145706,8719422866,10275955,80,360682,86092,31,2054184763,399812,93511346,193510719,476685940,425232873,157422250,570615836,136791957,207823756,3575794297,15938354,6,3,4,0,1,4581,1240,61,0,0,0,0,5,75201888,2642605824,13343072,1,132621868,933188473,2595282,1240904767,1770575449,150133310,71698739,85637901,192986100,4960127,31772176,323989275,327638699,0,0,0,0
1008,117,8730143266,8719419987,10280645,50,357572,84972,40,2053472252,393130,93423637,192433546,477819330,425629401,157029595,570785183,135941161,207836446,3575843269,15905753,6,3,4,0,1,4581,1240,61,0,0,0,0,5,75179486,2642609635,13363823,1,132656960,933233634,2541930,1215170119,1772077547,150761811,92037296,86409206,192950329,4997198,31768976,354003983,336613294,0,0,0,0
1008,118,8730144236,8719403846,10293426,50,362562,84322,30,2054630128,473515,93489006,192949935,477272272,425734245,156886780,570646208,137160838,207818056,3575975915,15744437,6,3,4,0,1,4581,1240,61,0,0,0,0,5,75199498,2642655597,13287700,1,132618558,933320318,2456737,1226919640,1769953525,155174486,76142985,82822965,192992200,4955107,31767816,321909459,331031426,0,0,0,0
1008,119,8730143366,8719393776,10307116,40,357592,84812,30,2052973605,383379,93436946,191939320,478306915,425389616,157266342,570792603,135442643,207842656,3575811007,15924324,6,3,4,0,1,4581,1240,61,0,0,0,0,5,75184306,2642587133,13375664,1,132658350,933223874,2548660,1223425476,1768884029,160108046,74617041,80288675,192952199,4997168,31766956,339645813,333438260,0,0,0,0
1008,120,8730144856,8719401565,10297866,50,359412,85932,31,2048592587,375242,93532777,191243839,478948127,426552667,156098328,570628018,131182376,207811446,3575709324,16044069,6,3,4,0,1,4581,1240,61,0,0,0,0,5,75184388,2642511091,13464227,1,132627058,933198233,2579842,1223811593,1764788328,162273135,72673457,80276463,192981600,4962647,31768876,354503814,367109893,0,0,0,0
1008,121,8730141685,8719402485,10294876,50,360502,83732,40,2049384322,325810,93460156,190616910,479644688,426472866,156182949,570795324,131861341,207773683,3575729806,16031375,6,3,4,0,1,4581,1240,61,0,0,0,0,5,75118505,2642514441,13471205,1,132655178,933215365,2560170,1193132784,1773916695,157629370,101797648,81771806,192953179,4991988,31768525,341504271,360827870,0,0,0,0
1008,122,8730143535,8719403036,10293485,50,362902,84032,30,2049027641,338432,93531807,189628637,480572590,426321952,156326273,570621595,131657613,207803315,3575692895,16039737,6,3,4,0,1,4581,1240,61,0,0,0,0,5,75185747,2642485601,13471266,1,132617568,933207294,2568471,1213517490,1772667478,149134110,93912503,83041826,192982739,4960887,31773986,337807336,363867699,0,0,0,0
1008,123,8730142825,8719401025,10296606,50,360552,84562,30,2049375272,335451,93473726,189672191,480578497,426578120,156076885,570762783,131877640,207825345,3575689846,16054015,6,3,4,0,1,4581,1240,61,0,0,0,0,5,75171887,2642470311,13500965,1,132653458,933219535,2553050,1185853433,1775423269,159730588,103847025,87033991,192952898,4993408,31766825,321081353,375030314,0,0,0,0
1008,124,8730143255,8719402575,10296446,40,360492,83672,30,2048745491,393493,93523208,189473612,480702663,426369164,156293452,570642485,131318624,207790895,3575637303,16106367,6,3,4,0,1,4581,1240,61,0,0,0,0,5,75177067,2642462500,13503185,1,132613828,933174803,2603182,1212255308,1773944428,152953026,91068291,81956963,192985439,4957667,31766065,325840591,370075913,0,0,0,0
1008,125,8730141715,8719403075,10295076,50,360092,83392,30,2049283882,375222,93430962,190071791,480186288,426920090,155750925,570759081,131764791,207776484,3575693005,16073347,6,3,4,0,1,4581,1240,61,0,0,0,0,5,75121655,2642461300,13532337,1,132654829,933231705,2541010,1180743149,1773839914,155161500,110197168,79154070,192952569,4991018,31769775,330565518,361015108,0,0,0,0
1008,126,8730144885,8719423646,10275025,40,361022,85112,40,2048929859,380851,93534596,189828515,480358113,426428734,156216890,570646707,131493797,207807985,3575738626,15996256,6,3,4,0,1,4581,1240,61,0,0,0,0,5,75192687,2642505451,13450006,1,132615298,933233175,2546250,1184805553,1772319065,163256782,102887546,86120590,192990189,4950147,31772015,335585901,370994162,0,0,0,0
1008,127,8730141935,8719402006,10296075,50,360092,83682,30,2049089134,365210,93444317,189666638,480581427,426958043,155702263,570786503,131563392,207832847,3575747996,15993035,6,3,4,0,1,4581,1240,61,0,0,0,0,5,75178587,2642535793,13430083,1,132654260,933212203,2562952,1192443300,1775134737,154878804,104032229,79425331,192954299,4991368,31769515,342741404,395458396,0,0,0,0
1009,0,8505015985,8494391898,10140642,50,383042,100323,30,1990114464,536648,92152575,186873634,472414643,407215832,152669393,547706780,130531899,208114295,3426500146,15876794,6,3,4,0,1,4484,1204,61,0,0,0,0,5,76183207,2432574564,13280821,1,131931088,993925582,2595973,1267168585,1697520149,108482804,75367494,53636242,194156064,4982148,31762939,223323976,316986990,0,0,0,0
1009,1,8505015425,8494393368,10139582,40,382032,100373,30,1990147964,484817,92126393,185034146,474273682,406630304,153286503,547863175,130431435,208103673,3426492145,15945388,6,3,4,0,1,4484,1204,61,0,0,0,0,5,76237427,2432480910,13386137,1,131866246,994011235,2559251,1232248741,1690838138,110132984,105451338,55246920,194109842,5027030,31766659,228749759,295683757,0,0,0,0
1009,2,8505015355,8494392028,10141442,50,381072,100733,30,1989410022,510605,92168496,184909412,474392285,406609733,153278443,547673228,129846479,208137736,3426446745,15923235,6,3,4,0,1,4484,1204,61,0,0,0,0,5,76211828,2432482211,13362494,1,131925908,993964534,2560741,1247209864,1693060633,113756403,86795096,53348466,194149083,4990279,31764349,234735682,297871293,0,0,0,0
1009,3,8505014985,8494436299,10098591,50,379552,100463,30,1988764223,461964,92188437,183793118,475504410,406568595,153326692,547898165,129003042,208131654,3426436605,15971337,6,3,4,0,1,4484,1204,61,0,0,0,0,5,76267658,2432446471,13393275,1,131863996,993990134,2578062,1232514619,1694639232,105162893,107799429,54860286,194110192,5026260,31767219,270067740,298480209,0,0,0,0
1009,4,8505017405,8494396488,10138932,50,380462,101423,50,1990703284,553320,92143982,185319157,473964152,406683087,153211119,547708718,131103279,208114135,3426510118,15869834,6,3,4,0,1,4484,1204,61,0,0,0,0,5,76188787,2432544714,13308743,1,131925348,993965404,2561091,1231915628,1694884167,114656723,100151064,56370398,194151984,4989298,31762599,258974549,292432093,0,0,0,0
1009,5,8505013815,8494392758,10138902,50,381552,100523,30,1990022452,493685,92160426,183161327,476145781,406597775,153318153,547894194,130232359,208109024,3426499426,15921606,6,3,4,0,1,4484,1204,61,0,0,0,0,5,76261188,2432524582,13325154,1,131847836,993974844,2596452,1225125492,1696155575,116922798,101731418,52255601,194108952,5026350,31767299,282607728,293783915,0,0,0,0
1009,6,8505017215,8494385388,10149982,70,381312,100423,40,1989338372,476254,92227976,185372490,473923930,406199540,153668054,547704429,129746266,208132656,3426413185,15950935,6,3,4,0,1,4484,1204,61,0,0,0,0,5,76209018,2432476782,13358683,1,131923638,993936403,2592252,1251535601,1691717728,106689617,90930118,55293552,194150274,4988608,31764219,260234878,293375456,0,0,0,0
1009,7,8505017426,8494397068,10134932,40,383072,102283,31,1990664133,448645,92174476,184864493,474448185,406613354,153290233,547894327,130911922,208111224,3426488495,15922426,6,3,4,0,1,4484,1204,61,0,0,0,0,5,76264458,2432497441,13343584,1,131846766,993991054,2578842,1246620514,1693413600,112968081,86486463,50698637,194108472,5026380,31767179,270892649,288743368,0,0,0,0
1009,8,8505015435,8494401209,10130081,60,382772,101284,29,1985966214,501405,92157654,183642126,475664893,407521653,152365714,547727580,126357767,208105625,3426306160,16086472,6,3,4,0,1,4484,1204,61,0,0,0,0,5,76178067,2432391808,13473219,1,131927558,993914352,2613253,1231594210,1690821818,112031940,97753682,49280340,194152084,4986728,31759569,288547433,323946095,0,0,0,0
1009,9,8505014695,8494407559,10123391,50,381732,101933,30,1985960454,478387,92156576,183702422,475612594,407963606,151951092,547876926,126182160,208112124,3426422713,16026308,6,3,4,0,1,4484,1204,61,0,0,0,0,5,76245998,2432462880,13417245,1,131866126,993959833,2609063,1229060275,1695673308,113745057,95956988,54256808,194110002,5024340,31758869,281804819,328717680,0,0,0,0
1009,10,8505014835,8494402808,10126482,40,384862,100613,30,1986409966,500354,92142125,183718595,475600573,407979999,151904377,547699307,126842885,208116485,3426383603,16001888,6,3,4,0,1,4484,1204,61,0,0,0,0,5,76182857,2432473651,13389625,1,131933628,993909952,2612263,1230776817,1695923090,109308940,97735631,53145617,194165654,4974328,31757679,274241451,326866252,0,0,0,0
1009,11,8505014815,8494404309,10125051,40,383432,101953,30,1986315896,499816,92124987,182740342,476578053,408162943,151747065,547874895,126553583,208126434,3426415684,16007629,6,3,4,0,1,4484,1204,61,0,0,0,0,5,76262068,2432439130,13418897,1,131864366,993976554,2588732,1202943395,1697728947,108564129,122540481,52938223,194110762,5024310,31764379,295095905,335956584,0,0,0,0
1009,12,8505015215,8494398878,10132572,40,383322,100374,29,1985888991,475735,92169176,183459028,475845721,407829542,152069902,547711610,126302718,208108024,3426354542,16032499,6,3,4,0,1,4484,1204,61,0,0,0,0,5,76186446,2432436250,13419156,1,131921578,993918292,2613343,1218717372,1695640382,116100675,100228468,51774388,194159604,4980658,31756869,272139833,329433877,0,0,0,0
1009,13,8505013665,8494403819,10125501,50,383362,100903,30,1986064488,507337,92124413,180883256,478428954,408107538,151818048,547872245,126285975,208112063,3426454687,15990086,6,3,4,0,1,4484,1204,61,0,0,0,0,5,76247377,2432457122,13418015,1,131864686,993997565,2572071,1193072615,1696076240,112977131,126982244,56062592,194110832,5024400,31763379,257170947,338857724,0,0,0,0
1009,14,8505014985,8494398919,10131241,50,384602,100143,30,1985378135,443243,92199845,183588221,475729139,407620843,152262053,547698697,125808031,208136365,3426313251,16045529,6,3,4,0,1,4484,1204,61,0,0,0,0,5,76207707,2432406149,13429086,1,131928658,993907102,2616443,1228686708,1694271909,106620112,104246488,52466682,194164634,4973898,31753588,273460412,337906172,0,0,0,0
1009,15,8505013985,8494402119,10127341,50,383952,100493,30,1986434090,492266,92128095,181368371,477952397,408373291,151557417,547870795,126658527,208118165,3426415915,16020767,6,3,4,0,1,4484,1204,61,0,0,0,0,5,76253349,2432433711,13436045,1,131864816,993982204,2584722,1195018287,1697533328,111527455,127321875,58003947,194110572,5024310,31758498,309226756,366115412,0,0,0,0
1009,16,8505012245,8494395858,10132342,50,383232,100733,30,1991095707,513398,92128154,184903823,474404025,406532442,153344293,547695888,131546223,208134114,3426487897,15887694,6,3,4,0,1,4484,1204,61,0,0,0,0,5,76203676,2432534264,13316472,1,131930438,993953633,2571222,1235763762,1698150786,111882264,94512287,56309525,194146273,4995639,31759779,270452338,304136089,0,0,0,0
1009,17,8505014875,8494437740,10092690,50,383902,100463,30,1989980801,542669,92099143,185266193,474046345,406436660,153455586,547863495,130254270,208122895,3426544417,15891624,6,3,4,0,1,4484,1204,61,0,0,0,0,5,76251659,2432572023,13297402,1,131871236,993972394,2594222,1231941541,1696566247,111119925,98951542,56484046,194107712,5031360,31762939,264679021,274757120,0,0,0,0
1009,18,8505014805,8494403478,10127642,40,382332,101283,30,1988808054,518127,92129563,184495210,474820637,406794182,153086234,547670338,129266842,208123605,3426461705,15923506,6,3,4,0,1,4484,1204,61,0,0,0,0,5,76196367,2432531282,13327474,1,131927238,993930423,2596032,1252643594,1693044461,107785972,83879888,53809137,194140843,5000549,31760599,260376548,270127904,0,0,0,0
1009,19,8505015095,8494403158,10127342,140,383952,100473,30,1989968671,487245,92154715,184476600,474832220,406854680,153032655,547884615,130229737,208123885,3426526026,15900076,6,3,4,0,1,4484,1204,61,0,0,0,0,5,76254869,2432552302,13306864,1,131869016,993973724,2593212,1226907367,1696637039,113111847,103363858,60321543,194107902,5031190,31763179,284008289,273121976,0,0,0,0
1009,20,8505016475,8494403878,10128222,50,382942,101353,30,1990360035,546350,92111053,184575162,474728925,406457889,153436846,547685799,130797070,208121964,3426590879,15797603,6,3,4,0,1,4484,1204,61,0,0,0,0,5,76200396,2432617475,13237152,1,131921568,993973404,2560451,1236328318,1692877126,114806830,95630406,58092386,194139463,5001689,31760379,279189632,273282435,0,0,0,0
1009,21,8505013165,8494404539,10123641,50,383782,101123,30,1988864907,482526,92157226,184180940,475132537,406955723,152940932,547892686,129105244,208138984,3426532198,15897464,6,3,4,0,1,4484,1204,61,0,0,0,0,5,76264078,2432558044,13303622,1,131874906,993974154,2593842,1229102986,1694014008,114626351,99430817,55091974,194107892,5031590,31762789,307158207,275683855,0,0,0,0
1009,22,8505016686,8494409559,10123521,670,382452,100453,31,1989868178,474273,92195660,184962293,474354844,406576494,153286432,547702756,130290974,208116355,3426473356,15920865,6,3,4,0,1,4484,1204,61,0,0,0,0,5,76188437,2432530523,13337573,1,131927918,993942833,2583292,1236575054,1690238200,113170468,98510643,55660122,194146734,4995288,31760379,280816766,271669317,0,0,0,0
1009,23,8505013685,8494396208,10135362,50,382472,99563,30,1989241209,504259,92120805,184682413,474632242,406958706,152943870,547879317,129500937,208134904,3426582619,15845773,6,3,4,0,1,4484,1204,61,0,0,0,0,5,76262988,2432534383,13327783,1,131871916,994048236,2517990,1253720019,1692486611,110072446,83893451,53881556,194106072,5031400,31762919,312485142,267252050,0,0,0,0
1009,24,8505016266,8494394518,10136442,50,383152,102064,40,1985861359,480287,92164544,182144097,477163811,407970008,151909410,547700696,126303667,208118515,3426426934,15962157,6,3,4,0,1,4484,1204,61,0,0,0,0,5,76193777,2432469371,13390225,1,131924738,993957563,2571932,1209079215,1693591849,111099080,119545733,57826368,194142633,4997279,31760139,294383700,307085202,0,0,0,0
1009,25,8505014505,8494395268,10135882,40,382552,100733,30,1986153970,500176,92122453,180943331,478383380,408760382,151141472,547872739,126407467,208124354,3426423825,16009007,6,3,4,0,1,4484,1204,61,0,0,0,0,5,76248368,2432454311,13412935,1,131875986,993969514,2596072,1203698574,1696367500,116632879,116062898,55441492,194108542,5029490,31752839,279723983,300280753,0,0,0,0
1009,26,8505015456,8494393858,10135612,40,384532,101383,31,1985920283,496097,92147423,183751575,475563095,408284886,151594879,547680467,126373161,208133475,3426364422,16015270,6,3,4,0,1,4484,1204,61,0,0,0,0,5,76207947,2432441550,13411807,1,131925528,993922872,2603463,1219619779,1697046819,115564871,98260201,50772517,194142653,4997389,31759399,283246398,306472700,0,0,0,0
1009,27,8505013785,8494392438,10135582,50,385302,100383,30,1986221393,484906,92136095,183435044,475893937,408299215,151601028,547878607,126467377,208113995,3426412504,16017987,6,3,4,0,1,4484,1204,61,0,0,0,0,5,76244969,2432446370,13420575,1,131869026,993966134,2597412,1220352487,1697426328,110490695,102147643,51256550,194107992,5029210,31757299,306648093,309923494,0,0,0,0
1009,28,8505016026,8494393108,10137362,40,384302,101183,31,1986040366,513297,92140184,183395844,475912174,408487563,151415894,547693249,126455030,208127116,3426358832,16029169,6,3,4,0,1,4484,1204,61,0,0,0,0,5,76208258,2432439440,13416096,1,131918858,993919392,2613073,1227639381,1695355579,111580608,96379268,55906346,194145413,4993279,31763279,284027275,307173556,0,0,0,0
1009,29,8505014215,8494418249,10112821,50,382672,100393,30,1986270546,423324,92186368,181263866,478065041,407939416,151961260,547867706,126539804,208118174,3426373872,16059929,6,3,4,0,1,4484,1204,61,0,0,0,0,5,76245698,2432393958,13472417,1,131872476,993979914,2587512,1192386954,1691981719,112397084,127608642,57479111,194107282,5028570,31758498,281124700,317590204,0,0,0,0
1009,30,8505016205,8494394228,10135492,50,386142,100164,129,1985947992,491138,92157753,182516018,476798951,408253546,151620880,547699498,126377128,208122835,3426483306,15906905,6,3,4,0,1,4484,1204,61,0,0,0,0,5,76194767,2432529353,13338583,1,131928068,993953953,2568322,1197624121,1694170065,114878638,123782233,57189374,194145783,4993839,31760639,280699231,311317108,0,0,0,0
1009,31,8505014185,8494394728,10134442,50,385142,99793,30,1985902673,533447,92083754,180971858,478356270,408437454,151454390,547899578,126140402,208119095,3426366883,16066240,6,3,4,0,1,4484,1204,61,0,0,0,0,5,76251139,2432413230,13455417,1,131867956,993953653,2610823,1188674073,1699784430,114967245,127383455,58575051,194109452,5029020,31760349,317681466,335751313,0,0,0,0
1009,32,8505016595,8494457560,10074550,50,383862,100533,40,1990121234,494105,92170126,185492812,473808787,406808758,153076416,547687080,130554760,208106543,3426481607,15892285,6,3,4,0,1,4484,1204,61,0,0,0,0,5,76176135,2432549164,13302643,1,131930408,993932443,2589642,1253496521,1696869486,108552729,85029492,52384376,194139913,4999869,31763759,271841262,304231929,0,0,0,0
1009,33,8505015245,8494460180,10073880,40,380862,100243,40,1989375363,454506,92155646,185649256,473657271,406991377,152915510,547854466,129669759,208114945,3426541007,15880095,6,3,4,0,1,4484,1204,61,0,0,0,0,5,76258359,2432559253,13294953,1,131856586,993981754,2585142,1254221754,1699422817,106191833,83890362,53395248,194105332,5029250,31769089,300386949,267329275,0,0,0,0
1009,34,8505016935,8494460110,10073890,50,381812,101033,40,1990400843,439333,92195416,185076998,474236552,406718117,153187529,547651256,130872041,208124214,3426492486,15884445,6,3,4,0,1,4484,1204,61,0,0,0,0,5,76201826,2432535323,13315693,1,131922388,993957163,2568752,1235465783,1697213135,117615071,92245084,53924198,194141073,4997799,31765809,293052572,264709452,0,0,0,0
1009,35,8505015595,8494460040,10073850,50,380962,100573,120,1989094944,420365,92209624,184766691,474534308,406655557,153253559,547875717,129346803,208120633,3426527387,15889845,6,3,4,0,1,4484,1204,61,0,0,0,0,5,76256157,2432541393,13307483,1,131864476,993985994,2582362,1260403905,1697345506,102493568,90141634,55486562,194107152,5027450,31770329,310111102,266288284,0,0,0,0
1009,36,8505015835,8494454590,10078660,50,381392,101103,40,1989234287,515356,92159765,184769230,474532348,406553162,153360284,547677778,129637883,208099744,3426497067,15892186,6,3,4,0,1,4484,1204,61,0,0,0,0,5,76176356,2432543954,13319874,1,131923388,993953113,2572312,1266475035,1690393708,108514950,77850349,54162499,194140413,5000449,31763879,284368064,265764233,0,0,0,0
1009,37,8505015225,8494451710,10083090,50,381702,98643,30,1991071196,455044,92183506,184796709,474509748,406985828,152944889,547860985,131307398,208141694,3426483758,15938215,6,3,4,0,1,4484,1204,61,0,0,0,0,5,76266208,2432532115,13322022,1,131875486,993951643,2616193,1261362079,1695529184,116150545,71497025,50662277,194106042,5028680,31769559,304951870,278032559,0,0,0,0
1009,38,8505017035,8494450120,10083890,40,381942,101014,29,1990341170,489505,92182518,185002267,474307990,406375808,153502699,547696986,130755467,208114465,3426457965,15910825,6,3,4,0,1,4484,1204,61,0,0,0,0,5,76185867,2432529572,13316283,1,131928598,993928393,2594542,1226059700,1695927276,111612194,106249163,55510230,194145854,4993428,31764839,303021850,276218409,0,0,0,0
1009,39,8505015355,8494453900,10080240,50,380702,100433,30,1990954033,449943,92189565,184024707,475292485,406752706,153161530,547865145,131190721,208134655,3426513225,15904586,6,3,4,0,1,4484,1204,61,0,0,0,0,5,76266539,2432529071,13321274,1,131868116,993984154,2583312,1235472287,1692593188,117685311,94792431,52377588,194106082,5027280,31771069,330403116,272737193,0,0,0,0
1009,40,8505014925,8494389408,10139882,50,384442,101113,30,1986081477,448894,92191017,182626500,476672136,407609747,152285790,547697388,126526944,208091364,3426453305,15944108,6,3,4,0,1,4484,1204,61,0,0,0,0,5,76167836,2432444880,13423618,1,131923528,994008425,2520490,1216762260,1696366080,116662031,107391116,58296341,194149613,4991029,31754969,336394593,304577372,0,0,0,0
1009,41,8505013335,8494389858,10139072,50,383962,100363,30,1985745898,502837,92142735,182962832,476342257,408094811,151821615,547848585,125998396,208118894,3426399173,16048440,6,3,4,0,1,4484,1204,61,0,0,0,0,5,76245678,2432446450,13433677,1,131873216,993952723,2614763,1228688401,1693366389,113966629,98490778,51044210,194109152,5026760,31760008,331100381,310181817,0,0,0,0
1009,42,8505015145,8494477991,10051269,40,384632,101173,40,1985512730,455055,92179575,183072146,476229323,408065279,151834828,547675153,125969589,208136434,3426363113,15994308,6,3,4,0,1,4484,1204,61,0,0,0,0,5,76203096,2432457121,13380265,1,131933338,993905992,2614043,1225715993,1695909879,112193406,99456859,50597186,194152264,4988338,31757359,324005169,308257985,0,0,0,0
1009,43,8505013705,8494471001,10057309,50,385152,100163,30,1986241294,451344,92199934,182657686,476644026,407441799,152472208,547858363,126488632,208117785,3426389253,16037560,6,3,4,0,1,4484,1204,61,0,0,0,0,5,76251099,2432443330,13418847,1,131866686,993945923,2618713,1204125502,1697439180,114681156,117323706,56066233,194109042,5023980,31762659,318156066,315047881,0,0,0,0
1009,44,8505015565,8494389648,10140092,40,384952,100804,29,1985839281,497636,92172157,181716869,477570207,407912377,152006879,547694751,126237812,208117593,3426300041,16081581,6,3,4,0,1,4484,1204,61,0,0,0,0,5,76192755,2432380919,13472668,1,131924838,993919122,2608913,1209206746,1691783815,115361478,116307209,52974496,194151244,4988708,31755818,310371839,318273345,0,0,0,0
1009,45,8505013645,8494390208,10138712,40,384092,100553,40,1986010284,494847,92158535,182457444,476844375,407366377,152564288,547842125,126253553,208123355,3426354362,16083380,6,3,4,0,1,4484,1204,61,0,0,0,0,5,76252019,2432383738,13485228,1,131871336,993970624,2598152,1195244619,1696115828,120099033,118142228,52942519,194108382,5026450,31764259,320591707,320038794,0,0,0,0
1009,46,8505015126,8494389278,10141842,50,383222,100694,40,1986098036,522796,92146054,181743244,477548015,408326542,151577524,547681910,126517372,208110594,3426333201,16029760,6,3,4,0,1,4484,1204,61,0,0,0,0,5,76177176,2432428539,13417307,1,131933418,993904662,2612453,1202496471,1695414011,115490411,120428954,56916531,194150424,4986938,31757359,305795313,314199127,0,0,0,0
1009,47,8505013575,8494389358,10140032,50,384282,99823,30,1986083258,469887,92158372,182364636,476942924,408057438,151872189,547869425,126315798,208129445,3426401614,16033540,6,3,4,0,1,4484,1204,61,0,0,0,0,5,76256229,2432457391,13409957,1,131873216,993944223,2623583,1207217243,1698462073,114834305,114074888,54671873,194108782,5023950,31763548,358092183,334688525,0,0,0,0
1009,48,8505011864,8494413648,10112831,50,383762,101544,29,1990522297,494957,92155223,184637256,474674583,406499281,153373285,547693419,130978083,208156675,3426469395,15900625,6,3,4,0,1,4484,1204,61,0,0,0,0,5,76216677,2432559293,13286662,1,131939998,993910102,2613963,1244676459,1697641723,111041672,87682370,51062075,194138183,5002109,31757819,337848798,306682468,0,0,0,0
1009,49,8505014545,8494423419,10106381,50,384242,100423,30,1989171631,510560,92120993,185401956,473919212,406404337,153494688,547844915,129455543,208140675,3426508496,15924397,6,3,4,0,1,4484,1204,61,0,0,0,0,5,76268129,2432558523,13303084,1,131872546,993949973,2621313,1241223630,1693486856,107322341,105028841,55297995,194102282,5034360,31762419,344652172,290181644,0,0,0,0
1009,50,8505016246,8494415349,10114081,40,384242,102503,31,1989541557,439084,92195025,185395290,473932819,406640995,153239620,547645188,130032676,208156544,3426546888,15822323,6,3,4,0,1,4484,1204,61,0,0,0,0,5,76221046,2432632866,13210140,1,131935498,993914022,2612183,1264564779,1698526206,104923013,79447323,50533540,194137693,5002169,31758739,334644557,266258535,0,0,0,0
1009,51,8505014775,8494418149,10111141,50,385892,99513,30,1988382681,473875,92168254,186364740,472953202,406814369,153068225,547877426,128645348,208137985,3426546909,15885064,6,3,4,0,1,4484,1204,61,0,0,0,0,5,76266489,2432544814,13315782,1,131871496,994002095,2569282,1057194759,1699727395,97976339,244310236,53576979,194103982,5032840,31762169,354653401,348271591,0,0,0,0
1009,52,8505014396,8494411419,10118051,50,383692,101144,40,1990410693,475156,92165594,184315895,475002264,406081238,153793147,547706380,130850589,208154905,3426454533,15911996,6,3,4,0,1,4484,1204,61,0,0,0,0,5,76224597,2432519121,13310173,1,131930308,993935412,2601823,1287629659,1695280901,109777820,59302965,51734007,194135543,5005569,31757099,315180813,255518359,0,0,0,0
1009,53,8505014485,8494418559,10110891,40,384512,100443,40,1991128448,455093,92173826,184954134,474363785,406697946,153205180,547856806,131406614,208144155,3426496236,15929976,6,3,4,0,1,4484,1204,61,0,0,0,0,5,76275099,2432569204,13283132,1,131869056,993927032,2646844,1278174824,1692223517,109370912,71187666,55079524,194102492,5034830,31766089,334747286,260767225,0,0,0,0
1009,54,8505017095,8494414469,10116381,40,384152,102024,29,1989211758,476724,92178546,185629516,473699502,406599133,153264563,547702739,129638264,208148145,3426440075,15931506,6,3,4,0,1,4484,1204,61,0,0,0,0,5,76209967,2432509762,13338184,1,131938178,993930313,2593322,1235234349,1692244941,112520448,100987444,54837290,194141133,5000459,31757329,321166462,272904342,0,0,0,0
1009,55,8505016406,8494418769,10110801,50,385632,101114,40,1990767204,468513,92168537,184103297,475210912,406552742,153342004,547879865,131027824,208142905,3426504907,15919876,6,3,4,0,1,4484,1204,61,0,0,0,0,5,76271059,2432531853,13324454,1,131871846,993973054,2595422,1247383354,1691865698,110406093,90572482,54766345,194104742,5032690,31761949,335181075,279461116,0,0,0,0
1009,56,8505015706,8494413749,10114061,50,384552,103263,31,1985429546,474586,92176755,182731194,476573363,408319288,151566898,547689599,125871542,208132154,3426349203,16035000,6,3,4,0,1,4484,1204,61,0,0,0,0,5,76208146,2432407800,13442788,1,131924008,993941403,2592212,1240642920,1692169619,107978209,94387366,53041589,194142213,4995699,31751879,344266379,301659832,0,0,0,0
1009,57,8505013535,8494412959,10114731,40,384922,100853,30,1985603434,479325,92166167,182549387,476756881,407723917,152176737,547866758,125853679,208157267,3426424494,15998818,6,3,4,0,1,4484,1204,61,0,0,0,0,5,76281841,2432440700,13414346,1,131875426,993983794,2584472,1234779588,1697509731,106110663,98161031,51435671,194109862,5023900,31757808,351238997,301172021,0,0,0,0
1009,58,8505015316,8494412619,10116301,50,384402,101913,31,1985528019,487135,92157924,180995368,478311392,408200394,151679381,547680267,125990248,208125915,3426392253,15992638,6,3,4,0,1,4484,1204,61,0,0,0,0,5,76199497,2432454580,13405996,1,131926418,993937673,2586642,1207599454,1698625307,114659668,116943773,55762309,194139963,4998449,31760879,344758356,303328777,0,0,0,0
1009,59,8505013264,8494408188,10117591,40,384982,102423,40,1985693775,439574,92198219,183377992,475932183,408588960,151303255,547873258,125946683,208137747,3426352232,16072610,6,3,4,0,1,4484,1204,61,0,0,0,0,5,76268661,2432408109,13449707,1,131869086,993944123,2622903,1228681302,1698594392,117411854,90257912,54415061,194109552,5023610,31760038,338270397,302166112,0,0,0,0
1009,60,8505015416,8494407729,10121091,40,384372,102144,40,1985379483,498148,92164783,183618261,475679818,408754750,151143655,547720032,125771196,208118954,3426389174,15993418,6,3,4,0,1,4484,1204,61,0,0,0,0,5,76197686,2432454121,13396656,1,131921268,993935053,2596762,1229784672,1697215852,112554992,92200016,54532683,194146003,4994359,31762059,227379809,297074711,0,0,0,0
1009,61,8505013085,8494412759,10115411,50,384372,100463,30,1985882072,447254,92184015,182591251,476718729,408372218,151535388,547852496,126153659,208150796,3426366633,16063569,6,3,4,0,1,4484,1204,61,0,0,0,0,5,76279890,2432407270,13452646,1,131870906,993959363,2610923,1229069654,1696883468,109098891,97195411,53221682,194108802,5023770,31756188,343459797,304558524,0,0,0,0
1009,62,8505015435,8494408959,10119761,50,385522,101114,29,1985567649,477892,92191059,182430765,476873664,408320368,151562247,547718169,125966126,208123346,3426384302,15991639,6,3,4,0,1,4484,1204,61,0,0,0,0,5,76196328,2432454299,13400547,1,131927018,993930003,2591092,1235003400,1695301683,110007730,93858312,54507721,194141843,4996759,31752568,329144557,306432235,0,0,0,0
1009,63,8505013985,8494407939,10121661,40,383892,100423,30,1985786170,471746,92166277,184753528,474558968,408609288,151291388,547867707,126040116,208149256,3426397993,16028839,6,3,4,0,1,4484,1204,61,0,0,0,0,5,76280350,2432447610,13413546,1,131868906,993950383,2615293,1226477727,1698447945,111337081,93848794,54953014,194110242,5023590,31764529,356017500,330910816,0,0,0,0
1009,64,8505017375,8494406169,10128211,70,382182,100614,129,1990003143,354481,92213517,185027007,474264840,406620014,153264721,547722460,130508270,208112523,3426515559,15852973,6,3,4,0,1,4484,1204,61,0,0,0,0,5,76187325,2432588566,13253151,1,131925198,993926993,2599822,1235045495,1699149808,111345148,97078727,56796148,194157714,4985498,31758849,270641065,303139665,0,0,0,0
1009,65,8505014715,8494405649,10128841,50,379992,100153,30,1990545840,325499,92179665,185132961,474189798,406778430,153121935,547891927,130884042,208097483,3426609901,15831113,6,3,4,0,1,4484,1204,61,0,0,0,0,5,76234218,2432610965,13253391,1,131863265,993998936,2577722,1246337791,1690451060,111590048,99012980,56470916,194105242,5033430,31765209,323222463,282008578,0,0,0,0
1009,66,8505014936,8494402479,10130771,40,381012,100603,31,1990682522,328279,92222036,186235116,473075373,406712729,153164069,547702990,131215140,208104313,3426506978,15866222,6,3,4,0,1,4484,1204,61,0,0,0,0,5,76187235,2432560525,13282270,1,131917078,993946453,2583952,1259791906,1695812767,111340733,75593287,50079227,194151544,4990878,31760919,282612390,269530692,0,0,0,0
1009,67,8505014435,8494392588,10140842,50,380912,100003,40,1991615185,315079,92221287,185862593,473439586,407029706,152861039,547904678,131946604,208124585,3426523996,15888194,6,3,4,0,1,4484,1204,61,0,0,0,0,5,76260219,2432531592,13306632,1,131864366,993992404,2581562,1025238452,1705201101,96236453,264014523,52621597,194105092,5032730,31765879,301174991,358722045,0,0,0,0
1009,68,8505017066,8494405879,10129011,280,380572,101293,31,1990445816,353200,92218117,185092410,474201140,406484200,153390024,547730411,130950482,208088264,3426549058,15848464,6,3,4,0,1,4484,1204,61,0,0,0,0,5,76168566,2432606695,13260292,1,131919698,993942363,2588172,1271361404,1694131870,112043764,71530588,49257927,194152754,4992818,31758129,278347804,248683851,0,0,0,0
1009,69,8505013385,8494426109,10107511,40,379312,100383,30,1990216637,295479,92215886,184348017,474966663,406494760,153414124,547916958,130537940,208114675,3426514157,15902364,6,3,4,0,1,4484,1204,61,0,0,0,0,5,76251899,2432547153,13293062,1,131862776,993967004,2609302,1279950309,1691195787,109143648,68072876,54292118,194103882,5032790,31765689,308071648,263305376,0,0,0,0
1009,70,8505016755,8494404098,10131002,200,381182,100244,29,1988938065,338172,92258036,184901705,474401604,406320836,153544571,547729479,129417454,208108865,3426509246,15856644,6,3,4,0,1,4484,1204,61,0,0,0,0,5,76188467,2432556483,13278932,1,131920398,993952763,2577712,1236449600,1692367629,115080661,96851900,54709062,194154604,4988968,31760499,289130076,278890678,0,0,0,0
1009,71,8505017215,8494402038,10131522,70,381652,101893,40,1990332581,316131,92203698,184090017,475227052,406929554,152979052,547909197,130663752,208102324,3426520738,15870002,6,3,4,0,1,4484,1204,61,0,0,0,0,5,76241388,2432514993,13299621,1,131860936,994005745,2570381,1232727619,1694169030,111418922,103077292,57200153,194104502,5032080,31765879,291427945,263127229,0,0,0,0
1009,72,8505016145,8494399119,10134241,60,381562,101134,29,1985535850,318560,92241767,182311503,476978014,408037961,151845105,547762033,125993197,208102602,3426352582,16033200,6,3,4,0,1,4484,1204,61,0,0,0,0,5,76184065,2432427310,13424507,1,131918537,993925272,2608693,1228980960,1685918023,117219887,101175501,54609352,194154824,4991948,31750359,328449435,301013031,0,0,0,0
1009,73,8505016336,8494417099,10114831,50,382832,101493,31,1986033417,325952,92210025,181622459,477687801,407893553,152003001,547915758,126329956,208103334,3426500996,15944435,6,3,4,0,1,4484,1204,61,0,0,0,0,5,76238498,2432479401,13393004,1,131864836,994021595,2551431,1229119058,1692633437,110773773,105119569,53813895,194109392,5026120,31761489,318612860,286536671,0,0,0,0
1009,74,8505015665,8494418149,10114821,40,382212,100403,40,1985739026,332562,92218826,181933647,477364111,408147753,151728242,547726201,126251414,208106493,3426413805,15974107,6,3,4,0,1,4484,1204,61,0,0,0,0,5,76178245,2432478422,13380845,1,131928248,993935383,2593262,1239245949,1698523674,110805274,87365899,49494255,194169074,4978678,31759119,312330162,298571802,0,0,0,0
1009,75,8505015905,8494415729,10115641,60,382992,101443,40,1985843269,316712,92208976,181776431,477530245,408069061,151837625,547899388,126176310,208133124,3426381994,16013157,6,3,4,0,1,4484,1204,61,0,0,0,0,5,76270318,2432412560,13410095,1,131862806,993969434,2603062,1219071344,1695309599,116578398,103349294,56935654,194108982,5025610,31766529,319927078,308208867,0,0,0,0
1009,76,8505016495,8494398869,10135711,50,381762,100074,29,1985927693,332638,92235367,182225819,477061791,408030688,151854566,547750942,126412850,208119974,3426449406,15923425,6,3,4,0,1,4484,1204,61,0,0,0,0,5,76204406,2432475442,13363094,1,131915568,993973964,2560331,1207969736,1694066109,117875616,105584128,58834095,194163314,4988049,31746068,304469723,308537608,0,0,0,0
1009,77,8505015245,8494400688,10129982,40,384022,100473,40,1985990196,317419,92202688,183651181,475655179,407633153,152274072,547910067,126296494,208080153,3426416845,16039699,6,3,4,0,1,4484,1204,61,0,0,0,0,5,76215607,2432454691,13429016,1,131864546,993962154,2610683,1231896797,1699249423,118163763,84538794,55627986,194109412,5026710,31760909,321689093,307647327,0,0,0,0
1009,78,8505016365,8494400208,10134042,50,382092,99944,29,1985726395,296130,92252736,183505040,475788541,407617465,152257158,547731471,126236424,208144313,3426310580,16018911,6,3,4,0,1,4484,1204,61,0,0,0,0,5,76227336,2432385488,13418158,1,131916977,993925092,2600753,1220161095,1698944091,108041145,104209560,53747273,194164864,4977458,31754859,318997984,306360412,0,0,0,0
1009,79,8505015495,8494398448,10132192,90,384202,100523,40,1986024817,328089,92216479,182715821,476596187,408343378,151566640,547918935,126301036,208087411,3426502508,15931315,6,3,4,0,1,4484,1204,61,0,0,0,0,5,76224415,2432491423,13369904,1,131862996,994011085,2561411,1206632025,1696754969,114238307,115796263,55176981,194109722,5025640,31761999,320430506,329684377,0,0,0,0
1009,80,8505012055,8494389957,10140792,50,380582,100634,40,1991011535,390133,92201625,186046049,473261619,406963276,152895588,547734512,131500110,208122344,3426518848,15868054,6,3,4,0,1,4484,1204,61,0,0,0,0,5,76190676,2432548924,13307053,1,131931668,993969924,2561001,1240136638,1698444255,117548399,80764842,53199761,194142413,5003579,31750169,363568093,295712563,0,0,0,0
1009,81,8505014955,8494411729,10118011,50,384682,100453,30,1988459133,373610,92183998,185146250,474171219,406543690,153337635,547887736,128790122,208116925,3426539888,15897044,6,3,4,0,1,4484,1204,61,0,0,0,0,5,76253359,2432527763,13336203,1,131863566,994012125,2560841,1250113145,1693987585,113252126,83118051,50531357,194100932,5037290,31758529,362851200,275964901,0,0,0,0
1009,82,8505014296,8494394818,10136342,50,382002,101053,31,1990356962,370222,92191157,184788017,474544141,407134302,152725152,547695948,130890674,208097442,3426626631,15774902,6,3,4,0,1,4484,1204,61,0,0,0,0,5,76169084,2432667648,13204420,1,131928358,993958983,2570482,1237017459,1700358486,110544425,93810953,54127935,194138323,5005999,31752228,359148544,255722298,0,0,0,0
1009,83,8505015375,8494390068,10139742,50,384912,100563,40,1990465837,346201,92204836,184962708,474350783,406677256,153194927,547922517,130785888,208119335,3426533077,15900556,6,3,4,0,1,4484,1204,61,0,0,0,0,5,76254559,2432544133,13317294,1,131864776,993988944,2583262,1269347537,1694537055,112528433,71232151,53621864,194103982,5033520,31768289,382186758,263809911,0,0,0,0
1009,84,8505016636,8494394658,10139682,50,381292,100923,31,1989612401,389672,92196236,186127822,473184397,406830060,153031504,547724882,130106685,208115515,3426545659,15846453,6,3,4,0,1,4484,1204,61,0,0,0,0,5,76191478,2432570444,13284482,1,131924037,993975215,2561971,1260449252,1695996333,108163482,77965575,56497664,194137513,5006399,31752108,355859046,254843230,0,0,0,0
1009,85,8505012865,8494410989,10118311,50,382062,101423,30,1989703413,354140,92201396,185167705,474149817,406803999,153083007,547904504,130019235,208126754,3426528227,15912036,6,3,4,0,1,4484,1204,61,0,0,0,0,5,76261888,2432541403,13324474,1,131864866,993986824,2587562,1250864553,1698740949,113708764,75109782,53540113,194102212,5037550,31763879,369973092,263387066,0,0,0,0
1009,86,8505016776,8494389798,10144252,70,382372,100253,31,1989098574,366190,92222789,185262493,474072075,406301076,153540680,547730071,129580079,208110105,3426513097,15889125,6,3,4,0,1,4484,1204,61,0,0,0,0,5,76180397,2432533793,13338084,1,131929708,993979304,2551041,1227888456,1693410136,111328872,104633691,55135972,194144343,5001239,31751328,365426995,268037210,0,0,0,0
1009,87,8505013185,8494413619,10119061,50,381092,99333,30,1991250352,362751,92192005,185544104,473772456,406283812,153596933,547926588,131555463,208129904,3426541398,15886206,6,3,4,0,1,4484,1204,61,0,0,0,0,5,76263788,2432542784,13314154,1,131866116,993998614,2572052,1231787275,1693009463,113044364,103743262,53399399,194100852,5037080,31757589,384621964,272232716,0,0,0,0
1009,88,8505015646,8494399769,10133391,60,380922,101464,40,1985499925,338600,92210808,181377520,477932356,408358199,151505009,547743637,126000978,208085933,3426301590,16098142,6,3,4,0,1,4484,1204,61,0,0,0,0,5,76184056,2432369627,13495370,1,131901877,993931963,2602772,1204240307,1693217803,114066297,121939521,55425297,194139493,5003199,31755549,381091054,287886084,0,0,0,0
1009,89,8505013895,8494393048,10134752,50,385572,100433,40,1985542783,360681,92179325,181250727,478075714,407835202,152049841,547901337,125845553,208136246,3426442716,16002586,6,3,4,0,1,4484,1204,61,0,0,0,0,5,76268360,2432434311,13439165,1,131867886,994008405,2563421,1206863826,1694531407,113874426,115311556,56051310,194107282,5031790,31751708,356945068,303416999,0,0,0,0
1009,90,8505015446,8494393278,10139812,50,381422,100853,31,1986041234,347118,92212577,183818989,475489979,407679298,152184406,547721022,126549254,208105423,3426348032,16046661,6,3,4,0,1,4484,1204,61,0,0,0,0,5,76172435,2432425830,13436758,1,131932988,993922202,2609903,1226231436,1697599894,114462302,93227893,53039311,194142573,4999389,31761079,357189708,292117700,0,0,0,0
1009,91,8505013585,8494398498,10128962,40,386082,99963,40,1986203520,342260,92206497,182929930,476393992,408253765,151627149,547906705,126512892,208131286,3426386364,16045959,6,3,4,0,1,4484,1204,61,0,0,0,0,5,76265840,2432413690,13452487,1,131865446,993972674,2593472,1219225235,1696207584,115515085,100962675,49828214,194105372,5031590,31760949,361199153,307459034,0,0,0,0
1009,92,8505015675,8494415869,10116471,50,382232,101024,29,1986182940,343949,92221639,182978401,476327157,407732228,152140166,547745492,126667887,208115963,3426363083,16032459,6,3,4,0,1,4484,1204,61,0,0,0,0,5,76190346,2432401599,13458227,1,131925617,993961484,2574232,1191028835,1695667217,114760852,125880177,55777526,194145833,4995049,31765319,355783219,311654089,0,0,0,0
1009,93,8505013935,8494394548,10134522,40,384432,100363,30,1986330624,300510,92225397,184013677,475308843,407579685,152307810,547902966,126662819,208123985,3426413833,16032130,6,3,4,0,1,4484,1204,61,0,0,0,0,5,76258519,2432439189,13434098,1,131865466,993974644,2598032,1219120111,1696665809,118275922,94181332,50437642,194106362,5032010,31757438,341821565,315513427,0,0,0,0
1009,94,8505015505,8494398148,10132352,50,385492,99423,40,1986014666,350640,92227186,182120566,477193332,407952128,151899999,547742599,126505124,208092425,3426378863,16013009,6,3,4,0,1,4484,1204,61,0,0,0,0,5,76156607,2432429790,13437607,1,131935818,993949073,2575402,1187167083,1699220649,115025514,125765649,56092142,194141093,5000019,31760479,347204057,308691861,0,0,0,0
1009,95,8505014045,8494392968,10134852,50,386572,99573,30,1986097957,354580,92168445,181710872,477623159,408137471,151746923,547925628,126402117,208140896,3426425464,16009277,6,3,4,0,1,4484,1204,61,0,0,0,0,5,76277470,2432430399,13434706,1,131863426,993995065,2574571,1193246943,1698358936,113491455,124367133,55913039,194107732,5031630,31761189,371047764,336088691,0,0,0,0
1009,96,8505016186,8494418059,10114081,50,383682,100283,31,1990333194,390234,92226127,184335724,474945314,406503541,153410844,547666910,130827820,208091575,3426564958,15818362,6,3,4,0,1,4484,1204,61,0,0,0,0,5,76168177,2432600764,13259241,1,131923398,993964194,2559121,1241840499,1698768616,110508486,89775973,55662602,194139653,5003459,31759249,281721709,303073404,0,0,0,0
1009,97,8505014055,8494397868,10132682,40,383242,100183,40,1988666130,405815,92191033,184842922,474453896,406329207,153608031,547841355,128962159,208101913,3426571139,15867993,6,3,4,0,1,4484,1204,61,0,0,0,0,5,76239457,2432590085,13275561,1,131862456,993981054,2592432,1248377719,1696997985,111238640,82331485,52344787,194099012,5037180,31762949,202601902,266986141,0,0,0,0
1009,98,8505015895,8494395548,10136252,60,383212,100794,29,1990887259,385561,92241629,185134789,474166560,406226840,153690095,547643176,131374679,208100835,3426525796,15857524,6,3,4,0,1,4484,1204,61,0,0,0,0,5,76176987,2432576833,13283122,1,131923848,993948963,2574402,1238873890,1697119498,108880064,95378567,54380311,194141323,4999409,31756179,250305453,266158254,0,0,0,0
1009,99,8505014275,8494395808,10133622,120,384292,100403,30,1990401495,365860,92224777,184909604,474398716,406762670,153178776,547858945,130668675,208079574,3426624321,15805701,6,3,4,0,1,4484,1204,61,0,0,0,0,5,76218558,2432609446,13248100,1,131861016,994014875,2557601,1236948320,1696511485,118065201,91766462,51804947,194105892,5029520,31767389,285676422,266145772,0,0,0,0
1009,100,8505015446,8494396058,10135302,50,383012,100993,31,1989879538,414876,92214174,185869924,473421806,406152158,153766307,547672818,130337896,208072983,3426543688,15855744,6,3,4,0,1,4484,1204,61,0,0,0,0,5,76154105,2432579964,13291853,1,131918878,993963724,2563891,1262356335,1689734920,113920455,74830443,53538925,194138183,5006829,31758489,263290983,271585854,0,0,0,0
1009,101,8505014175,8494400848,10131402,50,383772,98073,30,1990314853,388052,92212328,185114658,474176361,406807819,153140326,547850445,130600521,208093103,3426546927,15893706,6,3,4,0,1,4484,1204,61,0,0,0,0,5,76229957,2432537742,13329655,1,131863146,994009185,2564051,1236530539,1697228906,113278432,91036250,56258087,194102282,5033800,31756828,281506236,270954902,0,0,0,0
1009,102,8505015935,8494387268,10144482,50,383242,100864,29,1990567130,404333,92229368,185834270,473468497,406436127,153466849,547665558,131036567,208101674,3426678803,15703348,6,3,4,0,1,4484,1204,61,0,0,0,0,5,76172886,2432709519,13148197,1,131928788,993969284,2555151,1233223442,1697732956,112758092,94431579,58180176,194147384,4995778,31758449,264809199,261240986,0,0,0,0
1009,103,8505014285,8494415099,10113721,50,385142,100243,30,1990487948,374632,92228047,185135421,474171058,406328955,153624402,547843376,130752817,208096796,3426584678,15859293,6,3,4,0,1,4484,1204,61,0,0,0,0,5,76235060,2432576923,13294832,1,131861736,994007755,2564461,1255051588,1693552740,107223185,80300898,52279947,194104312,5030290,31770509,301245542,274012782,0,0,0,0
1009,104,8505014936,8494415379,10114301,50,384362,100804,40,1985792007,383082,92217897,182940849,476352048,407691960,152229556,547662109,126280896,208097223,3426397613,15993980,6,3,4,0,1,4484,1204,61,0,0,0,0,5,76175695,2432481691,13380187,1,131921528,993915922,2613793,1228994374,1692519869,111543710,99788789,54404626,194146564,4998768,31751819,328784146,302043312,0,0,0,0
1009,105,8505013025,8494396238,10131432,60,385282,99983,30,1986292117,432505,92201215,183239210,476033269,407813812,152128126,547833573,126570245,208091255,3426421813,16041709,6,3,4,0,1,4484,1204,61,0,0,0,0,5,76228569,2432432109,13458357,1,131862686,993989704,2583352,1207460189,1695117935,113841337,114950383,54545118,194105592,5031850,31760839,314461961,303509147,0,0,0,0
1009,106,8505015005,8494396648,10133002,50,384462,100663,180,1986099909,378263,92218798,181817763,477469061,408315328,151603890,547651728,126619135,208101684,3426408755,15967387,6,3,4,0,1,4484,1204,61,0,0,0,0,5,76170246,2432459721,13393926,1,131931438,993949034,2573461,1208447037,1698995767,114905458,110954086,54663460,194151554,4994968,31751879,304314925,296226978,0,0,0,0
1009,107,8505013665,8494396468,10131352,60,385922,99823,40,1986288115,356022,92260328,183127857,476152822,408212812,151730185,547833344,126576696,208107456,3426430372,16008589,6,3,4,0,1,4484,1204,61,0,0,0,0,5,76241790,2432482139,13390896,1,131865666,993948233,2617693,1220417106,1700168711,118173478,93847430,54955425,194105502,5027670,31764329,306735472,299167555,0,0,0,0
1009,108,8505015556,8494396799,10133701,50,384142,100833,31,1986298131,410452,92232989,182661871,476603524,407926105,152005462,547672779,126756771,208111605,3426432454,15957707,6,3,4,0,1,4484,1204,61,0,0,0,0,5,76192437,2432481711,13376205,1,131919168,993950743,2581502,1206688021,1692546294,116287498,115395454,52781882,194153274,4992718,31752319,302295807,308885919,0,0,0,0
1009,109,8505013645,8494401639,10127141,50,384142,100633,40,1986161193,385883,92221864,181541308,477731021,408044270,151910917,547830276,126468130,208102354,3426462536,15993848,6,3,4,0,1,4484,1204,61,0,0,0,0,5,76239238,2432476292,13406866,1,131863116,993986244,2586982,1196940506,1696256814,115173040,117564448,55936975,194104692,5031130,31766179,296863334,312473632,0,0,0,0
1009,110,8505015166,8494396148,10133552,50,384742,100643,31,1985540019,424494,92194605,182276181,477006526,407606156,152309472,547671747,126010418,208114144,3426329662,16044280,6,3,4,0,1,4484,1204,61,0,0,0,0,5,76182916,2432421980,13431057,1,131931228,993907682,2613223,1207155172,1699120892,113714534,111886583,51525037,194151634,4986028,31759499,295953740,315113058,0,0,0,0
1009,111,8505013145,8494396378,10131112,70,386062,99493,30,1986080637,378463,92189145,182398164,476907523,407997299,151962769,547838966,126374657,208113725,3426361001,16076411,6,3,4,0,1,4484,1204,61,0,0,0,0,5,76248869,2432434049,13430917,1,131864856,993926952,2645494,1222287754,1700300806,118489553,90019002,50866171,194105512,5028270,31764419,326191648,333835665,0,0,0,0
1009,112,8505011155,8494376977,10149232,40,383762,101113,31,1991429645,351901,92219717,184862821,474444758,406730848,153124076,547715839,131957857,208136937,3426495415,15883706,6,3,4,0,1,4484,1204,61,0,0,0,0,5,76206509,2432543272,13304874,1,131930428,993952143,2578832,1246396429,1697568148,105661449,90623998,54948423,194137543,5005819,31755669,197706050,323776050,0,0,0,0
1009,113,8505013485,8494385008,10145462,50,382402,100533,30,1989557219,392353,92165425,183952803,475372247,406794099,153093334,547872567,129889627,208142396,3426589040,15847322,6,3,4,0,1,4484,1204,61,0,0,0,0,5,76275990,2432578895,13282171,1,131866406,994010145,2565151,1228131718,1699914039,113356698,96765847,53779935,194099272,5037570,31756618,288191353,285395667,0,0,0,0
1009,114,8505015695,8494391368,10136392,40,385282,102573,40,1990836189,325193,92240417,187101665,472219515,406629405,153232628,547671347,131396610,208127395,3426544819,15835541,6,3,4,0,1,4484,1204,61,0,0,0,0,5,76198367,2432576975,13274810,1,131929028,993967844,2560731,1223302237,1698983712,116884999,97216180,56089041,194136483,5007869,31755759,266157923,285587167,0,0,0,0
1009,115,8505013865,8494393238,10135422,160,386152,98863,30,1990134397,366203,92213674,184948637,474366416,406893781,152978413,547897885,130448756,208145776,3426502366,15927007,6,3,4,0,1,4484,1204,61,0,0,0,0,5,76277770,2432538613,13317713,1,131868006,993963753,2609294,1241629399,1697148139,113704019,85295808,51183433,194103142,5034550,31765599,287926516,292211073,0,0,0,0
1009,116,8505013595,8494382637,10145932,460,383882,100653,31,1989751093,360483,92210465,186028468,473294281,406444808,153407036,547727982,130255001,208129996,3426436853,15940607,6,3,4,0,1,4484,1204,61,0,0,0,0,5,76204508,2432511611,13326194,1,131925488,993925242,2614413,1249881799,1695024052,112802037,81088596,53251576,194136873,5008549,31755999,297903917,286579671,0,0,0,0
1009,117,8505013695,8494389678,10139362,100,383962,100563,30,1990666081,342121,92224818,185332856,473985533,406993605,152897921,547882646,130989843,208142226,3426544429,15888434,6,3,4,0,1,4484,1204,61,0,0,0,0,5,76278880,2432537954,13317683,1,131863346,994006475,2570751,1226257293,1695822306,112277314,102913169,55551844,194101292,5036210,31769019,327297034,297452634,0,0,0,0
1009,118,8505016576,8494415969,10115011,50,383532,101983,31,1991231251,367729,92226017,186755253,472583447,406602585,153238460,547715539,131724528,208136375,3426533757,15842785,6,3,4,0,1,4484,1204,61,0,0,0,0,5,76205637,2432555523,13292224,1,131930738,993978234,2550561,1239467529,1690677941,115821291,90199670,51918553,194141913,5002239,31757189,304507234,295674741,0,0,0,0
1009,119,8505015956,8494394378,10134392,40,386082,101033,31,1990839699,355984,92185272,184995808,474328456,406531548,153351224,547900237,131172469,208140037,3426544545,15895876,6,3,4,0,1,4484,1204,61,0,0,0,0,5,76274801,2432551951,13316574,1,131865236,993992594,2579302,1232860820,1693395199,114856193,94149474,52261923,194102522,5035240,31754589,313196054,286205662,0,0,0,0
1009,120,8505016026,8494395058,10130722,70,386582,103563,31,1985913691,346381,92207295,183285710,476035689,407409692,152451774,547715809,126424901,208134055,3426366193,16028629,6,3,4,0,1,4484,1204,61,0,0,0,0,5,76201567,2432454821,13402366,1,131932488,993911372,2626263,1232054093,1689270873,118221770,89441649,49975213,194138453,4999869,31752559,336396289,329556391,0,0,0,0
1009,121,8505013685,8494395438,10133372,40,384022,100783,30,1986307863,352222,92201997,182818046,476500075,407349875,152542479,547886466,126619666,208144125,3426467895,15964337,6,3,4,0,1,4484,1204,61,0,0,0,0,5,76274689,2432491481,13370345,1,131869436,993976414,2593992,1202660711,1696514903,116226215,118075029,51013324,194107852,5029150,31755299,317810875,319928971,0,0,0,0
1009,122,8505015406,8494393278,10134882,40,385182,101984,40,1985817680,385715,92185055,183080835,476249174,407198781,152666814,547695008,126325377,208116505,3426405153,15991709,6,3,4,0,1,4484,1204,61,0,0,0,0,5,76184757,2432478400,13389787,1,131931748,993926753,2601922,1219035079,1696864830,115815101,101264590,49900828,194138483,5000879,31762629,318601167,325153091,0,0,0,0
1009,123,8505012955,8494390827,10134512,50,385162,102373,31,1986395777,313440,92217195,182013963,477315189,407528351,152355984,547901317,126728388,208140655,3426429224,16004070,6,3,4,0,1,4484,1204,61,0,0,0,0,5,76274649,2432454980,13406988,1,131866006,993974244,2597082,1195627199,1698745109,116040082,120408240,54805135,194107872,5028960,31762779,300861922,330776588,0,0,0,0
1009,124,8505015975,8494394908,10133282,60,385762,101923,40,1985702434,371833,92200385,183825218,475492971,407375928,152495257,547748092,126161811,208129506,3426361172,16015999,6,3,4,0,1,4484,1204,61,0,0,0,0,5,76202328,2432452800,13387706,1,131927178,993908372,2628293,1219902703,1698128528,111239759,104169555,52379106,194144103,4996869,31763659,305527338,326945559,0,0,0,0
1009,125,8505013035,8494395118,10134622,50,383082,100133,30,1986385277,359442,92213706,182400253,476920858,407872553,152017489,547885378,126683898,208147135,3426395764,16039110,6,3,4,0,1,4484,1204,61,0,0,0,0,5,76280279,2432416660,13444727,1,131866856,993979104,2594383,1189618336,1696140449,113772517,127534904,49752246,194107582,5028980,31753258,309480765,324522705,0,0,0,0
1009,126,8505015716,8494393198,10136532,50,385302,100594,40,1986130149,382212,92228937,184154089,475169751,407764760,152095425,547733311,126567693,208123624,3426408923,15967387,6,3,4,0,1,4484,1204,61,0,0,0,0,5,76189446,2432471010,13381135,1,131934178,993937913,2586252,1196907422,1695991701,120729555,117557347,53220923,194139063,5001809,31750178,314830427,326354761,0,0,0,0
1009,127,8505014646,8494390918,10140752,40,382542,100363,31,1986305366,336631,92196857,181424792,477906296,407945276,151941279,547896827,126632217,208148576,3426410475,16027439,6,3,4,0,1,4484,1204,61,0,0,0,0,5,76281510,2432445881,13423837,1,131867066,993964594,2603602,1197779241,1699216677,116486119,120025130,50669908,194107592,5028930,31763959,319480525,357120424,0,0,0,0
1010,0,20514350108,9642653582,10207765,1832071682,434183,130765,9028852131,2131604595,509076,99120234,196283386,504276668,441170844,164791901,574581198,150852307,221492867,4209145667,18285372,7,3,4,0,0,5338,1440,66,0,0,0,0,6,89562517,3064777167,15724461,1,131930350,1144368500,2560911,1568926667,2108554823,131379235,62254328,55744499,254929267,6023352,31877465,289956989,346501466,0,0,0,0
1010,1,20514319577,9642662202,10203875,1832061972,439163,130855,9028821510,2130048874,538854,99076465,194062470,506506203,440330286,165660900,574894598,148951438,221436266,4209134826,18312622,7,3,4,0,0,5338,1440,66,0,0,0,0,6,89534997,3064700685,15765371,1,131901269,1144434141,2547251,1522977454,2102823119,128653785,102347439,55135409,254860545,6098474,31870055,300781123,320176313,0,0,0,0
1010,2,20514323097,9642651302,10212295,1832070772,433383,131405,9028823940,2129297882,528707,99108201,192894564,507660544,439812418,166155984,574609899,148502935,221490778,4209161226,18261362,7,3,4,0,0,5338,1440,66,0,0,0,0,6,89564178,3064772936,15714841,1,131926600,1144388290,2546521,1526882644,2104906891,127235377,103401412,55013139,254921527,6029562,31888285,287513192,336258221,0,0,0,0
1010,3,20514319557,9642662182,10205035,1832061732,438594,130864,9028821150,2129519969,485305,99128044,193777412,506794092,439885322,166091403,574898919,148428802,221407576,4209194679,18280670,7,3,4,0,0,5338,1440,66,0,0,0,0,6,89504666,3064751177,15744350,1,131902910,1144443502,2536320,1527427868,2106152555,123545360,102224819,57072573,254861125,6086754,31883425,346658120,322994311,0,0,0,0
1010,4,20514325497,9642657202,10205675,1832072902,433084,131624,9028825010,2131243003,550287,99087712,193215346,507343400,440128651,165828704,574620008,150450225,221472347,4209150918,18301792,7,3,4,0,0,5338,1440,66,0,0,0,0,6,89547997,3064745877,15772472,1,131924350,1144405041,2529320,1525188446,2105686449,126463373,102509964,58209689,254920797,6036702,31880955,335287324,324501985,0,0,0,0
1010,5,20514320387,9642652072,10211135,1832065681,438574,130785,9028822140,2130346135,541179,99076200,192257106,508309209,439565492,166410584,574903487,149248747,221404286,4209149068,18341132,7,3,4,0,0,5338,1440,66,0,0,0,0,6,89501197,3064725217,15786491,1,131903089,1144423851,2554641,1520949987,2106401268,131943813,98957504,56460315,254859935,6089184,31889535,364085029,322193666,0,0,0,0
1010,6,20514325157,9642706703,10156194,1832073622,432224,131724,9028824690,2131362358,477614,99155193,192755684,507816024,440141238,165802655,574630629,150562509,221489399,4209118555,18317222,7,3,4,0,0,5338,1440,66,0,0,0,0,6,89560409,3064739105,15761811,1,131928990,1144379450,2555411,1554004541,2102729344,124557134,82889406,57434775,254922087,6027402,31887155,331623706,321573061,0,0,0,0
1010,7,20514319247,9642660152,10202695,1832065721,438665,131014,9028821000,2131423670,509007,99116363,192922107,507638567,440070951,165906854,574919378,150312812,221392226,4209139107,18352673,7,3,4,0,0,5338,1440,66,0,0,0,0,6,89488597,3064726186,15786562,1,131903629,1144412921,2566111,1545925249,2103737379,128145967,81445456,55504876,254862735,6090474,31894335,349040201,323021521,0,0,0,0
1010,8,20514324238,9642668262,10195325,1832069792,433863,130695,9028826301,2126512851,461773,99165055,190651707,509890341,441109630,164846354,574627168,145732654,221455806,4208966352,18470386,7,3,4,0,0,5338,1440,66,0,0,0,0,6,89525596,3064537310,15967967,1,131930210,1144429042,2502419,1518772961,2102607483,128343734,99030099,52190085,254924337,6029832,31903926,370039049,352861925,0,0,0,0
1010,9,20514322258,9642675062,10189185,1832064112,437514,131034,9028825351,2126242766,442625,99148083,191843173,508724203,441094669,164885676,574889087,145170429,221426926,4208995232,18463897,7,3,4,0,0,5338,1440,66,0,0,0,0,6,89513676,3064621173,15860294,1,131913250,1144374059,2603603,1524163403,2107274950,125176652,96921280,55653717,254843614,6115095,31875615,365048882,353913084,0,0,0,0
1010,10,20514323468,9642664632,10199845,1832070442,432833,131685,9028824031,2127017340,455053,99180514,192352070,508191938,441243055,164703579,574634408,146231370,221453456,4208952491,18488678,7,3,4,0,0,5338,1440,66,0,0,0,0,6,89525746,3064627833,15879185,1,131927710,1144324658,2609493,1524483765,2107198871,130066363,91812407,55335997,254897846,6054623,31885765,355530403,352833819,0,0,0,0
1010,11,20514322307,9642665122,10199185,1832064092,437814,131104,9028824990,2126802422,465745,99125214,191626166,508942358,441426742,164547493,574872348,145755405,221391715,4209000582,18483608,7,3,4,0,0,5338,1440,66,0,0,0,0,6,89478485,3064597742,15909846,1,131913230,1144402840,2573762,1488649793,2108994130,125698686,121403642,57178129,254840274,6108965,31881705,376273061,366595420,0,0,0,0
1010,12,20514323307,9642665812,10198535,1832070882,432684,131634,9028823760,2126488882,487644,99148555,192158591,508378304,441224343,164756020,574614309,145691545,221457317,4208950060,18486567,7,3,4,0,0,5338,1440,66,0,0,0,0,6,89525577,3064620761,15886475,1,131931740,1144329299,2600092,1509447897,2107376316,133911519,97433645,59133454,254916807,6035182,31903266,351598161,358418153,0,0,0,0
1010,13,20514322877,9642662922,10201475,1832064132,437754,131004,9028825590,2126719491,504475,99099414,189649931,510919624,441502183,164481461,574890769,145626023,221384065,4209059655,18436535,7,3,4,0,0,5338,1440,66,0,0,0,0,6,89471025,3064637664,15884154,1,131913040,1144421991,2552381,1479516988,2106613698,127491715,130481751,58303608,254846474,6107075,31885965,328686208,372780295,0,0,0,0
1010,14,20514324738,9642669352,10196295,1832069432,432634,131804,9028825221,2126420368,440014,99211754,192435822,508095864,440688577,165278087,574619909,145623822,221454976,4208905159,18532640,7,3,4,0,0,5338,1440,66,0,0,0,0,6,89524596,3064596491,15909577,1,131930380,1144308668,2623063,1519148491,2104395225,130974765,95128434,55101346,254900086,6051673,31906645,352650901,369635774,0,0,0,0
1010,15,20514322178,9642724904,10139213,1832064222,437874,131114,9028824851,2126910158,552258,99043580,190643737,509922781,441691758,164310647,574871276,145832361,221408625,4208946262,18522608,7,3,4,0,0,5338,1440,66,0,0,0,0,6,89495545,3064549312,15941866,1,131913080,1144396950,2580742,1479773244,2108030579,127657216,129350849,57807458,254841404,6111835,31892875,395222148,395082531,0,0,0,0
1010,16,20514322778,9642663212,10200845,1832072272,430793,130865,9028824791,2130885231,515496,99125863,194305903,506260533,439432276,166523078,574573098,150127873,221485138,4209080938,18342320,7,3,4,0,0,5338,1440,66,0,0,0,0,6,89543748,3064716488,15776259,1,131941390,1144364450,2566061,1531387025,2110468024,129627068,89210147,56014572,254904616,6049363,31917086,345170841,326472499,0,0,0,0
1010,17,20514320587,9642668372,10194365,1832064151,438734,130775,9028824190,2130780939,540317,99082654,194005071,506551133,439831614,166155252,574872187,149719203,221426517,4209147705,18334474,7,3,4,0,0,5338,1440,66,0,0,0,0,6,89514937,3064715604,15789473,1,131911580,1144432101,2545001,1528483862,2107766018,129024703,93277528,58301736,254845634,6110405,31916996,340029617,300280612,0,0,0,0
1010,18,20514329088,9642666872,10195285,1832071592,433304,130864,9028831171,2131220783,526678,99103752,191987017,508583639,439722156,166233487,574585208,150460796,221481378,4209096896,18329961,7,3,4,0,0,5338,1440,66,0,0,0,0,6,89535458,3064719786,15775910,1,131945920,1144377110,2554051,1552568796,2102220131,127129806,76429420,57495647,254884495,6071714,31917136,327360703,303639294,0,0,0,0
1010,19,20514328788,9642667562,10195325,1832064301,438694,130845,9028832061,2131738609,513636,99107513,194327869,506231814,439629376,166341732,574888907,150672101,221422936,4209157177,18319223,7,3,4,0,0,5338,1440,66,0,0,0,0,6,89510286,3064742656,15757242,1,131912650,1144414521,2561981,1523476469,2107398934,131548334,96842058,59521866,254844244,6110935,31917056,360609233,300299490,0,0,0,0
1010,20,20514322597,9642670312,10190585,1832074022,432353,131075,9028824250,2127644500,605810,99040118,193742664,506811153,439296353,166657961,574580768,146889742,221493809,4209092095,18328611,7,3,4,0,0,5338,1440,66,0,0,0,0,6,89549869,3064708675,15780380,1,131943940,1144383420,2548231,1530073424,2102513672,128763150,95279932,58888928,254908526,6047463,31915886,354853041,304751401,0,0,0,0
1010,21,20514320527,9642662762,10198935,1832065182,438963,130815,9028823870,2130140828,511099,99105721,193546644,507018531,439514530,166462444,574903700,149056051,221432687,4209153568,18321741,7,3,4,0,0,5338,1440,66,0,0,0,0,6,89520867,3064721967,15775350,1,131911820,1144431601,2546391,1523191588,2105041328,124732423,103586242,57736455,254845784,6109555,31916626,388037641,298037378,0,0,0,0
1010,22,20514329878,9642666982,10194875,1832072992,432553,131145,9028831331,2131327575,531546,99114015,193031629,507544636,439322774,166612508,574620779,150533227,221489391,4209128406,18294310,7,3,4,0,0,5338,1440,66,0,0,0,0,6,89549010,3064738736,15749629,1,131940381,1144389670,2544681,1532139093,2100173039,131421451,93181071,57727951,254902726,6053593,31916556,352897042,296769924,0,0,0,0
1010,23,20514320198,9642662252,10199275,1832065012,439143,130805,9028823711,2131233365,556861,99052699,194689112,505874983,439478969,166500405,574891679,150162004,221417056,4209115126,18369243,7,3,4,0,0,5338,1440,66,0,0,0,0,6,89505336,3064726516,15782431,1,131911720,1144388610,2586812,1549275352,2101457788,131356354,76337019,57182521,254844134,6110305,31917246,393264680,295345658,0,0,0,0
1010,24,20514323578,9642657632,10204545,1832072582,431054,130294,9028827471,2126792202,498668,99129602,190540080,510003967,441285764,164667049,574601058,146042332,221484779,4208974900,18457808,7,3,4,0,0,5338,1440,66,0,0,0,0,6,89538628,3064596770,15903087,1,131946151,1144378130,2554721,1501086121,2105380062,127849205,119527782,56698827,254877905,6078114,31911646,372461394,343419543,0,0,0,0
1010,25,20514322018,9642659762,10202455,1832062942,438534,130794,9028827531,2126473671,434054,99170094,190247832,510313522,441045829,164924736,574892359,145408533,221424319,4208984770,18506178,7,3,4,0,0,5338,1440,66,0,0,0,0,6,89512289,3064591180,15923876,1,131912030,1144393590,2582302,1495957733,2108234331,125595060,120266879,57216283,254834244,6121025,31914226,354358401,320937255,0,0,0,0
1010,26,20514321927,9642657492,10204445,1832070902,432454,130914,9028825720,2126474722,496456,99137441,192720553,507822995,441109159,164844895,574614737,145699005,221463136,4208967881,18478338,7,3,4,0,0,5338,1440,66,0,0,0,0,6,89521196,3064610412,15900846,1,131941940,1144357469,2577492,1506561864,2108902883,133222657,97122474,55703125,254879975,6074244,31914136,367098712,332881138,0,0,0,0
1010,27,20514322197,9642658462,10203865,1832063182,438383,130915,9028827390,2126379359,511426,99090102,191667046,508893091,440584434,165398029,574862078,145335642,221424336,4208992724,18494116,7,3,4,0,0,5338,1440,66,0,0,0,0,6,89512116,3064577963,15932325,1,131912220,1144414761,2561791,1512139983,2109254569,129281952,97435478,55892322,254827854,6129485,31911556,390630228,339921960,0,0,0,0
1010,28,20514326728,9642657592,10204535,1832070902,432354,131134,9028830211,2126595954,532108,99103361,191984529,508554727,441753832,164206953,574611007,145818288,221470486,4208935779,18504579,7,3,4,0,0,5338,1440,66,0,0,0,0,6,89525596,3064581390,15930087,1,131944890,1144354389,2574492,1525514919,2106830572,127750009,91501298,57505321,254885596,6068363,31912746,364211656,336305724,0,0,0,0
1010,29,20514321957,9642657622,10204455,1832063481,438194,130735,9028827470,2126787913,467636,99127093,190290603,510277582,441016508,164960117,574887907,145723997,221427647,4208931161,18557979,7,3,4,0,0,5338,1440,66,0,0,0,0,6,89515657,3064529580,15985328,1,131911990,1144401581,2572651,1478076036,2104947401,133338358,122963721,59932762,254845484,6109275,31914286,359769344,343538021,0,0,0,0
1010,30,20514322168,9642657552,10204735,1832070882,432323,131425,9028825251,2126247244,466465,99161852,190428338,510123151,440908682,165057111,574602907,145471296,221469608,4208980402,18458147,7,3,4,0,0,5338,1440,66,0,0,0,0,6,89528248,3064602402,15902936,1,131941360,1144378000,2555211,1486246222,2104553314,138213688,118360105,60591768,254875895,6078884,31914256,360120636,346393471,0,0,0,0
1010,31,20514321947,9642657652,10204425,1832062962,438863,130805,9028827240,2126836444,488434,99121104,190370755,510189562,441579016,164394908,574900287,145760306,221415996,4208970181,18521599,7,3,4,0,0,5338,1440,66,0,0,0,0,6,89503966,3064576971,15937717,1,131912030,1144393210,2583882,1474630193,2110176005,124829903,135452941,60828145,254830024,6124245,31914246,399217443,366042172,0,0,0,0
1010,32,20514326318,9642721824,10138573,1832072052,433724,130944,9028829201,2129821540,490456,99143123,193280459,507285749,439601431,166355562,574569038,149067809,221466637,4209136696,18289462,7,3,4,0,0,5338,1440,66,0,0,0,0,6,89533787,3064777797,15715630,1,131932850,1144358899,2573832,1552297624,2108555599,125265220,78597193,54405636,254941937,6017822,31873635,348560960,331502786,0,0,0,0
1010,33,20514327598,9642729444,10134793,1832062721,438874,130715,9028831051,2129866980,524965,99094564,193803893,506754631,440074529,165923718,574883124,148770225,221421525,4209113497,18331212,7,3,4,0,0,5338,1440,66,0,0,0,0,6,89520016,3064714277,15750320,1,131901509,1144399220,2580892,1554390083,2109689438,123778899,76144395,54243638,254882105,6078154,31870695,388702253,299007757,0,0,0,0
1010,34,20514330308,9642723794,10137053,1832072922,432014,131134,9028833391,2130155896,473356,99140272,193362131,507216176,439671685,166291069,574579448,149400370,221483848,4209124054,18284242,7,3,4,0,0,5338,1440,66,0,0,0,0,6,89547478,3064736454,15740731,1,131936370,1144387600,2543511,1530915094,2109402782,133155030,88807493,55966222,254934407,6028502,31877115,370833815,293351221,0,0,0,0
1010,35,20514326218,9642722334,10140963,1832063141,438454,130705,9028830621,2131216203,480695,99143603,193328679,507230005,439911636,166076919,574888379,150120187,221402424,4209141167,18322994,7,3,4,0,0,5338,1440,66,0,0,0,0,6,89497155,3064724806,15762833,1,131905269,1144416361,2560161,1558849162,2109620378,121867015,82622325,55523366,254881375,6080684,31871445,393184767,293902345,0,0,0,0
1010,36,20514328298,9642670532,10189715,1832073232,432823,131115,9028830881,2130651152,552807,99074530,193235936,507332521,439548541,166411393,574592888,149880185,221464637,4209106686,18317941,7,3,4,0,0,5338,1440,66,0,0,0,0,6,89533057,3064719576,15770160,1,131931580,1144387110,2547781,1566980109,2100717820,125653308,69542384,57892039,254935307,6023872,31879945,366579587,292046427,0,0,0,0
1010,37,20514325268,9642692423,10167064,1832065502,438703,130775,9028830801,2131279046,483216,99117253,193441412,507129652,440308426,165674489,574876698,150208718,221391147,4209256179,18223170,7,3,4,0,0,5338,1440,66,0,0,0,0,6,89489217,3064746315,15754532,1,131901930,1144509864,2468638,1562590998,2110016152,127097058,66561347,56407663,254883276,6078743,31879135,389191866,292379813,0,0,0,0
1010,38,20514324988,9642691083,10168924,1832072982,432084,131124,9028828791,2131468409,532609,99103359,193099084,507479174,439634463,166302042,574628268,150667872,221479718,4209099354,18316242,7,3,4,0,0,5338,1440,66,0,0,0,0,6,89545138,3064734185,15751180,1,131934580,1144365169,2565062,1519694872,2106497180,127565322,102326680,59429151,254931587,6028372,31875425,384800823,304384015,0,0,0,0
1010,39,20514325388,9642694463,10165304,1832065342,439014,130804,9028830461,2130243092,478154,99140565,193701842,506861304,439667646,166303008,574895547,149157214,221377815,4209198417,18289003,7,3,4,0,0,5338,1440,66,0,0,0,0,6,89475936,3064792316,15715032,1,131901879,1144406101,2573971,1531713705,2102192298,130634867,95624915,55928667,254892316,6073283,31882095,421200218,298573873,0,0,0,0
1010,40,20514326578,9642662802,10199875,1832070772,431663,130745,9028830721,2126951277,436464,99192287,189750334,510798941,441252966,164700238,574609797,146185859,221453956,4208946292,18485817,7,3,4,0,0,5338,1440,66,0,0,0,0,6,89527176,3064596053,15905295,1,131926780,1144350239,2580522,1500281327,2107916176,131018384,112658793,60903613,254958668,6006101,31890176,420772501,337149685,0,0,0,0
1010,41,20514326078,9642702973,10159414,1832062781,437894,130845,9028832171,2126607106,497808,99097422,191975506,508601248,441439381,164542066,574881516,145538280,221413716,4209008602,18466569,7,3,4,0,0,5338,1440,66,0,0,0,0,6,89508206,3064610832,15887197,1,131905510,1144397770,2579372,1520138673,2104801585,129365605,99388605,53753013,254859304,6107895,31868345,422889661,330779152,0,0,0,0
1010,42,20514326748,9642740554,10122143,1832071682,430673,130975,9028830721,2126658908,437753,99168815,191047469,509519806,441392390,164572765,574611179,145880929,221470587,4208999002,18427245,7,3,4,0,0,5338,1440,66,0,0,0,0,6,89533857,3064648413,15843243,1,131936730,1144350589,2584002,1513951120,2109357125,127272758,101636519,55914681,254913356,6040763,31884885,409489376,328372431,0,0,0,0
1010,43,20514326148,9642703983,10158644,1832062932,437754,130974,9028831861,2126590136,448264,99158616,192311306,508256308,440822672,165151873,574868018,145540509,221397786,4208999752,18478607,7,3,4,0,0,5338,1440,66,0,0,0,0,6,89489526,3064591521,15911396,1,131908260,1144408231,2567211,1489384857,2109135473,136546625,115157794,55631077,254868155,6090084,31877945,401333669,337786858,0,0,0,0
1010,44,20514326498,9642676562,10186275,1832071712,430633,131285,9028830031,2126441971,468435,99167723,189896043,510646895,440881113,165112101,574594507,145646413,221471267,4208960001,18459557,7,3,4,0,0,5338,1440,66,0,0,0,0,6,89531827,3064588091,15900796,1,131939440,1144371910,2558761,1497363039,2102663892,130324057,119366096,57289556,254941127,6010172,31902845,394426170,346113369,0,0,0,0
1010,45,20514326588,9642664522,10198195,1832064032,436814,130834,9028832191,2126836192,487615,99109565,191812421,508760742,441036799,164965557,574864657,145765876,221377114,4208988622,18524807,7,3,4,0,0,5338,1440,66,0,0,0,0,6,89470185,3064578791,15959836,1,131906929,1144409831,2564971,1470670775,2107817888,136890032,128642204,58616910,254858444,6097195,31885545,404301002,344459852,0,0,0,0
1010,46,20514326258,9642663002,10199625,1832071532,430883,131385,9028829831,2126968467,470427,99157433,189842380,510707236,441365767,164620317,574595208,146187499,221472407,4208940772,18481267,7,3,4,0,0,5338,1440,66,0,0,0,0,6,89539837,3064583992,15908376,1,131932570,1144356780,2572891,1492229841,2106621733,134109971,120600574,58972101,254913886,6037123,31903265,384999531,343316334,0,0,0,0
1010,47,20514326588,9642672152,10190535,1832065051,436034,130905,9028831911,2126443292,535597,99072971,189947532,510618461,441269299,164730998,574865429,145367494,221393805,4209002792,18483669,7,3,4,0,0,5338,1440,66,0,0,0,0,6,89487995,3064599552,15908687,1,131905810,1144403240,2574982,1487085596,2112649598,133407856,116355752,57156662,254858455,6094844,31893775,432610650,356576500,0,0,0,0
1010,48,20514326308,9642675072,10185835,1832074342,430263,130885,9028829911,2131211942,519085,99107942,193741486,506841201,439646704,166290000,574572029,150463034,221505770,4209106206,18294571,7,3,4,0,0,5338,1440,66,0,0,0,0,6,89560139,3064758327,15711629,1,131945631,1144347879,2582942,1540844776,2109566111,127870604,85074758,53318069,254959828,5994361,31914626,422600494,338888243,0,0,0,0
1010,49,20514324148,9642666662,10194795,1832061761,438625,130764,9028831541,2131341366,470545,99128943,193658060,506908635,439681446,166304569,574867929,150278769,221435125,4209129438,18340661,7,3,4,0,0,5338,1440,66,0,0,0,0,6,89519565,3064718687,15770790,1,131915560,1144410751,2569871,1533488218,2105182495,123958279,104124389,55881117,254900906,6054213,31910566,427340924,313603675,0,0,0,0
1010,50,20514326408,9642672212,10188205,1832071942,433444,130854,9028829751,2130258422,442693,99149904,192941407,507643760,439402577,166549098,574577717,149522833,221496900,4209098065,18315643,7,3,4,0,0,5338,1440,66,0,0,0,0,6,89552699,3064744246,15732871,1,131944201,1144353819,2582772,1567368761,2109466238,118598005,75840009,52720795,254927307,6023122,31916266,421990744,294430958,0,0,0,0
1010,51,20514323628,9642665752,10193545,1832063732,438454,130904,9028831241,2130390636,494024,99119074,195032255,505529899,439736577,166232259,574879287,149330740,221431906,4209139037,18337174,7,3,4,0,0,5338,1440,66,0,0,0,0,6,89514706,3064715966,15779902,1,131917200,1144423071,2557272,1321261363,2112057465,112239903,255937635,54512659,254905066,6052003,31914216,451345171,372633572,0,0,0,0
1010,52,20514325718,9642665592,10193295,1832073682,432633,131005,9028829511,2129345194,498955,99112463,193279330,507285976,439803968,166143845,574617050,148577436,221495788,4209115156,18293642,7,3,4,0,0,5338,1440,66,0,0,0,0,6,89555067,3064768697,15704190,1,131940721,1144346459,2589452,1598426788,2105566405,121373371,54557909,55908528,254976118,5975291,31912906,398603837,284635527,0,0,0,0
1010,53,20514327698,9642666362,10193635,1832064802,439194,130774,9028832931,2131370638,485354,99107673,194867069,505703928,439618743,166359541,574865889,150322902,221420768,4209146404,18335684,7,3,4,0,0,5338,1440,66,0,0,0,0,6,89504768,3064769414,15734942,1,131916000,1144376990,2600742,1580206800,2102287403,123425091,69276928,60362663,254899926,6054123,31916206,420738040,287373424,0,0,0,0
1010,54,20514324288,9642664352,10194085,1832072732,432774,131054,9028829291,2130364062,522584,99120724,193757965,506831063,439628433,166304458,574629380,149543884,221485449,4209046113,18374284,7,3,4,0,0,5338,1440,66,0,0,0,0,6,89544609,3064721305,15767861,1,131940840,1144324808,2606423,1531280407,2102147709,128914618,99506762,54674220,254918017,6038082,31908126,400542925,300770562,0,0,0,0
1010,55,20514324208,9642705234,10153173,1832065241,438754,130795,9028831011,2131547922,510764,99105334,192763272,507800082,439545702,166427244,574883297,150476845,221415876,4209103065,18376836,7,3,4,0,0,5338,1440,66,0,0,0,0,6,89500476,3064729246,15772253,1,131915400,1144373819,2604583,1543267505,2102721008,127639068,87349506,58297335,254906526,6046883,31914546,417318452,307740618,0,0,0,0
1010,56,20514327418,9642659902,10199185,1832074462,431284,130314,9028832271,2125965853,460283,99150153,190972476,509592653,441427090,164528982,574581710,145217896,221466916,4208905759,18525029,7,3,4,0,0,5338,1440,66,0,0,0,0,6,89520706,3064555190,15944957,1,131946210,1144350569,2580072,1533542501,2102370648,128133903,91572036,53654227,254949968,6005401,31915656,426887094,335507096,0,0,0,0
1010,57,20514327168,9642653822,10203765,1832066601,437094,130695,9028835191,2126462161,452454,99146134,190273693,510303301,441381990,164581706,574880479,145402374,221407436,4209030872,18450937,7,3,4,0,0,5338,1440,66,0,0,0,0,6,89497906,3064625982,15878435,1,131909530,1144404890,2572502,1526794698,2110093655,126868959,91804812,54619116,254877095,6077024,31912746,442610160,329562789,0,0,0,0
1010,58,20514325198,9642653372,10205285,1832071332,432583,131025,9028831601,2126465662,455655,99142021,190838542,509737057,441200562,164757840,574593250,145705302,221467267,4209001053,18435815,7,3,4,0,0,5338,1440,66,0,0,0,0,6,89525317,3064619613,15883734,1,131941950,1144381440,2552081,1498531506,2110350946,131672141,115503197,58642591,254915556,6041883,31912476,433859758,329474404,0,0,0,0
1010,59,20514327448,9642698863,10162494,1832063771,437854,130825,9028833641,2126029268,465976,99122702,191158380,509414834,441335219,164642146,574866959,144973300,221406704,4208945821,18530409,7,3,4,0,0,5338,1440,66,0,0,0,0,6,89496854,3064557471,15941277,1,131909850,1144388350,2589132,1520333256,2109997783,132448958,89998923,57565863,254863525,6089484,31911536,424568301,329299281,0,0,0,0
1010,60,20514325338,9642654022,10204225,1832073602,430913,131165,9028831411,2126288116,534886,99067472,192324307,508250629,441843236,164131069,574621927,145485419,221460887,4208986092,18449777,7,3,4,0,0,5338,1440,66,0,0,0,0,6,89514037,3064628213,15879275,1,131946850,1144357879,2570502,1530526450,2106931080,128643032,89196471,57186418,254963858,5988621,31911476,288618851,329990870,0,0,0,0
1010,61,20514325898,9642656792,10202635,1832064711,437834,130625,9028833301,2126704038,479965,99099974,191669625,508915298,441834938,164152968,574860538,145648923,221404215,4208997664,18499837,7,3,4,0,0,5338,1440,66,0,0,0,0,6,89493755,3064597403,15925366,1,131910460,1144400261,2574471,1510970002,2108481422,133609284,93243809,55023287,254863885,6088654,31912366,432692143,331194241,0,0,0,0
1010,62,20514330108,9642658142,10201915,1832071942,432144,131204,9028834761,2126136789,464573,99157245,191834402,508735295,441521472,164428891,574630229,145335382,221468386,4208994122,18431826,7,3,4,0,0,5338,1440,66,0,0,0,0,6,89523776,3064640773,15852994,1,131944610,1144353349,2578832,1530282260,2106290588,126037965,92841101,58398581,254912326,6039693,31914336,401355144,334755845,0,0,0,0
1010,63,20514326998,9642702493,10156484,1832066252,438023,130715,9028833031,2126447031,491836,99089761,192434842,508141714,442010380,163971025,574883367,145380424,221403745,4209008713,18475967,7,3,4,0,0,5338,1440,66,0,0,0,0,6,89494335,3064619173,15887134,1,131909410,1144389540,2588833,1513218215,2109815020,128874292,93791642,56727362,254869975,6080094,31913576,433829721,359397911,0,0,0,0
1010,64,20514329688,9642686413,10176224,1832070742,434224,130904,9028831181,2131328707,324012,99203914,193290590,507262667,439853762,166110391,574604028,150644022,221431427,4209112096,18309503,7,3,4,0,0,5338,1440,66,0,0,0,0,6,89505177,3064791078,15703530,1,131926250,1144321018,2605973,1527701384,2111652777,125315736,98472351,59947472,254943917,6007532,31882075,349536889,341514282,0,0,0,0
1010,65,20514320727,9642670322,10201605,1832056872,438603,130835,9028822490,2131069727,350473,99148365,193268677,507292708,439904693,166079170,574928719,150055182,221392006,4209162087,18287701,7,3,4,0,0,5338,1440,66,0,0,0,0,6,89501018,3064733075,15727240,1,131890988,1144429012,2560461,1543945452,2099129837,127697311,97038429,57004156,254883806,6076773,31869875,412412104,313042187,0,0,0,0
1010,66,20514326258,9642685853,10179474,1832069052,433103,131375,9028827401,2132837953,310849,99206066,195450607,505094579,439879130,166074074,574652108,152137048,221455128,4209122374,18287473,7,3,4,0,0,5338,1440,66,0,0,0,0,6,89538878,3064758255,15710651,1,131916250,1144364119,2576822,1559579328,2106134216,127242086,69519839,52806452,254940527,6011202,31892105,362209802,296804081,0,0,0,0
1010,67,20514320287,9642663432,10207965,1832057752,438363,130795,9028821980,2131653239,309099,99186776,194290392,506271733,439756160,166215603,574921529,150651132,221379056,4209155296,18314232,7,3,4,0,0,5338,1440,66,0,0,0,0,6,89481807,3064721055,15760921,1,131897249,1144434241,2553311,1279414057,2119598430,112371793,277200748,55596960,254879675,6068884,31885575,384158914,383349704,0,0,0,0
1010,68,20514327868,9642666072,10196295,1832073062,433314,131664,9028827461,2129937833,350272,99161623,193320989,507241347,439941392,166008153,574651909,149227196,221421428,4209156835,18291013,7,3,4,0,0,5338,1440,66,0,0,0,0,6,89504658,3064771195,15740322,1,131916770,1144385640,2550691,1574624209,2103316774,124313643,68602747,54048210,254941627,6018232,31883915,359202189,274041420,0,0,0,0
1010,69,20514320767,9642663492,10199435,1832065952,438603,130765,9028822520,2130247261,319109,99168864,192872346,507682180,439839780,166139406,574918427,149279838,221368065,4209156107,18320504,7,3,4,0,0,5338,1440,66,0,0,0,0,6,89472677,3064749385,15743733,1,131895388,1144406722,2576771,1579665385,2103376932,131829479,56232711,56627467,254880705,6069934,31894065,393169176,286614324,0,0,0,0
1010,70,20514326817,9642669232,10193045,1832074292,432343,131635,9028826270,2132563436,313872,99212776,194128866,506428050,439812658,166126625,574660467,151847461,221441029,4209075734,18339214,7,3,4,0,0,5338,1440,66,0,0,0,0,6,89525159,3064744656,15732711,1,131915870,1144331078,2606503,1531707134,2101396643,132566020,93786517,56435783,254941497,6007532,31892275,368804538,304291007,0,0,0,0
1010,71,20514319777,9642667522,10195345,1832064851,439265,130984,9028821810,2129921323,330652,99181016,192262655,508287728,440034157,165944968,574943018,148917498,221342065,4209195827,18310124,7,3,4,0,0,5338,1440,66,0,0,0,0,6,89443226,3064769796,15748003,1,131898839,1144426031,2562121,1526923193,2102882647,129848466,99752834,57043471,254884596,6067983,31898235,375081994,298923387,0,0,0,0
1010,72,20514326288,9642670182,10192405,1832069892,433923,130665,9028829221,2125984807,291792,99214713,190689048,509862681,441643738,164312115,574662670,145251769,221409067,4208964932,18455396,7,3,4,0,0,5338,1440,66,0,0,0,0,6,89491707,3064618863,15865454,1,131917360,1144346069,2589942,1521246970,2094535285,136365359,95650801,57668698,254946878,6005041,31907655,426145666,334771276,0,0,0,0
1010,73,20514324527,9642671912,10192305,1832062982,438374,130964,9028827990,2126401068,321401,99176496,189585078,510992896,441347519,164619537,574925648,145385524,221399046,4209034034,18417736,7,3,4,0,0,5338,1440,66,0,0,0,0,6,89505427,3064612443,15851934,1,131893619,1144421591,2565802,1517252087,2103202156,129405447,103177441,54789507,254858865,6100824,31873595,414402480,317161173,0,0,0,0
1010,74,20514325268,9642668912,10196145,1832070562,432424,131724,9028825501,2126385367,292350,99233207,191128911,509402385,441314854,164632379,574664568,145670612,221453398,4208978091,18434215,7,3,4,0,0,5338,1440,66,0,0,0,0,6,89533628,3064625782,15843793,1,131919770,1144352309,2590422,1531786074,2110352820,129808835,81896999,57073338,254927517,6025782,31886065,397317620,325187764,0,0,0,0
1010,75,20514326548,9642668522,10201565,1832057611,438494,131035,9028829321,2126480584,322972,99167165,191648586,508930259,441708769,164263715,574899057,145494599,221359555,4209009052,18495719,7,3,4,0,0,5338,1440,66,0,0,0,0,6,89465866,3064623272,15893437,1,131893689,1144385780,2602282,1506501809,2107126378,134641737,101662304,57059263,254855844,6093275,31883705,403335976,336744777,0,0,0,0
1010,76,20514325027,9642672412,10189705,1832073932,431884,131734,9028825360,2126610425,308544,99201813,190832808,509705569,441685117,164281366,574656860,145904950,221409078,4209024674,18397033,7,3,4,0,0,5338,1440,66,0,0,0,0,6,89489618,3064656594,15833432,1,131919460,1144368080,2563601,1502225381,2105262786,133655799,100027143,58628531,254963228,5989101,31905995,394830440,329342020,0,0,0,0
1010,77,20514325688,9642672102,10191925,1832064291,438165,130894,9028828311,2126297047,295620,99176665,191454691,509114564,441589675,164383309,574922890,145294942,221335804,4209043574,18456736,7,3,4,0,0,5338,1440,66,0,0,0,0,6,89437275,3064680755,15843193,1,131898529,1144362819,2613543,1515829532,2111968326,134930336,84481619,55625639,254861295,6093064,31888375,394774922,340181672,0,0,0,0
1010,78,20514327038,9642671042,10198365,1832064072,432573,131865,9028829121,2126386531,263811,99268066,191843572,508665054,440994936,164963967,574655479,145685226,221403797,4208949611,18481407,7,3,4,0,0,5338,1440,66,0,0,0,0,6,89485927,3064629793,15866414,1,131917870,1144319818,2614993,1509905666,2110975283,126566546,101448734,59048740,254930037,6020072,31909926,389627788,338619056,0,0,0,0
1010,79,20514325928,9642692763,10169454,1832065872,438043,131065,9028828731,2126368497,323359,99150304,191043449,509525968,441728351,164259482,574922559,145362614,221371236,4209045172,18409679,7,3,4,0,0,5338,1440,66,0,0,0,0,6,89488837,3064624431,15841757,1,131882399,1144420741,2567922,1493010258,2108356451,133025566,110130511,57533121,254858624,6097315,31893025,391458281,361154398,0,0,0,0
1010,80,20514326758,9642658462,10205945,1832072012,430953,130975,9028828411,2131295116,409412,99181634,194470610,506103438,440095660,165838883,574616829,150543476,221462948,4209095355,18328042,7,3,4,0,0,5338,1440,66,0,0,0,0,6,89537078,3064708365,15781221,1,131925870,1144386990,2546821,1529988969,2110393717,135854929,78033611,53902844,254926437,6025592,31920106,457457623,323292330,0,0,0,0
1010,81,20514323528,9642650051,10211726,1832065461,438574,130725,9028826991,2130550583,390733,99154055,194104375,506463980,439902994,166058111,574918687,149530757,221416986,4209102623,18380575,7,3,4,0,0,5338,1440,66,0,0,0,0,6,89499006,3064678222,15824764,1,131917980,1144424401,2555811,1547356585,2105075892,129801691,80496095,54221719,254869635,6082864,31920966,456463245,296502512,0,0,0,0
1010,82,20514323028,9642673202,10188305,1832071542,433594,131004,9028825381,2130854333,392264,99173713,194461319,506122009,440501621,165436292,574627609,150116373,221467698,4209129696,18292752,7,3,4,0,0,5338,1440,66,0,0,0,0,6,89533658,3064732155,15756752,1,131934040,1144397541,2536000,1530649058,2111996278,129445841,90629805,55872726,254903536,6048763,31921496,454712994,287542106,0,0,0,0
1010,83,20514323298,9642653182,10209015,1832065771,437934,130815,9028826581,2131065010,370003,99169616,193656780,506908255,440336135,165620370,574916406,150048122,221421416,4209132597,18338793,7,3,4,0,0,5338,1440,66,0,0,0,0,6,89501316,3064710306,15781812,1,131920100,1144422291,2556981,1571192805,2105495937,132876745,62195563,56399532,254869785,6082164,31921676,482104097,286988422,0,0,0,0
1010,84,20514323907,9642650112,10211315,1832073652,432523,131135,9028825170,2128412602,415303,99134581,193557200,507004869,440352806,165589247,574614448,147717238,221452928,4209144476,18273540,7,3,4,0,0,5338,1440,66,0,0,0,0,6,89516288,3064755496,15728259,1,131936640,1144388980,2545281,1556136877,2110082832,130656820,67560822,55626525,254962458,5990681,31918866,443812957,281940482,0,0,0,0
1010,85,20514323557,9642655212,10206475,1832065811,438665,130814,9028826580,2131189112,378453,99146565,193978191,506595384,440156991,165800732,574932419,150167627,221413956,4209148926,18343295,7,3,4,0,0,5338,1440,66,0,0,0,0,6,89494296,3064723855,15786253,1,131919660,1144425071,2557042,1553710570,2108340012,126621298,72101358,56079566,254868565,6085454,31918366,467739927,288971132,0,0,0,0
1010,86,20514326508,9642672662,10189355,1832073882,431724,131324,9028827561,2130892220,398855,99187883,193818547,506759430,439808197,166114506,574661520,150109992,221470040,4209131206,18290552,7,3,4,0,0,5338,1440,66,0,0,0,0,6,89541290,3064714855,15770512,1,131928750,1144416351,2520040,1518673142,2104271502,125464131,106139631,57699066,254935717,6016182,31921236,453966474,297778065,0,0,0,0
1010,87,20514325108,9642649452,10211695,1832065572,439023,130725,9028828641,2131453123,400313,99139825,193475106,507097298,439941867,166010208,574941419,150428143,221400725,4209227329,18258361,7,3,4,0,0,5338,1440,66,0,0,0,0,6,89483845,3064792908,15713470,1,131916880,1144434421,2544891,1523642912,2103969371,125782118,104845358,54704242,254869085,6082134,31921766,482309552,294380500,0,0,0,0
1010,88,20514325828,9642673382,10187315,1832074762,430973,130305,9028829091,2126187565,343074,99200473,189845799,510705590,441724568,164217083,574639881,145482006,221455687,4208892608,18533669,7,3,4,0,0,5338,1440,66,0,0,0,0,6,89520797,3064525928,15964858,1,131934890,1144366680,2568811,1487231903,2102188265,138815438,118500169,57613501,254898006,6060603,31911796,479658305,314024219,0,0,0,0
1010,89,20514325418,9642676783,10185094,1832064592,437454,130704,9028830791,2126043860,325772,99184186,189904128,510679586,441684892,164265183,574922448,145041143,221411218,4209019592,18471586,7,3,4,0,0,5338,1440,66,0,0,0,0,6,89493718,3064582151,15928655,1,131917500,1144437441,2542931,1493682702,2105622296,132910888,113942239,57547454,254848484,6105055,31917636,446204490,329512871,0,0,0,0
1010,90,20514324418,9642648012,10211215,1832072852,432574,130994,9028828771,2126314006,349653,99198194,190824051,509715015,440813879,165125834,574650210,145599381,221437987,4208969931,18472927,7,3,4,0,0,5338,1440,66,0,0,0,0,6,89507967,3064603031,15902596,1,131930020,1144366900,2570331,1517847462,2107352918,132493648,89555994,54206297,254896356,6058433,31915336,449318597,333356818,0,0,0,0
1010,91,20514325778,9642650022,10212805,1832063372,438014,130794,9028830771,2126783013,360622,99149265,191815821,508763164,441823745,164138429,574912269,145784577,221405265,4208957952,18525928,7,3,4,0,0,5338,1440,66,0,0,0,0,6,89487285,3064563232,15940756,1,131917980,1144394720,2585172,1503553056,2107870367,132512677,102580511,53655130,254847404,6111095,31912756,454499408,334211151,0,0,0,0
1010,92,20514324308,9642652502,10208275,1832071702,432103,131195,9028828531,2128020271,382541,99168033,191408993,509138196,441085547,164861365,574646629,147301785,221441717,4208923049,18508129,7,3,4,0,0,5338,1440,66,0,0,0,0,6,89511517,3064563500,15936617,1,131930200,1144359549,2571512,1477540557,2108336577,135181737,123662371,57398549,254908216,6042953,31918286,435102396,339693692,0,0,0,0
1010,93,20514324168,9642652532,10206585,1832065422,438274,130644,9028830711,2126792542,349021,99146304,192069662,508517554,441771354,164190821,574930388,145789698,221406057,4209098364,18402396,7,3,4,0,0,5338,1440,66,0,0,0,0,6,89488897,3064679733,15842605,1,131917160,1144418631,2559791,1498593878,2110243042,129648196,100716900,57431656,254859005,6092414,31919526,409406279,338728476,0,0,0,0
1010,94,20514325528,9642671372,10190885,1832070922,432304,131604,9028828441,2126326457,328120,99222106,191620666,508926611,440868632,165072741,574652118,145603563,221439688,4208951881,18482727,7,3,4,0,0,5338,1440,66,0,0,0,0,6,89513688,3064573281,15925536,1,131926000,1144378600,2557191,1476251811,2110033171,134808997,121247521,57657969,254894556,6057263,31919596,421767240,344006406,0,0,0,0
1010,95,20514324998,9642648952,10212255,1832064151,438394,130755,9028830491,2126408333,352982,99148734,190370524,510209741,441275018,164685538,574945428,145388903,221409448,4208992310,18496969,7,3,4,0,0,5338,1440,66,0,0,0,0,6,89493798,3064567989,15939368,1,131915650,1144424321,2557601,1473044650,2110063388,130785109,130145157,57748988,254847694,6105085,31918756,453542822,362539560,0,0,0,0
1010,96,20514327258,9642667432,10192605,1832073042,433063,130935,9028830181,2131013466,411133,99200015,193386483,507156545,439722054,166283949,574545107,150282819,221420987,4209159108,18263680,7,3,4,0,0,5338,1440,66,0,0,0,0,6,89504937,3064772358,15714809,1,131916050,1144386750,2548871,1533901253,2111514035,127169383,85650708,55584782,254963118,5995631,31875145,361655676,336630626,0,0,0,0
1010,97,20514327358,9642681303,10181834,1832063502,438854,130644,9028831221,2129083294,459215,99140903,193516767,507032308,439711129,166325298,574861708,147996275,221382045,4209124377,18344224,7,3,4,0,0,5338,1440,66,0,0,0,0,6,89482916,3064715686,15767553,1,131899129,1144408691,2576671,1546809293,2108228649,131491736,72107671,54466336,254904956,6054593,31873225,264597847,293473632,0,0,0,0
1010,98,20514326858,9642658082,10200295,1832074702,431554,131174,9028831051,2131794341,427934,99175274,193275857,507288919,439547991,166464234,574548488,151037213,221445518,4209184398,18220758,7,3,4,0,0,5338,1440,66,0,0,0,0,6,89524178,3064773317,15700108,1,131921340,1144411081,2520650,1531139657,2108033904,124737589,92998461,57511826,254960488,6000161,31881865,321046079,296936520,0,0,0,0
1010,99,20514326428,9642665052,10197385,1832064062,438494,130624,9028830811,2130752981,429203,99143287,194266908,506305195,439719208,166310889,574868287,149664742,221356396,4209202049,18280629,7,3,4,0,0,5338,1440,66,0,0,0,0,6,89457927,3064756407,15745299,1,131898469,1144445642,2535330,1528259245,2107870344,133934903,90908188,55235653,254904896,6055463,31873725,364650859,300597527,0,0,0,0
1010,100,20514328178,9642659292,10200655,1832073562,432774,131104,9028830791,2130240693,456515,99133164,193964139,506585157,439811308,166192706,574563698,149500124,221420337,4209126955,18290893,7,3,4,0,0,5338,1440,66,0,0,0,0,6,89503167,3064768116,15713871,1,131917170,1144358839,2577022,1562956022,2099473248,129997368,68228779,56854245,254956498,6003821,31883145,336236063,299000399,0,0,0,0
1010,101,20514324858,9642657682,10200295,1832066501,438685,130704,9028830991,2131592446,428925,99137973,194973592,505595494,439949854,166075742,574856537,150545808,221335746,4209299139,18200330,7,3,4,0,0,5338,1440,66,0,0,0,0,6,89442497,3064834637,15682010,1,131893249,1144464502,2518320,1530562331,2109910393,130429439,82899866,56947720,254906676,6055883,31884265,360093101,292543386,0,0,0,0
1010,102,20514324288,9642678383,10179724,1832074072,431954,131144,9028829011,2131615236,443054,99166204,195308535,505251054,439846249,166143164,574583298,150845027,221432188,4209206229,18222258,7,3,4,0,0,5338,1440,66,0,0,0,0,6,89511648,3064800308,15695538,1,131920540,1144405921,2526720,1526840570,2107547935,132248605,88578741,59243021,254953278,6007751,31879185,342681175,290623691,0,0,0,0
1010,103,20514324788,9642657492,10200675,1832066371,438714,130735,9028830801,2130449278,398021,99167667,193491614,507068841,439985495,166036400,574871107,149394712,221344946,4209162608,18332873,7,3,4,0,0,5338,1440,66,0,0,0,0,6,89444466,3064729787,15781792,1,131900480,1144432821,2551081,1552810074,2104488942,126467398,71432738,56887478,254908316,6055093,31888065,384089492,296325069,0,0,0,0
1010,104,20514327318,9642666892,10196105,1832071192,430913,130675,9028831541,2127037050,392491,99201594,191088612,509473085,441643178,164358418,574571447,146281054,221408897,4208971620,18461378,7,3,4,0,0,5338,1440,66,0,0,0,0,6,89487837,3064647992,15852965,1,131921060,1144323628,2608413,1521879946,2103738993,133909413,89425434,56380573,255047721,5913888,31896225,419228602,328595132,0,0,0,0
1010,105,20514326588,9642665402,10196665,1832062561,437854,130855,9028833251,2126304896,434385,99131123,190984215,509571779,441236917,164790740,574851657,145260701,221369356,4208933269,18555430,7,3,4,0,0,5338,1440,66,0,0,0,0,6,89467286,3064503388,16003449,1,131902070,1144429881,2551981,1495121463,2106144626,133438137,112268040,58410559,254893656,6070713,31872155,401916690,329298325,0,0,0,0
1010,106,20514327428,9642662972,10199815,1832072202,429924,130944,9028831571,2126423561,356172,99214924,189393906,511156162,441445091,164557463,574591628,145674544,221417277,4208910859,18521868,7,3,4,0,0,5338,1440,66,0,0,0,0,6,89495977,3064514438,15981738,1,131921300,1144396421,2540130,1496952590,2109718372,130718614,111257206,57017491,254937237,6016872,31887445,392279677,328533307,0,0,0,0
1010,107,20514326918,9642666732,10195635,1832062762,437723,130915,9028833151,2126663418,388553,99188365,191916794,508642880,441810694,164212613,574833087,145621372,221359495,4209053993,18432777,7,3,4,0,0,5338,1440,66,0,0,0,0,6,89453026,3064667943,15838414,1,131906469,1144386050,2594363,1513670893,2112532886,133506907,89859537,57631892,254893466,6065923,31878015,375601135,322331774,0,0,0,0
1010,108,20514327788,9642667562,10195665,1832072522,429593,131395,9028831051,2126966549,389243,99209326,190305182,510224441,441980491,164036095,574583608,146205760,221422167,4209028652,18394515,7,3,4,0,0,5338,1440,66,0,0,0,0,6,89498537,3064649502,15840234,1,131923630,1144379150,2554281,1496607464,2103431323,135117861,111404427,55507778,255018640,5936989,31902226,368139882,333470195,0,0,0,0
1010,109,20514328008,9642665822,10197005,1832064181,436574,130725,9028833701,2127015799,396663,99159626,190563019,509991684,441532964,164501682,574855868,145977452,221346655,4209018133,18498779,7,3,4,0,0,5338,1440,66,0,0,0,0,6,89441105,3064590012,15947958,1,131905550,1144428121,2550821,1482158082,2106456084,130321638,121870631,58386392,254892206,6062193,31888765,365170664,344834232,0,0,0,0
1010,110,20514327188,9642665002,10197795,1832071832,430284,131484,9028830791,2126585337,378783,99206332,192242399,508304820,441454093,164551881,574592248,145823679,221432888,4208884937,18530899,7,3,4,0,0,5338,1440,66,0,0,0,0,6,89507798,3064529898,15955627,1,131925090,1144355039,2575272,1496109569,2109612676,131467534,109167368,57005102,254938757,6014802,31904055,362024524,342481416,0,0,0,0
1010,111,20514327558,9642668152,10194905,1832065552,435154,130944,9028832851,2126635428,453446,99084213,191042716,509526107,441370882,164660285,574846806,145616162,221366216,4208828695,18677866,7,3,4,0,0,5338,1440,66,0,0,0,0,6,89467257,3064463976,16058733,1,131898959,1144364719,2619133,1510411438,2111755739,140029218,83729744,55191229,254894036,6060633,31895235,399090355,368146423,0,0,0,0
1010,112,20514326258,9642660462,10201105,1832073562,430284,130784,9028830061,2130864643,425643,99183726,193736333,506835054,440111797,165823125,574598189,150119502,221490849,4209106494,18302123,7,3,4,0,0,5338,1440,66,0,0,0,0,6,89552089,3064727124,15747242,1,131938760,1144379370,2554881,1539585287,2111155619,123336382,86033438,59980838,254997969,5956640,31916776,257211018,356742281,0,0,0,0
1010,113,20514323688,9642654692,10207075,1832061961,437614,130695,9028831651,2130278022,376744,99177175,192466472,508094411,440216545,165751422,574892696,149276096,221427636,4209221738,18260183,7,3,4,0,0,5338,1440,66,0,0,0,0,6,89508546,3064774336,15723742,1,131919090,1144447402,2536441,1514771774,2112849049,129756374,97585342,55836306,254928827,6028572,31913906,375981512,312015911,0,0,0,0
1010,114,20514326128,9642662392,10198965,1832071802,432423,130915,9028829631,2130131160,375205,99213484,193522257,507035449,439904823,166036771,574615109,149407502,221482309,4209133834,18285812,7,3,4,0,0,5338,1440,66,0,0,0,0,6,89544159,3064742914,15738171,1,131938150,1144390920,2547641,1513985697,2109190298,133600579,96991646,55835895,254942037,6009572,31920286,347877665,322317105,0,0,0,0
1010,115,20514322938,9642660812,10197915,1832064451,437634,130885,9028831241,2130343065,365184,99179244,193717143,506848264,439993235,165966868,574898559,149349749,221426519,4209140244,18348645,7,3,4,0,0,5338,1440,66,0,0,0,0,6,89508169,3064733104,15772043,1,131918350,1144407140,2576602,1534682067,2108705307,130077916,82720867,56679676,254927717,6026992,31918036,371240566,320415793,0,0,0,0
1010,116,20514325558,9642660122,10198525,1832074202,432313,131065,9028829331,2131774982,388274,99188214,194985113,505566254,439858279,166083893,574640939,151031334,221463249,4209051294,18370113,7,3,4,0,0,5338,1440,66,0,0,0,0,6,89538649,3064693005,15789581,1,131924600,1144358289,2580532,1547722366,2105729514,124717984,81266179,54973007,255026670,5924279,31920126,381830594,313203017,0,0,0,0
1010,117,20514326138,9642657662,10203085,1832065111,438074,130745,9028831461,2130032747,380452,99155224,193993012,506585744,440017316,165946198,574898470,149033549,221423929,4209194267,18288541,7,3,4,0,0,5338,1440,66,0,0,0,0,6,89508369,3064743255,15758251,1,131915560,1144451012,2530290,1514357375,2106550249,134300055,100116200,56546200,254926927,6027212,31918056,419970098,317439335,0,0,0,0
1010,118,20514323598,9642656442,10201555,1832072602,432614,131164,9028829221,2130950995,430693,99203736,194717564,505847503,439935824,165989338,574653829,150141158,221478350,4209174126,18245901,7,3,4,0,0,5338,1440,66,0,0,0,0,6,89546530,3064759005,15727441,1,131931820,1144415121,2518460,1531659338,2099604703,135619551,86384187,54391932,254934677,6020592,31916166,388579189,323221637,0,0,0,0
1010,119,20514323878,9642655822,10201325,1832066692,438114,130724,9028831201,2131294383,368814,99148223,194734485,505847941,439923353,166037553,574914827,150296091,221418397,4209136585,18352034,7,3,4,0,0,5338,1440,66,0,0,0,0,6,89500607,3064693873,15813304,1,131917790,1144442712,2538730,1530372574,2102509525,130934537,90240605,54896838,254926757,6024852,31919326,402046322,314489906,0,0,0,0
1010,120,20514327018,9642662872,10195395,1832074982,431434,130244,9028832091,2126132481,350322,99208873,191566746,508992853,440896370,165045564,574625177,145407614,221463698,4208951141,18483138,7,3,4,0,0,5338,1440,66,0,0,0,0,6,89525238,3064618103,15882255,1,131938460,1144333038,2600883,1526084643,2098763774,133986813,87058840,52773931,254975558,5981111,31916246,427161595,354882715,0,0,0,0
1010,121,20514325628,9642661862,10196825,1832064322,438203,130635,9028833781,2126727911,345742,99190165,192231245,508342300,440537525,165416490,574908758,145716982,221414495,4209078686,18408165,7,3,4,0,0,5338,1440,66,0,0,0,0,6,89497115,3064667905,15838783,1,131917380,1144410781,2569382,1490732476,2107638639,133167863,117775292,53236794,254897486,6055433,31918856,409411774,351878890,0,0,0,0
1010,122,20514324788,9642658932,10198865,1832073612,430533,131085,9028831761,2126364050,374322,99192634,192065151,508504376,440309555,165638298,574623200,145626351,221455447,4208995964,18442334,7,3,4,0,0,5338,1440,66,0,0,0,0,6,89523427,3064640735,15860542,1,131932020,1144355229,2581792,1510085968,2107885000,131847043,103483348,51532044,254948617,6010802,31911006,387928608,357190805,0,0,0,0
1010,123,20514327638,9642659142,10201735,1832064122,438154,130834,9028833651,2126874384,376413,99179424,190644544,509923853,441128062,164840321,574889078,145863000,221407884,4209046244,18447506,7,3,4,0,0,5338,1440,66,0,0,0,0,6,89486824,3064630463,15882895,1,131921060,1144415781,2564611,1473668617,2111610234,135533343,123147959,56789131,254893296,6057973,31917556,367539023,358415103,0,0,0,0
1010,124,20514325098,9642655212,10201225,1832075582,430324,131244,9028831511,2126068129,385703,99151152,191611439,508954818,440801593,165149662,574654789,145332942,221449268,4208945019,18485178,7,3,4,0,0,5338,1440,66,0,0,0,0,6,89519838,3064622901,15874505,1,131929430,1144322118,2610673,1512462071,2110415762,126786011,102883787,55728334,255017240,5933019,31913356,374527274,355504547,0,0,0,0
1010,125,20514325968,9642660412,10199105,1832064392,437963,130585,9028833511,2126766914,369384,99160733,190074678,510500227,441169457,164799749,574891759,145770456,221412455,4209034451,18459188,7,3,4,0,0,5338,1440,66,0,0,0,0,6,89491915,3064612960,15903087,1,131920540,1144421491,2556101,1476072815,2106864011,128317517,129743044,54305233,254893106,6058023,31918676,381905226,355612607,0,0,0,0
1010,126,20514326878,9642659302,10198925,1832073612,432344,131174,9028831521,2126595788,358874,99223565,190284813,510277574,440930104,165009179,574660610,145810480,221450548,4209013233,18414905,7,3,4,0,0,5338,1440,66,0,0,0,0,6,89522588,3064644543,15847634,1,131927960,1144368690,2567271,1474150117,2107164684,133593599,128009849,56531602,254935867,6014522,31919946,384089076,361335114,0,0,0,0
1010,127,20514327628,9642657772,10202025,1832065442,438243,130715,9028833431,2126737420,386783,99161897,190094025,510469629,441570194,164397519,574911429,145720113,221412227,4209006750,18487269,7,3,4,0,0,5338,1440,66,0,0,0,0,6,89491657,3064604170,15908927,1,131920570,1144402580,2578342,1483488327,2109592474,132729678,123599005,53326278,254894406,6055373,31915676,392442250,390954403,0,0,0,0
